## SLURM PROLOG ###############################################################
##    Job ID : 14720616
##  Job Name : MyGO
##  Nodelist : gpu2010
##      CPUs : 1
##  Mem/Node : 32000 MB
## Directory : /oscar/home/lwang223/MyGO/MyGo
##   Job Started : Fri Dec  5 14:19:12 EST 2025
###############################################################################

==========================================
Job started at: Fri Dec  5 14:19:12 EST 2025
Job ID: 14720616
Node: gpu2010
==========================================

GPU Information (from host):
Fri Dec  5 14:19:12 2025       
+---------------------------------------------------------------------------------------+
| NVIDIA-SMI 535.129.03             Driver Version: 535.129.03   CUDA Version: 12.2     |
|-----------------------------------------+----------------------+----------------------+
| GPU  Name                 Persistence-M | Bus-Id        Disp.A | Volatile Uncorr. ECC |
| Fan  Temp   Perf          Pwr:Usage/Cap |         Memory-Usage | GPU-Util  Compute M. |
|                                         |                      |               MIG M. |
|=========================================+======================+======================|
|   0  Quadro RTX 6000                On  | 00000000:41:00.0 Off |                  Off |
| 33%   34C    P8               7W / 260W |     10MiB / 24576MiB |      0%      Default |
|                                         |                      |                  N/A |
+-----------------------------------------+----------------------+----------------------+
|   1  Quadro RTX 6000                On  | 00000000:63:00.0 Off |                  Off |
| 33%   31C    P8              13W / 260W |     10MiB / 24576MiB |      0%      Default |
|                                         |                      |                  N/A |
+-----------------------------------------+----------------------+----------------------+
                                                                                         
+---------------------------------------------------------------------------------------+
| Processes:                                                                            |
|  GPU   GI   CI        PID   Type   Process name                            GPU Memory |
|        ID   ID                                                             Usage      |
|=======================================================================================|
|    0   N/A  N/A     29486      G   /usr/libexec/Xorg                             8MiB |
|    1   N/A  N/A     29486      G   /usr/libexec/Xorg                             8MiB |
+---------------------------------------------------------------------------------------+

mygo conda environment loaded
/oscar/rt/9.2/software/0.20-generic/0.20.1/opt/spack/linux-rhel9-x86_64_v3/gcc-11.3.1/ffmpeg-7.0-xny2fb2nz3demdcjhj6x74mcxz4iwmys/bin/ffmpeg
ffmpeg version 7.0 Copyright (c) 2000-2024 the FFmpeg developers
built with gcc 11 (GCC)
configuration: --prefix=/oscar/rt/9.2/software/0.20-generic/0.20.1/opt/spack/linux-rhel9-x86_64_v3/gcc-11.3.1/ffmpeg-7.0-xny2fb2nz3demdcjhj6x74mcxz4iwmys --enable-pic --cc=/oscar/rt/9.2/software/0.20-generic/0.20.1/lib/spack/env/gcc/gcc --cxx=/oscar/rt/9.2/software/0.20-generic/0.20.1/lib/spack/env/gcc/g++ --disable-libxcb --disable-libxcb-shape --disable-libxcb-shm --disable-libxcb-xfixes --disable-xlib --disable-libfontconfig --disable-libfreetype --disable-libfribidi --enable-bzlib --enable-gpl --disable-libmp3lame --disable-libopenjpeg --disable-libopus --disable-libspeex --disable-libvorbis --enable-libvpx --enable-libx264 --disable-nonfree --disable-openssl --enable-shared --enable-version3 --disable-libzmq --disable-libssh --enable-libwebp --disable-lzma --disable-libsnappy --disable-sdl2 --disable-libaom --disable-libxml2
libavutil      59.  8.100 / 59.  8.100
libavcodec     61.  3.100 / 61.  3.100
libavformat    61.  1.100 / 61.  1.100
libavdevice    61.  1.100 / 61.  1.100
libavfilter    10.  1.100 / 10.  1.100
libswscale      8.  1.100 /  8.  1.100
libswresample   5.  1.100 /  5.  1.100
libpostproc    58.  1.100 / 58.  1.100
TF version: 2.16.1
Built with CUDA: True
GPUs detected: 2
GPU devices: [PhysicalDevice(name='/physical_device:GPU:0', device_type='GPU'), PhysicalDevice(name='/physical_device:GPU:1', device_type='GPU')]
==========================================
Installing dependencies
==========================================


==========================================
Starting main Python script at Fri Dec  5 14:19:20 EST 2025
==========================================

Working directory: /users/lwang223/MyGO/MyGo

[PhysicalDevice(name='/physical_device:GPU:0', device_type='GPU'), PhysicalDevice(name='/physical_device:GPU:1', device_type='GPU')]
Using MirroredStrategy for multi-GPU training.
Number of devices: 2
Model: "vi_t__ti"
_________________________________________________________________
 Layer (type)                Output Shape              Param #   
=================================================================
 vit (TFViTMainLayer)        multiple                  0 (unused)
                                                                 
=================================================================
Total params: 5536128 (21.12 MB)
Trainable params: 5536128 (21.12 MB)
Non-trainable params: 0 (0.00 Byte)
_________________________________________________________________
Model: "linear_probe"
_________________________________________________________________
 Layer (type)                Output Shape              Param #   
=================================================================
 dense (Dense)               multiple                  101711    
                                                                 
=================================================================
Total params: 101711 (397.31 KB)
Trainable params: 101711 (397.31 KB)
Non-trainable params: 0 (0.00 Byte)
_________________________________________________________________
Building optimizer variables...
Optimizer built.
Starting training...

Epoch 1/100
SIGReg loss: 233.147842
SIGReg loss: 233.147842
  Step 0: Backbone Loss = 12.5480, Probe Loss = 448.8802, Acc = 0.5037
SIGReg loss: 238.559769
SIGReg loss: 238.559769
SIGReg loss: 254.058014
SIGReg loss: 254.058014
SIGReg loss: 224.375336
SIGReg loss: 224.375336
SIGReg loss: 196.601578
SIGReg loss: 196.601578
SIGReg loss: 172.623505
SIGReg loss: 172.623505
SIGReg loss: 139.370621
SIGReg loss: 139.370621
SIGReg loss: 116.235786
SIGReg loss: 116.235786
SIGReg loss: 95.9377518
SIGReg loss: 95.9377518
SIGReg loss: 84.3819122
SIGReg loss: 84.3819122
SIGReg loss: 89.419754
SIGReg loss: 89.419754
SIGReg loss: 72.3410568
SIGReg loss: 72.3410568
SIGReg loss: 74.4076385
SIGReg loss: 74.4076385
SIGReg loss: 59.3245888
SIGReg loss: 59.3245888
SIGReg loss: 59.6008224
SIGReg loss: 59.6008224
SIGReg loss: 58.452919
SIGReg loss: 58.452919
SIGReg loss: 59.1225891
SIGReg loss: 59.1225891
SIGReg loss: 51.9402161
SIGReg loss: 51.9402161
SIGReg loss: 49.3849907
SIGReg loss: 49.3849907
SIGReg loss: 43.3884888
SIGReg loss: 43.3884888
SIGReg loss: 39.5190735
SIGReg loss: 39.5190735
SIGReg loss: 39.4882
SIGReg loss: 39.4882
SIGReg loss: 36.8627357
SIGReg loss: 36.8627357
SIGReg loss: 38.7563248
SIGReg loss: 38.7563248
SIGReg loss: 35.6478195
SIGReg loss: 35.6478195
SIGReg loss: 30.7302189
SIGReg loss: 30.7302189
SIGReg loss: 34.6151
SIGReg loss: 34.6151
SIGReg loss: 30.3765335
SIGReg loss: 30.3765335
SIGReg loss: 25.3668365
SIGReg loss: 25.3668365
SIGReg loss: 26.9855137
SIGReg loss: 26.9855137
SIGReg loss: 21.7401
SIGReg loss: 21.7401
SIGReg loss: 20.0040932
SIGReg loss: 20.0040932
SIGReg loss: 20.6630077
SIGReg loss: 20.6630077
SIGReg loss: 17.0642948
SIGReg loss: 17.0642948
SIGReg loss: 19.1487045
SIGReg loss: 19.1487045
SIGReg loss: 20.2922401
SIGReg loss: 20.2922401
SIGReg loss: 21.8836784
SIGReg loss: 21.8836784
SIGReg loss: 17.4393158
SIGReg loss: 17.4393158
SIGReg loss: 19.7593708
SIGReg loss: 19.7593708
SIGReg loss: 19.1147099
SIGReg loss: 19.1147099
SIGReg loss: 19.1205978
SIGReg loss: 19.1205978
SIGReg loss: 15.7973595
SIGReg loss: 15.7973595
SIGReg loss: 18.870615
SIGReg loss: 18.870615
SIGReg loss: 16.9071541
SIGReg loss: 16.9071541
SIGReg loss: 19.4773865
SIGReg loss: 19.4773865
SIGReg loss: 14.4471283
SIGReg loss: 14.4471283
SIGReg loss: 18.4282188
SIGReg loss: 18.4282188
SIGReg loss: 19.729208
SIGReg loss: 19.729208
SIGReg loss: 15.3557987
SIGReg loss: 15.3557987
SIGReg loss: 20.7557983
SIGReg loss: 20.7557983
SIGReg loss: 17.8187542
SIGReg loss: 17.8187542
  Step 50: Backbone Loss = 2.0784, Probe Loss = 429.5283, Acc = 0.4827
SIGReg loss: 18.6134605
SIGReg loss: 18.6134605
SIGReg loss: 17.4691906
SIGReg loss: 17.4691906
SIGReg loss: 18.974247
SIGReg loss: 18.974247
SIGReg loss: 18.2715836
SIGReg loss: 18.2715836
SIGReg loss: 23.4729424
SIGReg loss: 23.4729424
SIGReg loss: 17.7455425
SIGReg loss: 17.7455425
SIGReg loss: 19.6674938
SIGReg loss: 19.6674938
SIGReg loss: 19.4268608
SIGReg loss: 19.4268608
SIGReg loss: 20.0859776
SIGReg loss: 20.0859776
SIGReg loss: 18.9852467
SIGReg loss: 18.9852467
SIGReg loss: 22.8953495
SIGReg loss: 22.8953495
SIGReg loss: 17.6280098
SIGReg loss: 17.6280098
SIGReg loss: 17.3052254
SIGReg loss: 17.3052254
SIGReg loss: 19.5253391
SIGReg loss: 19.5253391
SIGReg loss: 17.0527039
SIGReg loss: 17.0527039
SIGReg loss: 20.7077961
SIGReg loss: 20.7077961
SIGReg loss: 24.47649
SIGReg loss: 24.47649
SIGReg loss: 20.5341072
SIGReg loss: 20.5341072
SIGReg loss: 16.5798302
SIGReg loss: 16.5798302
SIGReg loss: 17.9348907
SIGReg loss: 17.9348907
SIGReg loss: 13.9439278
SIGReg loss: 13.9439278
SIGReg loss: 17.2338905
SIGReg loss: 17.2338905
SIGReg loss: 17.1139183
SIGReg loss: 17.1139183
SIGReg loss: 18.4117393
SIGReg loss: 18.4117393
SIGReg loss: 13.2661657
SIGReg loss: 13.2661657
SIGReg loss: 17.9589138
SIGReg loss: 17.9589138
SIGReg loss: 15.2888165
SIGReg loss: 15.2888165
SIGReg loss: 14.6684284
SIGReg loss: 14.6684284
SIGReg loss: 21.4719105
SIGReg loss: 21.4719105
SIGReg loss: 18.8168011
SIGReg loss: 18.8168011
SIGReg loss: 29.0765018
SIGReg loss: 29.0765018
SIGReg loss: 31.6665859
SIGReg loss: 31.6665859
SIGReg loss: 21.8401012
SIGReg loss: 21.8401012
SIGReg loss: 17.7356644
SIGReg loss: 17.7356644
SIGReg loss: 23.4206524
SIGReg loss: 23.4206524
SIGReg loss: 16.5745163
SIGReg loss: 16.5745163
SIGReg loss: 24.2960396
SIGReg loss: 24.2960396
SIGReg loss: 18.6456909
SIGReg loss: 18.6456909
SIGReg loss: 17.924284
SIGReg loss: 17.924284
SIGReg loss: 17.3520641
SIGReg loss: 17.3520641
SIGReg loss: 23.0168114
SIGReg loss: 23.0168114
SIGReg loss: 22.5203552
SIGReg loss: 22.5203552
SIGReg loss: 17.4242039
SIGReg loss: 17.4242039
SIGReg loss: 23.0766926
SIGReg loss: 23.0766926
SIGReg loss: 27.2762947
SIGReg loss: 27.2762947
SIGReg loss: 18.7985058
SIGReg loss: 18.7985058
SIGReg loss: 24.5097237
SIGReg loss: 24.5097237
SIGReg loss: 16.2746677
SIGReg loss: 16.2746677
SIGReg loss: 23.8234692
SIGReg loss: 23.8234692
SIGReg loss: 22.3220253
SIGReg loss: 22.3220253
  Step 100: Backbone Loss = 2.2628, Probe Loss = 424.7230, Acc = 0.4760
SIGReg loss: 18.9027843
SIGReg loss: 18.9027843
SIGReg loss: 15.6227541
SIGReg loss: 15.6227541
SIGReg loss: 11.7985077
SIGReg loss: 11.7985077
SIGReg loss: 18.072422
SIGReg loss: 18.072422
SIGReg loss: 13.4614792
SIGReg loss: 13.4614792
SIGReg loss: 16.518261
SIGReg loss: 16.518261
SIGReg loss: 15.7532082
SIGReg loss: 15.7532082
SIGReg loss: 16.1516018
SIGReg loss: 16.1516018
SIGReg loss: 14.2453785
SIGReg loss: 14.2453785
SIGReg loss: 16.6822529
SIGReg loss: 16.6822529
SIGReg loss: 11.9437256
SIGReg loss: 11.9437256
SIGReg loss: 15.9066448
SIGReg loss: 15.9066448
SIGReg loss: 20.5511112
SIGReg loss: 20.5511112
SIGReg loss: 14.0872583
SIGReg loss: 14.0872583
SIGReg loss: 18.537056
SIGReg loss: 18.537056
SIGReg loss: 18.6085644
SIGReg loss: 18.6085644
SIGReg loss: 16.7300243
SIGReg loss: 16.7300243
SIGReg loss: 15.0337639
SIGReg loss: 15.0337639
SIGReg loss: 13.4240284
SIGReg loss: 13.4240284
SIGReg loss: 13.4366798
SIGReg loss: 13.4366798
SIGReg loss: 17.6837921
SIGReg loss: 17.6837921
SIGReg loss: 11.4690266
SIGReg loss: 11.4690266
SIGReg loss: 12.7305698
SIGReg loss: 12.7305698
SIGReg loss: 11.765379
SIGReg loss: 11.765379
SIGReg loss: 13.0310736
SIGReg loss: 13.0310736
SIGReg loss: 17.4228287
SIGReg loss: 17.4228287
SIGReg loss: 17.5768661
SIGReg loss: 17.5768661
SIGReg loss: 15.6353598
SIGReg loss: 15.6353598
SIGReg loss: 16.9887791
SIGReg loss: 16.9887791
SIGReg loss: 16.850008
SIGReg loss: 16.850008
SIGReg loss: 14.8283472
SIGReg loss: 14.8283472
SIGReg loss: 22.3640442
SIGReg loss: 22.3640442
SIGReg loss: 31.1161537
SIGReg loss: 31.1161537
SIGReg loss: 20.985157
SIGReg loss: 20.985157
SIGReg loss: 20.4608765
SIGReg loss: 20.4608765
SIGReg loss: 27.8607121
SIGReg loss: 27.8607121
SIGReg loss: 25.7699394
SIGReg loss: 25.7699394
SIGReg loss: 16.6986599
SIGReg loss: 16.6986599
SIGReg loss: 23.0945435
SIGReg loss: 23.0945435
SIGReg loss: 28.7106342
SIGReg loss: 28.7106342
SIGReg loss: 37.5975494
SIGReg loss: 37.5975494
SIGReg loss: 21.3070698
SIGReg loss: 21.3070698
SIGReg loss: 26.5026894
SIGReg loss: 26.5026894
SIGReg loss: 17.5353107
SIGReg loss: 17.5353107
SIGReg loss: 20.3045864
SIGReg loss: 20.3045864
SIGReg loss: 18.8284206
SIGReg loss: 18.8284206
SIGReg loss: 16.9131985
SIGReg loss: 16.9131985
SIGReg loss: 22.6147346
SIGReg loss: 22.6147346
SIGReg loss: 21.0100098
SIGReg loss: 21.0100098
SIGReg loss: 32.0278587
SIGReg loss: 32.0278587
  Step 150: Backbone Loss = 2.7518, Probe Loss = 432.7961, Acc = 0.5168
SIGReg loss: 43.8705025
SIGReg loss: 43.8705025
SIGReg loss: 24.4312706
SIGReg loss: 24.4312706
SIGReg loss: 31.9564953
SIGReg loss: 31.9564953
SIGReg loss: 22.8242493
SIGReg loss: 22.8242493
SIGReg loss: 29.2854347
SIGReg loss: 29.2854347
SIGReg loss: 30.6300564
SIGReg loss: 30.6300564
SIGReg loss: 27.40588
SIGReg loss: 27.40588
SIGReg loss: 19.4919643
SIGReg loss: 19.4919643
SIGReg loss: 25.0816021
SIGReg loss: 25.0816021
SIGReg loss: 26.5179176
SIGReg loss: 26.5179176
SIGReg loss: 26.1187668
SIGReg loss: 26.1187668
SIGReg loss: 38.1420403
SIGReg loss: 38.1420403
SIGReg loss: 20.3591366
SIGReg loss: 20.3591366
SIGReg loss: 23.3528576
SIGReg loss: 23.3528576
SIGReg loss: 16.246727
SIGReg loss: 16.246727
SIGReg loss: 25.234457
SIGReg loss: 25.234457
SIGReg loss: 16.9850349
SIGReg loss: 16.9850349
SIGReg loss: 17.9139862
SIGReg loss: 17.9139862
SIGReg loss: 17.7924042
SIGReg loss: 17.7924042
SIGReg loss: 13.6592703
SIGReg loss: 13.6592703
SIGReg loss: 14.0332251
SIGReg loss: 14.0332251
SIGReg loss: 13.03584
SIGReg loss: 13.03584
SIGReg loss: 14.0417185
SIGReg loss: 14.0417185
SIGReg loss: 16.8228569
SIGReg loss: 16.8228569
SIGReg loss: 17.6535492
SIGReg loss: 17.6535492
SIGReg loss: 18.6800919
SIGReg loss: 18.6800919
SIGReg loss: 16.5283756
SIGReg loss: 16.5283756
SIGReg loss: 15.0554829
SIGReg loss: 15.0554829
SIGReg loss: 15.6705227
SIGReg loss: 15.6705227
SIGReg loss: 13.1208305
SIGReg loss: 13.1208305
SIGReg loss: 13.4647179
SIGReg loss: 13.4647179
SIGReg loss: 12.6820602
SIGReg loss: 12.6820602
SIGReg loss: 12.0365477
SIGReg loss: 12.0365477
SIGReg loss: 11.5363169
SIGReg loss: 11.5363169
SIGReg loss: 10.4416533
SIGReg loss: 10.4416533
SIGReg loss: 10.5127811
SIGReg loss: 10.5127811
SIGReg loss: 8.57997322
SIGReg loss: 8.57997322
SIGReg loss: 12.2085314
SIGReg loss: 12.2085314
SIGReg loss: 9.57504845
SIGReg loss: 9.57504845
SIGReg loss: 12.9665
SIGReg loss: 12.9665
SIGReg loss: 15.6657515
SIGReg loss: 15.6657515
SIGReg loss: 10.2263393
SIGReg loss: 10.2263393
SIGReg loss: 14.3268194
SIGReg loss: 14.3268194
SIGReg loss: 14.2318802
SIGReg loss: 14.2318802
SIGReg loss: 9.10747433
SIGReg loss: 9.10747433
SIGReg loss: 14.0500927
SIGReg loss: 14.0500927
SIGReg loss: 15.5622568
SIGReg loss: 15.5622568
SIGReg loss: 12.0626984
SIGReg loss: 12.0626984
SIGReg loss: 10.536541
SIGReg loss: 10.536541
SIGReg loss: 13.6257744
SIGReg loss: 13.6257744
  Step 200: Backbone Loss = 1.8688, Probe Loss = 424.7333, Acc = 0.5181
SIGReg loss: 13.8454628
SIGReg loss: 13.8454628
SIGReg loss: 9.85261917
SIGReg loss: 9.85261917
SIGReg loss: 11.802742
SIGReg loss: 11.802742
SIGReg loss: 11.1931086
SIGReg loss: 11.1931086
SIGReg loss: 10.0604773
SIGReg loss: 10.0604773
SIGReg loss: 10.1230898
SIGReg loss: 10.1230898
SIGReg loss: 11.2507868
SIGReg loss: 11.2507868
SIGReg loss: 10.0358477
SIGReg loss: 10.0358477
SIGReg loss: 9.76288509
SIGReg loss: 9.76288509
SIGReg loss: 12.6493216
SIGReg loss: 12.6493216
SIGReg loss: 10.4922733
SIGReg loss: 10.4922733
SIGReg loss: 10.1975546
SIGReg loss: 10.1975546
SIGReg loss: 11.1340561
SIGReg loss: 11.1340561
SIGReg loss: 10.4768896
SIGReg loss: 10.4768896
SIGReg loss: 10.3078442
SIGReg loss: 10.3078442
SIGReg loss: 12.240037
SIGReg loss: 12.240037
SIGReg loss: 12.6042233
SIGReg loss: 12.6042233
SIGReg loss: 8.98122501
SIGReg loss: 8.98122501
SIGReg loss: 11.637455
SIGReg loss: 11.637455
SIGReg loss: 9.94265175
SIGReg loss: 9.94265175
SIGReg loss: 11.0405655
SIGReg loss: 11.0405655
SIGReg loss: 12.2666559
SIGReg loss: 12.2666559
SIGReg loss: 10.1553898
SIGReg loss: 10.1553898
SIGReg loss: 10.9130249
SIGReg loss: 10.9130249
SIGReg loss: 9.39468861
SIGReg loss: 9.39468861
SIGReg loss: 9.0408783
SIGReg loss: 9.0408783
SIGReg loss: 9.94340706
SIGReg loss: 9.94340706
SIGReg loss: 8.83992672
SIGReg loss: 8.83992672
SIGReg loss: 8.6047821
SIGReg loss: 8.6047821
SIGReg loss: 8.06765842
SIGReg loss: 8.06765842
SIGReg loss: 8.21992302
SIGReg loss: 8.21992302
SIGReg loss: 10.5074892
SIGReg loss: 10.5074892
SIGReg loss: 8.89860344
SIGReg loss: 8.89860344
SIGReg loss: 8.51868057
SIGReg loss: 8.51868057
SIGReg loss: 9.71884155
SIGReg loss: 9.71884155
SIGReg loss: 8.29576397
SIGReg loss: 8.29576397
SIGReg loss: 10.2431831
SIGReg loss: 10.2431831
SIGReg loss: 9.03935
SIGReg loss: 9.03935
SIGReg loss: 8.80714512
SIGReg loss: 8.80714512
SIGReg loss: 9.71919346
SIGReg loss: 9.71919346
SIGReg loss: 8.90315914
SIGReg loss: 8.90315914
SIGReg loss: 9.73424625
SIGReg loss: 9.73424625
SIGReg loss: 7.53734827
SIGReg loss: 7.53734827
SIGReg loss: 9.10121918
SIGReg loss: 9.10121918
SIGReg loss: 7.7786417
SIGReg loss: 7.7786417
SIGReg loss: 8.32255268
SIGReg loss: 8.32255268
SIGReg loss: 8.37887669
SIGReg loss: 8.37887669
SIGReg loss: 6.6674037
SIGReg loss: 6.6674037
SIGReg loss: 8.20636272
SIGReg loss: 8.20636272
SIGReg loss: 8.22044563
SIGReg loss: 8.22044563
  Step 250: Backbone Loss = 1.5429, Probe Loss = 418.1253, Acc = 0.4945
SIGReg loss: 7.8195262
SIGReg loss: 7.8195262
SIGReg loss: 7.15438366
SIGReg loss: 7.15438366
SIGReg loss: 8.38580322
SIGReg loss: 8.38580322
SIGReg loss: 8.89745235
SIGReg loss: 8.89745235
SIGReg loss: 6.26978207
SIGReg loss: 6.26978207
SIGReg loss: 8.02160549
SIGReg loss: 8.02160549
SIGReg loss: 8.42004681
SIGReg loss: 8.42004681
SIGReg loss: 7.55656147
SIGReg loss: 7.55656147
SIGReg loss: 6.96159077
SIGReg loss: 6.96159077
SIGReg loss: 7.36283779
SIGReg loss: 7.36283779
SIGReg loss: 6.50098085
SIGReg loss: 6.50098085
SIGReg loss: 7.69740772
SIGReg loss: 7.69740772
SIGReg loss: 9.07091522
SIGReg loss: 9.07091522
SIGReg loss: 6.43788719
SIGReg loss: 6.43788719
SIGReg loss: 7.44734478
SIGReg loss: 7.44734478
SIGReg loss: 8.28031158
SIGReg loss: 8.28031158
SIGReg loss: 6.72556782
SIGReg loss: 6.72556782
SIGReg loss: 7.63161802
SIGReg loss: 7.63161802
SIGReg loss: 7.36271524
SIGReg loss: 7.36271524
SIGReg loss: 5.85682058
SIGReg loss: 5.85682058
SIGReg loss: 7.94886303
SIGReg loss: 7.94886303
SIGReg loss: 6.71721554
SIGReg loss: 6.71721554
SIGReg loss: 6.53520441
SIGReg loss: 6.53520441
SIGReg loss: 6.60149908
SIGReg loss: 6.60149908
SIGReg loss: 7.29414368
SIGReg loss: 7.29414368
SIGReg loss: 6.7091217
SIGReg loss: 6.7091217
SIGReg loss: 6.67712688
SIGReg loss: 6.67712688
SIGReg loss: 7.74475861
SIGReg loss: 7.74475861
SIGReg loss: 7.59910345
SIGReg loss: 7.59910345
SIGReg loss: 6.33098555
SIGReg loss: 6.33098555
SIGReg loss: 7.38224316
SIGReg loss: 7.38224316
SIGReg loss: 6.91516352
SIGReg loss: 6.91516352
SIGReg loss: 7.72330475
SIGReg loss: 7.72330475
SIGReg loss: 6.10297585
SIGReg loss: 6.10297585
SIGReg loss: 6.91576719
SIGReg loss: 6.91576719
SIGReg loss: 7.21977615
SIGReg loss: 7.21977615
SIGReg loss: 7.73223162
SIGReg loss: 7.73223162
SIGReg loss: 7.57735348
SIGReg loss: 7.57735348
SIGReg loss: 7.07626915
SIGReg loss: 7.07626915
SIGReg loss: 6.56391335
SIGReg loss: 6.56391335
SIGReg loss: 6.45280075
SIGReg loss: 6.45280075
SIGReg loss: 5.93504667
SIGReg loss: 5.93504667
SIGReg loss: 6.49956417
SIGReg loss: 6.49956417
SIGReg loss: 5.6580143
SIGReg loss: 5.6580143
SIGReg loss: 6.31449699
SIGReg loss: 6.31449699
SIGReg loss: 6.04992867
SIGReg loss: 6.04992867
SIGReg loss: 6.65164804
SIGReg loss: 6.65164804
SIGReg loss: 5.86491108
SIGReg loss: 5.86491108
SIGReg loss: 6.57353735
SIGReg loss: 6.57353735
SIGReg loss: 7.33258104
SIGReg loss: 7.33258104
  Step 300: Backbone Loss = 1.4762, Probe Loss = 409.8055, Acc = 0.4713
SIGReg loss: 6.65821266
SIGReg loss: 6.65821266
SIGReg loss: 7.70955849
SIGReg loss: 7.70955849
SIGReg loss: 7.23840714
SIGReg loss: 7.23840714
SIGReg loss: 7.68236351
SIGReg loss: 7.68236351
SIGReg loss: 7.55546665
SIGReg loss: 7.55546665
SIGReg loss: 6.94087696
SIGReg loss: 6.94087696
SIGReg loss: 6.74527502
SIGReg loss: 6.74527502
SIGReg loss: 7.37619305
SIGReg loss: 7.37619305
SIGReg loss: 6.37747097
SIGReg loss: 6.37747097
SIGReg loss: 7.02022362
SIGReg loss: 7.02022362
SIGReg loss: 7.03377867
SIGReg loss: 7.03377867
SIGReg loss: 6.46875477
SIGReg loss: 6.46875477
SIGReg loss: 6.83181572
SIGReg loss: 6.83181572
SIGReg loss: 6.67174911
SIGReg loss: 6.67174911
SIGReg loss: 6.97345972
SIGReg loss: 6.97345972
SIGReg loss: 6.20077801
SIGReg loss: 6.20077801
SIGReg loss: 7.32532406
SIGReg loss: 7.32532406
SIGReg loss: 5.73996162
SIGReg loss: 5.73996162
SIGReg loss: 7.67011452
SIGReg loss: 7.67011452
SIGReg loss: 6.09629107
SIGReg loss: 6.09629107
SIGReg loss: 7.36950779
SIGReg loss: 7.36950779
SIGReg loss: 7.43477201
SIGReg loss: 7.43477201
SIGReg loss: 6.53720951
SIGReg loss: 6.53720951
SIGReg loss: 6.87492657
SIGReg loss: 6.87492657
SIGReg loss: 7.76650524
SIGReg loss: 7.76650524
SIGReg loss: 6.77445
SIGReg loss: 6.77445
SIGReg loss: 7.44082832
SIGReg loss: 7.44082832
SIGReg loss: 7.06255913
SIGReg loss: 7.06255913
SIGReg loss: 7.34445763
SIGReg loss: 7.34445763
SIGReg loss: 6.5853796
SIGReg loss: 6.5853796
SIGReg loss: 6.61500454
SIGReg loss: 6.61500454
SIGReg loss: 6.0957303
SIGReg loss: 6.0957303
SIGReg loss: 6.24496889
SIGReg loss: 6.24496889
SIGReg loss: 6.4347496
SIGReg loss: 6.4347496
SIGReg loss: 6.1658206
SIGReg loss: 6.1658206
SIGReg loss: 5.93885946
SIGReg loss: 5.93885946
SIGReg loss: 6.48248768
SIGReg loss: 6.48248768
SIGReg loss: 7.08457279
SIGReg loss: 7.08457279
SIGReg loss: 6.98540401
SIGReg loss: 6.98540401
SIGReg loss: 7.06493855
SIGReg loss: 7.06493855
SIGReg loss: 7.1854167
SIGReg loss: 7.1854167
SIGReg loss: 6.0539875
SIGReg loss: 6.0539875
SIGReg loss: 7.22994614
SIGReg loss: 7.22994614
SIGReg loss: 6.47025108
SIGReg loss: 6.47025108
SIGReg loss: 6.40471315
SIGReg loss: 6.40471315
SIGReg loss: 7.06123638
SIGReg loss: 7.06123638
SIGReg loss: 6.61992836
SIGReg loss: 6.61992836
SIGReg loss: 6.4051919
SIGReg loss: 6.4051919
SIGReg loss: 7.37859488
SIGReg loss: 7.37859488
SIGReg loss: 6.08128738
SIGReg loss: 6.08128738
  Step 350: Backbone Loss = 1.4136, Probe Loss = 402.5409, Acc = 0.5212
SIGReg loss: 6.91936779
SIGReg loss: 6.91936779
SIGReg loss: 7.25368834
SIGReg loss: 7.25368834
SIGReg loss: 6.46773767
SIGReg loss: 6.46773767
SIGReg loss: 6.48360348
SIGReg loss: 6.48360348
SIGReg loss: 5.57330227
SIGReg loss: 5.57330227
SIGReg loss: 6.73299789
SIGReg loss: 6.73299789
SIGReg loss: 5.90650225
SIGReg loss: 5.90650225
SIGReg loss: 6.12605858
SIGReg loss: 6.12605858
SIGReg loss: 5.86429405
SIGReg loss: 5.86429405
SIGReg loss: 6.37667036
SIGReg loss: 6.37667036
SIGReg loss: 6.16065693
SIGReg loss: 6.16065693
SIGReg loss: 6.06790876
SIGReg loss: 6.06790876
SIGReg loss: 6.56151819
SIGReg loss: 6.56151819
SIGReg loss: 7.23684025
SIGReg loss: 7.23684025
SIGReg loss: 6.68285322
SIGReg loss: 6.68285322
SIGReg loss: 6.72569227
SIGReg loss: 6.72569227
SIGReg loss: 7.07020092
SIGReg loss: 7.07020092
SIGReg loss: 7.28395319
SIGReg loss: 7.28395319
SIGReg loss: 6.74480438
SIGReg loss: 6.74480438
SIGReg loss: 5.60844231
SIGReg loss: 5.60844231
SIGReg loss: 6.59362268
SIGReg loss: 6.59362268
SIGReg loss: 6.78271961
SIGReg loss: 6.78271961
SIGReg loss: 6.52405882
SIGReg loss: 6.52405882
SIGReg loss: 7.26233578
SIGReg loss: 7.26233578
SIGReg loss: 8.44400883
SIGReg loss: 8.44400883
SIGReg loss: 6.52645588
SIGReg loss: 6.52645588
SIGReg loss: 6.25367117
SIGReg loss: 6.25367117
SIGReg loss: 7.12629032
SIGReg loss: 7.12629032
SIGReg loss: 7.10485888
SIGReg loss: 7.10485888
SIGReg loss: 7.54077578
SIGReg loss: 7.54077578
SIGReg loss: 6.46812439
SIGReg loss: 6.46812439
SIGReg loss: 6.33048725
SIGReg loss: 6.33048725
SIGReg loss: 6.6807189
SIGReg loss: 6.6807189
SIGReg loss: 6.49598217
SIGReg loss: 6.49598217
SIGReg loss: 6.67597914
SIGReg loss: 6.67597914
SIGReg loss: 6.62363672
SIGReg loss: 6.62363672
SIGReg loss: 6.72262
SIGReg loss: 6.72262
SIGReg loss: 7.95695
SIGReg loss: 7.95695
SIGReg loss: 6.0856
SIGReg loss: 6.0856
SIGReg loss: 7.29515934
SIGReg loss: 7.29515934
SIGReg loss: 7.17813349
SIGReg loss: 7.17813349
SIGReg loss: 8.1734457
SIGReg loss: 8.1734457
SIGReg loss: 5.8547678
SIGReg loss: 5.8547678
SIGReg loss: 7.10751343
SIGReg loss: 7.10751343
SIGReg loss: 7.92804718
SIGReg loss: 7.92804718
SIGReg loss: 6.15589428
SIGReg loss: 6.15589428
SIGReg loss: 6.72347212
SIGReg loss: 6.72347212
SIGReg loss: 7.22069645
SIGReg loss: 7.22069645
SIGReg loss: 7.37214947
SIGReg loss: 7.37214947
SIGReg loss: 7.1020093
SIGReg loss: 7.1020093
  Step 400: Backbone Loss = 1.4201, Probe Loss = 397.7497, Acc = 0.5180
SIGReg loss: 7.36713123
SIGReg loss: 7.36713123
SIGReg loss: 6.72246885
SIGReg loss: 6.72246885
SIGReg loss: 6.62620926
SIGReg loss: 6.62620926
SIGReg loss: 6.91103697
SIGReg loss: 6.91103697
SIGReg loss: 6.58956671
SIGReg loss: 6.58956671
SIGReg loss: 7.36612082
SIGReg loss: 7.36612082
SIGReg loss: 6.76058531
SIGReg loss: 6.76058531
SIGReg loss: 7.76342964
SIGReg loss: 7.76342964
SIGReg loss: 6.57313204
SIGReg loss: 6.57313204
SIGReg loss: 6.93163729
SIGReg loss: 6.93163729
SIGReg loss: 6.42705965
SIGReg loss: 6.42705965
SIGReg loss: 8.87160587
SIGReg loss: 8.87160587
SIGReg loss: 7.18148565
SIGReg loss: 7.18148565
SIGReg loss: 7.84903908
SIGReg loss: 7.84903908
SIGReg loss: 6.75843811
SIGReg loss: 6.75843811
SIGReg loss: 7.95632315
SIGReg loss: 7.95632315
SIGReg loss: 7.10747242
SIGReg loss: 7.10747242
SIGReg loss: 6.34758
SIGReg loss: 6.34758
SIGReg loss: 7.38902473
SIGReg loss: 7.38902473
SIGReg loss: 7.45817232
SIGReg loss: 7.45817232
SIGReg loss: 6.2757206
SIGReg loss: 6.2757206
SIGReg loss: 6.31743288
SIGReg loss: 6.31743288
SIGReg loss: 7.61252499
SIGReg loss: 7.61252499
SIGReg loss: 6.42139482
SIGReg loss: 6.42139482
SIGReg loss: 6.68857
SIGReg loss: 6.68857
SIGReg loss: 6.80077267
SIGReg loss: 6.80077267
SIGReg loss: 6.12392902
SIGReg loss: 6.12392902
SIGReg loss: 6.99469519
SIGReg loss: 6.99469519
SIGReg loss: 6.55905056
SIGReg loss: 6.55905056
SIGReg loss: 6.45737743
SIGReg loss: 6.45737743
SIGReg loss: 6.76505
SIGReg loss: 6.76505
SIGReg loss: 6.64327621
SIGReg loss: 6.64327621
SIGReg loss: 6.88858652
SIGReg loss: 6.88858652
SIGReg loss: 6.388237
SIGReg loss: 6.388237
SIGReg loss: 6.78719091
SIGReg loss: 6.78719091
SIGReg loss: 6.95135307
SIGReg loss: 6.95135307
SIGReg loss: 5.91084099
SIGReg loss: 5.91084099
SIGReg loss: 5.94105721
SIGReg loss: 5.94105721
SIGReg loss: 6.6333
SIGReg loss: 6.6333
SIGReg loss: 6.19007921
SIGReg loss: 6.19007921
SIGReg loss: 6.57239056
SIGReg loss: 6.57239056
SIGReg loss: 5.80083
SIGReg loss: 5.80083
SIGReg loss: 5.95588923
SIGReg loss: 5.95588923
SIGReg loss: 5.75613213
SIGReg loss: 5.75613213
SIGReg loss: 6.67022133
SIGReg loss: 6.67022133
SIGReg loss: 5.50483894
SIGReg loss: 5.50483894
SIGReg loss: 6.67534828
SIGReg loss: 6.67534828
SIGReg loss: 6.22212219
SIGReg loss: 6.22212219
SIGReg loss: 6.4228673
SIGReg loss: 6.4228673
SIGReg loss: 6.41008425
SIGReg loss: 6.41008425
  Step 450: Backbone Loss = 1.3521, Probe Loss = 388.9985, Acc = 0.5015
SIGReg loss: 5.70478916
SIGReg loss: 5.70478916
SIGReg loss: 6.87728453
SIGReg loss: 6.87728453
SIGReg loss: 6.60797644
SIGReg loss: 6.60797644
SIGReg loss: 6.02625227
SIGReg loss: 6.02625227
SIGReg loss: 7.74112463
SIGReg loss: 7.74112463
SIGReg loss: 7.04977322
SIGReg loss: 7.04977322
SIGReg loss: 7.02999687
SIGReg loss: 7.02999687
SIGReg loss: 6.28006887
SIGReg loss: 6.28006887
SIGReg loss: 6.32048
SIGReg loss: 6.32048
SIGReg loss: 6.29310465
SIGReg loss: 6.29310465
Epoch 1 finished in 662.05s.
  Avg Backbone Loss: 2.0080
  Avg Probe Loss:    416.5852
  Avg Probe Accuracy: 0.5065

Epoch 2/100
SIGReg loss: 5.57572079
SIGReg loss: 5.57572079
  Step 0: Backbone Loss = 1.3104, Probe Loss = 379.3596, Acc = 0.5048
SIGReg loss: 7.03991652
SIGReg loss: 7.03991652
SIGReg loss: 5.75316238
SIGReg loss: 5.75316238
SIGReg loss: 6.39922428
SIGReg loss: 6.39922428
SIGReg loss: 6.81314898
SIGReg loss: 6.81314898
SIGReg loss: 6.60183811
SIGReg loss: 6.60183811
SIGReg loss: 6.44931889
SIGReg loss: 6.44931889
SIGReg loss: 6.33139801
SIGReg loss: 6.33139801
SIGReg loss: 6.09570122
SIGReg loss: 6.09570122
SIGReg loss: 6.01855803
SIGReg loss: 6.01855803
SIGReg loss: 7.4859519
SIGReg loss: 7.4859519
SIGReg loss: 6.36064959
SIGReg loss: 6.36064959
SIGReg loss: 6.30083704
SIGReg loss: 6.30083704
SIGReg loss: 5.9084754
SIGReg loss: 5.9084754
SIGReg loss: 6.49896383
SIGReg loss: 6.49896383
SIGReg loss: 6.01202154
SIGReg loss: 6.01202154
SIGReg loss: 7.52775955
SIGReg loss: 7.52775955
SIGReg loss: 5.88646698
SIGReg loss: 5.88646698
SIGReg loss: 6.50045824
SIGReg loss: 6.50045824
SIGReg loss: 6.92086411
SIGReg loss: 6.92086411
SIGReg loss: 6.74162722
SIGReg loss: 6.74162722
SIGReg loss: 7.29081106
SIGReg loss: 7.29081106
SIGReg loss: 7.26212072
SIGReg loss: 7.26212072
SIGReg loss: 6.23585415
SIGReg loss: 6.23585415
SIGReg loss: 6.30630541
SIGReg loss: 6.30630541
SIGReg loss: 6.8489151
SIGReg loss: 6.8489151
SIGReg loss: 6.68138552
SIGReg loss: 6.68138552
SIGReg loss: 6.38456917
SIGReg loss: 6.38456917
SIGReg loss: 7.03452873
SIGReg loss: 7.03452873
SIGReg loss: 6.36698914
SIGReg loss: 6.36698914
SIGReg loss: 6.40441418
SIGReg loss: 6.40441418
SIGReg loss: 6.79096937
SIGReg loss: 6.79096937
SIGReg loss: 6.34184361
SIGReg loss: 6.34184361
SIGReg loss: 6.2410717
SIGReg loss: 6.2410717
SIGReg loss: 5.91528034
SIGReg loss: 5.91528034
SIGReg loss: 5.57432222
SIGReg loss: 5.57432222
SIGReg loss: 6.42620087
SIGReg loss: 6.42620087
SIGReg loss: 6.03150511
SIGReg loss: 6.03150511
SIGReg loss: 5.80703735
SIGReg loss: 5.80703735
SIGReg loss: 5.75357962
SIGReg loss: 5.75357962
SIGReg loss: 6.6632905
SIGReg loss: 6.6632905
SIGReg loss: 6.27966738
SIGReg loss: 6.27966738
SIGReg loss: 6.15787315
SIGReg loss: 6.15787315
SIGReg loss: 5.8508997
SIGReg loss: 5.8508997
SIGReg loss: 6.09865475
SIGReg loss: 6.09865475
SIGReg loss: 7.00635099
SIGReg loss: 7.00635099
SIGReg loss: 6.46418762
SIGReg loss: 6.46418762
SIGReg loss: 6.19877815
SIGReg loss: 6.19877815
SIGReg loss: 7.03647709
SIGReg loss: 7.03647709
SIGReg loss: 6.81233311
SIGReg loss: 6.81233311
SIGReg loss: 5.79533863
SIGReg loss: 5.79533863
  Step 50: Backbone Loss = 1.2991, Probe Loss = 374.8950, Acc = 0.5060
SIGReg loss: 6.2438941
SIGReg loss: 6.2438941
SIGReg loss: 5.90238619
SIGReg loss: 5.90238619
SIGReg loss: 6.50291348
SIGReg loss: 6.50291348
SIGReg loss: 6.60018826
SIGReg loss: 6.60018826
SIGReg loss: 6.30707026
SIGReg loss: 6.30707026
SIGReg loss: 7.03809881
SIGReg loss: 7.03809881
SIGReg loss: 6.20456314
SIGReg loss: 6.20456314
SIGReg loss: 5.46847534
SIGReg loss: 5.46847534
SIGReg loss: 6.1846838
SIGReg loss: 6.1846838
SIGReg loss: 5.68753576
SIGReg loss: 5.68753576
SIGReg loss: 6.25386858
SIGReg loss: 6.25386858
SIGReg loss: 5.5763092
SIGReg loss: 5.5763092
SIGReg loss: 5.91859198
SIGReg loss: 5.91859198
SIGReg loss: 6.44948149
SIGReg loss: 6.44948149
SIGReg loss: 6.00915527
SIGReg loss: 6.00915527
SIGReg loss: 6.1596384
SIGReg loss: 6.1596384
SIGReg loss: 6.12565756
SIGReg loss: 6.12565756
SIGReg loss: 6.0843358
SIGReg loss: 6.0843358
SIGReg loss: 5.75411892
SIGReg loss: 5.75411892
SIGReg loss: 6.14676619
SIGReg loss: 6.14676619
SIGReg loss: 5.9053483
SIGReg loss: 5.9053483
SIGReg loss: 5.77025604
SIGReg loss: 5.77025604
SIGReg loss: 6.57270432
SIGReg loss: 6.57270432
SIGReg loss: 6.86351919
SIGReg loss: 6.86351919
SIGReg loss: 6.51860952
SIGReg loss: 6.51860952
SIGReg loss: 6.63569832
SIGReg loss: 6.63569832
SIGReg loss: 6.33138132
SIGReg loss: 6.33138132
SIGReg loss: 6.16347
SIGReg loss: 6.16347
SIGReg loss: 6.41740608
SIGReg loss: 6.41740608
SIGReg loss: 6.67095852
SIGReg loss: 6.67095852
SIGReg loss: 8.02631474
SIGReg loss: 8.02631474
SIGReg loss: 6.69351244
SIGReg loss: 6.69351244
SIGReg loss: 6.18067694
SIGReg loss: 6.18067694
SIGReg loss: 6.66940689
SIGReg loss: 6.66940689
SIGReg loss: 7.51266098
SIGReg loss: 7.51266098
SIGReg loss: 6.99986649
SIGReg loss: 6.99986649
SIGReg loss: 6.90666723
SIGReg loss: 6.90666723
SIGReg loss: 7.11334801
SIGReg loss: 7.11334801
SIGReg loss: 6.40045071
SIGReg loss: 6.40045071
SIGReg loss: 6.76478815
SIGReg loss: 6.76478815
SIGReg loss: 6.71524382
SIGReg loss: 6.71524382
SIGReg loss: 6.15091133
SIGReg loss: 6.15091133
SIGReg loss: 6.17536449
SIGReg loss: 6.17536449
SIGReg loss: 6.45856094
SIGReg loss: 6.45856094
SIGReg loss: 5.71
SIGReg loss: 5.71
SIGReg loss: 5.78200197
SIGReg loss: 5.78200197
SIGReg loss: 6.45253754
SIGReg loss: 6.45253754
SIGReg loss: 5.52513742
SIGReg loss: 5.52513742
SIGReg loss: 5.15072393
SIGReg loss: 5.15072393
SIGReg loss: 6.6592536
SIGReg loss: 6.6592536
  Step 100: Backbone Loss = 1.3386, Probe Loss = 365.8730, Acc = 0.5126
SIGReg loss: 5.31553459
SIGReg loss: 5.31553459
SIGReg loss: 5.64543867
SIGReg loss: 5.64543867
SIGReg loss: 6.42118168
SIGReg loss: 6.42118168
SIGReg loss: 6.68200827
SIGReg loss: 6.68200827
SIGReg loss: 5.99004793
SIGReg loss: 5.99004793
SIGReg loss: 6.57221317
SIGReg loss: 6.57221317
SIGReg loss: 6.12131262
SIGReg loss: 6.12131262
SIGReg loss: 6.22133732
SIGReg loss: 6.22133732
SIGReg loss: 6.41383457
SIGReg loss: 6.41383457
SIGReg loss: 6.5509758
SIGReg loss: 6.5509758
SIGReg loss: 5.51996851
SIGReg loss: 5.51996851
SIGReg loss: 5.74271631
SIGReg loss: 5.74271631
SIGReg loss: 6.45067406
SIGReg loss: 6.45067406
SIGReg loss: 6.1803112
SIGReg loss: 6.1803112
SIGReg loss: 5.99612951
SIGReg loss: 5.99612951
SIGReg loss: 6.30992031
SIGReg loss: 6.30992031
SIGReg loss: 5.73892975
SIGReg loss: 5.73892975
SIGReg loss: 5.86134624
SIGReg loss: 5.86134624
SIGReg loss: 5.57867813
SIGReg loss: 5.57867813
SIGReg loss: 5.27844
SIGReg loss: 5.27844
SIGReg loss: 6.61516523
SIGReg loss: 6.61516523
SIGReg loss: 5.34785843
SIGReg loss: 5.34785843
SIGReg loss: 6.50079679
SIGReg loss: 6.50079679
SIGReg loss: 5.44394207
SIGReg loss: 5.44394207
SIGReg loss: 6.44358778
SIGReg loss: 6.44358778
SIGReg loss: 6.0574646
SIGReg loss: 6.0574646
SIGReg loss: 5.65925598
SIGReg loss: 5.65925598
SIGReg loss: 5.70337963
SIGReg loss: 5.70337963
SIGReg loss: 5.66179752
SIGReg loss: 5.66179752
SIGReg loss: 4.86971951
SIGReg loss: 4.86971951
SIGReg loss: 6.1084795
SIGReg loss: 6.1084795
SIGReg loss: 6.37641907
SIGReg loss: 6.37641907
SIGReg loss: 5.45815277
SIGReg loss: 5.45815277
SIGReg loss: 6.81177521
SIGReg loss: 6.81177521
SIGReg loss: 5.46234083
SIGReg loss: 5.46234083
SIGReg loss: 5.61723614
SIGReg loss: 5.61723614
SIGReg loss: 5.92491245
SIGReg loss: 5.92491245
SIGReg loss: 6.03955
SIGReg loss: 6.03955
SIGReg loss: 5.80105305
SIGReg loss: 5.80105305
SIGReg loss: 5.27493477
SIGReg loss: 5.27493477
SIGReg loss: 5.91982937
SIGReg loss: 5.91982937
SIGReg loss: 6.20668793
SIGReg loss: 6.20668793
SIGReg loss: 5.4568634
SIGReg loss: 5.4568634
SIGReg loss: 6.44991255
SIGReg loss: 6.44991255
SIGReg loss: 6.8188653
SIGReg loss: 6.8188653
SIGReg loss: 5.59158611
SIGReg loss: 5.59158611
SIGReg loss: 5.91763306
SIGReg loss: 5.91763306
SIGReg loss: 5.51059818
SIGReg loss: 5.51059818
SIGReg loss: 6.00914097
SIGReg loss: 6.00914097
SIGReg loss: 6.32267761
SIGReg loss: 6.32267761
  Step 150: Backbone Loss = 1.3329, Probe Loss = 353.2843, Acc = 0.5185
SIGReg loss: 5.6877532
SIGReg loss: 5.6877532
SIGReg loss: 6.06848574
SIGReg loss: 6.06848574
SIGReg loss: 5.79477406
SIGReg loss: 5.79477406
SIGReg loss: 6.14257812
SIGReg loss: 6.14257812
SIGReg loss: 5.23109674
SIGReg loss: 5.23109674
SIGReg loss: 5.7485013
SIGReg loss: 5.7485013
SIGReg loss: 5.87744808
SIGReg loss: 5.87744808
SIGReg loss: 5.96779823
SIGReg loss: 5.96779823
SIGReg loss: 6.08876419
SIGReg loss: 6.08876419
SIGReg loss: 5.79367113
SIGReg loss: 5.79367113
SIGReg loss: 6.2667923
SIGReg loss: 6.2667923
SIGReg loss: 5.53800201
SIGReg loss: 5.53800201
SIGReg loss: 5.48141575
SIGReg loss: 5.48141575
SIGReg loss: 6.18033457
SIGReg loss: 6.18033457
SIGReg loss: 5.63276815
SIGReg loss: 5.63276815
SIGReg loss: 6.68934345
SIGReg loss: 6.68934345
SIGReg loss: 5.77514648
SIGReg loss: 5.77514648
SIGReg loss: 6.11740494
SIGReg loss: 6.11740494
SIGReg loss: 5.88719177
SIGReg loss: 5.88719177
SIGReg loss: 6.00842094
SIGReg loss: 6.00842094
SIGReg loss: 6.21691
SIGReg loss: 6.21691
SIGReg loss: 6.35836363
SIGReg loss: 6.35836363
SIGReg loss: 5.56323624
SIGReg loss: 5.56323624
SIGReg loss: 6.39825201
SIGReg loss: 6.39825201
SIGReg loss: 7.32927465
SIGReg loss: 7.32927465
SIGReg loss: 5.6140213
SIGReg loss: 5.6140213
SIGReg loss: 6.14865303
SIGReg loss: 6.14865303
SIGReg loss: 6.07390642
SIGReg loss: 6.07390642
SIGReg loss: 5.95121193
SIGReg loss: 5.95121193
SIGReg loss: 6.36143541
SIGReg loss: 6.36143541
SIGReg loss: 5.75186491
SIGReg loss: 5.75186491
SIGReg loss: 5.15676594
SIGReg loss: 5.15676594
SIGReg loss: 5.85591841
SIGReg loss: 5.85591841
SIGReg loss: 6.10500526
SIGReg loss: 6.10500526
SIGReg loss: 5.23691416
SIGReg loss: 5.23691416
SIGReg loss: 5.78637266
SIGReg loss: 5.78637266
SIGReg loss: 5.67848396
SIGReg loss: 5.67848396
SIGReg loss: 5.60492706
SIGReg loss: 5.60492706
SIGReg loss: 5.66980886
SIGReg loss: 5.66980886
SIGReg loss: 6.0751071
SIGReg loss: 6.0751071
SIGReg loss: 5.40235138
SIGReg loss: 5.40235138
SIGReg loss: 5.53304195
SIGReg loss: 5.53304195
SIGReg loss: 5.89786339
SIGReg loss: 5.89786339
SIGReg loss: 6.94627333
SIGReg loss: 6.94627333
SIGReg loss: 5.85108376
SIGReg loss: 5.85108376
SIGReg loss: 5.63888645
SIGReg loss: 5.63888645
SIGReg loss: 5.9632349
SIGReg loss: 5.9632349
SIGReg loss: 6.15549564
SIGReg loss: 6.15549564
SIGReg loss: 5.47396
SIGReg loss: 5.47396
SIGReg loss: 5.15950775
SIGReg loss: 5.15950775
  Step 200: Backbone Loss = 1.2636, Probe Loss = 351.8348, Acc = 0.5136
SIGReg loss: 5.30808
SIGReg loss: 5.30808
SIGReg loss: 5.71277428
SIGReg loss: 5.71277428
SIGReg loss: 5.83606625
SIGReg loss: 5.83606625
SIGReg loss: 5.94350624
SIGReg loss: 5.94350624
SIGReg loss: 5.40490532
SIGReg loss: 5.40490532
SIGReg loss: 5.82361412
SIGReg loss: 5.82361412
SIGReg loss: 5.39098454
SIGReg loss: 5.39098454
SIGReg loss: 6.08693027
SIGReg loss: 6.08693027
SIGReg loss: 5.58488512
SIGReg loss: 5.58488512
SIGReg loss: 5.25350523
SIGReg loss: 5.25350523
SIGReg loss: 5.60077667
SIGReg loss: 5.60077667
SIGReg loss: 5.61533737
SIGReg loss: 5.61533737
SIGReg loss: 5.34415579
SIGReg loss: 5.34415579
SIGReg loss: 6.24392939
SIGReg loss: 6.24392939
SIGReg loss: 5.89891768
SIGReg loss: 5.89891768
SIGReg loss: 5.45333767
SIGReg loss: 5.45333767
SIGReg loss: 5.02856636
SIGReg loss: 5.02856636
SIGReg loss: 6.28164339
SIGReg loss: 6.28164339
SIGReg loss: 5.65357399
SIGReg loss: 5.65357399
SIGReg loss: 5.0174861
SIGReg loss: 5.0174861
SIGReg loss: 5.89412
SIGReg loss: 5.89412
SIGReg loss: 5.71268749
SIGReg loss: 5.71268749
SIGReg loss: 6.0802927
SIGReg loss: 6.0802927
SIGReg loss: 6.17084599
SIGReg loss: 6.17084599
SIGReg loss: 6.22880936
SIGReg loss: 6.22880936
SIGReg loss: 4.89723301
SIGReg loss: 4.89723301
SIGReg loss: 5.80305
SIGReg loss: 5.80305
SIGReg loss: 5.77378464
SIGReg loss: 5.77378464
SIGReg loss: 5.62744904
SIGReg loss: 5.62744904
SIGReg loss: 6.03413773
SIGReg loss: 6.03413773
SIGReg loss: 6.24896383
SIGReg loss: 6.24896383
SIGReg loss: 5.57236624
SIGReg loss: 5.57236624
SIGReg loss: 6.01648331
SIGReg loss: 6.01648331
SIGReg loss: 5.543643
SIGReg loss: 5.543643
SIGReg loss: 5.56026554
SIGReg loss: 5.56026554
SIGReg loss: 5.08465195
SIGReg loss: 5.08465195
SIGReg loss: 5.16975594
SIGReg loss: 5.16975594
SIGReg loss: 5.50145769
SIGReg loss: 5.50145769
SIGReg loss: 5.59849739
SIGReg loss: 5.59849739
SIGReg loss: 5.12688303
SIGReg loss: 5.12688303
SIGReg loss: 5.34669209
SIGReg loss: 5.34669209
SIGReg loss: 5.48398638
SIGReg loss: 5.48398638
SIGReg loss: 5.59632158
SIGReg loss: 5.59632158
SIGReg loss: 4.89824867
SIGReg loss: 4.89824867
SIGReg loss: 6.02767897
SIGReg loss: 6.02767897
SIGReg loss: 6.3243
SIGReg loss: 6.3243
SIGReg loss: 5.18612909
SIGReg loss: 5.18612909
SIGReg loss: 5.83271885
SIGReg loss: 5.83271885
SIGReg loss: 5.51266241
SIGReg loss: 5.51266241
SIGReg loss: 5.50728798
SIGReg loss: 5.50728798
  Step 250: Backbone Loss = 1.2662, Probe Loss = 346.0927, Acc = 0.5442
SIGReg loss: 5.74670029
SIGReg loss: 5.74670029
SIGReg loss: 5.92943144
SIGReg loss: 5.92943144
SIGReg loss: 5.6330843
SIGReg loss: 5.6330843
SIGReg loss: 5.16078568
SIGReg loss: 5.16078568
SIGReg loss: 6.0545764
SIGReg loss: 6.0545764
SIGReg loss: 5.15373611
SIGReg loss: 5.15373611
SIGReg loss: 5.9519763
SIGReg loss: 5.9519763
SIGReg loss: 5.7211628
SIGReg loss: 5.7211628
SIGReg loss: 6.70975447
SIGReg loss: 6.70975447
SIGReg loss: 5.53592634
SIGReg loss: 5.53592634
SIGReg loss: 5.68294096
SIGReg loss: 5.68294096
SIGReg loss: 5.54011106
SIGReg loss: 5.54011106
SIGReg loss: 6.30784798
SIGReg loss: 6.30784798
SIGReg loss: 5.50495768
SIGReg loss: 5.50495768
SIGReg loss: 5.95989227
SIGReg loss: 5.95989227
SIGReg loss: 6.17400169
SIGReg loss: 6.17400169
SIGReg loss: 5.72186947
SIGReg loss: 5.72186947
SIGReg loss: 5.66511345
SIGReg loss: 5.66511345
SIGReg loss: 5.60503435
SIGReg loss: 5.60503435
SIGReg loss: 5.59666061
SIGReg loss: 5.59666061
SIGReg loss: 5.68273
SIGReg loss: 5.68273
SIGReg loss: 5.60934544
SIGReg loss: 5.60934544
SIGReg loss: 5.50052834
SIGReg loss: 5.50052834
SIGReg loss: 5.84201241
SIGReg loss: 5.84201241
SIGReg loss: 5.52987719
SIGReg loss: 5.52987719
SIGReg loss: 5.48117495
SIGReg loss: 5.48117495
SIGReg loss: 5.38804293
SIGReg loss: 5.38804293
SIGReg loss: 5.3595562
SIGReg loss: 5.3595562
SIGReg loss: 5.71454906
SIGReg loss: 5.71454906
SIGReg loss: 5.72197819
SIGReg loss: 5.72197819
SIGReg loss: 5.09289074
SIGReg loss: 5.09289074
SIGReg loss: 5.48813677
SIGReg loss: 5.48813677
SIGReg loss: 5.34721947
SIGReg loss: 5.34721947
SIGReg loss: 5.23104429
SIGReg loss: 5.23104429
SIGReg loss: 5.33363056
SIGReg loss: 5.33363056
SIGReg loss: 5.65974236
SIGReg loss: 5.65974236
SIGReg loss: 5.19313097
SIGReg loss: 5.19313097
SIGReg loss: 5.17106628
SIGReg loss: 5.17106628
SIGReg loss: 5.0451231
SIGReg loss: 5.0451231
SIGReg loss: 5.2123127
SIGReg loss: 5.2123127
SIGReg loss: 5.49558449
SIGReg loss: 5.49558449
SIGReg loss: 5.85282
SIGReg loss: 5.85282
SIGReg loss: 5.15333939
SIGReg loss: 5.15333939
SIGReg loss: 4.7858243
SIGReg loss: 4.7858243
SIGReg loss: 5.24298143
SIGReg loss: 5.24298143
SIGReg loss: 5.03193665
SIGReg loss: 5.03193665
SIGReg loss: 6.01648521
SIGReg loss: 6.01648521
SIGReg loss: 5.65016508
SIGReg loss: 5.65016508
SIGReg loss: 5.44153309
SIGReg loss: 5.44153309
SIGReg loss: 5.07848072
SIGReg loss: 5.07848072
  Step 300: Backbone Loss = 1.2522, Probe Loss = 320.1488, Acc = 0.5162
SIGReg loss: 5.01234913
SIGReg loss: 5.01234913
SIGReg loss: 4.81457376
SIGReg loss: 4.81457376
SIGReg loss: 5.23694134
SIGReg loss: 5.23694134
SIGReg loss: 5.97244549
SIGReg loss: 5.97244549
SIGReg loss: 5.34269714
SIGReg loss: 5.34269714
SIGReg loss: 5.1255641
SIGReg loss: 5.1255641
SIGReg loss: 5.44755
SIGReg loss: 5.44755
SIGReg loss: 4.88046837
SIGReg loss: 4.88046837
SIGReg loss: 5.16582727
SIGReg loss: 5.16582727
SIGReg loss: 4.86490726
SIGReg loss: 4.86490726
SIGReg loss: 5.28135681
SIGReg loss: 5.28135681
SIGReg loss: 5.14640045
SIGReg loss: 5.14640045
SIGReg loss: 4.9604373
SIGReg loss: 4.9604373
SIGReg loss: 5.84388
SIGReg loss: 5.84388
SIGReg loss: 5.29878235
SIGReg loss: 5.29878235
SIGReg loss: 5.19901419
SIGReg loss: 5.19901419
SIGReg loss: 4.95407534
SIGReg loss: 4.95407534
SIGReg loss: 5.37506151
SIGReg loss: 5.37506151
SIGReg loss: 5.10862064
SIGReg loss: 5.10862064
SIGReg loss: 5.27033806
SIGReg loss: 5.27033806
SIGReg loss: 4.92203951
SIGReg loss: 4.92203951
SIGReg loss: 5.83471727
SIGReg loss: 5.83471727
SIGReg loss: 5.40913916
SIGReg loss: 5.40913916
SIGReg loss: 4.99090385
SIGReg loss: 4.99090385
SIGReg loss: 5.61831903
SIGReg loss: 5.61831903
SIGReg loss: 5.03312635
SIGReg loss: 5.03312635
SIGReg loss: 5.37093115
SIGReg loss: 5.37093115
SIGReg loss: 5.81704807
SIGReg loss: 5.81704807
SIGReg loss: 5.22507
SIGReg loss: 5.22507
SIGReg loss: 5.34875345
SIGReg loss: 5.34875345
SIGReg loss: 5.03015852
SIGReg loss: 5.03015852
SIGReg loss: 5.40825558
SIGReg loss: 5.40825558
SIGReg loss: 4.80157566
SIGReg loss: 4.80157566
SIGReg loss: 5.26043701
SIGReg loss: 5.26043701
SIGReg loss: 4.84856224
SIGReg loss: 4.84856224
SIGReg loss: 5.15970469
SIGReg loss: 5.15970469
SIGReg loss: 5.13539791
SIGReg loss: 5.13539791
SIGReg loss: 4.47996235
SIGReg loss: 4.47996235
SIGReg loss: 4.83728695
SIGReg loss: 4.83728695
SIGReg loss: 5.02245903
SIGReg loss: 5.02245903
SIGReg loss: 4.69800091
SIGReg loss: 4.69800091
SIGReg loss: 5.16276598
SIGReg loss: 5.16276598
SIGReg loss: 5.39566135
SIGReg loss: 5.39566135
SIGReg loss: 4.75513172
SIGReg loss: 4.75513172
SIGReg loss: 4.98137569
SIGReg loss: 4.98137569
SIGReg loss: 4.68067598
SIGReg loss: 4.68067598
SIGReg loss: 4.83562565
SIGReg loss: 4.83562565
SIGReg loss: 4.91647434
SIGReg loss: 4.91647434
SIGReg loss: 4.99552345
SIGReg loss: 4.99552345
SIGReg loss: 5.09505177
SIGReg loss: 5.09505177
  Step 350: Backbone Loss = 1.2530, Probe Loss = 318.6363, Acc = 0.5354
SIGReg loss: 5.1199975
SIGReg loss: 5.1199975
SIGReg loss: 5.35596609
SIGReg loss: 5.35596609
SIGReg loss: 5.31386423
SIGReg loss: 5.31386423
SIGReg loss: 5.1900897
SIGReg loss: 5.1900897
SIGReg loss: 5.53308582
SIGReg loss: 5.53308582
SIGReg loss: 5.54062271
SIGReg loss: 5.54062271
SIGReg loss: 4.96477222
SIGReg loss: 4.96477222
SIGReg loss: 5.49140263
SIGReg loss: 5.49140263
SIGReg loss: 5.19004869
SIGReg loss: 5.19004869
SIGReg loss: 4.72945309
SIGReg loss: 4.72945309
SIGReg loss: 4.69416428
SIGReg loss: 4.69416428
SIGReg loss: 5.05864286
SIGReg loss: 5.05864286
SIGReg loss: 5.3307538
SIGReg loss: 5.3307538
SIGReg loss: 5.12569618
SIGReg loss: 5.12569618
SIGReg loss: 5.01322
SIGReg loss: 5.01322
SIGReg loss: 5.1774559
SIGReg loss: 5.1774559
SIGReg loss: 4.9506216
SIGReg loss: 4.9506216
SIGReg loss: 4.59494
SIGReg loss: 4.59494
SIGReg loss: 5.26409912
SIGReg loss: 5.26409912
SIGReg loss: 4.99148
SIGReg loss: 4.99148
SIGReg loss: 5.33014488
SIGReg loss: 5.33014488
SIGReg loss: 6.24536228
SIGReg loss: 6.24536228
SIGReg loss: 5.74246597
SIGReg loss: 5.74246597
SIGReg loss: 5.15894794
SIGReg loss: 5.15894794
SIGReg loss: 5.28357887
SIGReg loss: 5.28357887
SIGReg loss: 4.91800976
SIGReg loss: 4.91800976
SIGReg loss: 5.38355064
SIGReg loss: 5.38355064
SIGReg loss: 4.95457029
SIGReg loss: 4.95457029
SIGReg loss: 4.79205465
SIGReg loss: 4.79205465
SIGReg loss: 5.15522814
SIGReg loss: 5.15522814
SIGReg loss: 5.25103331
SIGReg loss: 5.25103331
SIGReg loss: 5.15123129
SIGReg loss: 5.15123129
SIGReg loss: 4.52946186
SIGReg loss: 4.52946186
SIGReg loss: 5.33282185
SIGReg loss: 5.33282185
SIGReg loss: 5.12480164
SIGReg loss: 5.12480164
SIGReg loss: 5.12299
SIGReg loss: 5.12299
SIGReg loss: 5.16254234
SIGReg loss: 5.16254234
SIGReg loss: 4.97413349
SIGReg loss: 4.97413349
SIGReg loss: 5.0403142
SIGReg loss: 5.0403142
SIGReg loss: 5.18495655
SIGReg loss: 5.18495655
SIGReg loss: 5.2399683
SIGReg loss: 5.2399683
SIGReg loss: 4.86231184
SIGReg loss: 4.86231184
SIGReg loss: 5.67955589
SIGReg loss: 5.67955589
SIGReg loss: 5.14764786
SIGReg loss: 5.14764786
SIGReg loss: 5.54030371
SIGReg loss: 5.54030371
SIGReg loss: 4.91727209
SIGReg loss: 4.91727209
SIGReg loss: 5.74923229
SIGReg loss: 5.74923229
SIGReg loss: 4.87076235
SIGReg loss: 4.87076235
SIGReg loss: 5.31238174
SIGReg loss: 5.31238174
SIGReg loss: 5.78967285
SIGReg loss: 5.78967285
  Step 400: Backbone Loss = 1.2803, Probe Loss = 303.9415, Acc = 0.5496
SIGReg loss: 5.21437311
SIGReg loss: 5.21437311
SIGReg loss: 5.03547478
SIGReg loss: 5.03547478
SIGReg loss: 5.14230871
SIGReg loss: 5.14230871
SIGReg loss: 5.21423626
SIGReg loss: 5.21423626
SIGReg loss: 5.71721888
SIGReg loss: 5.71721888
SIGReg loss: 5.14680147
SIGReg loss: 5.14680147
SIGReg loss: 5.32487631
SIGReg loss: 5.32487631
SIGReg loss: 5.09332037
SIGReg loss: 5.09332037
SIGReg loss: 4.86414
SIGReg loss: 4.86414
SIGReg loss: 5.28991413
SIGReg loss: 5.28991413
SIGReg loss: 5.59563446
SIGReg loss: 5.59563446
SIGReg loss: 4.59349728
SIGReg loss: 4.59349728
SIGReg loss: 4.79686928
SIGReg loss: 4.79686928
SIGReg loss: 5.00603914
SIGReg loss: 5.00603914
SIGReg loss: 4.83622932
SIGReg loss: 4.83622932
SIGReg loss: 5.23803568
SIGReg loss: 5.23803568
SIGReg loss: 5.16223049
SIGReg loss: 5.16223049
SIGReg loss: 5.06121922
SIGReg loss: 5.06121922
SIGReg loss: 4.63703203
SIGReg loss: 4.63703203
SIGReg loss: 5.02556562
SIGReg loss: 5.02556562
SIGReg loss: 4.62827587
SIGReg loss: 4.62827587
SIGReg loss: 4.72612047
SIGReg loss: 4.72612047
SIGReg loss: 4.90752506
SIGReg loss: 4.90752506
SIGReg loss: 5.20729113
SIGReg loss: 5.20729113
SIGReg loss: 5.02987957
SIGReg loss: 5.02987957
SIGReg loss: 4.82861805
SIGReg loss: 4.82861805
SIGReg loss: 4.90669632
SIGReg loss: 4.90669632
SIGReg loss: 5.04557848
SIGReg loss: 5.04557848
SIGReg loss: 5.21097374
SIGReg loss: 5.21097374
SIGReg loss: 4.52713633
SIGReg loss: 4.52713633
SIGReg loss: 5.01911163
SIGReg loss: 5.01911163
SIGReg loss: 4.86451292
SIGReg loss: 4.86451292
SIGReg loss: 4.49801064
SIGReg loss: 4.49801064
SIGReg loss: 5.25696945
SIGReg loss: 5.25696945
SIGReg loss: 5.25506
SIGReg loss: 5.25506
SIGReg loss: 4.74442577
SIGReg loss: 4.74442577
SIGReg loss: 4.91003513
SIGReg loss: 4.91003513
SIGReg loss: 4.90049505
SIGReg loss: 4.90049505
SIGReg loss: 5.07151365
SIGReg loss: 5.07151365
SIGReg loss: 4.69580555
SIGReg loss: 4.69580555
SIGReg loss: 4.5281496
SIGReg loss: 4.5281496
SIGReg loss: 4.77814245
SIGReg loss: 4.77814245
SIGReg loss: 5.16157913
SIGReg loss: 5.16157913
SIGReg loss: 4.83915615
SIGReg loss: 4.83915615
SIGReg loss: 5.5876627
SIGReg loss: 5.5876627
SIGReg loss: 4.94025898
SIGReg loss: 4.94025898
SIGReg loss: 4.67244864
SIGReg loss: 4.67244864
SIGReg loss: 4.5551796
SIGReg loss: 4.5551796
SIGReg loss: 4.78740454
SIGReg loss: 4.78740454
SIGReg loss: 4.57427931
SIGReg loss: 4.57427931
  Step 450: Backbone Loss = 1.2232, Probe Loss = 302.2589, Acc = 0.5287
SIGReg loss: 5.21831751
SIGReg loss: 5.21831751
SIGReg loss: 4.59278297
SIGReg loss: 4.59278297
SIGReg loss: 4.86578083
SIGReg loss: 4.86578083
SIGReg loss: 4.594
SIGReg loss: 4.594
SIGReg loss: 5.30034828
SIGReg loss: 5.30034828
SIGReg loss: 4.86368179
SIGReg loss: 4.86368179
SIGReg loss: 4.57241583
SIGReg loss: 4.57241583
SIGReg loss: 5.43543959
SIGReg loss: 5.43543959
SIGReg loss: 5.32952499
SIGReg loss: 5.32952499
SIGReg loss: 4.57765818
SIGReg loss: 4.57765818
Epoch 2 finished in 610.88s.
  Avg Backbone Loss: 1.2854
  Avg Probe Loss:    339.6031
  Avg Probe Accuracy: 0.5271

Epoch 3/100
SIGReg loss: 5.94633389
SIGReg loss: 5.94633389
  Step 0: Backbone Loss = 1.2844, Probe Loss = 303.0130, Acc = 0.5321
SIGReg loss: 5.14365578
SIGReg loss: 5.14365578
SIGReg loss: 4.80196714
SIGReg loss: 4.80196714
SIGReg loss: 4.81600714
SIGReg loss: 4.81600714
SIGReg loss: 4.83336401
SIGReg loss: 4.83336401
SIGReg loss: 4.57085609
SIGReg loss: 4.57085609
SIGReg loss: 5.08579159
SIGReg loss: 5.08579159
SIGReg loss: 5.16340208
SIGReg loss: 5.16340208
SIGReg loss: 5.00160837
SIGReg loss: 5.00160837
SIGReg loss: 4.99586964
SIGReg loss: 4.99586964
SIGReg loss: 4.7215
SIGReg loss: 4.7215
SIGReg loss: 4.89404869
SIGReg loss: 4.89404869
SIGReg loss: 4.5089283
SIGReg loss: 4.5089283
SIGReg loss: 4.38248825
SIGReg loss: 4.38248825
SIGReg loss: 5.2867918
SIGReg loss: 5.2867918
SIGReg loss: 4.75731611
SIGReg loss: 4.75731611
SIGReg loss: 5.07092476
SIGReg loss: 5.07092476
SIGReg loss: 4.68282032
SIGReg loss: 4.68282032
SIGReg loss: 4.83790493
SIGReg loss: 4.83790493
SIGReg loss: 5.1002779
SIGReg loss: 5.1002779
SIGReg loss: 4.6725297
SIGReg loss: 4.6725297
SIGReg loss: 4.74748755
SIGReg loss: 4.74748755
SIGReg loss: 4.95682144
SIGReg loss: 4.95682144
SIGReg loss: 4.72760057
SIGReg loss: 4.72760057
SIGReg loss: 4.97572088
SIGReg loss: 4.97572088
SIGReg loss: 4.78787518
SIGReg loss: 4.78787518
SIGReg loss: 4.9618125
SIGReg loss: 4.9618125
SIGReg loss: 4.758533
SIGReg loss: 4.758533
SIGReg loss: 5.03285
SIGReg loss: 5.03285
SIGReg loss: 4.90757322
SIGReg loss: 4.90757322
SIGReg loss: 5.18519735
SIGReg loss: 5.18519735
SIGReg loss: 4.72446728
SIGReg loss: 4.72446728
SIGReg loss: 5.06459618
SIGReg loss: 5.06459618
SIGReg loss: 4.39176607
SIGReg loss: 4.39176607
SIGReg loss: 5.69440889
SIGReg loss: 5.69440889
SIGReg loss: 5.09433126
SIGReg loss: 5.09433126
SIGReg loss: 4.27414608
SIGReg loss: 4.27414608
SIGReg loss: 4.68251324
SIGReg loss: 4.68251324
SIGReg loss: 4.62991858
SIGReg loss: 4.62991858
SIGReg loss: 4.83908224
SIGReg loss: 4.83908224
SIGReg loss: 4.80896759
SIGReg loss: 4.80896759
SIGReg loss: 4.83792162
SIGReg loss: 4.83792162
SIGReg loss: 4.59069157
SIGReg loss: 4.59069157
SIGReg loss: 4.76943779
SIGReg loss: 4.76943779
SIGReg loss: 4.60597134
SIGReg loss: 4.60597134
SIGReg loss: 4.86374283
SIGReg loss: 4.86374283
SIGReg loss: 4.84511471
SIGReg loss: 4.84511471
SIGReg loss: 4.31044245
SIGReg loss: 4.31044245
SIGReg loss: 4.32693529
SIGReg loss: 4.32693529
SIGReg loss: 4.64541388
SIGReg loss: 4.64541388
SIGReg loss: 4.79082155
SIGReg loss: 4.79082155
  Step 50: Backbone Loss = 1.2341, Probe Loss = 282.2439, Acc = 0.5409
SIGReg loss: 5.05895519
SIGReg loss: 5.05895519
SIGReg loss: 4.84736824
SIGReg loss: 4.84736824
SIGReg loss: 4.26797295
SIGReg loss: 4.26797295
SIGReg loss: 4.42181
SIGReg loss: 4.42181
SIGReg loss: 5.00829554
SIGReg loss: 5.00829554
SIGReg loss: 4.54785395
SIGReg loss: 4.54785395
SIGReg loss: 4.56882524
SIGReg loss: 4.56882524
SIGReg loss: 4.79991865
SIGReg loss: 4.79991865
SIGReg loss: 4.77180624
SIGReg loss: 4.77180624
SIGReg loss: 4.66181564
SIGReg loss: 4.66181564
SIGReg loss: 4.88667297
SIGReg loss: 4.88667297
SIGReg loss: 4.60408497
SIGReg loss: 4.60408497
SIGReg loss: 4.44431782
SIGReg loss: 4.44431782
SIGReg loss: 4.18943214
SIGReg loss: 4.18943214
SIGReg loss: 4.42264
SIGReg loss: 4.42264
SIGReg loss: 4.60496616
SIGReg loss: 4.60496616
SIGReg loss: 4.39891434
SIGReg loss: 4.39891434
SIGReg loss: 4.34244823
SIGReg loss: 4.34244823
SIGReg loss: 4.5918355
SIGReg loss: 4.5918355
SIGReg loss: 4.65881634
SIGReg loss: 4.65881634
SIGReg loss: 4.26670361
SIGReg loss: 4.26670361
SIGReg loss: 4.24318695
SIGReg loss: 4.24318695
SIGReg loss: 4.41207409
SIGReg loss: 4.41207409
SIGReg loss: 4.54084206
SIGReg loss: 4.54084206
SIGReg loss: 4.76256418
SIGReg loss: 4.76256418
SIGReg loss: 4.38666534
SIGReg loss: 4.38666534
SIGReg loss: 4.71771526
SIGReg loss: 4.71771526
SIGReg loss: 4.33350229
SIGReg loss: 4.33350229
SIGReg loss: 4.18494034
SIGReg loss: 4.18494034
SIGReg loss: 4.71299791
SIGReg loss: 4.71299791
SIGReg loss: 4.37282944
SIGReg loss: 4.37282944
SIGReg loss: 4.6790967
SIGReg loss: 4.6790967
SIGReg loss: 4.68652344
SIGReg loss: 4.68652344
SIGReg loss: 4.36166143
SIGReg loss: 4.36166143
SIGReg loss: 4.98347664
SIGReg loss: 4.98347664
SIGReg loss: 4.50191927
SIGReg loss: 4.50191927
SIGReg loss: 4.42805576
SIGReg loss: 4.42805576
SIGReg loss: 4.65656424
SIGReg loss: 4.65656424
SIGReg loss: 4.33245802
SIGReg loss: 4.33245802
SIGReg loss: 4.70373726
SIGReg loss: 4.70373726
SIGReg loss: 4.34716654
SIGReg loss: 4.34716654
SIGReg loss: 4.49417734
SIGReg loss: 4.49417734
SIGReg loss: 5.04301071
SIGReg loss: 5.04301071
SIGReg loss: 4.41398907
SIGReg loss: 4.41398907
SIGReg loss: 4.28393888
SIGReg loss: 4.28393888
SIGReg loss: 4.33133268
SIGReg loss: 4.33133268
SIGReg loss: 4.82425
SIGReg loss: 4.82425
SIGReg loss: 4.26657534
SIGReg loss: 4.26657534
SIGReg loss: 4.37062
SIGReg loss: 4.37062
SIGReg loss: 4.4383769
SIGReg loss: 4.4383769
  Step 100: Backbone Loss = 1.2127, Probe Loss = 273.0855, Acc = 0.5297
SIGReg loss: 4.42644215
SIGReg loss: 4.42644215
SIGReg loss: 4.92124653
SIGReg loss: 4.92124653
SIGReg loss: 4.6197
SIGReg loss: 4.6197
SIGReg loss: 4.20511389
SIGReg loss: 4.20511389
SIGReg loss: 4.40511942
SIGReg loss: 4.40511942
SIGReg loss: 4.39163685
SIGReg loss: 4.39163685
SIGReg loss: 4.53777122
SIGReg loss: 4.53777122
SIGReg loss: 4.51833153
SIGReg loss: 4.51833153
SIGReg loss: 4.27028704
SIGReg loss: 4.27028704
SIGReg loss: 4.36811447
SIGReg loss: 4.36811447
SIGReg loss: 4.58805132
SIGReg loss: 4.58805132
SIGReg loss: 4.54851341
SIGReg loss: 4.54851341
SIGReg loss: 4.78623867
SIGReg loss: 4.78623867
SIGReg loss: 4.63812
SIGReg loss: 4.63812
SIGReg loss: 4.28504133
SIGReg loss: 4.28504133
SIGReg loss: 4.88965893
SIGReg loss: 4.88965893
SIGReg loss: 4.3814888
SIGReg loss: 4.3814888
SIGReg loss: 4.41880608
SIGReg loss: 4.41880608
SIGReg loss: 4.64355659
SIGReg loss: 4.64355659
SIGReg loss: 4.53519535
SIGReg loss: 4.53519535
SIGReg loss: 4.57987213
SIGReg loss: 4.57987213
SIGReg loss: 4.40808487
SIGReg loss: 4.40808487
SIGReg loss: 4.32144165
SIGReg loss: 4.32144165
SIGReg loss: 4.44196606
SIGReg loss: 4.44196606
SIGReg loss: 4.34078646
SIGReg loss: 4.34078646
SIGReg loss: 4.59782219
SIGReg loss: 4.59782219
SIGReg loss: 4.28024244
SIGReg loss: 4.28024244
SIGReg loss: 4.53282166
SIGReg loss: 4.53282166
SIGReg loss: 4.6934433
SIGReg loss: 4.6934433
SIGReg loss: 4.41106129
SIGReg loss: 4.41106129
SIGReg loss: 4.79595089
SIGReg loss: 4.79595089
SIGReg loss: 4.3741622
SIGReg loss: 4.3741622
SIGReg loss: 4.72635508
SIGReg loss: 4.72635508
SIGReg loss: 4.40611458
SIGReg loss: 4.40611458
SIGReg loss: 4.70981932
SIGReg loss: 4.70981932
SIGReg loss: 4.687644
SIGReg loss: 4.687644
SIGReg loss: 5.17849493
SIGReg loss: 5.17849493
SIGReg loss: 4.44070911
SIGReg loss: 4.44070911
SIGReg loss: 5.24709129
SIGReg loss: 5.24709129
SIGReg loss: 4.93659306
SIGReg loss: 4.93659306
SIGReg loss: 4.81197119
SIGReg loss: 4.81197119
SIGReg loss: 4.94361782
SIGReg loss: 4.94361782
SIGReg loss: 4.5299592
SIGReg loss: 4.5299592
SIGReg loss: 4.77062082
SIGReg loss: 4.77062082
SIGReg loss: 4.75769424
SIGReg loss: 4.75769424
SIGReg loss: 4.72158909
SIGReg loss: 4.72158909
SIGReg loss: 4.42895269
SIGReg loss: 4.42895269
SIGReg loss: 4.34193563
SIGReg loss: 4.34193563
SIGReg loss: 4.77944088
SIGReg loss: 4.77944088
SIGReg loss: 4.10744762
SIGReg loss: 4.10744762
  Step 150: Backbone Loss = 1.1888, Probe Loss = 265.8572, Acc = 0.5342
SIGReg loss: 4.62058544
SIGReg loss: 4.62058544
SIGReg loss: 4.46230316
SIGReg loss: 4.46230316
SIGReg loss: 4.44023418
SIGReg loss: 4.44023418
SIGReg loss: 4.62368298
SIGReg loss: 4.62368298
SIGReg loss: 4.71734667
SIGReg loss: 4.71734667
SIGReg loss: 4.5495677
SIGReg loss: 4.5495677
SIGReg loss: 4.39719868
SIGReg loss: 4.39719868
SIGReg loss: 4.48575211
SIGReg loss: 4.48575211
SIGReg loss: 4.86718321
SIGReg loss: 4.86718321
SIGReg loss: 4.88909292
SIGReg loss: 4.88909292
SIGReg loss: 4.55705452
SIGReg loss: 4.55705452
SIGReg loss: 4.2164731
SIGReg loss: 4.2164731
SIGReg loss: 4.64410448
SIGReg loss: 4.64410448
SIGReg loss: 4.61723614
SIGReg loss: 4.61723614
SIGReg loss: 4.22882557
SIGReg loss: 4.22882557
SIGReg loss: 4.40671778
SIGReg loss: 4.40671778
SIGReg loss: 4.49833298
SIGReg loss: 4.49833298
SIGReg loss: 4.76816702
SIGReg loss: 4.76816702
SIGReg loss: 4.48485899
SIGReg loss: 4.48485899
SIGReg loss: 4.07303619
SIGReg loss: 4.07303619
SIGReg loss: 4.45512724
SIGReg loss: 4.45512724
SIGReg loss: 3.98210144
SIGReg loss: 3.98210144
SIGReg loss: 4.18988037
SIGReg loss: 4.18988037
SIGReg loss: 4.14077091
SIGReg loss: 4.14077091
SIGReg loss: 4.46712
SIGReg loss: 4.46712
SIGReg loss: 4.47731495
SIGReg loss: 4.47731495
SIGReg loss: 4.67582798
SIGReg loss: 4.67582798
SIGReg loss: 4.30287361
SIGReg loss: 4.30287361
SIGReg loss: 4.42139196
SIGReg loss: 4.42139196
SIGReg loss: 4.24993134
SIGReg loss: 4.24993134
SIGReg loss: 4.6065197
SIGReg loss: 4.6065197
SIGReg loss: 4.79064798
SIGReg loss: 4.79064798
SIGReg loss: 4.15931463
SIGReg loss: 4.15931463
SIGReg loss: 4.5466876
SIGReg loss: 4.5466876
SIGReg loss: 4.91621685
SIGReg loss: 4.91621685
SIGReg loss: 4.05805731
SIGReg loss: 4.05805731
SIGReg loss: 4.76954937
SIGReg loss: 4.76954937
SIGReg loss: 4.73662472
SIGReg loss: 4.73662472
SIGReg loss: 4.76588297
SIGReg loss: 4.76588297
SIGReg loss: 4.94631863
SIGReg loss: 4.94631863
SIGReg loss: 4.9080615
SIGReg loss: 4.9080615
SIGReg loss: 4.54360676
SIGReg loss: 4.54360676
SIGReg loss: 4.63335133
SIGReg loss: 4.63335133
SIGReg loss: 4.18111849
SIGReg loss: 4.18111849
SIGReg loss: 4.94250774
SIGReg loss: 4.94250774
SIGReg loss: 4.49995041
SIGReg loss: 4.49995041
SIGReg loss: 4.57750511
SIGReg loss: 4.57750511
SIGReg loss: 4.34718704
SIGReg loss: 4.34718704
SIGReg loss: 4.44136477
SIGReg loss: 4.44136477
SIGReg loss: 4.39752817
SIGReg loss: 4.39752817
  Step 200: Backbone Loss = 1.2144, Probe Loss = 257.2548, Acc = 0.5402
SIGReg loss: 4.46231127
SIGReg loss: 4.46231127
SIGReg loss: 4.51006031
SIGReg loss: 4.51006031
SIGReg loss: 4.56261
SIGReg loss: 4.56261
SIGReg loss: 4.83700085
SIGReg loss: 4.83700085
SIGReg loss: 4.77144337
SIGReg loss: 4.77144337
SIGReg loss: 4.6347971
SIGReg loss: 4.6347971
SIGReg loss: 4.44849968
SIGReg loss: 4.44849968
SIGReg loss: 4.76249123
SIGReg loss: 4.76249123
SIGReg loss: 4.35347128
SIGReg loss: 4.35347128
SIGReg loss: 4.2685895
SIGReg loss: 4.2685895
SIGReg loss: 4.23676777
SIGReg loss: 4.23676777
SIGReg loss: 4.48799
SIGReg loss: 4.48799
SIGReg loss: 4.48498917
SIGReg loss: 4.48498917
SIGReg loss: 4.13370943
SIGReg loss: 4.13370943
SIGReg loss: 4.32709455
SIGReg loss: 4.32709455
SIGReg loss: 4.10638666
SIGReg loss: 4.10638666
SIGReg loss: 4.22248697
SIGReg loss: 4.22248697
SIGReg loss: 4.26394892
SIGReg loss: 4.26394892
SIGReg loss: 4.44510603
SIGReg loss: 4.44510603
SIGReg loss: 4.49719954
SIGReg loss: 4.49719954
SIGReg loss: 4.48595715
SIGReg loss: 4.48595715
SIGReg loss: 4.27780867
SIGReg loss: 4.27780867
SIGReg loss: 4.26897573
SIGReg loss: 4.26897573
SIGReg loss: 4.5294466
SIGReg loss: 4.5294466
SIGReg loss: 4.64362097
SIGReg loss: 4.64362097
SIGReg loss: 4.20108223
SIGReg loss: 4.20108223
SIGReg loss: 4.29233074
SIGReg loss: 4.29233074
SIGReg loss: 4.67187166
SIGReg loss: 4.67187166
SIGReg loss: 4.28395367
SIGReg loss: 4.28395367
SIGReg loss: 4.40487814
SIGReg loss: 4.40487814
SIGReg loss: 4.57766628
SIGReg loss: 4.57766628
SIGReg loss: 4.55961514
SIGReg loss: 4.55961514
SIGReg loss: 5.02512455
SIGReg loss: 5.02512455
SIGReg loss: 4.18680429
SIGReg loss: 4.18680429
SIGReg loss: 4.91562653
SIGReg loss: 4.91562653
SIGReg loss: 4.59759903
SIGReg loss: 4.59759903
SIGReg loss: 4.42825794
SIGReg loss: 4.42825794
SIGReg loss: 4.29329157
SIGReg loss: 4.29329157
SIGReg loss: 4.3940959
SIGReg loss: 4.3940959
SIGReg loss: 4.7240057
SIGReg loss: 4.7240057
SIGReg loss: 4.21512079
SIGReg loss: 4.21512079
SIGReg loss: 4.12292576
SIGReg loss: 4.12292576
SIGReg loss: 4.7063365
SIGReg loss: 4.7063365
SIGReg loss: 4.23155737
SIGReg loss: 4.23155737
SIGReg loss: 4.45494509
SIGReg loss: 4.45494509
SIGReg loss: 4.3327179
SIGReg loss: 4.3327179
SIGReg loss: 4.48281384
SIGReg loss: 4.48281384
SIGReg loss: 4.69714594
SIGReg loss: 4.69714594
SIGReg loss: 4.73338938
SIGReg loss: 4.73338938
SIGReg loss: 4.52349615
SIGReg loss: 4.52349615
  Step 250: Backbone Loss = 1.2244, Probe Loss = 254.1520, Acc = 0.5326
SIGReg loss: 4.99983644
SIGReg loss: 4.99983644
SIGReg loss: 4.62081242
SIGReg loss: 4.62081242
SIGReg loss: 4.54654217
SIGReg loss: 4.54654217
SIGReg loss: 4.44402838
SIGReg loss: 4.44402838
SIGReg loss: 4.80256748
SIGReg loss: 4.80256748
SIGReg loss: 4.17573738
SIGReg loss: 4.17573738
SIGReg loss: 4.70915604
SIGReg loss: 4.70915604
SIGReg loss: 4.54836273
SIGReg loss: 4.54836273
SIGReg loss: 4.35284805
SIGReg loss: 4.35284805
SIGReg loss: 4.59544802
SIGReg loss: 4.59544802
SIGReg loss: 4.50579643
SIGReg loss: 4.50579643
SIGReg loss: 4.66120625
SIGReg loss: 4.66120625
SIGReg loss: 4.64432573
SIGReg loss: 4.64432573
SIGReg loss: 4.43969059
SIGReg loss: 4.43969059
SIGReg loss: 4.66260719
SIGReg loss: 4.66260719
SIGReg loss: 4.36073256
SIGReg loss: 4.36073256
SIGReg loss: 4.93960762
SIGReg loss: 4.93960762
SIGReg loss: 4.494205
SIGReg loss: 4.494205
SIGReg loss: 4.96466827
SIGReg loss: 4.96466827
SIGReg loss: 4.48634624
SIGReg loss: 4.48634624
SIGReg loss: 4.32847452
SIGReg loss: 4.32847452
SIGReg loss: 4.78050089
SIGReg loss: 4.78050089
SIGReg loss: 4.68724298
SIGReg loss: 4.68724298
SIGReg loss: 4.64842939
SIGReg loss: 4.64842939
SIGReg loss: 4.31576967
SIGReg loss: 4.31576967
SIGReg loss: 4.59509563
SIGReg loss: 4.59509563
SIGReg loss: 4.57218552
SIGReg loss: 4.57218552
SIGReg loss: 4.54263592
SIGReg loss: 4.54263592
SIGReg loss: 4.79905844
SIGReg loss: 4.79905844
SIGReg loss: 4.22379923
SIGReg loss: 4.22379923
SIGReg loss: 4.11231565
SIGReg loss: 4.11231565
SIGReg loss: 4.44019556
SIGReg loss: 4.44019556
SIGReg loss: 4.07114172
SIGReg loss: 4.07114172
SIGReg loss: 4.5128336
SIGReg loss: 4.5128336
SIGReg loss: 4.43853378
SIGReg loss: 4.43853378
SIGReg loss: 3.9294498
SIGReg loss: 3.9294498
SIGReg loss: 4.29662371
SIGReg loss: 4.29662371
SIGReg loss: 4.44258118
SIGReg loss: 4.44258118
SIGReg loss: 4.43152
SIGReg loss: 4.43152
SIGReg loss: 4.57541227
SIGReg loss: 4.57541227
SIGReg loss: 4.4747262
SIGReg loss: 4.4747262
SIGReg loss: 3.93161058
SIGReg loss: 3.93161058
SIGReg loss: 4.6440506
SIGReg loss: 4.6440506
SIGReg loss: 4.46881962
SIGReg loss: 4.46881962
SIGReg loss: 4.11199427
SIGReg loss: 4.11199427
SIGReg loss: 4.50510883
SIGReg loss: 4.50510883
SIGReg loss: 4.57152462
SIGReg loss: 4.57152462
SIGReg loss: 4.77526951
SIGReg loss: 4.77526951
SIGReg loss: 4.3589282
SIGReg loss: 4.3589282
SIGReg loss: 4.0884304
SIGReg loss: 4.0884304
  Step 300: Backbone Loss = 1.2027, Probe Loss = 245.8927, Acc = 0.5298
SIGReg loss: 4.20158243
SIGReg loss: 4.20158243
SIGReg loss: 4.67935944
SIGReg loss: 4.67935944
SIGReg loss: 4.47733402
SIGReg loss: 4.47733402
SIGReg loss: 4.19162846
SIGReg loss: 4.19162846
SIGReg loss: 4.68207407
SIGReg loss: 4.68207407
SIGReg loss: 4.31113958
SIGReg loss: 4.31113958
SIGReg loss: 4.44272423
SIGReg loss: 4.44272423
SIGReg loss: 4.54389811
SIGReg loss: 4.54389811
SIGReg loss: 4.4914794
SIGReg loss: 4.4914794
SIGReg loss: 4.09986591
SIGReg loss: 4.09986591
SIGReg loss: 4.37511969
SIGReg loss: 4.37511969
SIGReg loss: 4.14881611
SIGReg loss: 4.14881611
SIGReg loss: 4.30766678
SIGReg loss: 4.30766678
SIGReg loss: 4.07862473
SIGReg loss: 4.07862473
SIGReg loss: 3.9862349
SIGReg loss: 3.9862349
SIGReg loss: 4.18089294
SIGReg loss: 4.18089294
SIGReg loss: 4.75065327
SIGReg loss: 4.75065327
SIGReg loss: 4.68237925
SIGReg loss: 4.68237925
SIGReg loss: 4.25684357
SIGReg loss: 4.25684357
SIGReg loss: 4.34538221
SIGReg loss: 4.34538221
SIGReg loss: 4.48924351
SIGReg loss: 4.48924351
SIGReg loss: 4.59502411
SIGReg loss: 4.59502411
SIGReg loss: 4.09615231
SIGReg loss: 4.09615231
SIGReg loss: 4.17272949
SIGReg loss: 4.17272949
SIGReg loss: 3.97835922
SIGReg loss: 3.97835922
SIGReg loss: 4.3530364
SIGReg loss: 4.3530364
SIGReg loss: 4.39687586
SIGReg loss: 4.39687586
SIGReg loss: 4.17295599
SIGReg loss: 4.17295599
SIGReg loss: 4.01429892
SIGReg loss: 4.01429892
SIGReg loss: 4.59522772
SIGReg loss: 4.59522772
SIGReg loss: 4.27219391
SIGReg loss: 4.27219391
SIGReg loss: 4.23823214
SIGReg loss: 4.23823214
SIGReg loss: 4.66236
SIGReg loss: 4.66236
SIGReg loss: 4.21072292
SIGReg loss: 4.21072292
SIGReg loss: 4.33329725
SIGReg loss: 4.33329725
SIGReg loss: 4.2604332
SIGReg loss: 4.2604332
SIGReg loss: 4.18480587
SIGReg loss: 4.18480587
SIGReg loss: 4.21701717
SIGReg loss: 4.21701717
SIGReg loss: 4.7154007
SIGReg loss: 4.7154007
SIGReg loss: 4.58353043
SIGReg loss: 4.58353043
SIGReg loss: 4.85204506
SIGReg loss: 4.85204506
SIGReg loss: 4.34600782
SIGReg loss: 4.34600782
SIGReg loss: 4.28653955
SIGReg loss: 4.28653955
SIGReg loss: 4.00059891
SIGReg loss: 4.00059891
SIGReg loss: 4.68878269
SIGReg loss: 4.68878269
SIGReg loss: 4.4018774
SIGReg loss: 4.4018774
SIGReg loss: 4.21066809
SIGReg loss: 4.21066809
SIGReg loss: 4.46576357
SIGReg loss: 4.46576357
SIGReg loss: 4.24679565
SIGReg loss: 4.24679565
SIGReg loss: 4.28946304
SIGReg loss: 4.28946304
  Step 350: Backbone Loss = 1.2053, Probe Loss = 233.1469, Acc = 0.5311
SIGReg loss: 4.13358784
SIGReg loss: 4.13358784
SIGReg loss: 5.01891613
SIGReg loss: 5.01891613
SIGReg loss: 4.90087509
SIGReg loss: 4.90087509
SIGReg loss: 4.68400526
SIGReg loss: 4.68400526
SIGReg loss: 4.7106986
SIGReg loss: 4.7106986
SIGReg loss: 4.59051418
SIGReg loss: 4.59051418
SIGReg loss: 4.24261045
SIGReg loss: 4.24261045
SIGReg loss: 4.12903214
SIGReg loss: 4.12903214
SIGReg loss: 4.0303483
SIGReg loss: 4.0303483
SIGReg loss: 4.12376
SIGReg loss: 4.12376
SIGReg loss: 4.63288212
SIGReg loss: 4.63288212
SIGReg loss: 4.32963085
SIGReg loss: 4.32963085
SIGReg loss: 4.32945681
SIGReg loss: 4.32945681
SIGReg loss: 4.15915823
SIGReg loss: 4.15915823
SIGReg loss: 4.15702105
SIGReg loss: 4.15702105
SIGReg loss: 3.99268913
SIGReg loss: 3.99268913
SIGReg loss: 4.19261646
SIGReg loss: 4.19261646
SIGReg loss: 4.00018835
SIGReg loss: 4.00018835
SIGReg loss: 4.23336077
SIGReg loss: 4.23336077
SIGReg loss: 3.95782638
SIGReg loss: 3.95782638
SIGReg loss: 4.37462425
SIGReg loss: 4.37462425
SIGReg loss: 4.17916632
SIGReg loss: 4.17916632
SIGReg loss: 4.54145622
SIGReg loss: 4.54145622
SIGReg loss: 4.23915339
SIGReg loss: 4.23915339
SIGReg loss: 4.66691542
SIGReg loss: 4.66691542
SIGReg loss: 4.10669899
SIGReg loss: 4.10669899
SIGReg loss: 3.92619896
SIGReg loss: 3.92619896
SIGReg loss: 4.11076069
SIGReg loss: 4.11076069
SIGReg loss: 5.03603506
SIGReg loss: 5.03603506
SIGReg loss: 4.49236965
SIGReg loss: 4.49236965
SIGReg loss: 4.25899172
SIGReg loss: 4.25899172
SIGReg loss: 3.82050657
SIGReg loss: 3.82050657
SIGReg loss: 4.5150423
SIGReg loss: 4.5150423
SIGReg loss: 4.52349
SIGReg loss: 4.52349
SIGReg loss: 4.42269707
SIGReg loss: 4.42269707
SIGReg loss: 4.03885841
SIGReg loss: 4.03885841
SIGReg loss: 4.07183456
SIGReg loss: 4.07183456
SIGReg loss: 4.31336451
SIGReg loss: 4.31336451
SIGReg loss: 4.60336781
SIGReg loss: 4.60336781
SIGReg loss: 4.30177975
SIGReg loss: 4.30177975
SIGReg loss: 4.42762041
SIGReg loss: 4.42762041
SIGReg loss: 3.91977501
SIGReg loss: 3.91977501
SIGReg loss: 4.54537106
SIGReg loss: 4.54537106
SIGReg loss: 4.53056526
SIGReg loss: 4.53056526
SIGReg loss: 4.15363026
SIGReg loss: 4.15363026
SIGReg loss: 4.31165218
SIGReg loss: 4.31165218
SIGReg loss: 3.87187791
SIGReg loss: 3.87187791
SIGReg loss: 4.40849781
SIGReg loss: 4.40849781
SIGReg loss: 4.30853176
SIGReg loss: 4.30853176
SIGReg loss: 3.83765745
SIGReg loss: 3.83765745
  Step 400: Backbone Loss = 1.1938, Probe Loss = 233.5761, Acc = 0.5431
SIGReg loss: 4.42915821
SIGReg loss: 4.42915821
SIGReg loss: 4.26104403
SIGReg loss: 4.26104403
SIGReg loss: 4.09402084
SIGReg loss: 4.09402084
SIGReg loss: 4.19837379
SIGReg loss: 4.19837379
SIGReg loss: 4.07247353
SIGReg loss: 4.07247353
SIGReg loss: 3.9980731
SIGReg loss: 3.9980731
SIGReg loss: 4.05808783
SIGReg loss: 4.05808783
SIGReg loss: 4.21363068
SIGReg loss: 4.21363068
SIGReg loss: 4.25676155
SIGReg loss: 4.25676155
SIGReg loss: 4.37465572
SIGReg loss: 4.37465572
SIGReg loss: 4.50179243
SIGReg loss: 4.50179243
SIGReg loss: 3.9999609
SIGReg loss: 3.9999609
SIGReg loss: 4.34739733
SIGReg loss: 4.34739733
SIGReg loss: 4.29945946
SIGReg loss: 4.29945946
SIGReg loss: 4.48457146
SIGReg loss: 4.48457146
SIGReg loss: 4.04646158
SIGReg loss: 4.04646158
SIGReg loss: 3.87400746
SIGReg loss: 3.87400746
SIGReg loss: 4.2261529
SIGReg loss: 4.2261529
SIGReg loss: 4.04386616
SIGReg loss: 4.04386616
SIGReg loss: 4.39737415
SIGReg loss: 4.39737415
SIGReg loss: 3.90777111
SIGReg loss: 3.90777111
SIGReg loss: 4.40945053
SIGReg loss: 4.40945053
SIGReg loss: 3.98670506
SIGReg loss: 3.98670506
SIGReg loss: 4.75926828
SIGReg loss: 4.75926828
SIGReg loss: 4.17149448
SIGReg loss: 4.17149448
SIGReg loss: 4.01067638
SIGReg loss: 4.01067638
SIGReg loss: 4.3964324
SIGReg loss: 4.3964324
SIGReg loss: 4.4803896
SIGReg loss: 4.4803896
SIGReg loss: 4.23438263
SIGReg loss: 4.23438263
SIGReg loss: 4.57239246
SIGReg loss: 4.57239246
SIGReg loss: 3.95204759
SIGReg loss: 3.95204759
SIGReg loss: 3.99565411
SIGReg loss: 3.99565411
SIGReg loss: 3.98003602
SIGReg loss: 3.98003602
SIGReg loss: 4.21398067
SIGReg loss: 4.21398067
SIGReg loss: 3.92618227
SIGReg loss: 3.92618227
SIGReg loss: 3.87354708
SIGReg loss: 3.87354708
SIGReg loss: 4.424716
SIGReg loss: 4.424716
SIGReg loss: 4.14639139
SIGReg loss: 4.14639139
SIGReg loss: 3.87901235
SIGReg loss: 3.87901235
SIGReg loss: 4.17669535
SIGReg loss: 4.17669535
SIGReg loss: 4.04417419
SIGReg loss: 4.04417419
SIGReg loss: 4.32260036
SIGReg loss: 4.32260036
SIGReg loss: 4.38741255
SIGReg loss: 4.38741255
SIGReg loss: 4.48507547
SIGReg loss: 4.48507547
SIGReg loss: 4.32830191
SIGReg loss: 4.32830191
SIGReg loss: 4.27037716
SIGReg loss: 4.27037716
SIGReg loss: 4.30448723
SIGReg loss: 4.30448723
SIGReg loss: 4.25289345
SIGReg loss: 4.25289345
SIGReg loss: 4.47740889
SIGReg loss: 4.47740889
SIGReg loss: 4.09333229
SIGReg loss: 4.09333229
  Step 450: Backbone Loss = 1.1955, Probe Loss = 234.1620, Acc = 0.5239
SIGReg loss: 4.59592724
SIGReg loss: 4.59592724
SIGReg loss: 4.02986336
SIGReg loss: 4.02986336
SIGReg loss: 3.85855627
SIGReg loss: 3.85855627
SIGReg loss: 3.80849934
SIGReg loss: 3.80849934
SIGReg loss: 4.19785595
SIGReg loss: 4.19785595
SIGReg loss: 4.31610203
SIGReg loss: 4.31610203
SIGReg loss: 3.91477728
SIGReg loss: 3.91477728
SIGReg loss: 4.21618128
SIGReg loss: 4.21618128
SIGReg loss: 4.27236
SIGReg loss: 4.27236
SIGReg loss: 4.19479513
SIGReg loss: 4.19479513
Epoch 3 finished in 610.25s.
  Avg Backbone Loss: 1.2158
  Avg Probe Loss:    258.5974
  Avg Probe Accuracy: 0.5308

Epoch 4/100
SIGReg loss: 4.16470432
SIGReg loss: 4.16470432
  Step 0: Backbone Loss = 1.1953, Probe Loss = 220.3794, Acc = 0.5306
SIGReg loss: 3.92065787
SIGReg loss: 3.92065787
SIGReg loss: 4.18767595
SIGReg loss: 4.18767595
SIGReg loss: 3.95874929
SIGReg loss: 3.95874929
SIGReg loss: 4.51404762
SIGReg loss: 4.51404762
SIGReg loss: 4.40007067
SIGReg loss: 4.40007067
SIGReg loss: 4.09066629
SIGReg loss: 4.09066629
SIGReg loss: 4.89933062
SIGReg loss: 4.89933062
SIGReg loss: 4.16362238
SIGReg loss: 4.16362238
SIGReg loss: 4.04394102
SIGReg loss: 4.04394102
SIGReg loss: 4.34541082
SIGReg loss: 4.34541082
SIGReg loss: 4.34761143
SIGReg loss: 4.34761143
SIGReg loss: 4.66311741
SIGReg loss: 4.66311741
SIGReg loss: 4.27461529
SIGReg loss: 4.27461529
SIGReg loss: 4.10156822
SIGReg loss: 4.10156822
SIGReg loss: 4.42495298
SIGReg loss: 4.42495298
SIGReg loss: 3.96180677
SIGReg loss: 3.96180677
SIGReg loss: 4.22881174
SIGReg loss: 4.22881174
SIGReg loss: 4.13226748
SIGReg loss: 4.13226748
SIGReg loss: 4.40681076
SIGReg loss: 4.40681076
SIGReg loss: 4.07422447
SIGReg loss: 4.07422447
SIGReg loss: 4.06956959
SIGReg loss: 4.06956959
SIGReg loss: 4.05781078
SIGReg loss: 4.05781078
SIGReg loss: 4.46061325
SIGReg loss: 4.46061325
SIGReg loss: 4.02102089
SIGReg loss: 4.02102089
SIGReg loss: 4.53257132
SIGReg loss: 4.53257132
SIGReg loss: 4.08594608
SIGReg loss: 4.08594608
SIGReg loss: 4.17089367
SIGReg loss: 4.17089367
SIGReg loss: 4.24972725
SIGReg loss: 4.24972725
SIGReg loss: 4.26435661
SIGReg loss: 4.26435661
SIGReg loss: 4.13555861
SIGReg loss: 4.13555861
SIGReg loss: 4.21759033
SIGReg loss: 4.21759033
SIGReg loss: 4.78643942
SIGReg loss: 4.78643942
SIGReg loss: 4.08943892
SIGReg loss: 4.08943892
SIGReg loss: 4.18016
SIGReg loss: 4.18016
SIGReg loss: 4.16213655
SIGReg loss: 4.16213655
SIGReg loss: 4.69633579
SIGReg loss: 4.69633579
SIGReg loss: 3.95055199
SIGReg loss: 3.95055199
SIGReg loss: 3.95701194
SIGReg loss: 3.95701194
SIGReg loss: 4.26701403
SIGReg loss: 4.26701403
SIGReg loss: 4.60600519
SIGReg loss: 4.60600519
SIGReg loss: 4.54991102
SIGReg loss: 4.54991102
SIGReg loss: 4.47717857
SIGReg loss: 4.47717857
SIGReg loss: 4.28837156
SIGReg loss: 4.28837156
SIGReg loss: 4.07480478
SIGReg loss: 4.07480478
SIGReg loss: 4.2624445
SIGReg loss: 4.2624445
SIGReg loss: 3.95715094
SIGReg loss: 3.95715094
SIGReg loss: 4.38684082
SIGReg loss: 4.38684082
SIGReg loss: 4.09478474
SIGReg loss: 4.09478474
SIGReg loss: 4.07099819
SIGReg loss: 4.07099819
SIGReg loss: 3.91469097
SIGReg loss: 3.91469097
  Step 50: Backbone Loss = 1.1828, Probe Loss = 218.2572, Acc = 0.5284
SIGReg loss: 3.90991163
SIGReg loss: 3.90991163
SIGReg loss: 4.19417667
SIGReg loss: 4.19417667
SIGReg loss: 4.51473904
SIGReg loss: 4.51473904
SIGReg loss: 4.00375175
SIGReg loss: 4.00375175
SIGReg loss: 4.15377569
SIGReg loss: 4.15377569
SIGReg loss: 4.20953178
SIGReg loss: 4.20953178
SIGReg loss: 3.85300779
SIGReg loss: 3.85300779
SIGReg loss: 4.38039398
SIGReg loss: 4.38039398
SIGReg loss: 3.80720925
SIGReg loss: 3.80720925
SIGReg loss: 4.10819674
SIGReg loss: 4.10819674
SIGReg loss: 3.98958039
SIGReg loss: 3.98958039
SIGReg loss: 4.13777304
SIGReg loss: 4.13777304
SIGReg loss: 4.10846138
SIGReg loss: 4.10846138
SIGReg loss: 4.18700027
SIGReg loss: 4.18700027
SIGReg loss: 4.18590546
SIGReg loss: 4.18590546
SIGReg loss: 3.72758389
SIGReg loss: 3.72758389
SIGReg loss: 4.1587038
SIGReg loss: 4.1587038
SIGReg loss: 3.85425258
SIGReg loss: 3.85425258
SIGReg loss: 4.03920937
SIGReg loss: 4.03920937
SIGReg loss: 4.21111679
SIGReg loss: 4.21111679
SIGReg loss: 4.0395174
SIGReg loss: 4.0395174
SIGReg loss: 4.32150793
SIGReg loss: 4.32150793
SIGReg loss: 3.80999851
SIGReg loss: 3.80999851
SIGReg loss: 3.855762
SIGReg loss: 3.855762
SIGReg loss: 4.10679436
SIGReg loss: 4.10679436
SIGReg loss: 4.50749493
SIGReg loss: 4.50749493
SIGReg loss: 3.6051383
SIGReg loss: 3.6051383
SIGReg loss: 3.88245201
SIGReg loss: 3.88245201
SIGReg loss: 4.15857315
SIGReg loss: 4.15857315
SIGReg loss: 3.81574178
SIGReg loss: 3.81574178
SIGReg loss: 4.1189146
SIGReg loss: 4.1189146
SIGReg loss: 4.19415665
SIGReg loss: 4.19415665
SIGReg loss: 4.07731628
SIGReg loss: 4.07731628
SIGReg loss: 3.78132868
SIGReg loss: 3.78132868
SIGReg loss: 3.88205
SIGReg loss: 3.88205
SIGReg loss: 4.36826324
SIGReg loss: 4.36826324
SIGReg loss: 4.07534218
SIGReg loss: 4.07534218
SIGReg loss: 4.21195126
SIGReg loss: 4.21195126
SIGReg loss: 3.77305675
SIGReg loss: 3.77305675
SIGReg loss: 4.28142262
SIGReg loss: 4.28142262
SIGReg loss: 3.72268891
SIGReg loss: 3.72268891
SIGReg loss: 4.21751165
SIGReg loss: 4.21751165
SIGReg loss: 3.75367451
SIGReg loss: 3.75367451
SIGReg loss: 3.84074235
SIGReg loss: 3.84074235
SIGReg loss: 3.76594734
SIGReg loss: 3.76594734
SIGReg loss: 3.93877482
SIGReg loss: 3.93877482
SIGReg loss: 4.060637
SIGReg loss: 4.060637
SIGReg loss: 4.23581648
SIGReg loss: 4.23581648
SIGReg loss: 4.21092653
SIGReg loss: 4.21092653
SIGReg loss: 4.40649462
SIGReg loss: 4.40649462
  Step 100: Backbone Loss = 1.2037, Probe Loss = 240.9281, Acc = 0.5375
SIGReg loss: 4.00049591
SIGReg loss: 4.00049591
SIGReg loss: 4.00141811
SIGReg loss: 4.00141811
SIGReg loss: 4.07575035
SIGReg loss: 4.07575035
SIGReg loss: 4.40314054
SIGReg loss: 4.40314054
SIGReg loss: 4.06767035
SIGReg loss: 4.06767035
SIGReg loss: 4.12768173
SIGReg loss: 4.12768173
SIGReg loss: 4.54109192
SIGReg loss: 4.54109192
SIGReg loss: 4.19746971
SIGReg loss: 4.19746971
SIGReg loss: 4.14061213
SIGReg loss: 4.14061213
SIGReg loss: 3.99045801
SIGReg loss: 3.99045801
SIGReg loss: 3.9744513
SIGReg loss: 3.9744513
SIGReg loss: 4.28041744
SIGReg loss: 4.28041744
SIGReg loss: 3.93489432
SIGReg loss: 3.93489432
SIGReg loss: 4.08957767
SIGReg loss: 4.08957767
SIGReg loss: 4.38169861
SIGReg loss: 4.38169861
SIGReg loss: 4.37653637
SIGReg loss: 4.37653637
SIGReg loss: 4.00502872
SIGReg loss: 4.00502872
SIGReg loss: 4.2243681
SIGReg loss: 4.2243681
SIGReg loss: 4.0185442
SIGReg loss: 4.0185442
SIGReg loss: 3.75975943
SIGReg loss: 3.75975943
SIGReg loss: 4.3221736
SIGReg loss: 4.3221736
SIGReg loss: 4.10759401
SIGReg loss: 4.10759401
SIGReg loss: 4.04487371
SIGReg loss: 4.04487371
SIGReg loss: 4.00997686
SIGReg loss: 4.00997686
SIGReg loss: 3.99040556
SIGReg loss: 3.99040556
SIGReg loss: 4.0770545
SIGReg loss: 4.0770545
SIGReg loss: 4.390697
SIGReg loss: 4.390697
SIGReg loss: 4.58672905
SIGReg loss: 4.58672905
SIGReg loss: 3.93401718
SIGReg loss: 3.93401718
SIGReg loss: 3.83664918
SIGReg loss: 3.83664918
SIGReg loss: 4.05910969
SIGReg loss: 4.05910969
SIGReg loss: 4.06858921
SIGReg loss: 4.06858921
SIGReg loss: 3.73445964
SIGReg loss: 3.73445964
SIGReg loss: 3.8721838
SIGReg loss: 3.8721838
SIGReg loss: 3.98819685
SIGReg loss: 3.98819685
SIGReg loss: 4.26047421
SIGReg loss: 4.26047421
SIGReg loss: 4.03977299
SIGReg loss: 4.03977299
SIGReg loss: 4.28722954
SIGReg loss: 4.28722954
SIGReg loss: 3.96017933
SIGReg loss: 3.96017933
SIGReg loss: 4.44828701
SIGReg loss: 4.44828701
SIGReg loss: 4.52471828
SIGReg loss: 4.52471828
SIGReg loss: 3.77856779
SIGReg loss: 3.77856779
SIGReg loss: 4.13164568
SIGReg loss: 4.13164568
SIGReg loss: 4.18937683
SIGReg loss: 4.18937683
SIGReg loss: 4.06591368
SIGReg loss: 4.06591368
SIGReg loss: 4.06276226
SIGReg loss: 4.06276226
SIGReg loss: 4.00757074
SIGReg loss: 4.00757074
SIGReg loss: 3.82552433
SIGReg loss: 3.82552433
SIGReg loss: 4.38615227
SIGReg loss: 4.38615227
SIGReg loss: 3.94976139
SIGReg loss: 3.94976139
  Step 150: Backbone Loss = 1.1772, Probe Loss = 207.9929, Acc = 0.5261
SIGReg loss: 4.36252594
SIGReg loss: 4.36252594
SIGReg loss: 4.36004066
SIGReg loss: 4.36004066
SIGReg loss: 4.18447208
SIGReg loss: 4.18447208
SIGReg loss: 3.8842876
SIGReg loss: 3.8842876
SIGReg loss: 4.16200209
SIGReg loss: 4.16200209
SIGReg loss: 4.265975
SIGReg loss: 4.265975
SIGReg loss: 4.31859636
SIGReg loss: 4.31859636
SIGReg loss: 4.46146536
SIGReg loss: 4.46146536
SIGReg loss: 4.14547729
SIGReg loss: 4.14547729
SIGReg loss: 4.28007793
SIGReg loss: 4.28007793
SIGReg loss: 4.10304451
SIGReg loss: 4.10304451
SIGReg loss: 4.25115442
SIGReg loss: 4.25115442
SIGReg loss: 4.08773327
SIGReg loss: 4.08773327
SIGReg loss: 4.08792114
SIGReg loss: 4.08792114
SIGReg loss: 4.39182377
SIGReg loss: 4.39182377
SIGReg loss: 3.79223537
SIGReg loss: 3.79223537
SIGReg loss: 4.14327717
SIGReg loss: 4.14327717
SIGReg loss: 4.29242611
SIGReg loss: 4.29242611
SIGReg loss: 4.03388453
SIGReg loss: 4.03388453
SIGReg loss: 3.69528484
SIGReg loss: 3.69528484
SIGReg loss: 4.34843826
SIGReg loss: 4.34843826
SIGReg loss: 4.29674482
SIGReg loss: 4.29674482
SIGReg loss: 3.99262094
SIGReg loss: 3.99262094
SIGReg loss: 4.58389044
SIGReg loss: 4.58389044
SIGReg loss: 4.51445
SIGReg loss: 4.51445
SIGReg loss: 4.20159
SIGReg loss: 4.20159
SIGReg loss: 4.18712902
SIGReg loss: 4.18712902
SIGReg loss: 4.40107346
SIGReg loss: 4.40107346
SIGReg loss: 4.37561417
SIGReg loss: 4.37561417
SIGReg loss: 3.9919889
SIGReg loss: 3.9919889
SIGReg loss: 4.36659241
SIGReg loss: 4.36659241
SIGReg loss: 4.06359625
SIGReg loss: 4.06359625
SIGReg loss: 3.90948462
SIGReg loss: 3.90948462
SIGReg loss: 3.99679232
SIGReg loss: 3.99679232
SIGReg loss: 3.77563548
SIGReg loss: 3.77563548
SIGReg loss: 4.193295
SIGReg loss: 4.193295
SIGReg loss: 3.80732584
SIGReg loss: 3.80732584
SIGReg loss: 4.20270443
SIGReg loss: 4.20270443
SIGReg loss: 4.58083
SIGReg loss: 4.58083
SIGReg loss: 4.46033716
SIGReg loss: 4.46033716
SIGReg loss: 4.23464918
SIGReg loss: 4.23464918
SIGReg loss: 3.97941422
SIGReg loss: 3.97941422
SIGReg loss: 3.67516732
SIGReg loss: 3.67516732
SIGReg loss: 3.96817183
SIGReg loss: 3.96817183
SIGReg loss: 4.23183107
SIGReg loss: 4.23183107
SIGReg loss: 4.20450497
SIGReg loss: 4.20450497
SIGReg loss: 3.93293881
SIGReg loss: 3.93293881
SIGReg loss: 4.26372766
SIGReg loss: 4.26372766
SIGReg loss: 4.27054501
SIGReg loss: 4.27054501
SIGReg loss: 4.11633825
SIGReg loss: 4.11633825
  Step 200: Backbone Loss = 1.1744, Probe Loss = 210.1575, Acc = 0.5367
SIGReg loss: 3.85332417
SIGReg loss: 3.85332417
SIGReg loss: 4.18509817
SIGReg loss: 4.18509817
SIGReg loss: 4.17749262
SIGReg loss: 4.17749262
SIGReg loss: 4.07994127
SIGReg loss: 4.07994127
SIGReg loss: 4.31862879
SIGReg loss: 4.31862879
SIGReg loss: 4.47778606
SIGReg loss: 4.47778606
SIGReg loss: 4.10221767
SIGReg loss: 4.10221767
SIGReg loss: 4.67793131
SIGReg loss: 4.67793131
SIGReg loss: 4.18227291
SIGReg loss: 4.18227291
SIGReg loss: 4.07839823
SIGReg loss: 4.07839823
SIGReg loss: 4.29044485
SIGReg loss: 4.29044485
SIGReg loss: 4.1912365
SIGReg loss: 4.1912365
SIGReg loss: 4.07011938
SIGReg loss: 4.07011938
SIGReg loss: 4.18504763
SIGReg loss: 4.18504763
SIGReg loss: 4.01989031
SIGReg loss: 4.01989031
SIGReg loss: 4.08787537
SIGReg loss: 4.08787537
SIGReg loss: 4.14174557
SIGReg loss: 4.14174557
SIGReg loss: 4.02222157
SIGReg loss: 4.02222157
SIGReg loss: 4.02070332
SIGReg loss: 4.02070332
SIGReg loss: 4.03699636
SIGReg loss: 4.03699636
SIGReg loss: 4.42220497
SIGReg loss: 4.42220497
SIGReg loss: 4.06793976
SIGReg loss: 4.06793976
SIGReg loss: 3.96473193
SIGReg loss: 3.96473193
SIGReg loss: 3.99846625
SIGReg loss: 3.99846625
SIGReg loss: 4.26864624
SIGReg loss: 4.26864624
SIGReg loss: 3.79003096
SIGReg loss: 3.79003096
SIGReg loss: 3.92824769
SIGReg loss: 3.92824769
SIGReg loss: 3.88662958
SIGReg loss: 3.88662958
SIGReg loss: 3.71380401
SIGReg loss: 3.71380401
SIGReg loss: 4.39802742
SIGReg loss: 4.39802742
SIGReg loss: 4.26124239
SIGReg loss: 4.26124239
SIGReg loss: 3.96073294
SIGReg loss: 3.96073294
SIGReg loss: 3.90452051
SIGReg loss: 3.90452051
SIGReg loss: 4.08137465
SIGReg loss: 4.08137465
SIGReg loss: 4.23181677
SIGReg loss: 4.23181677
SIGReg loss: 3.94488811
SIGReg loss: 3.94488811
SIGReg loss: 3.8962903
SIGReg loss: 3.8962903
SIGReg loss: 3.7893877
SIGReg loss: 3.7893877
SIGReg loss: 4.09551191
SIGReg loss: 4.09551191
SIGReg loss: 4.08832264
SIGReg loss: 4.08832264
SIGReg loss: 4.17981148
SIGReg loss: 4.17981148
SIGReg loss: 4.52817249
SIGReg loss: 4.52817249
SIGReg loss: 3.97927
SIGReg loss: 3.97927
SIGReg loss: 4.10859251
SIGReg loss: 4.10859251
SIGReg loss: 4.60776
SIGReg loss: 4.60776
SIGReg loss: 4.02438498
SIGReg loss: 4.02438498
SIGReg loss: 4.03062153
SIGReg loss: 4.03062153
SIGReg loss: 3.98902059
SIGReg loss: 3.98902059
SIGReg loss: 4.14445066
SIGReg loss: 4.14445066
SIGReg loss: 4.14774084
SIGReg loss: 4.14774084
  Step 250: Backbone Loss = 1.1685, Probe Loss = 212.1247, Acc = 0.5312
SIGReg loss: 4.06731033
SIGReg loss: 4.06731033
SIGReg loss: 3.89560676
SIGReg loss: 3.89560676
SIGReg loss: 3.72668028
SIGReg loss: 3.72668028
SIGReg loss: 3.98918653
SIGReg loss: 3.98918653
SIGReg loss: 3.95686316
SIGReg loss: 3.95686316
SIGReg loss: 3.77936506
SIGReg loss: 3.77936506
SIGReg loss: 3.89665651
SIGReg loss: 3.89665651
SIGReg loss: 4.17169762
SIGReg loss: 4.17169762
SIGReg loss: 4.06175804
SIGReg loss: 4.06175804
SIGReg loss: 4.26582336
SIGReg loss: 4.26582336
SIGReg loss: 4.23907328
SIGReg loss: 4.23907328
SIGReg loss: 4.07059717
SIGReg loss: 4.07059717
SIGReg loss: 4.22300816
SIGReg loss: 4.22300816
SIGReg loss: 3.8485086
SIGReg loss: 3.8485086
SIGReg loss: 4.47345591
SIGReg loss: 4.47345591
SIGReg loss: 4.14989
SIGReg loss: 4.14989
SIGReg loss: 4.39936543
SIGReg loss: 4.39936543
SIGReg loss: 4.07150841
SIGReg loss: 4.07150841
SIGReg loss: 4.62379551
SIGReg loss: 4.62379551
SIGReg loss: 4.43339062
SIGReg loss: 4.43339062
SIGReg loss: 4.39832878
SIGReg loss: 4.39832878
SIGReg loss: 4.40794277
SIGReg loss: 4.40794277
SIGReg loss: 3.96815014
SIGReg loss: 3.96815014
SIGReg loss: 3.99789834
SIGReg loss: 3.99789834
SIGReg loss: 4.28708
SIGReg loss: 4.28708
SIGReg loss: 4.16816521
SIGReg loss: 4.16816521
SIGReg loss: 4.31600142
SIGReg loss: 4.31600142
SIGReg loss: 4.0040555
SIGReg loss: 4.0040555
SIGReg loss: 4.08540583
SIGReg loss: 4.08540583
SIGReg loss: 3.60088253
SIGReg loss: 3.60088253
SIGReg loss: 3.91544366
SIGReg loss: 3.91544366
SIGReg loss: 3.94877434
SIGReg loss: 3.94877434
SIGReg loss: 4.22727203
SIGReg loss: 4.22727203
SIGReg loss: 4.00112391
SIGReg loss: 4.00112391
SIGReg loss: 3.86398363
SIGReg loss: 3.86398363
SIGReg loss: 3.53840637
SIGReg loss: 3.53840637
SIGReg loss: 3.92060328
SIGReg loss: 3.92060328
SIGReg loss: 3.80047202
SIGReg loss: 3.80047202
SIGReg loss: 4.57064915
SIGReg loss: 4.57064915
SIGReg loss: 4.48127079
SIGReg loss: 4.48127079
SIGReg loss: 4.29216337
SIGReg loss: 4.29216337
SIGReg loss: 4.09526062
SIGReg loss: 4.09526062
SIGReg loss: 3.72855568
SIGReg loss: 3.72855568
SIGReg loss: 4.2353878
SIGReg loss: 4.2353878
SIGReg loss: 4.8100996
SIGReg loss: 4.8100996
SIGReg loss: 4.40060902
SIGReg loss: 4.40060902
SIGReg loss: 4.71621227
SIGReg loss: 4.71621227
SIGReg loss: 4.6105175
SIGReg loss: 4.6105175
SIGReg loss: 3.93009043
SIGReg loss: 3.93009043
SIGReg loss: 4.3889432
SIGReg loss: 4.3889432
  Step 300: Backbone Loss = 1.1713, Probe Loss = 201.3336, Acc = 0.5384
SIGReg loss: 4.48560143
SIGReg loss: 4.48560143
SIGReg loss: 4.32407904
SIGReg loss: 4.32407904
SIGReg loss: 4.33642054
SIGReg loss: 4.33642054
SIGReg loss: 4.30605412
SIGReg loss: 4.30605412
SIGReg loss: 4.39041519
SIGReg loss: 4.39041519
SIGReg loss: 4.32488632
SIGReg loss: 4.32488632
SIGReg loss: 4.40745974
SIGReg loss: 4.40745974
SIGReg loss: 4.08685064
SIGReg loss: 4.08685064
SIGReg loss: 4.70595837
SIGReg loss: 4.70595837
SIGReg loss: 4.31199741
SIGReg loss: 4.31199741
SIGReg loss: 4.05686092
SIGReg loss: 4.05686092
SIGReg loss: 4.23825932
SIGReg loss: 4.23825932
SIGReg loss: 4.25563622
SIGReg loss: 4.25563622
SIGReg loss: 4.0219
SIGReg loss: 4.0219
SIGReg loss: 4.68016672
SIGReg loss: 4.68016672
SIGReg loss: 4.73586273
SIGReg loss: 4.73586273
SIGReg loss: 4.15913105
SIGReg loss: 4.15913105
SIGReg loss: 4.5052104
SIGReg loss: 4.5052104
SIGReg loss: 4.66148
SIGReg loss: 4.66148
SIGReg loss: 4.33817816
SIGReg loss: 4.33817816
SIGReg loss: 4.2486124
SIGReg loss: 4.2486124
SIGReg loss: 4.07168055
SIGReg loss: 4.07168055
SIGReg loss: 4.16063404
SIGReg loss: 4.16063404
SIGReg loss: 4.25410557
SIGReg loss: 4.25410557
SIGReg loss: 4.48835421
SIGReg loss: 4.48835421
SIGReg loss: 4.3277874
SIGReg loss: 4.3277874
SIGReg loss: 4.52197075
SIGReg loss: 4.52197075
SIGReg loss: 4.65091276
SIGReg loss: 4.65091276
SIGReg loss: 4.33510303
SIGReg loss: 4.33510303
SIGReg loss: 4.34476757
SIGReg loss: 4.34476757
SIGReg loss: 4.00752354
SIGReg loss: 4.00752354
SIGReg loss: 4.47374392
SIGReg loss: 4.47374392
SIGReg loss: 4.45772266
SIGReg loss: 4.45772266
SIGReg loss: 4.12873173
SIGReg loss: 4.12873173
SIGReg loss: 4.38375044
SIGReg loss: 4.38375044
SIGReg loss: 4.02705193
SIGReg loss: 4.02705193
SIGReg loss: 4.50272608
SIGReg loss: 4.50272608
SIGReg loss: 4.7187705
SIGReg loss: 4.7187705
SIGReg loss: 4.50639915
SIGReg loss: 4.50639915
SIGReg loss: 4.01949215
SIGReg loss: 4.01949215
SIGReg loss: 4.14869595
SIGReg loss: 4.14869595
SIGReg loss: 3.94004798
SIGReg loss: 3.94004798
SIGReg loss: 4.08325386
SIGReg loss: 4.08325386
SIGReg loss: 4.37995481
SIGReg loss: 4.37995481
SIGReg loss: 4.46257734
SIGReg loss: 4.46257734
SIGReg loss: 4.21055222
SIGReg loss: 4.21055222
SIGReg loss: 4.21653748
SIGReg loss: 4.21653748
SIGReg loss: 4.0571084
SIGReg loss: 4.0571084
SIGReg loss: 4.4369936
SIGReg loss: 4.4369936
SIGReg loss: 3.95809412
SIGReg loss: 3.95809412
  Step 350: Backbone Loss = 1.1349, Probe Loss = 205.1813, Acc = 0.5179
SIGReg loss: 4.32769108
SIGReg loss: 4.32769108
SIGReg loss: 4.05378056
SIGReg loss: 4.05378056
SIGReg loss: 4.11808205
SIGReg loss: 4.11808205
SIGReg loss: 4.22427702
SIGReg loss: 4.22427702
SIGReg loss: 4.25562906
SIGReg loss: 4.25562906
SIGReg loss: 4.13162756
SIGReg loss: 4.13162756
SIGReg loss: 4.15532303
SIGReg loss: 4.15532303
SIGReg loss: 4.36605358
SIGReg loss: 4.36605358
SIGReg loss: 4.1316905
SIGReg loss: 4.1316905
SIGReg loss: 4.52242184
SIGReg loss: 4.52242184
SIGReg loss: 4.3348527
SIGReg loss: 4.3348527
SIGReg loss: 4.07183886
SIGReg loss: 4.07183886
SIGReg loss: 3.91370368
SIGReg loss: 3.91370368
SIGReg loss: 4.06613064
SIGReg loss: 4.06613064
SIGReg loss: 3.7158196
SIGReg loss: 3.7158196
SIGReg loss: 4.06697798
SIGReg loss: 4.06697798
SIGReg loss: 3.89317894
SIGReg loss: 3.89317894
SIGReg loss: 4.17206621
SIGReg loss: 4.17206621
SIGReg loss: 4.12650633
SIGReg loss: 4.12650633
SIGReg loss: 4.24640799
SIGReg loss: 4.24640799
SIGReg loss: 3.94527435
SIGReg loss: 3.94527435
SIGReg loss: 4.07990408
SIGReg loss: 4.07990408
SIGReg loss: 4.40559912
SIGReg loss: 4.40559912
SIGReg loss: 4.04392958
SIGReg loss: 4.04392958
SIGReg loss: 3.90424061
SIGReg loss: 3.90424061
SIGReg loss: 4.23657036
SIGReg loss: 4.23657036
SIGReg loss: 4.21723652
SIGReg loss: 4.21723652
SIGReg loss: 4.20852137
SIGReg loss: 4.20852137
SIGReg loss: 4.10748196
SIGReg loss: 4.10748196
SIGReg loss: 3.7856009
SIGReg loss: 3.7856009
SIGReg loss: 4.50435066
SIGReg loss: 4.50435066
SIGReg loss: 4.17356205
SIGReg loss: 4.17356205
SIGReg loss: 4.21530676
SIGReg loss: 4.21530676
SIGReg loss: 4.45242357
SIGReg loss: 4.45242357
SIGReg loss: 3.79846978
SIGReg loss: 3.79846978
SIGReg loss: 4.19670582
SIGReg loss: 4.19670582
SIGReg loss: 4.04494238
SIGReg loss: 4.04494238
SIGReg loss: 3.94474363
SIGReg loss: 3.94474363
SIGReg loss: 4.35864162
SIGReg loss: 4.35864162
SIGReg loss: 3.98544455
SIGReg loss: 3.98544455
SIGReg loss: 3.99936461
SIGReg loss: 3.99936461
SIGReg loss: 4.3039403
SIGReg loss: 4.3039403
SIGReg loss: 3.93053985
SIGReg loss: 3.93053985
SIGReg loss: 4.28747416
SIGReg loss: 4.28747416
SIGReg loss: 4.00707054
SIGReg loss: 4.00707054
SIGReg loss: 4.04140854
SIGReg loss: 4.04140854
SIGReg loss: 4.15862751
SIGReg loss: 4.15862751
SIGReg loss: 4.16259861
SIGReg loss: 4.16259861
SIGReg loss: 4.14326143
SIGReg loss: 4.14326143
SIGReg loss: 3.69683886
SIGReg loss: 3.69683886
  Step 400: Backbone Loss = 1.1274, Probe Loss = 212.5371, Acc = 0.5218
SIGReg loss: 3.8734026
SIGReg loss: 3.8734026
SIGReg loss: 3.92016482
SIGReg loss: 3.92016482
SIGReg loss: 4.21598387
SIGReg loss: 4.21598387
SIGReg loss: 3.72689056
SIGReg loss: 3.72689056
SIGReg loss: 4.00171757
SIGReg loss: 4.00171757
SIGReg loss: 4.01804638
SIGReg loss: 4.01804638
SIGReg loss: 4.0739665
SIGReg loss: 4.0739665
SIGReg loss: 3.79662561
SIGReg loss: 3.79662561
SIGReg loss: 4.01568508
SIGReg loss: 4.01568508
SIGReg loss: 4.27812767
SIGReg loss: 4.27812767
SIGReg loss: 4.55790234
SIGReg loss: 4.55790234
SIGReg loss: 4.21054363
SIGReg loss: 4.21054363
SIGReg loss: 3.78361487
SIGReg loss: 3.78361487
SIGReg loss: 3.86485219
SIGReg loss: 3.86485219
SIGReg loss: 4.18148088
SIGReg loss: 4.18148088
SIGReg loss: 4.18063831
SIGReg loss: 4.18063831
SIGReg loss: 4.16738844
SIGReg loss: 4.16738844
SIGReg loss: 3.87676144
SIGReg loss: 3.87676144
SIGReg loss: 4.10552883
SIGReg loss: 4.10552883
SIGReg loss: 4.10033941
SIGReg loss: 4.10033941
SIGReg loss: 4.18059683
SIGReg loss: 4.18059683
SIGReg loss: 4.02374029
SIGReg loss: 4.02374029
SIGReg loss: 3.81265736
SIGReg loss: 3.81265736
SIGReg loss: 4.29678154
SIGReg loss: 4.29678154
SIGReg loss: 3.92198706
SIGReg loss: 3.92198706
SIGReg loss: 4.21009302
SIGReg loss: 4.21009302
SIGReg loss: 4.27453089
SIGReg loss: 4.27453089
SIGReg loss: 4.26758957
SIGReg loss: 4.26758957
SIGReg loss: 3.7499752
SIGReg loss: 3.7499752
SIGReg loss: 3.708112
SIGReg loss: 3.708112
SIGReg loss: 3.78972101
SIGReg loss: 3.78972101
SIGReg loss: 3.7499485
SIGReg loss: 3.7499485
SIGReg loss: 3.80173612
SIGReg loss: 3.80173612
SIGReg loss: 3.83130217
SIGReg loss: 3.83130217
SIGReg loss: 3.80979514
SIGReg loss: 3.80979514
SIGReg loss: 4.56380033
SIGReg loss: 4.56380033
SIGReg loss: 4.25484705
SIGReg loss: 4.25484705
SIGReg loss: 4.26238632
SIGReg loss: 4.26238632
SIGReg loss: 3.59333396
SIGReg loss: 3.59333396
SIGReg loss: 3.89704204
SIGReg loss: 3.89704204
SIGReg loss: 3.642133
SIGReg loss: 3.642133
SIGReg loss: 4.06975
SIGReg loss: 4.06975
SIGReg loss: 4.18126297
SIGReg loss: 4.18126297
SIGReg loss: 4.32574844
SIGReg loss: 4.32574844
SIGReg loss: 3.91101837
SIGReg loss: 3.91101837
SIGReg loss: 4.43637276
SIGReg loss: 4.43637276
SIGReg loss: 3.85737491
SIGReg loss: 3.85737491
SIGReg loss: 3.87665772
SIGReg loss: 3.87665772
SIGReg loss: 3.87741733
SIGReg loss: 3.87741733
SIGReg loss: 4.30356
SIGReg loss: 4.30356
  Step 450: Backbone Loss = 1.1522, Probe Loss = 183.5185, Acc = 0.5270
SIGReg loss: 3.70154452
SIGReg loss: 3.70154452
SIGReg loss: 3.75697374
SIGReg loss: 3.75697374
SIGReg loss: 4.04495239
SIGReg loss: 4.04495239
SIGReg loss: 4.12741947
SIGReg loss: 4.12741947
SIGReg loss: 3.96306515
SIGReg loss: 3.96306515
SIGReg loss: 3.83291
SIGReg loss: 3.83291
SIGReg loss: 3.85514975
SIGReg loss: 3.85514975
SIGReg loss: 4.08254433
SIGReg loss: 4.08254433
SIGReg loss: 3.87469101
SIGReg loss: 3.87469101
SIGReg loss: 3.94509506
SIGReg loss: 3.94509506
Epoch 4 finished in 610.34s.
  Avg Backbone Loss: 1.1701
  Avg Probe Loss:    209.6468
  Avg Probe Accuracy: 0.5297

Epoch 5/100
SIGReg loss: 4.1829505
SIGReg loss: 4.1829505
  Step 0: Backbone Loss = 1.1406, Probe Loss = 194.1961, Acc = 0.5256
SIGReg loss: 3.79920363
SIGReg loss: 3.79920363
SIGReg loss: 4.11094713
SIGReg loss: 4.11094713
SIGReg loss: 4.28462315
SIGReg loss: 4.28462315
SIGReg loss: 4.4251442
SIGReg loss: 4.4251442
SIGReg loss: 3.8261075
SIGReg loss: 3.8261075
SIGReg loss: 4.06614971
SIGReg loss: 4.06614971
SIGReg loss: 4.30408812
SIGReg loss: 4.30408812
SIGReg loss: 4.39540386
SIGReg loss: 4.39540386
SIGReg loss: 3.90777612
SIGReg loss: 3.90777612
SIGReg loss: 3.90344715
SIGReg loss: 3.90344715
SIGReg loss: 3.62850237
SIGReg loss: 3.62850237
SIGReg loss: 3.64499617
SIGReg loss: 3.64499617
SIGReg loss: 3.61367273
SIGReg loss: 3.61367273
SIGReg loss: 3.92524862
SIGReg loss: 3.92524862
SIGReg loss: 3.7371242
SIGReg loss: 3.7371242
SIGReg loss: 3.64232278
SIGReg loss: 3.64232278
SIGReg loss: 4.01523972
SIGReg loss: 4.01523972
SIGReg loss: 4.12012911
SIGReg loss: 4.12012911
SIGReg loss: 3.63912344
SIGReg loss: 3.63912344
SIGReg loss: 4.13447189
SIGReg loss: 4.13447189
SIGReg loss: 4.36798286
SIGReg loss: 4.36798286
SIGReg loss: 4.17165709
SIGReg loss: 4.17165709
SIGReg loss: 3.62209225
SIGReg loss: 3.62209225
SIGReg loss: 4.10380268
SIGReg loss: 4.10380268
SIGReg loss: 4.16939878
SIGReg loss: 4.16939878
SIGReg loss: 4.0600934
SIGReg loss: 4.0600934
SIGReg loss: 4.13005829
SIGReg loss: 4.13005829
SIGReg loss: 4.10058117
SIGReg loss: 4.10058117
SIGReg loss: 3.86518335
SIGReg loss: 3.86518335
SIGReg loss: 4.16065741
SIGReg loss: 4.16065741
SIGReg loss: 4.26495695
SIGReg loss: 4.26495695
SIGReg loss: 4.33996296
SIGReg loss: 4.33996296
SIGReg loss: 3.91972
SIGReg loss: 3.91972
SIGReg loss: 3.98488736
SIGReg loss: 3.98488736
SIGReg loss: 3.9044745
SIGReg loss: 3.9044745
SIGReg loss: 3.74749398
SIGReg loss: 3.74749398
SIGReg loss: 3.57361984
SIGReg loss: 3.57361984
SIGReg loss: 3.85481977
SIGReg loss: 3.85481977
SIGReg loss: 3.63870621
SIGReg loss: 3.63870621
SIGReg loss: 3.8724637
SIGReg loss: 3.8724637
SIGReg loss: 3.82273936
SIGReg loss: 3.82273936
SIGReg loss: 3.90943336
SIGReg loss: 3.90943336
SIGReg loss: 3.73753119
SIGReg loss: 3.73753119
SIGReg loss: 3.72172594
SIGReg loss: 3.72172594
SIGReg loss: 3.72605777
SIGReg loss: 3.72605777
SIGReg loss: 3.43454814
SIGReg loss: 3.43454814
SIGReg loss: 3.57227039
SIGReg loss: 3.57227039
SIGReg loss: 4.19978428
SIGReg loss: 4.19978428
SIGReg loss: 3.91457558
SIGReg loss: 3.91457558
SIGReg loss: 3.91715741
SIGReg loss: 3.91715741
  Step 50: Backbone Loss = 1.1180, Probe Loss = 188.7276, Acc = 0.5292
SIGReg loss: 4.12135649
SIGReg loss: 4.12135649
SIGReg loss: 4.32878447
SIGReg loss: 4.32878447
SIGReg loss: 4.0911293
SIGReg loss: 4.0911293
SIGReg loss: 4.35861111
SIGReg loss: 4.35861111
SIGReg loss: 3.87685919
SIGReg loss: 3.87685919
SIGReg loss: 4.24000883
SIGReg loss: 4.24000883
SIGReg loss: 4.23812771
SIGReg loss: 4.23812771
SIGReg loss: 3.88042116
SIGReg loss: 3.88042116
SIGReg loss: 4.58708143
SIGReg loss: 4.58708143
SIGReg loss: 4.10658741
SIGReg loss: 4.10658741
SIGReg loss: 3.87284756
SIGReg loss: 3.87284756
SIGReg loss: 3.95808458
SIGReg loss: 3.95808458
SIGReg loss: 3.74487329
SIGReg loss: 3.74487329
SIGReg loss: 3.57519484
SIGReg loss: 3.57519484
SIGReg loss: 3.34664583
SIGReg loss: 3.34664583
SIGReg loss: 3.58742833
SIGReg loss: 3.58742833
SIGReg loss: 3.88103056
SIGReg loss: 3.88103056
SIGReg loss: 3.79924846
SIGReg loss: 3.79924846
SIGReg loss: 3.69604301
SIGReg loss: 3.69604301
SIGReg loss: 3.69729066
SIGReg loss: 3.69729066
SIGReg loss: 3.66523314
SIGReg loss: 3.66523314
SIGReg loss: 3.88167405
SIGReg loss: 3.88167405
SIGReg loss: 4.218297
SIGReg loss: 4.218297
SIGReg loss: 4.11949825
SIGReg loss: 4.11949825
SIGReg loss: 3.90082574
SIGReg loss: 3.90082574
SIGReg loss: 4.13056231
SIGReg loss: 4.13056231
SIGReg loss: 3.79874539
SIGReg loss: 3.79874539
SIGReg loss: 4.18341875
SIGReg loss: 4.18341875
SIGReg loss: 3.9137814
SIGReg loss: 3.9137814
SIGReg loss: 3.99787521
SIGReg loss: 3.99787521
SIGReg loss: 3.55587864
SIGReg loss: 3.55587864
SIGReg loss: 3.61459923
SIGReg loss: 3.61459923
SIGReg loss: 3.6628561
SIGReg loss: 3.6628561
SIGReg loss: 3.81590772
SIGReg loss: 3.81590772
SIGReg loss: 3.3511014
SIGReg loss: 3.3511014
SIGReg loss: 3.98915601
SIGReg loss: 3.98915601
SIGReg loss: 4.19027901
SIGReg loss: 4.19027901
SIGReg loss: 3.80181932
SIGReg loss: 3.80181932
SIGReg loss: 3.87885571
SIGReg loss: 3.87885571
SIGReg loss: 3.73757434
SIGReg loss: 3.73757434
SIGReg loss: 3.90435481
SIGReg loss: 3.90435481
SIGReg loss: 3.69306183
SIGReg loss: 3.69306183
SIGReg loss: 3.6760006
SIGReg loss: 3.6760006
SIGReg loss: 4.39086437
SIGReg loss: 4.39086437
SIGReg loss: 3.47142768
SIGReg loss: 3.47142768
SIGReg loss: 4.23794603
SIGReg loss: 4.23794603
SIGReg loss: 3.70463395
SIGReg loss: 3.70463395
SIGReg loss: 3.81573677
SIGReg loss: 3.81573677
SIGReg loss: 4.13922405
SIGReg loss: 4.13922405
SIGReg loss: 4.12695169
SIGReg loss: 4.12695169
  Step 100: Backbone Loss = 1.1378, Probe Loss = 187.2548, Acc = 0.5199
SIGReg loss: 3.63839531
SIGReg loss: 3.63839531
SIGReg loss: 3.92444015
SIGReg loss: 3.92444015
SIGReg loss: 4.10326433
SIGReg loss: 4.10326433
SIGReg loss: 4.16802597
SIGReg loss: 4.16802597
SIGReg loss: 3.97640967
SIGReg loss: 3.97640967
SIGReg loss: 3.80399084
SIGReg loss: 3.80399084
SIGReg loss: 3.79276705
SIGReg loss: 3.79276705
SIGReg loss: 3.72293329
SIGReg loss: 3.72293329
SIGReg loss: 3.37071419
SIGReg loss: 3.37071419
SIGReg loss: 3.43661427
SIGReg loss: 3.43661427
SIGReg loss: 3.6094265
SIGReg loss: 3.6094265
SIGReg loss: 3.50254512
SIGReg loss: 3.50254512
SIGReg loss: 3.86049986
SIGReg loss: 3.86049986
SIGReg loss: 3.77136183
SIGReg loss: 3.77136183
SIGReg loss: 3.73462772
SIGReg loss: 3.73462772
SIGReg loss: 4.24426222
SIGReg loss: 4.24426222
SIGReg loss: 4.06496
SIGReg loss: 4.06496
SIGReg loss: 3.69527864
SIGReg loss: 3.69527864
SIGReg loss: 3.73770952
SIGReg loss: 3.73770952
SIGReg loss: 3.56797361
SIGReg loss: 3.56797361
SIGReg loss: 4.17797279
SIGReg loss: 4.17797279
SIGReg loss: 3.96978927
SIGReg loss: 3.96978927
SIGReg loss: 3.85193849
SIGReg loss: 3.85193849
SIGReg loss: 3.87162161
SIGReg loss: 3.87162161
SIGReg loss: 3.84245777
SIGReg loss: 3.84245777
SIGReg loss: 3.67584658
SIGReg loss: 3.67584658
SIGReg loss: 3.98067451
SIGReg loss: 3.98067451
SIGReg loss: 4.05620337
SIGReg loss: 4.05620337
SIGReg loss: 3.87710047
SIGReg loss: 3.87710047
SIGReg loss: 3.90176654
SIGReg loss: 3.90176654
SIGReg loss: 3.50405
SIGReg loss: 3.50405
SIGReg loss: 3.57705855
SIGReg loss: 3.57705855
SIGReg loss: 3.7403388
SIGReg loss: 3.7403388
SIGReg loss: 3.44911575
SIGReg loss: 3.44911575
SIGReg loss: 3.76068282
SIGReg loss: 3.76068282
SIGReg loss: 3.86559343
SIGReg loss: 3.86559343
SIGReg loss: 3.89321518
SIGReg loss: 3.89321518
SIGReg loss: 3.78007436
SIGReg loss: 3.78007436
SIGReg loss: 3.84531212
SIGReg loss: 3.84531212
SIGReg loss: 3.58574629
SIGReg loss: 3.58574629
SIGReg loss: 3.49435616
SIGReg loss: 3.49435616
SIGReg loss: 3.83967113
SIGReg loss: 3.83967113
SIGReg loss: 3.88999343
SIGReg loss: 3.88999343
SIGReg loss: 3.59426379
SIGReg loss: 3.59426379
SIGReg loss: 3.75203085
SIGReg loss: 3.75203085
SIGReg loss: 3.81875849
SIGReg loss: 3.81875849
SIGReg loss: 3.75082302
SIGReg loss: 3.75082302
SIGReg loss: 3.42082977
SIGReg loss: 3.42082977
SIGReg loss: 3.95267129
SIGReg loss: 3.95267129
SIGReg loss: 4.06882524
SIGReg loss: 4.06882524
  Step 150: Backbone Loss = 1.1293, Probe Loss = 195.2078, Acc = 0.5315
SIGReg loss: 4.14545822
SIGReg loss: 4.14545822
SIGReg loss: 4.03566742
SIGReg loss: 4.03566742
SIGReg loss: 3.61117363
SIGReg loss: 3.61117363
SIGReg loss: 3.70961905
SIGReg loss: 3.70961905
SIGReg loss: 3.41622114
SIGReg loss: 3.41622114
SIGReg loss: 3.39573503
SIGReg loss: 3.39573503
SIGReg loss: 3.70178771
SIGReg loss: 3.70178771
SIGReg loss: 3.56424665
SIGReg loss: 3.56424665
SIGReg loss: 3.47241783
SIGReg loss: 3.47241783
SIGReg loss: 3.87823153
SIGReg loss: 3.87823153
SIGReg loss: 3.52433467
SIGReg loss: 3.52433467
SIGReg loss: 3.55922222
SIGReg loss: 3.55922222
SIGReg loss: 3.59333515
SIGReg loss: 3.59333515
SIGReg loss: 3.77316809
SIGReg loss: 3.77316809
SIGReg loss: 3.64766526
SIGReg loss: 3.64766526
SIGReg loss: 3.80012441
SIGReg loss: 3.80012441
SIGReg loss: 3.61332846
SIGReg loss: 3.61332846
SIGReg loss: 3.70522261
SIGReg loss: 3.70522261
SIGReg loss: 3.72950935
SIGReg loss: 3.72950935
SIGReg loss: 3.75504899
SIGReg loss: 3.75504899
SIGReg loss: 3.68550968
SIGReg loss: 3.68550968
SIGReg loss: 3.75775647
SIGReg loss: 3.75775647
SIGReg loss: 4.11104584
SIGReg loss: 4.11104584
SIGReg loss: 3.89848
SIGReg loss: 3.89848
SIGReg loss: 3.78835273
SIGReg loss: 3.78835273
SIGReg loss: 3.6170373
SIGReg loss: 3.6170373
SIGReg loss: 3.62278056
SIGReg loss: 3.62278056
SIGReg loss: 3.6494658
SIGReg loss: 3.6494658
SIGReg loss: 3.87325549
SIGReg loss: 3.87325549
SIGReg loss: 3.85752344
SIGReg loss: 3.85752344
SIGReg loss: 3.78497672
SIGReg loss: 3.78497672
SIGReg loss: 3.74346375
SIGReg loss: 3.74346375
SIGReg loss: 3.64552617
SIGReg loss: 3.64552617
SIGReg loss: 4.09177971
SIGReg loss: 4.09177971
SIGReg loss: 3.82817984
SIGReg loss: 3.82817984
SIGReg loss: 3.84066129
SIGReg loss: 3.84066129
SIGReg loss: 3.59385633
SIGReg loss: 3.59385633
SIGReg loss: 3.78769064
SIGReg loss: 3.78769064
SIGReg loss: 3.62725902
SIGReg loss: 3.62725902
SIGReg loss: 3.32584596
SIGReg loss: 3.32584596
SIGReg loss: 3.8051157
SIGReg loss: 3.8051157
SIGReg loss: 3.7047534
SIGReg loss: 3.7047534
SIGReg loss: 3.97115374
SIGReg loss: 3.97115374
SIGReg loss: 3.90243959
SIGReg loss: 3.90243959
SIGReg loss: 3.85265923
SIGReg loss: 3.85265923
SIGReg loss: 3.82786131
SIGReg loss: 3.82786131
SIGReg loss: 3.74148321
SIGReg loss: 3.74148321
SIGReg loss: 3.67419291
SIGReg loss: 3.67419291
SIGReg loss: 3.90558743
SIGReg loss: 3.90558743
SIGReg loss: 3.66931
SIGReg loss: 3.66931
  Step 200: Backbone Loss = 1.1242, Probe Loss = 188.8326, Acc = 0.5237
SIGReg loss: 3.82671595
SIGReg loss: 3.82671595
SIGReg loss: 3.80771446
SIGReg loss: 3.80771446
SIGReg loss: 3.60128856
SIGReg loss: 3.60128856
SIGReg loss: 3.7834456
SIGReg loss: 3.7834456
SIGReg loss: 3.66516948
SIGReg loss: 3.66516948
SIGReg loss: 3.58701015
SIGReg loss: 3.58701015
SIGReg loss: 3.52482128
SIGReg loss: 3.52482128
SIGReg loss: 3.35663986
SIGReg loss: 3.35663986
SIGReg loss: 3.80171251
SIGReg loss: 3.80171251
SIGReg loss: 3.89920378
SIGReg loss: 3.89920378
SIGReg loss: 3.76748061
SIGReg loss: 3.76748061
SIGReg loss: 3.61767
SIGReg loss: 3.61767
SIGReg loss: 4.174263
SIGReg loss: 4.174263
SIGReg loss: 3.56123638
SIGReg loss: 3.56123638
SIGReg loss: 3.70304179
SIGReg loss: 3.70304179
SIGReg loss: 3.76825094
SIGReg loss: 3.76825094
SIGReg loss: 3.72887087
SIGReg loss: 3.72887087
SIGReg loss: 3.72755051
SIGReg loss: 3.72755051
SIGReg loss: 3.71966219
SIGReg loss: 3.71966219
SIGReg loss: 3.86277151
SIGReg loss: 3.86277151
SIGReg loss: 3.49873114
SIGReg loss: 3.49873114
SIGReg loss: 3.5074017
SIGReg loss: 3.5074017
SIGReg loss: 3.35104585
SIGReg loss: 3.35104585
SIGReg loss: 3.59960032
SIGReg loss: 3.59960032
SIGReg loss: 3.61981487
SIGReg loss: 3.61981487
SIGReg loss: 3.97641
SIGReg loss: 3.97641
SIGReg loss: 4.08938503
SIGReg loss: 4.08938503
SIGReg loss: 3.70513964
SIGReg loss: 3.70513964
SIGReg loss: 3.69397402
SIGReg loss: 3.69397402
SIGReg loss: 3.91570592
SIGReg loss: 3.91570592
SIGReg loss: 3.54985595
SIGReg loss: 3.54985595
SIGReg loss: 3.71989584
SIGReg loss: 3.71989584
SIGReg loss: 3.7282815
SIGReg loss: 3.7282815
SIGReg loss: 3.44613028
SIGReg loss: 3.44613028
SIGReg loss: 3.57123709
SIGReg loss: 3.57123709
SIGReg loss: 3.73482513
SIGReg loss: 3.73482513
SIGReg loss: 3.3138938
SIGReg loss: 3.3138938
SIGReg loss: 3.73799419
SIGReg loss: 3.73799419
SIGReg loss: 3.72083044
SIGReg loss: 3.72083044
SIGReg loss: 4.11020708
SIGReg loss: 4.11020708
SIGReg loss: 3.65103626
SIGReg loss: 3.65103626
SIGReg loss: 3.87293315
SIGReg loss: 3.87293315
SIGReg loss: 3.61540318
SIGReg loss: 3.61540318
SIGReg loss: 3.61302257
SIGReg loss: 3.61302257
SIGReg loss: 3.62517881
SIGReg loss: 3.62517881
SIGReg loss: 3.97930574
SIGReg loss: 3.97930574
SIGReg loss: 3.5603044
SIGReg loss: 3.5603044
SIGReg loss: 3.69201136
SIGReg loss: 3.69201136
SIGReg loss: 3.49965262
SIGReg loss: 3.49965262
SIGReg loss: 4.09830236
SIGReg loss: 4.09830236
  Step 250: Backbone Loss = 1.1326, Probe Loss = 189.9722, Acc = 0.5352
SIGReg loss: 3.90636921
SIGReg loss: 3.90636921
SIGReg loss: 3.7196579
SIGReg loss: 3.7196579
SIGReg loss: 3.58329463
SIGReg loss: 3.58329463
SIGReg loss: 3.41141295
SIGReg loss: 3.41141295
SIGReg loss: 3.66771531
SIGReg loss: 3.66771531
SIGReg loss: 3.64275122
SIGReg loss: 3.64275122
SIGReg loss: 3.75932193
SIGReg loss: 3.75932193
SIGReg loss: 4.04949284
SIGReg loss: 4.04949284
SIGReg loss: 3.80268431
SIGReg loss: 3.80268431
SIGReg loss: 3.31688261
SIGReg loss: 3.31688261
SIGReg loss: 3.645787
SIGReg loss: 3.645787
SIGReg loss: 3.9868865
SIGReg loss: 3.9868865
SIGReg loss: 3.70054436
SIGReg loss: 3.70054436
SIGReg loss: 4.10479
SIGReg loss: 4.10479
SIGReg loss: 3.5370295
SIGReg loss: 3.5370295
SIGReg loss: 3.42132211
SIGReg loss: 3.42132211
SIGReg loss: 3.25698638
SIGReg loss: 3.25698638
SIGReg loss: 3.75692582
SIGReg loss: 3.75692582
SIGReg loss: 3.613626
SIGReg loss: 3.613626
SIGReg loss: 3.82301092
SIGReg loss: 3.82301092
SIGReg loss: 3.81174421
SIGReg loss: 3.81174421
SIGReg loss: 4.09034586
SIGReg loss: 4.09034586
SIGReg loss: 3.53448296
SIGReg loss: 3.53448296
SIGReg loss: 3.4466114
SIGReg loss: 3.4466114
SIGReg loss: 3.46439314
SIGReg loss: 3.46439314
SIGReg loss: 3.59302831
SIGReg loss: 3.59302831
SIGReg loss: 3.55926704
SIGReg loss: 3.55926704
SIGReg loss: 3.64565563
SIGReg loss: 3.64565563
SIGReg loss: 3.74172878
SIGReg loss: 3.74172878
SIGReg loss: 3.63767695
SIGReg loss: 3.63767695
SIGReg loss: 3.72977686
SIGReg loss: 3.72977686
SIGReg loss: 3.97247863
SIGReg loss: 3.97247863
SIGReg loss: 3.88644314
SIGReg loss: 3.88644314
SIGReg loss: 3.79877114
SIGReg loss: 3.79877114
SIGReg loss: 3.48243451
SIGReg loss: 3.48243451
SIGReg loss: 3.90605402
SIGReg loss: 3.90605402
SIGReg loss: 3.40621638
SIGReg loss: 3.40621638
SIGReg loss: 3.65091181
SIGReg loss: 3.65091181
SIGReg loss: 3.57086515
SIGReg loss: 3.57086515
SIGReg loss: 3.77851963
SIGReg loss: 3.77851963
SIGReg loss: 3.64506125
SIGReg loss: 3.64506125
SIGReg loss: 3.52156425
SIGReg loss: 3.52156425
SIGReg loss: 3.62457418
SIGReg loss: 3.62457418
SIGReg loss: 3.5018549
SIGReg loss: 3.5018549
SIGReg loss: 3.51221204
SIGReg loss: 3.51221204
SIGReg loss: 3.91942358
SIGReg loss: 3.91942358
SIGReg loss: 3.96245575
SIGReg loss: 3.96245575
SIGReg loss: 3.50746632
SIGReg loss: 3.50746632
SIGReg loss: 3.57828784
SIGReg loss: 3.57828784
SIGReg loss: 3.51350451
SIGReg loss: 3.51350451
  Step 300: Backbone Loss = 1.1071, Probe Loss = 185.3355, Acc = 0.5354
SIGReg loss: 3.69010067
SIGReg loss: 3.69010067
SIGReg loss: 3.516469
SIGReg loss: 3.516469
SIGReg loss: 3.45953441
SIGReg loss: 3.45953441
SIGReg loss: 3.72298431
SIGReg loss: 3.72298431
SIGReg loss: 3.99778271
SIGReg loss: 3.99778271
SIGReg loss: 4.07657433
SIGReg loss: 4.07657433
SIGReg loss: 3.99838924
SIGReg loss: 3.99838924
SIGReg loss: 3.81529617
SIGReg loss: 3.81529617
SIGReg loss: 3.9340384
SIGReg loss: 3.9340384
SIGReg loss: 3.82460022
SIGReg loss: 3.82460022
SIGReg loss: 4.16288567
SIGReg loss: 4.16288567
SIGReg loss: 3.85963821
SIGReg loss: 3.85963821
SIGReg loss: 3.43237114
SIGReg loss: 3.43237114
SIGReg loss: 3.56666279
SIGReg loss: 3.56666279
SIGReg loss: 3.59512711
SIGReg loss: 3.59512711
SIGReg loss: 3.48997545
SIGReg loss: 3.48997545
SIGReg loss: 3.5251472
SIGReg loss: 3.5251472
SIGReg loss: 3.45745039
SIGReg loss: 3.45745039
SIGReg loss: 3.28931141
SIGReg loss: 3.28931141
SIGReg loss: 3.54562974
SIGReg loss: 3.54562974
SIGReg loss: 3.79991627
SIGReg loss: 3.79991627
SIGReg loss: 4.05352116
SIGReg loss: 4.05352116
SIGReg loss: 4.26489639
SIGReg loss: 4.26489639
SIGReg loss: 3.92919779
SIGReg loss: 3.92919779
SIGReg loss: 3.39892697
SIGReg loss: 3.39892697
SIGReg loss: 3.67176867
SIGReg loss: 3.67176867
SIGReg loss: 3.54090428
SIGReg loss: 3.54090428
SIGReg loss: 3.64640737
SIGReg loss: 3.64640737
SIGReg loss: 3.62777925
SIGReg loss: 3.62777925
SIGReg loss: 3.72091818
SIGReg loss: 3.72091818
SIGReg loss: 4.11556625
SIGReg loss: 4.11556625
SIGReg loss: 3.31444669
SIGReg loss: 3.31444669
SIGReg loss: 3.74193048
SIGReg loss: 3.74193048
SIGReg loss: 3.27663493
SIGReg loss: 3.27663493
SIGReg loss: 3.89878798
SIGReg loss: 3.89878798
SIGReg loss: 3.60251522
SIGReg loss: 3.60251522
SIGReg loss: 3.55715418
SIGReg loss: 3.55715418
SIGReg loss: 3.61936831
SIGReg loss: 3.61936831
SIGReg loss: 3.55117202
SIGReg loss: 3.55117202
SIGReg loss: 3.85988
SIGReg loss: 3.85988
SIGReg loss: 3.35453272
SIGReg loss: 3.35453272
SIGReg loss: 3.5533185
SIGReg loss: 3.5533185
SIGReg loss: 3.42994332
SIGReg loss: 3.42994332
SIGReg loss: 3.60351157
SIGReg loss: 3.60351157
SIGReg loss: 3.83886671
SIGReg loss: 3.83886671
SIGReg loss: 3.82600188
SIGReg loss: 3.82600188
SIGReg loss: 3.86648297
SIGReg loss: 3.86648297
SIGReg loss: 3.78151226
SIGReg loss: 3.78151226
SIGReg loss: 3.51769066
SIGReg loss: 3.51769066
SIGReg loss: 3.45349956
SIGReg loss: 3.45349956
  Step 350: Backbone Loss = 1.1097, Probe Loss = 177.4357, Acc = 0.5316
SIGReg loss: 3.25419283
SIGReg loss: 3.25419283
SIGReg loss: 3.57082152
SIGReg loss: 3.57082152
SIGReg loss: 3.51730371
SIGReg loss: 3.51730371
SIGReg loss: 3.59086823
SIGReg loss: 3.59086823
SIGReg loss: 3.15487623
SIGReg loss: 3.15487623
SIGReg loss: 3.64006519
SIGReg loss: 3.64006519
SIGReg loss: 3.68341422
SIGReg loss: 3.68341422
SIGReg loss: 3.83411479
SIGReg loss: 3.83411479
SIGReg loss: 3.76371026
SIGReg loss: 3.76371026
SIGReg loss: 3.56365204
SIGReg loss: 3.56365204
SIGReg loss: 3.64619756
SIGReg loss: 3.64619756
SIGReg loss: 3.26633692
SIGReg loss: 3.26633692
SIGReg loss: 3.47165394
SIGReg loss: 3.47165394
SIGReg loss: 3.36287498
SIGReg loss: 3.36287498
SIGReg loss: 3.19096398
SIGReg loss: 3.19096398
SIGReg loss: 3.59927702
SIGReg loss: 3.59927702
SIGReg loss: 3.8532443
SIGReg loss: 3.8532443
SIGReg loss: 3.65218401
SIGReg loss: 3.65218401
SIGReg loss: 3.86824298
SIGReg loss: 3.86824298
SIGReg loss: 3.92295623
SIGReg loss: 3.92295623
SIGReg loss: 3.64417601
SIGReg loss: 3.64417601
SIGReg loss: 3.46268296
SIGReg loss: 3.46268296
SIGReg loss: 3.51291537
SIGReg loss: 3.51291537
SIGReg loss: 3.95972204
SIGReg loss: 3.95972204
SIGReg loss: 3.3978653
SIGReg loss: 3.3978653
SIGReg loss: 3.4240756
SIGReg loss: 3.4240756
SIGReg loss: 3.53755474
SIGReg loss: 3.53755474
SIGReg loss: 3.7899189
SIGReg loss: 3.7899189
SIGReg loss: 3.97405457
SIGReg loss: 3.97405457
SIGReg loss: 4.17644882
SIGReg loss: 4.17644882
SIGReg loss: 4.13553238
SIGReg loss: 4.13553238
SIGReg loss: 3.91493177
SIGReg loss: 3.91493177
SIGReg loss: 3.42764044
SIGReg loss: 3.42764044
SIGReg loss: 3.17871
SIGReg loss: 3.17871
SIGReg loss: 3.50306749
SIGReg loss: 3.50306749
SIGReg loss: 3.2087419
SIGReg loss: 3.2087419
SIGReg loss: 3.40073013
SIGReg loss: 3.40073013
SIGReg loss: 3.73827386
SIGReg loss: 3.73827386
SIGReg loss: 3.83710432
SIGReg loss: 3.83710432
SIGReg loss: 3.61296964
SIGReg loss: 3.61296964
SIGReg loss: 3.71594524
SIGReg loss: 3.71594524
SIGReg loss: 4.22458267
SIGReg loss: 4.22458267
SIGReg loss: 3.83057976
SIGReg loss: 3.83057976
SIGReg loss: 4.07066727
SIGReg loss: 4.07066727
SIGReg loss: 3.44346023
SIGReg loss: 3.44346023
SIGReg loss: 3.62615895
SIGReg loss: 3.62615895
SIGReg loss: 3.59298563
SIGReg loss: 3.59298563
SIGReg loss: 3.70952678
SIGReg loss: 3.70952678
SIGReg loss: 3.48610091
SIGReg loss: 3.48610091
SIGReg loss: 3.43886161
SIGReg loss: 3.43886161
  Step 400: Backbone Loss = 1.1145, Probe Loss = 192.8273, Acc = 0.5272
SIGReg loss: 3.5632205
SIGReg loss: 3.5632205
SIGReg loss: 3.63695288
SIGReg loss: 3.63695288
SIGReg loss: 3.6276238
SIGReg loss: 3.6276238
SIGReg loss: 3.33416843
SIGReg loss: 3.33416843
SIGReg loss: 3.72423935
SIGReg loss: 3.72423935
SIGReg loss: 3.38037801
SIGReg loss: 3.38037801
SIGReg loss: 3.60907245
SIGReg loss: 3.60907245
SIGReg loss: 3.41494536
SIGReg loss: 3.41494536
SIGReg loss: 3.64628363
SIGReg loss: 3.64628363
SIGReg loss: 3.82131553
SIGReg loss: 3.82131553
SIGReg loss: 3.88228393
SIGReg loss: 3.88228393
SIGReg loss: 3.56481218
SIGReg loss: 3.56481218
SIGReg loss: 3.32316303
SIGReg loss: 3.32316303
SIGReg loss: 3.54080153
SIGReg loss: 3.54080153
SIGReg loss: 3.69290757
SIGReg loss: 3.69290757
SIGReg loss: 3.68866062
SIGReg loss: 3.68866062
SIGReg loss: 3.62838936
SIGReg loss: 3.62838936
SIGReg loss: 3.42910576
SIGReg loss: 3.42910576
SIGReg loss: 3.39212942
SIGReg loss: 3.39212942
SIGReg loss: 3.87532234
SIGReg loss: 3.87532234
SIGReg loss: 3.73467708
SIGReg loss: 3.73467708
SIGReg loss: 3.29938865
SIGReg loss: 3.29938865
SIGReg loss: 3.34896874
SIGReg loss: 3.34896874
SIGReg loss: 3.70893741
SIGReg loss: 3.70893741
SIGReg loss: 3.9707284
SIGReg loss: 3.9707284
SIGReg loss: 4.07634687
SIGReg loss: 4.07634687
SIGReg loss: 3.633044
SIGReg loss: 3.633044
SIGReg loss: 3.43750215
SIGReg loss: 3.43750215
SIGReg loss: 3.63268685
SIGReg loss: 3.63268685
SIGReg loss: 3.41754055
SIGReg loss: 3.41754055
SIGReg loss: 3.5094533
SIGReg loss: 3.5094533
SIGReg loss: 3.68014431
SIGReg loss: 3.68014431
SIGReg loss: 3.83350968
SIGReg loss: 3.83350968
SIGReg loss: 3.54416013
SIGReg loss: 3.54416013
SIGReg loss: 3.41466427
SIGReg loss: 3.41466427
SIGReg loss: 3.63460469
SIGReg loss: 3.63460469
SIGReg loss: 3.76196909
SIGReg loss: 3.76196909
SIGReg loss: 3.99394512
SIGReg loss: 3.99394512
SIGReg loss: 3.71555138
SIGReg loss: 3.71555138
SIGReg loss: 3.69731236
SIGReg loss: 3.69731236
SIGReg loss: 3.21787786
SIGReg loss: 3.21787786
SIGReg loss: 3.2049973
SIGReg loss: 3.2049973
SIGReg loss: 3.27869701
SIGReg loss: 3.27869701
SIGReg loss: 3.70925522
SIGReg loss: 3.70925522
SIGReg loss: 3.34267664
SIGReg loss: 3.34267664
SIGReg loss: 3.83149147
SIGReg loss: 3.83149147
SIGReg loss: 4.05681705
SIGReg loss: 4.05681705
SIGReg loss: 3.86061931
SIGReg loss: 3.86061931
SIGReg loss: 3.6651125
SIGReg loss: 3.6651125
SIGReg loss: 3.69877076
SIGReg loss: 3.69877076
  Step 450: Backbone Loss = 1.1090, Probe Loss = 196.2786, Acc = 0.5302
SIGReg loss: 4.0837841
SIGReg loss: 4.0837841
SIGReg loss: 3.95212984
SIGReg loss: 3.95212984
SIGReg loss: 3.61365104
SIGReg loss: 3.61365104
SIGReg loss: 3.53660369
SIGReg loss: 3.53660369
SIGReg loss: 3.65180755
SIGReg loss: 3.65180755
SIGReg loss: 3.69112015
SIGReg loss: 3.69112015
SIGReg loss: 3.47039723
SIGReg loss: 3.47039723
SIGReg loss: 3.49184275
SIGReg loss: 3.49184275
SIGReg loss: 3.60298157
SIGReg loss: 3.60298157
SIGReg loss: 3.49863195
SIGReg loss: 3.49863195
Epoch 5 finished in 609.92s.
  Avg Backbone Loss: 1.1245
  Avg Probe Loss:    188.7419
  Avg Probe Accuracy: 0.5291

Epoch 6/100
SIGReg loss: 3.11343598
SIGReg loss: 3.11343598
  Step 0: Backbone Loss = 1.1075, Probe Loss = 175.2387, Acc = 0.5361
SIGReg loss: 3.49482918
SIGReg loss: 3.49482918
SIGReg loss: 3.51419377
SIGReg loss: 3.51419377
SIGReg loss: 3.70643878
SIGReg loss: 3.70643878
SIGReg loss: 4.2666564
SIGReg loss: 4.2666564
SIGReg loss: 3.88729906
SIGReg loss: 3.88729906
SIGReg loss: 3.50363421
SIGReg loss: 3.50363421
SIGReg loss: 3.58948278
SIGReg loss: 3.58948278
SIGReg loss: 3.7400403
SIGReg loss: 3.7400403
SIGReg loss: 3.74485874
SIGReg loss: 3.74485874
SIGReg loss: 3.53948808
SIGReg loss: 3.53948808
SIGReg loss: 3.41625166
SIGReg loss: 3.41625166
SIGReg loss: 3.36585951
SIGReg loss: 3.36585951
SIGReg loss: 3.42685223
SIGReg loss: 3.42685223
SIGReg loss: 3.66785908
SIGReg loss: 3.66785908
SIGReg loss: 3.34938025
SIGReg loss: 3.34938025
SIGReg loss: 3.30600834
SIGReg loss: 3.30600834
SIGReg loss: 3.64241314
SIGReg loss: 3.64241314
SIGReg loss: 3.34822035
SIGReg loss: 3.34822035
SIGReg loss: 3.6750927
SIGReg loss: 3.6750927
SIGReg loss: 3.3154459
SIGReg loss: 3.3154459
SIGReg loss: 3.67727041
SIGReg loss: 3.67727041
SIGReg loss: 3.79398918
SIGReg loss: 3.79398918
SIGReg loss: 3.40446687
SIGReg loss: 3.40446687
SIGReg loss: 3.63534474
SIGReg loss: 3.63534474
SIGReg loss: 3.70604229
SIGReg loss: 3.70604229
SIGReg loss: 3.43574715
SIGReg loss: 3.43574715
SIGReg loss: 3.72445679
SIGReg loss: 3.72445679
SIGReg loss: 4.04249144
SIGReg loss: 4.04249144
SIGReg loss: 4.00030422
SIGReg loss: 4.00030422
SIGReg loss: 4.07133865
SIGReg loss: 4.07133865
SIGReg loss: 3.63443232
SIGReg loss: 3.63443232
SIGReg loss: 3.50833321
SIGReg loss: 3.50833321
SIGReg loss: 3.61800051
SIGReg loss: 3.61800051
SIGReg loss: 3.54308367
SIGReg loss: 3.54308367
SIGReg loss: 3.50097513
SIGReg loss: 3.50097513
SIGReg loss: 3.34865618
SIGReg loss: 3.34865618
SIGReg loss: 3.80206776
SIGReg loss: 3.80206776
SIGReg loss: 3.14752293
SIGReg loss: 3.14752293
SIGReg loss: 3.69644952
SIGReg loss: 3.69644952
SIGReg loss: 3.89925623
SIGReg loss: 3.89925623
SIGReg loss: 3.3999095
SIGReg loss: 3.3999095
SIGReg loss: 3.7875917
SIGReg loss: 3.7875917
SIGReg loss: 3.73663163
SIGReg loss: 3.73663163
SIGReg loss: 3.867167
SIGReg loss: 3.867167
SIGReg loss: 3.72690749
SIGReg loss: 3.72690749
SIGReg loss: 3.79175639
SIGReg loss: 3.79175639
SIGReg loss: 3.44686174
SIGReg loss: 3.44686174
SIGReg loss: 3.36510277
SIGReg loss: 3.36510277
SIGReg loss: 3.76866627
SIGReg loss: 3.76866627
SIGReg loss: 3.60387325
SIGReg loss: 3.60387325
  Step 50: Backbone Loss = 1.1209, Probe Loss = 169.3072, Acc = 0.5275
SIGReg loss: 3.43403
SIGReg loss: 3.43403
SIGReg loss: 3.58076429
SIGReg loss: 3.58076429
SIGReg loss: 3.42144823
SIGReg loss: 3.42144823
SIGReg loss: 3.46850467
SIGReg loss: 3.46850467
SIGReg loss: 3.46726632
SIGReg loss: 3.46726632
SIGReg loss: 3.23818803
SIGReg loss: 3.23818803
SIGReg loss: 3.46279
SIGReg loss: 3.46279
SIGReg loss: 3.10856104
SIGReg loss: 3.10856104
SIGReg loss: 3.48026943
SIGReg loss: 3.48026943
SIGReg loss: 3.41752458
SIGReg loss: 3.41752458
SIGReg loss: 3.81768966
SIGReg loss: 3.81768966
SIGReg loss: 3.70300484
SIGReg loss: 3.70300484
SIGReg loss: 3.78707457
SIGReg loss: 3.78707457
SIGReg loss: 3.5221262
SIGReg loss: 3.5221262
SIGReg loss: 3.49057889
SIGReg loss: 3.49057889
SIGReg loss: 3.77626085
SIGReg loss: 3.77626085
SIGReg loss: 3.50793529
SIGReg loss: 3.50793529
SIGReg loss: 3.66522837
SIGReg loss: 3.66522837
SIGReg loss: 3.43440175
SIGReg loss: 3.43440175
SIGReg loss: 3.28129578
SIGReg loss: 3.28129578
SIGReg loss: 3.2688024
SIGReg loss: 3.2688024
SIGReg loss: 3.3294549
SIGReg loss: 3.3294549
SIGReg loss: 3.63066816
SIGReg loss: 3.63066816
SIGReg loss: 3.25946736
SIGReg loss: 3.25946736
SIGReg loss: 3.52305603
SIGReg loss: 3.52305603
SIGReg loss: 3.28022957
SIGReg loss: 3.28022957
SIGReg loss: 3.83913851
SIGReg loss: 3.83913851
SIGReg loss: 3.57874846
SIGReg loss: 3.57874846
SIGReg loss: 3.39546919
SIGReg loss: 3.39546919
SIGReg loss: 3.58738685
SIGReg loss: 3.58738685
SIGReg loss: 3.65662932
SIGReg loss: 3.65662932
SIGReg loss: 3.54331207
SIGReg loss: 3.54331207
SIGReg loss: 3.47083426
SIGReg loss: 3.47083426
SIGReg loss: 3.48585868
SIGReg loss: 3.48585868
SIGReg loss: 3.676893
SIGReg loss: 3.676893
SIGReg loss: 3.52928734
SIGReg loss: 3.52928734
SIGReg loss: 3.70079017
SIGReg loss: 3.70079017
SIGReg loss: 3.20866871
SIGReg loss: 3.20866871
SIGReg loss: 3.8682003
SIGReg loss: 3.8682003
SIGReg loss: 3.69269395
SIGReg loss: 3.69269395
SIGReg loss: 3.49127221
SIGReg loss: 3.49127221
SIGReg loss: 4.04393101
SIGReg loss: 4.04393101
SIGReg loss: 3.4436698
SIGReg loss: 3.4436698
SIGReg loss: 3.38861561
SIGReg loss: 3.38861561
SIGReg loss: 3.50871897
SIGReg loss: 3.50871897
SIGReg loss: 3.89609194
SIGReg loss: 3.89609194
SIGReg loss: 3.66961145
SIGReg loss: 3.66961145
SIGReg loss: 3.23728275
SIGReg loss: 3.23728275
SIGReg loss: 3.43301249
SIGReg loss: 3.43301249
SIGReg loss: 3.45633364
SIGReg loss: 3.45633364
  Step 100: Backbone Loss = 1.1135, Probe Loss = 179.9201, Acc = 0.5263
SIGReg loss: 3.7311852
SIGReg loss: 3.7311852
SIGReg loss: 3.58231068
SIGReg loss: 3.58231068
SIGReg loss: 3.45956969
SIGReg loss: 3.45956969
SIGReg loss: 3.53677416
SIGReg loss: 3.53677416
SIGReg loss: 3.83203363
SIGReg loss: 3.83203363
SIGReg loss: 3.49073029
SIGReg loss: 3.49073029
SIGReg loss: 3.63986421
SIGReg loss: 3.63986421
SIGReg loss: 3.7675457
SIGReg loss: 3.7675457
SIGReg loss: 3.65082836
SIGReg loss: 3.65082836
SIGReg loss: 3.81997156
SIGReg loss: 3.81997156
SIGReg loss: 3.55696368
SIGReg loss: 3.55696368
SIGReg loss: 3.75770783
SIGReg loss: 3.75770783
SIGReg loss: 3.53316593
SIGReg loss: 3.53316593
SIGReg loss: 3.48771024
SIGReg loss: 3.48771024
SIGReg loss: 3.48374081
SIGReg loss: 3.48374081
SIGReg loss: 3.35980034
SIGReg loss: 3.35980034
SIGReg loss: 3.25343299
SIGReg loss: 3.25343299
SIGReg loss: 3.10613012
SIGReg loss: 3.10613012
SIGReg loss: 3.27282286
SIGReg loss: 3.27282286
SIGReg loss: 3.70456624
SIGReg loss: 3.70456624
SIGReg loss: 3.63128662
SIGReg loss: 3.63128662
SIGReg loss: 3.79854298
SIGReg loss: 3.79854298
SIGReg loss: 3.84619856
SIGReg loss: 3.84619856
SIGReg loss: 3.70989347
SIGReg loss: 3.70989347
SIGReg loss: 3.49325228
SIGReg loss: 3.49325228
SIGReg loss: 3.53485584
SIGReg loss: 3.53485584
SIGReg loss: 3.3374753
SIGReg loss: 3.3374753
SIGReg loss: 3.72136807
SIGReg loss: 3.72136807
SIGReg loss: 3.56898069
SIGReg loss: 3.56898069
SIGReg loss: 3.6811552
SIGReg loss: 3.6811552
SIGReg loss: 3.35577059
SIGReg loss: 3.35577059
SIGReg loss: 3.35048962
SIGReg loss: 3.35048962
SIGReg loss: 3.49278975
SIGReg loss: 3.49278975
SIGReg loss: 3.23057413
SIGReg loss: 3.23057413
SIGReg loss: 3.33164907
SIGReg loss: 3.33164907
SIGReg loss: 3.29894161
SIGReg loss: 3.29894161
SIGReg loss: 3.69046664
SIGReg loss: 3.69046664
SIGReg loss: 3.46746111
SIGReg loss: 3.46746111
SIGReg loss: 3.5866127
SIGReg loss: 3.5866127
SIGReg loss: 3.58503366
SIGReg loss: 3.58503366
SIGReg loss: 3.72455239
SIGReg loss: 3.72455239
SIGReg loss: 3.58715463
SIGReg loss: 3.58715463
SIGReg loss: 3.614609
SIGReg loss: 3.614609
SIGReg loss: 3.52477264
SIGReg loss: 3.52477264
SIGReg loss: 3.38015223
SIGReg loss: 3.38015223
SIGReg loss: 3.26274085
SIGReg loss: 3.26274085
SIGReg loss: 3.27468252
SIGReg loss: 3.27468252
SIGReg loss: 3.52324796
SIGReg loss: 3.52324796
SIGReg loss: 3.35162973
SIGReg loss: 3.35162973
SIGReg loss: 3.51712942
SIGReg loss: 3.51712942
  Step 150: Backbone Loss = 1.1036, Probe Loss = 174.8788, Acc = 0.5265
SIGReg loss: 3.62018371
SIGReg loss: 3.62018371
SIGReg loss: 3.87392402
SIGReg loss: 3.87392402
SIGReg loss: 3.68858385
SIGReg loss: 3.68858385
SIGReg loss: 3.57166052
SIGReg loss: 3.57166052
SIGReg loss: 3.55629969
SIGReg loss: 3.55629969
SIGReg loss: 3.31870914
SIGReg loss: 3.31870914
SIGReg loss: 3.51290369
SIGReg loss: 3.51290369
SIGReg loss: 3.29319477
SIGReg loss: 3.29319477
SIGReg loss: 3.53481579
SIGReg loss: 3.53481579
SIGReg loss: 3.26080132
SIGReg loss: 3.26080132
SIGReg loss: 3.45021081
SIGReg loss: 3.45021081
SIGReg loss: 3.35800934
SIGReg loss: 3.35800934
SIGReg loss: 3.56828189
SIGReg loss: 3.56828189
SIGReg loss: 3.26436114
SIGReg loss: 3.26436114
SIGReg loss: 3.29103446
SIGReg loss: 3.29103446
SIGReg loss: 3.48885632
SIGReg loss: 3.48885632
SIGReg loss: 3.60450244
SIGReg loss: 3.60450244
SIGReg loss: 3.48927736
SIGReg loss: 3.48927736
SIGReg loss: 3.79966068
SIGReg loss: 3.79966068
SIGReg loss: 3.58065677
SIGReg loss: 3.58065677
SIGReg loss: 3.37144876
SIGReg loss: 3.37144876
SIGReg loss: 3.25201702
SIGReg loss: 3.25201702
SIGReg loss: 3.24065661
SIGReg loss: 3.24065661
SIGReg loss: 3.58876228
SIGReg loss: 3.58876228
SIGReg loss: 3.43673682
SIGReg loss: 3.43673682
SIGReg loss: 3.2315228
SIGReg loss: 3.2315228
SIGReg loss: 3.79571676
SIGReg loss: 3.79571676
SIGReg loss: 3.45553517
SIGReg loss: 3.45553517
SIGReg loss: 3.23445272
SIGReg loss: 3.23445272
SIGReg loss: 3.27781868
SIGReg loss: 3.27781868
SIGReg loss: 3.2609148
SIGReg loss: 3.2609148
SIGReg loss: 3.5983367
SIGReg loss: 3.5983367
SIGReg loss: 3.39706492
SIGReg loss: 3.39706492
SIGReg loss: 3.64120603
SIGReg loss: 3.64120603
SIGReg loss: 3.26035357
SIGReg loss: 3.26035357
SIGReg loss: 3.47676826
SIGReg loss: 3.47676826
SIGReg loss: 3.33474231
SIGReg loss: 3.33474231
SIGReg loss: 3.69101262
SIGReg loss: 3.69101262
SIGReg loss: 3.25153542
SIGReg loss: 3.25153542
SIGReg loss: 3.31934333
SIGReg loss: 3.31934333
SIGReg loss: 3.50003433
SIGReg loss: 3.50003433
SIGReg loss: 3.27557182
SIGReg loss: 3.27557182
SIGReg loss: 3.8074832
SIGReg loss: 3.8074832
SIGReg loss: 3.42448711
SIGReg loss: 3.42448711
SIGReg loss: 3.6468277
SIGReg loss: 3.6468277
SIGReg loss: 3.7065618
SIGReg loss: 3.7065618
SIGReg loss: 3.67120051
SIGReg loss: 3.67120051
SIGReg loss: 3.59369659
SIGReg loss: 3.59369659
SIGReg loss: 3.48886776
SIGReg loss: 3.48886776
SIGReg loss: 3.55952072
SIGReg loss: 3.55952072
  Step 200: Backbone Loss = 1.1001, Probe Loss = 210.2942, Acc = 0.5265
SIGReg loss: 3.77444768
SIGReg loss: 3.77444768
SIGReg loss: 3.39001608
SIGReg loss: 3.39001608
SIGReg loss: 3.41299629
SIGReg loss: 3.41299629
SIGReg loss: 3.36170149
SIGReg loss: 3.36170149
SIGReg loss: 2.90777874
SIGReg loss: 2.90777874
SIGReg loss: 3.59797621
SIGReg loss: 3.59797621
SIGReg loss: 3.41649199
SIGReg loss: 3.41649199
SIGReg loss: 3.54249287
SIGReg loss: 3.54249287
SIGReg loss: 3.31150723
SIGReg loss: 3.31150723
SIGReg loss: 3.42261505
SIGReg loss: 3.42261505
SIGReg loss: 3.70001101
SIGReg loss: 3.70001101
SIGReg loss: 3.42573547
SIGReg loss: 3.42573547
SIGReg loss: 3.64414835
SIGReg loss: 3.64414835
SIGReg loss: 3.55260849
SIGReg loss: 3.55260849
SIGReg loss: 3.50205564
SIGReg loss: 3.50205564
SIGReg loss: 3.55604172
SIGReg loss: 3.55604172
SIGReg loss: 3.23696303
SIGReg loss: 3.23696303
SIGReg loss: 3.36830473
SIGReg loss: 3.36830473
SIGReg loss: 3.35795665
SIGReg loss: 3.35795665
SIGReg loss: 3.32871747
SIGReg loss: 3.32871747
SIGReg loss: 3.52537727
SIGReg loss: 3.52537727
SIGReg loss: 3.68108916
SIGReg loss: 3.68108916
SIGReg loss: 3.55872726
SIGReg loss: 3.55872726
SIGReg loss: 3.34908485
SIGReg loss: 3.34908485
SIGReg loss: 3.39476943
SIGReg loss: 3.39476943
SIGReg loss: 3.65586948
SIGReg loss: 3.65586948
SIGReg loss: 3.56874275
SIGReg loss: 3.56874275
SIGReg loss: 3.45595384
SIGReg loss: 3.45595384
SIGReg loss: 3.8267169
SIGReg loss: 3.8267169
SIGReg loss: 3.40975595
SIGReg loss: 3.40975595
SIGReg loss: 3.3009305
SIGReg loss: 3.3009305
SIGReg loss: 3.27441764
SIGReg loss: 3.27441764
SIGReg loss: 3.70283175
SIGReg loss: 3.70283175
SIGReg loss: 3.58611727
SIGReg loss: 3.58611727
SIGReg loss: 3.41215968
SIGReg loss: 3.41215968
SIGReg loss: 3.41701603
SIGReg loss: 3.41701603
SIGReg loss: 3.26993275
SIGReg loss: 3.26993275
SIGReg loss: 3.84083486
SIGReg loss: 3.84083486
SIGReg loss: 3.44247222
SIGReg loss: 3.44247222
SIGReg loss: 3.46937466
SIGReg loss: 3.46937466
SIGReg loss: 3.36760235
SIGReg loss: 3.36760235
SIGReg loss: 3.57022262
SIGReg loss: 3.57022262
SIGReg loss: 3.50260854
SIGReg loss: 3.50260854
SIGReg loss: 3.51723552
SIGReg loss: 3.51723552
SIGReg loss: 3.63322783
SIGReg loss: 3.63322783
SIGReg loss: 3.42827821
SIGReg loss: 3.42827821
SIGReg loss: 3.77109575
SIGReg loss: 3.77109575
SIGReg loss: 3.92196155
SIGReg loss: 3.92196155
SIGReg loss: 3.7657311
SIGReg loss: 3.7657311
SIGReg loss: 3.6183219
SIGReg loss: 3.6183219
  Step 250: Backbone Loss = 1.1198, Probe Loss = 186.2093, Acc = 0.5184
SIGReg loss: 3.37065244
SIGReg loss: 3.37065244
SIGReg loss: 3.11099434
SIGReg loss: 3.11099434
SIGReg loss: 3.14109421
SIGReg loss: 3.14109421
SIGReg loss: 3.48652339
SIGReg loss: 3.48652339
SIGReg loss: 3.24150348
SIGReg loss: 3.24150348
SIGReg loss: 3.50155234
SIGReg loss: 3.50155234
SIGReg loss: 3.11491537
SIGReg loss: 3.11491537
SIGReg loss: 3.29937863
SIGReg loss: 3.29937863
SIGReg loss: 3.51899242
SIGReg loss: 3.51899242
SIGReg loss: 3.37300849
SIGReg loss: 3.37300849
SIGReg loss: 3.73416758
SIGReg loss: 3.73416758
SIGReg loss: 3.67935085
SIGReg loss: 3.67935085
SIGReg loss: 3.78048539
SIGReg loss: 3.78048539
SIGReg loss: 3.61969495
SIGReg loss: 3.61969495
SIGReg loss: 3.58098698
SIGReg loss: 3.58098698
SIGReg loss: 3.75866652
SIGReg loss: 3.75866652
SIGReg loss: 3.73000193
SIGReg loss: 3.73000193
SIGReg loss: 3.68570137
SIGReg loss: 3.68570137
SIGReg loss: 3.8326664
SIGReg loss: 3.8326664
SIGReg loss: 3.40947819
SIGReg loss: 3.40947819
SIGReg loss: 3.27134395
SIGReg loss: 3.27134395
SIGReg loss: 3.7484622
SIGReg loss: 3.7484622
SIGReg loss: 3.3056457
SIGReg loss: 3.3056457
SIGReg loss: 3.52419949
SIGReg loss: 3.52419949
SIGReg loss: 3.49141669
SIGReg loss: 3.49141669
SIGReg loss: 3.31706047
SIGReg loss: 3.31706047
SIGReg loss: 3.47253251
SIGReg loss: 3.47253251
SIGReg loss: 3.61483383
SIGReg loss: 3.61483383
SIGReg loss: 3.71457481
SIGReg loss: 3.71457481
SIGReg loss: 3.54265356
SIGReg loss: 3.54265356
SIGReg loss: 3.38905811
SIGReg loss: 3.38905811
SIGReg loss: 3.56391525
SIGReg loss: 3.56391525
SIGReg loss: 3.20020294
SIGReg loss: 3.20020294
SIGReg loss: 3.47195339
SIGReg loss: 3.47195339
SIGReg loss: 3.55433869
SIGReg loss: 3.55433869
SIGReg loss: 3.21166778
SIGReg loss: 3.21166778
SIGReg loss: 3.5805316
SIGReg loss: 3.5805316
SIGReg loss: 3.58954358
SIGReg loss: 3.58954358
SIGReg loss: 3.52794
SIGReg loss: 3.52794
SIGReg loss: 3.53286314
SIGReg loss: 3.53286314
SIGReg loss: 3.49748516
SIGReg loss: 3.49748516
SIGReg loss: 3.2797358
SIGReg loss: 3.2797358
SIGReg loss: 3.1810441
SIGReg loss: 3.1810441
SIGReg loss: 3.40988088
SIGReg loss: 3.40988088
SIGReg loss: 3.47354698
SIGReg loss: 3.47354698
SIGReg loss: 3.20566249
SIGReg loss: 3.20566249
SIGReg loss: 3.31687522
SIGReg loss: 3.31687522
SIGReg loss: 3.34908056
SIGReg loss: 3.34908056
SIGReg loss: 3.57806611
SIGReg loss: 3.57806611
SIGReg loss: 3.78867555
SIGReg loss: 3.78867555
  Step 300: Backbone Loss = 1.1135, Probe Loss = 187.5548, Acc = 0.5195
SIGReg loss: 3.79257631
SIGReg loss: 3.79257631
SIGReg loss: 3.92641878
SIGReg loss: 3.92641878
SIGReg loss: 3.53962398
SIGReg loss: 3.53962398
SIGReg loss: 3.79047108
SIGReg loss: 3.79047108
SIGReg loss: 3.62962675
SIGReg loss: 3.62962675
SIGReg loss: 3.42042279
SIGReg loss: 3.42042279
SIGReg loss: 3.00608873
SIGReg loss: 3.00608873
SIGReg loss: 3.14359665
SIGReg loss: 3.14359665
SIGReg loss: 3.59559035
SIGReg loss: 3.59559035
SIGReg loss: 3.34351397
SIGReg loss: 3.34351397
SIGReg loss: 3.63861
SIGReg loss: 3.63861
SIGReg loss: 3.58254099
SIGReg loss: 3.58254099
SIGReg loss: 3.97757578
SIGReg loss: 3.97757578
SIGReg loss: 3.64097285
SIGReg loss: 3.64097285
SIGReg loss: 3.61562753
SIGReg loss: 3.61562753
SIGReg loss: 3.51179361
SIGReg loss: 3.51179361
SIGReg loss: 3.39730287
SIGReg loss: 3.39730287
SIGReg loss: 3.45990801
SIGReg loss: 3.45990801
SIGReg loss: 3.13529825
SIGReg loss: 3.13529825
SIGReg loss: 3.38368678
SIGReg loss: 3.38368678
SIGReg loss: 3.61578202
SIGReg loss: 3.61578202
SIGReg loss: 3.43634224
SIGReg loss: 3.43634224
SIGReg loss: 3.20806289
SIGReg loss: 3.20806289
SIGReg loss: 3.63618946
SIGReg loss: 3.63618946
SIGReg loss: 3.40000534
SIGReg loss: 3.40000534
SIGReg loss: 3.49144173
SIGReg loss: 3.49144173
SIGReg loss: 3.3011167
SIGReg loss: 3.3011167
SIGReg loss: 3.58621907
SIGReg loss: 3.58621907
SIGReg loss: 3.47453022
SIGReg loss: 3.47453022
SIGReg loss: 3.72715425
SIGReg loss: 3.72715425
SIGReg loss: 3.41529179
SIGReg loss: 3.41529179
SIGReg loss: 3.42221045
SIGReg loss: 3.42221045
SIGReg loss: 3.32537413
SIGReg loss: 3.32537413
SIGReg loss: 3.62952757
SIGReg loss: 3.62952757
SIGReg loss: 3.60230517
SIGReg loss: 3.60230517
SIGReg loss: 3.41973042
SIGReg loss: 3.41973042
SIGReg loss: 3.72024918
SIGReg loss: 3.72024918
SIGReg loss: 3.71324492
SIGReg loss: 3.71324492
SIGReg loss: 3.70907211
SIGReg loss: 3.70907211
SIGReg loss: 3.75127
SIGReg loss: 3.75127
SIGReg loss: 4.19472933
SIGReg loss: 4.19472933
SIGReg loss: 3.35999489
SIGReg loss: 3.35999489
SIGReg loss: 3.76306796
SIGReg loss: 3.76306796
SIGReg loss: 3.28627634
SIGReg loss: 3.28627634
SIGReg loss: 3.24635863
SIGReg loss: 3.24635863
SIGReg loss: 3.32182384
SIGReg loss: 3.32182384
SIGReg loss: 3.36579251
SIGReg loss: 3.36579251
SIGReg loss: 3.9390111
SIGReg loss: 3.9390111
SIGReg loss: 3.6948626
SIGReg loss: 3.6948626
SIGReg loss: 3.31776357
SIGReg loss: 3.31776357
  Step 350: Backbone Loss = 1.0955, Probe Loss = 203.8476, Acc = 0.5304
SIGReg loss: 3.58027244
SIGReg loss: 3.58027244
SIGReg loss: 3.40000248
SIGReg loss: 3.40000248
SIGReg loss: 3.4933455
SIGReg loss: 3.4933455
SIGReg loss: 3.55126166
SIGReg loss: 3.55126166
SIGReg loss: 3.44360781
SIGReg loss: 3.44360781
SIGReg loss: 3.54967761
SIGReg loss: 3.54967761
SIGReg loss: 3.06214762
SIGReg loss: 3.06214762
SIGReg loss: 3.05190349
SIGReg loss: 3.05190349
SIGReg loss: 3.60196781
SIGReg loss: 3.60196781
SIGReg loss: 3.55613327
SIGReg loss: 3.55613327
SIGReg loss: 3.56471705
SIGReg loss: 3.56471705
SIGReg loss: 3.5573535
SIGReg loss: 3.5573535
SIGReg loss: 3.58783913
SIGReg loss: 3.58783913
SIGReg loss: 3.36913443
SIGReg loss: 3.36913443
SIGReg loss: 3.64741755
SIGReg loss: 3.64741755
SIGReg loss: 3.39158583
SIGReg loss: 3.39158583
SIGReg loss: 3.40804482
SIGReg loss: 3.40804482
SIGReg loss: 3.4272809
SIGReg loss: 3.4272809
SIGReg loss: 3.2445693
SIGReg loss: 3.2445693
SIGReg loss: 3.9019
SIGReg loss: 3.9019
SIGReg loss: 3.30102587
SIGReg loss: 3.30102587
SIGReg loss: 3.46618414
SIGReg loss: 3.46618414
SIGReg loss: 3.31832385
SIGReg loss: 3.31832385
SIGReg loss: 3.32107782
SIGReg loss: 3.32107782
SIGReg loss: 3.38130879
SIGReg loss: 3.38130879
SIGReg loss: 3.55556798
SIGReg loss: 3.55556798
SIGReg loss: 3.59745979
SIGReg loss: 3.59745979
SIGReg loss: 3.48658228
SIGReg loss: 3.48658228
SIGReg loss: 3.35019207
SIGReg loss: 3.35019207
SIGReg loss: 3.6262207
SIGReg loss: 3.6262207
SIGReg loss: 3.23791337
SIGReg loss: 3.23791337
SIGReg loss: 3.25757933
SIGReg loss: 3.25757933
SIGReg loss: 3.34571409
SIGReg loss: 3.34571409
SIGReg loss: 3.08167624
SIGReg loss: 3.08167624
SIGReg loss: 3.40044236
SIGReg loss: 3.40044236
SIGReg loss: 3.06035662
SIGReg loss: 3.06035662
SIGReg loss: 3.45268965
SIGReg loss: 3.45268965
SIGReg loss: 3.44932723
SIGReg loss: 3.44932723
SIGReg loss: 3.43035555
SIGReg loss: 3.43035555
SIGReg loss: 4.14652395
SIGReg loss: 4.14652395
SIGReg loss: 3.33518696
SIGReg loss: 3.33518696
SIGReg loss: 3.31280184
SIGReg loss: 3.31280184
SIGReg loss: 3.50395322
SIGReg loss: 3.50395322
SIGReg loss: 3.69398141
SIGReg loss: 3.69398141
SIGReg loss: 3.24772596
SIGReg loss: 3.24772596
SIGReg loss: 3.43639159
SIGReg loss: 3.43639159
SIGReg loss: 3.54139352
SIGReg loss: 3.54139352
SIGReg loss: 3.73518825
SIGReg loss: 3.73518825
SIGReg loss: 3.56911874
SIGReg loss: 3.56911874
SIGReg loss: 3.47061586
SIGReg loss: 3.47061586
  Step 400: Backbone Loss = 1.1161, Probe Loss = 174.3934, Acc = 0.5393
SIGReg loss: 3.48398
SIGReg loss: 3.48398
SIGReg loss: 3.42480326
SIGReg loss: 3.42480326
SIGReg loss: 3.29266882
SIGReg loss: 3.29266882
SIGReg loss: 3.47836328
SIGReg loss: 3.47836328
SIGReg loss: 3.45132947
SIGReg loss: 3.45132947
SIGReg loss: 3.67427516
SIGReg loss: 3.67427516
SIGReg loss: 3.5391748
SIGReg loss: 3.5391748
SIGReg loss: 3.67593813
SIGReg loss: 3.67593813
SIGReg loss: 3.60419297
SIGReg loss: 3.60419297
SIGReg loss: 3.77854252
SIGReg loss: 3.77854252
SIGReg loss: 3.44181848
SIGReg loss: 3.44181848
SIGReg loss: 3.22381186
SIGReg loss: 3.22381186
SIGReg loss: 3.72120166
SIGReg loss: 3.72120166
SIGReg loss: 3.45098734
SIGReg loss: 3.45098734
SIGReg loss: 3.23031902
SIGReg loss: 3.23031902
SIGReg loss: 3.56558037
SIGReg loss: 3.56558037
SIGReg loss: 3.24014878
SIGReg loss: 3.24014878
SIGReg loss: 3.17829633
SIGReg loss: 3.17829633
SIGReg loss: 3.41248226
SIGReg loss: 3.41248226
SIGReg loss: 3.47591639
SIGReg loss: 3.47591639
SIGReg loss: 3.8807354
SIGReg loss: 3.8807354
SIGReg loss: 3.70398474
SIGReg loss: 3.70398474
SIGReg loss: 3.3079257
SIGReg loss: 3.3079257
SIGReg loss: 3.42712355
SIGReg loss: 3.42712355
SIGReg loss: 3.2903502
SIGReg loss: 3.2903502
SIGReg loss: 3.33701181
SIGReg loss: 3.33701181
SIGReg loss: 3.34759402
SIGReg loss: 3.34759402
SIGReg loss: 3.11310816
SIGReg loss: 3.11310816
SIGReg loss: 3.11516905
SIGReg loss: 3.11516905
SIGReg loss: 3.26424336
SIGReg loss: 3.26424336
SIGReg loss: 3.49110985
SIGReg loss: 3.49110985
SIGReg loss: 3.54728031
SIGReg loss: 3.54728031
SIGReg loss: 3.57457781
SIGReg loss: 3.57457781
SIGReg loss: 3.41881466
SIGReg loss: 3.41881466
SIGReg loss: 3.40696526
SIGReg loss: 3.40696526
SIGReg loss: 3.24110889
SIGReg loss: 3.24110889
SIGReg loss: 3.60369682
SIGReg loss: 3.60369682
SIGReg loss: 3.20093155
SIGReg loss: 3.20093155
SIGReg loss: 3.24857044
SIGReg loss: 3.24857044
SIGReg loss: 3.43945169
SIGReg loss: 3.43945169
SIGReg loss: 3.32274675
SIGReg loss: 3.32274675
SIGReg loss: 3.66745234
SIGReg loss: 3.66745234
SIGReg loss: 3.38998604
SIGReg loss: 3.38998604
SIGReg loss: 3.3711071
SIGReg loss: 3.3711071
SIGReg loss: 3.53886151
SIGReg loss: 3.53886151
SIGReg loss: 3.7105372
SIGReg loss: 3.7105372
SIGReg loss: 3.45388985
SIGReg loss: 3.45388985
SIGReg loss: 3.51808977
SIGReg loss: 3.51808977
SIGReg loss: 3.54328275
SIGReg loss: 3.54328275
SIGReg loss: 3.83773756
SIGReg loss: 3.83773756
  Step 450: Backbone Loss = 1.1270, Probe Loss = 181.5961, Acc = 0.5292
SIGReg loss: 3.27626348
SIGReg loss: 3.27626348
SIGReg loss: 3.359
SIGReg loss: 3.359
SIGReg loss: 3.54686832
SIGReg loss: 3.54686832
SIGReg loss: 3.14028263
SIGReg loss: 3.14028263
SIGReg loss: 3.52378702
SIGReg loss: 3.52378702
SIGReg loss: 3.65123606
SIGReg loss: 3.65123606
SIGReg loss: 3.36826372
SIGReg loss: 3.36826372
SIGReg loss: 3.48077965
SIGReg loss: 3.48077965
SIGReg loss: 3.13818741
SIGReg loss: 3.13818741
SIGReg loss: 3.26183152
SIGReg loss: 3.26183152
Epoch 6 finished in 609.69s.
  Avg Backbone Loss: 1.1117
  Avg Probe Loss:    185.3583
  Avg Probe Accuracy: 0.5290

Epoch 7/100
SIGReg loss: 3.51933265
SIGReg loss: 3.51933265
  Step 0: Backbone Loss = 1.1037, Probe Loss = 185.6604, Acc = 0.5360
SIGReg loss: 3.50546527
SIGReg loss: 3.50546527
SIGReg loss: 3.37558222
SIGReg loss: 3.37558222
SIGReg loss: 3.45081758
SIGReg loss: 3.45081758
SIGReg loss: 3.30554771
SIGReg loss: 3.30554771
SIGReg loss: 3.34124899
SIGReg loss: 3.34124899
SIGReg loss: 3.51236582
SIGReg loss: 3.51236582
SIGReg loss: 3.51990938
SIGReg loss: 3.51990938
SIGReg loss: 3.40305281
SIGReg loss: 3.40305281
SIGReg loss: 3.42728877
SIGReg loss: 3.42728877
SIGReg loss: 3.08805203
SIGReg loss: 3.08805203
SIGReg loss: 3.21034575
SIGReg loss: 3.21034575
SIGReg loss: 3.78293085
SIGReg loss: 3.78293085
SIGReg loss: 3.49162436
SIGReg loss: 3.49162436
SIGReg loss: 3.55083108
SIGReg loss: 3.55083108
SIGReg loss: 3.5831008
SIGReg loss: 3.5831008
SIGReg loss: 3.60351729
SIGReg loss: 3.60351729
SIGReg loss: 3.44240451
SIGReg loss: 3.44240451
SIGReg loss: 3.27761865
SIGReg loss: 3.27761865
SIGReg loss: 3.61219239
SIGReg loss: 3.61219239
SIGReg loss: 3.24994421
SIGReg loss: 3.24994421
SIGReg loss: 3.61963415
SIGReg loss: 3.61963415
SIGReg loss: 3.44326138
SIGReg loss: 3.44326138
SIGReg loss: 3.56801128
SIGReg loss: 3.56801128
SIGReg loss: 3.06112051
SIGReg loss: 3.06112051
SIGReg loss: 3.38909817
SIGReg loss: 3.38909817
SIGReg loss: 3.28225613
SIGReg loss: 3.28225613
SIGReg loss: 3.52762389
SIGReg loss: 3.52762389
SIGReg loss: 3.66859126
SIGReg loss: 3.66859126
SIGReg loss: 3.69879246
SIGReg loss: 3.69879246
SIGReg loss: 3.44965291
SIGReg loss: 3.44965291
SIGReg loss: 3.60846639
SIGReg loss: 3.60846639
SIGReg loss: 3.39063835
SIGReg loss: 3.39063835
SIGReg loss: 3.22907472
SIGReg loss: 3.22907472
SIGReg loss: 3.49823523
SIGReg loss: 3.49823523
SIGReg loss: 3.07543802
SIGReg loss: 3.07543802
SIGReg loss: 3.27015305
SIGReg loss: 3.27015305
SIGReg loss: 3.30266333
SIGReg loss: 3.30266333
SIGReg loss: 3.51188278
SIGReg loss: 3.51188278
SIGReg loss: 3.70221782
SIGReg loss: 3.70221782
SIGReg loss: 3.73884392
SIGReg loss: 3.73884392
SIGReg loss: 3.59596324
SIGReg loss: 3.59596324
SIGReg loss: 3.35670543
SIGReg loss: 3.35670543
SIGReg loss: 3.51894593
SIGReg loss: 3.51894593
SIGReg loss: 3.56559134
SIGReg loss: 3.56559134
SIGReg loss: 3.37019539
SIGReg loss: 3.37019539
SIGReg loss: 3.14364791
SIGReg loss: 3.14364791
SIGReg loss: 3.23007965
SIGReg loss: 3.23007965
SIGReg loss: 3.33102274
SIGReg loss: 3.33102274
SIGReg loss: 3.33205771
SIGReg loss: 3.33205771
SIGReg loss: 3.4227047
SIGReg loss: 3.4227047
  Step 50: Backbone Loss = 1.1026, Probe Loss = 182.0390, Acc = 0.5328
SIGReg loss: 3.51716375
SIGReg loss: 3.51716375
SIGReg loss: 3.7699275
SIGReg loss: 3.7699275
SIGReg loss: 3.7022984
SIGReg loss: 3.7022984
SIGReg loss: 3.56634545
SIGReg loss: 3.56634545
SIGReg loss: 3.10696101
SIGReg loss: 3.10696101
SIGReg loss: 3.46153545
SIGReg loss: 3.46153545
SIGReg loss: 3.3069489
SIGReg loss: 3.3069489
SIGReg loss: 3.60029197
SIGReg loss: 3.60029197
SIGReg loss: 3.58204842
SIGReg loss: 3.58204842
SIGReg loss: 3.11888051
SIGReg loss: 3.11888051
SIGReg loss: 3.45075607
SIGReg loss: 3.45075607
SIGReg loss: 3.35266256
SIGReg loss: 3.35266256
SIGReg loss: 3.5411005
SIGReg loss: 3.5411005
SIGReg loss: 3.5499382
SIGReg loss: 3.5499382
SIGReg loss: 3.84995341
SIGReg loss: 3.84995341
SIGReg loss: 3.63246036
SIGReg loss: 3.63246036
SIGReg loss: 3.68807149
SIGReg loss: 3.68807149
SIGReg loss: 3.64114857
SIGReg loss: 3.64114857
SIGReg loss: 3.69820738
SIGReg loss: 3.69820738
SIGReg loss: 3.5154233
SIGReg loss: 3.5154233
SIGReg loss: 2.93290591
SIGReg loss: 2.93290591
SIGReg loss: 3.06727886
SIGReg loss: 3.06727886
SIGReg loss: 3.48718309
SIGReg loss: 3.48718309
SIGReg loss: 7.99263
SIGReg loss: 7.99263
SIGReg loss: 6.20930767
SIGReg loss: 6.20930767
SIGReg loss: 6.65683746
SIGReg loss: 6.65683746
SIGReg loss: 5.97642517
SIGReg loss: 5.97642517
SIGReg loss: 5.43954754
SIGReg loss: 5.43954754
SIGReg loss: 4.86178589
SIGReg loss: 4.86178589
SIGReg loss: 5.71414709
SIGReg loss: 5.71414709
SIGReg loss: 5.95273829
SIGReg loss: 5.95273829
SIGReg loss: 7.10952759
SIGReg loss: 7.10952759
SIGReg loss: 39.8873138
SIGReg loss: 39.8873138
SIGReg loss: 69.8016891
SIGReg loss: 69.8016891
SIGReg loss: 56.6921158
SIGReg loss: 56.6921158
SIGReg loss: 72.0487366
SIGReg loss: 72.0487366
SIGReg loss: 43.7909927
SIGReg loss: 43.7909927
SIGReg loss: 117.157265
SIGReg loss: 117.157265
SIGReg loss: 96.8578415
SIGReg loss: 96.8578415
SIGReg loss: 221.873779
SIGReg loss: 221.873779
SIGReg loss: 107.06675
SIGReg loss: 107.06675
SIGReg loss: 137.934265
SIGReg loss: 137.934265
SIGReg loss: 213.001312
SIGReg loss: 213.001312
SIGReg loss: 318.02356
SIGReg loss: 318.02356
SIGReg loss: 321.409912
SIGReg loss: 321.409912
SIGReg loss: 272.777496
SIGReg loss: 272.777496
SIGReg loss: 204.78154
SIGReg loss: 204.78154
SIGReg loss: 172.763977
SIGReg loss: 172.763977
SIGReg loss: 170.536682
SIGReg loss: 170.536682
SIGReg loss: 101.299911
SIGReg loss: 101.299911
  Step 100: Backbone Loss = 5.8332, Probe Loss = 193.5066, Acc = 0.5263
SIGReg loss: 167.00708
SIGReg loss: 167.00708
SIGReg loss: 139.254028
SIGReg loss: 139.254028
SIGReg loss: 137.271118
SIGReg loss: 137.271118
SIGReg loss: 130.623718
SIGReg loss: 130.623718
SIGReg loss: 136.185486
SIGReg loss: 136.185486
SIGReg loss: 118.643623
SIGReg loss: 118.643623
SIGReg loss: 125.649628
SIGReg loss: 125.649628
SIGReg loss: 118.635658
SIGReg loss: 118.635658
SIGReg loss: 112.865242
SIGReg loss: 112.865242
SIGReg loss: 113.139679
SIGReg loss: 113.139679
SIGReg loss: 108.942009
SIGReg loss: 108.942009
SIGReg loss: 106.745483
SIGReg loss: 106.745483
SIGReg loss: 105.181808
SIGReg loss: 105.181808
SIGReg loss: 84.9082413
SIGReg loss: 84.9082413
SIGReg loss: 111.122719
SIGReg loss: 111.122719
SIGReg loss: 96.5471
SIGReg loss: 96.5471
SIGReg loss: 93.7049103
SIGReg loss: 93.7049103
SIGReg loss: 121.249939
SIGReg loss: 121.249939
SIGReg loss: 168.017502
SIGReg loss: 168.017502
SIGReg loss: 208.036469
SIGReg loss: 208.036469
SIGReg loss: 224.350494
SIGReg loss: 224.350494
SIGReg loss: 200.456253
SIGReg loss: 200.456253
SIGReg loss: 186.251068
SIGReg loss: 186.251068
SIGReg loss: 187.588821
SIGReg loss: 187.588821
SIGReg loss: 161.555664
SIGReg loss: 161.555664
SIGReg loss: 174.918777
SIGReg loss: 174.918777
SIGReg loss: 195.741211
SIGReg loss: 195.741211
SIGReg loss: 187.039856
SIGReg loss: 187.039856
SIGReg loss: 206.001038
SIGReg loss: 206.001038
SIGReg loss: 201.641495
SIGReg loss: 201.641495
SIGReg loss: 163.356598
SIGReg loss: 163.356598
SIGReg loss: 147.920959
SIGReg loss: 147.920959
SIGReg loss: 137.648468
SIGReg loss: 137.648468
SIGReg loss: 119.19957
SIGReg loss: 119.19957
SIGReg loss: 123.620407
SIGReg loss: 123.620407
SIGReg loss: 107.723045
SIGReg loss: 107.723045
SIGReg loss: 97.1380081
SIGReg loss: 97.1380081
SIGReg loss: 94.0852661
SIGReg loss: 94.0852661
SIGReg loss: 85.5710831
SIGReg loss: 85.5710831
SIGReg loss: 85.7024
SIGReg loss: 85.7024
SIGReg loss: 116.687164
SIGReg loss: 116.687164
SIGReg loss: 137.940231
SIGReg loss: 137.940231
SIGReg loss: 148.586105
SIGReg loss: 148.586105
SIGReg loss: 129.207626
SIGReg loss: 129.207626
SIGReg loss: 115.990417
SIGReg loss: 115.990417
SIGReg loss: 94.4709167
SIGReg loss: 94.4709167
SIGReg loss: 69.0518494
SIGReg loss: 69.0518494
SIGReg loss: 185.82222
SIGReg loss: 185.82222
SIGReg loss: 257.461487
SIGReg loss: 257.461487
SIGReg loss: 272.875793
SIGReg loss: 272.875793
  Step 150: Backbone Loss = 13.9351, Probe Loss = 285.1018, Acc = 0.5457
SIGReg loss: 263.698425
SIGReg loss: 263.698425
SIGReg loss: 257.27121
SIGReg loss: 257.27121
SIGReg loss: 234.414948
SIGReg loss: 234.414948
SIGReg loss: 238.760986
SIGReg loss: 238.760986
SIGReg loss: 210.384155
SIGReg loss: 210.384155
SIGReg loss: 229.553802
SIGReg loss: 229.553802
SIGReg loss: 210.634369
SIGReg loss: 210.634369
SIGReg loss: 214.10733
SIGReg loss: 214.10733
SIGReg loss: 222.132141
SIGReg loss: 222.132141
SIGReg loss: 190.528717
SIGReg loss: 190.528717
SIGReg loss: 186.425888
SIGReg loss: 186.425888
SIGReg loss: 182.212494
SIGReg loss: 182.212494
SIGReg loss: 158.620209
SIGReg loss: 158.620209
SIGReg loss: 156.426636
SIGReg loss: 156.426636
SIGReg loss: 132.701569
SIGReg loss: 132.701569
SIGReg loss: 129.719574
SIGReg loss: 129.719574
SIGReg loss: 125.25367
SIGReg loss: 125.25367
SIGReg loss: 115.863
SIGReg loss: 115.863
SIGReg loss: 109.167297
SIGReg loss: 109.167297
SIGReg loss: 110.057724
SIGReg loss: 110.057724
SIGReg loss: 100.261322
SIGReg loss: 100.261322
SIGReg loss: 106.777016
SIGReg loss: 106.777016
SIGReg loss: 98.4867325
SIGReg loss: 98.4867325
SIGReg loss: 94.1963882
SIGReg loss: 94.1963882
SIGReg loss: 96.2564697
SIGReg loss: 96.2564697
SIGReg loss: 95.7031097
SIGReg loss: 95.7031097
SIGReg loss: 93.4797363
SIGReg loss: 93.4797363
SIGReg loss: 108.136887
SIGReg loss: 108.136887
SIGReg loss: 113.788315
SIGReg loss: 113.788315
SIGReg loss: 110.760811
SIGReg loss: 110.760811
SIGReg loss: 120.842781
SIGReg loss: 120.842781
SIGReg loss: 119.253708
SIGReg loss: 119.253708
SIGReg loss: 114.8741
SIGReg loss: 114.8741
SIGReg loss: 111.16848
SIGReg loss: 111.16848
SIGReg loss: 108.918793
SIGReg loss: 108.918793
SIGReg loss: 110.500084
SIGReg loss: 110.500084
SIGReg loss: 111.310043
SIGReg loss: 111.310043
SIGReg loss: 101.797073
SIGReg loss: 101.797073
SIGReg loss: 93.9989243
SIGReg loss: 93.9989243
SIGReg loss: 93.6700363
SIGReg loss: 93.6700363
SIGReg loss: 91.9934845
SIGReg loss: 91.9934845
SIGReg loss: 86.4247
SIGReg loss: 86.4247
SIGReg loss: 78.4141846
SIGReg loss: 78.4141846
SIGReg loss: 71.9206543
SIGReg loss: 71.9206543
SIGReg loss: 68.4111099
SIGReg loss: 68.4111099
SIGReg loss: 66.1933441
SIGReg loss: 66.1933441
SIGReg loss: 62.392868
SIGReg loss: 62.392868
SIGReg loss: 57.52314
SIGReg loss: 57.52314
SIGReg loss: 53.7335396
SIGReg loss: 53.7335396
SIGReg loss: 48.5707893
SIGReg loss: 48.5707893
  Step 200: Backbone Loss = 3.0093, Probe Loss = 215.3586, Acc = 0.5401
SIGReg loss: 46.755249
SIGReg loss: 46.755249
SIGReg loss: 41.0722733
SIGReg loss: 41.0722733
SIGReg loss: 38.8262
SIGReg loss: 38.8262
SIGReg loss: 36.2343483
SIGReg loss: 36.2343483
SIGReg loss: 36.0952377
SIGReg loss: 36.0952377
SIGReg loss: 31.5544586
SIGReg loss: 31.5544586
SIGReg loss: 29.3248
SIGReg loss: 29.3248
SIGReg loss: 26.4736099
SIGReg loss: 26.4736099
SIGReg loss: 27.3655396
SIGReg loss: 27.3655396
SIGReg loss: 26.060503
SIGReg loss: 26.060503
SIGReg loss: 22.467205
SIGReg loss: 22.467205
SIGReg loss: 20.6410294
SIGReg loss: 20.6410294
SIGReg loss: 18.255497
SIGReg loss: 18.255497
SIGReg loss: 16.6676731
SIGReg loss: 16.6676731
SIGReg loss: 15.1999
SIGReg loss: 15.1999
SIGReg loss: 16.1010666
SIGReg loss: 16.1010666
SIGReg loss: 14.4786415
SIGReg loss: 14.4786415
SIGReg loss: 12.4561892
SIGReg loss: 12.4561892
SIGReg loss: 12.979991
SIGReg loss: 12.979991
SIGReg loss: 11.7494774
SIGReg loss: 11.7494774
SIGReg loss: 12.4249697
SIGReg loss: 12.4249697
SIGReg loss: 12.5461378
SIGReg loss: 12.5461378
SIGReg loss: 11.1159143
SIGReg loss: 11.1159143
SIGReg loss: 11.0532589
SIGReg loss: 11.0532589
SIGReg loss: 10.8379326
SIGReg loss: 10.8379326
SIGReg loss: 11.1502171
SIGReg loss: 11.1502171
SIGReg loss: 10.7481232
SIGReg loss: 10.7481232
SIGReg loss: 9.48642635
SIGReg loss: 9.48642635
SIGReg loss: 9.68058109
SIGReg loss: 9.68058109
SIGReg loss: 9.42073917
SIGReg loss: 9.42073917
SIGReg loss: 7.94771242
SIGReg loss: 7.94771242
SIGReg loss: 9.58318901
SIGReg loss: 9.58318901
SIGReg loss: 10.5703478
SIGReg loss: 10.5703478
SIGReg loss: 9.88449478
SIGReg loss: 9.88449478
SIGReg loss: 8.25081635
SIGReg loss: 8.25081635
SIGReg loss: 9.61109257
SIGReg loss: 9.61109257
SIGReg loss: 8.84437466
SIGReg loss: 8.84437466
SIGReg loss: 9.74083614
SIGReg loss: 9.74083614
SIGReg loss: 8.39782143
SIGReg loss: 8.39782143
SIGReg loss: 7.94666529
SIGReg loss: 7.94666529
SIGReg loss: 9.5207262
SIGReg loss: 9.5207262
SIGReg loss: 8.76381588
SIGReg loss: 8.76381588
SIGReg loss: 8.15757561
SIGReg loss: 8.15757561
SIGReg loss: 9.07515049
SIGReg loss: 9.07515049
SIGReg loss: 9.61011791
SIGReg loss: 9.61011791
SIGReg loss: 8.70707226
SIGReg loss: 8.70707226
SIGReg loss: 9.34540176
SIGReg loss: 9.34540176
SIGReg loss: 8.55470467
SIGReg loss: 8.55470467
SIGReg loss: 9.78988171
SIGReg loss: 9.78988171
SIGReg loss: 8.90441704
SIGReg loss: 8.90441704
  Step 250: Backbone Loss = 1.4620, Probe Loss = 192.8787, Acc = 0.5234
SIGReg loss: 8.74608612
SIGReg loss: 8.74608612
SIGReg loss: 9.38972855
SIGReg loss: 9.38972855
SIGReg loss: 8.50270271
SIGReg loss: 8.50270271
SIGReg loss: 8.5945
SIGReg loss: 8.5945
SIGReg loss: 10.1460171
SIGReg loss: 10.1460171
SIGReg loss: 9.90610695
SIGReg loss: 9.90610695
SIGReg loss: 9.40052128
SIGReg loss: 9.40052128
SIGReg loss: 9.50068092
SIGReg loss: 9.50068092
SIGReg loss: 8.98337746
SIGReg loss: 8.98337746
SIGReg loss: 9.50129509
SIGReg loss: 9.50129509
SIGReg loss: 8.70330524
SIGReg loss: 8.70330524
SIGReg loss: 9.81435585
SIGReg loss: 9.81435585
SIGReg loss: 8.60197
SIGReg loss: 8.60197
SIGReg loss: 8.37332535
SIGReg loss: 8.37332535
SIGReg loss: 8.91372108
SIGReg loss: 8.91372108
SIGReg loss: 9.05457306
SIGReg loss: 9.05457306
SIGReg loss: 9.22491074
SIGReg loss: 9.22491074
SIGReg loss: 8.9414854
SIGReg loss: 8.9414854
SIGReg loss: 8.70289516
SIGReg loss: 8.70289516
SIGReg loss: 10.275
SIGReg loss: 10.275
SIGReg loss: 9.0701437
SIGReg loss: 9.0701437
SIGReg loss: 8.83738708
SIGReg loss: 8.83738708
SIGReg loss: 8.89370728
SIGReg loss: 8.89370728
SIGReg loss: 9.40813
SIGReg loss: 9.40813
SIGReg loss: 10.10886
SIGReg loss: 10.10886
SIGReg loss: 8.34542942
SIGReg loss: 8.34542942
SIGReg loss: 8.17632771
SIGReg loss: 8.17632771
SIGReg loss: 9.09290886
SIGReg loss: 9.09290886
SIGReg loss: 9.20374584
SIGReg loss: 9.20374584
SIGReg loss: 9.06057
SIGReg loss: 9.06057
SIGReg loss: 8.42273331
SIGReg loss: 8.42273331
SIGReg loss: 8.34626293
SIGReg loss: 8.34626293
SIGReg loss: 8.82820702
SIGReg loss: 8.82820702
SIGReg loss: 7.91017914
SIGReg loss: 7.91017914
SIGReg loss: 7.8074913
SIGReg loss: 7.8074913
SIGReg loss: 8.76584435
SIGReg loss: 8.76584435
SIGReg loss: 9.22480202
SIGReg loss: 9.22480202
SIGReg loss: 9.43109798
SIGReg loss: 9.43109798
SIGReg loss: 8.81259155
SIGReg loss: 8.81259155
SIGReg loss: 7.41276932
SIGReg loss: 7.41276932
SIGReg loss: 8.66851616
SIGReg loss: 8.66851616
SIGReg loss: 8.75589275
SIGReg loss: 8.75589275
SIGReg loss: 8.41689587
SIGReg loss: 8.41689587
SIGReg loss: 8.90098572
SIGReg loss: 8.90098572
SIGReg loss: 8.12586689
SIGReg loss: 8.12586689
SIGReg loss: 9.3663063
SIGReg loss: 9.3663063
SIGReg loss: 8.21778584
SIGReg loss: 8.21778584
SIGReg loss: 8.16840839
SIGReg loss: 8.16840839
SIGReg loss: 8.23895264
SIGReg loss: 8.23895264
SIGReg loss: 7.96705103
SIGReg loss: 7.96705103
  Step 300: Backbone Loss = 1.4114, Probe Loss = 199.4763, Acc = 0.5337
SIGReg loss: 8.73910618
SIGReg loss: 8.73910618
SIGReg loss: 8.95072365
SIGReg loss: 8.95072365
SIGReg loss: 8.32418251
SIGReg loss: 8.32418251
SIGReg loss: 8.72232437
SIGReg loss: 8.72232437
SIGReg loss: 9.09261322
SIGReg loss: 9.09261322
SIGReg loss: 9.2535305
SIGReg loss: 9.2535305
SIGReg loss: 7.18293715
SIGReg loss: 7.18293715
SIGReg loss: 8.81887341
SIGReg loss: 8.81887341
SIGReg loss: 8.95603275
SIGReg loss: 8.95603275
SIGReg loss: 8.4801836
SIGReg loss: 8.4801836
SIGReg loss: 7.45252037
SIGReg loss: 7.45252037
SIGReg loss: 8.38168621
SIGReg loss: 8.38168621
SIGReg loss: 9.00999069
SIGReg loss: 9.00999069
SIGReg loss: 8.85542107
SIGReg loss: 8.85542107
SIGReg loss: 8.22822189
SIGReg loss: 8.22822189
SIGReg loss: 8.21535683
SIGReg loss: 8.21535683
SIGReg loss: 7.20146894
SIGReg loss: 7.20146894
SIGReg loss: 7.81694317
SIGReg loss: 7.81694317
SIGReg loss: 8.31725502
SIGReg loss: 8.31725502
SIGReg loss: 8.84789562
SIGReg loss: 8.84789562
SIGReg loss: 8.25278854
SIGReg loss: 8.25278854
SIGReg loss: 8.11894894
SIGReg loss: 8.11894894
SIGReg loss: 8.5873251
SIGReg loss: 8.5873251
SIGReg loss: 8.03367615
SIGReg loss: 8.03367615
SIGReg loss: 9.46061134
SIGReg loss: 9.46061134
SIGReg loss: 8.79839134
SIGReg loss: 8.79839134
SIGReg loss: 8.88572311
SIGReg loss: 8.88572311
SIGReg loss: 8.37207222
SIGReg loss: 8.37207222
SIGReg loss: 8.07597256
SIGReg loss: 8.07597256
SIGReg loss: 7.29891062
SIGReg loss: 7.29891062
SIGReg loss: 9.93980312
SIGReg loss: 9.93980312
SIGReg loss: 7.92299509
SIGReg loss: 7.92299509
SIGReg loss: 7.91955233
SIGReg loss: 7.91955233
SIGReg loss: 8.47303486
SIGReg loss: 8.47303486
SIGReg loss: 8.33837128
SIGReg loss: 8.33837128
SIGReg loss: 8.07783794
SIGReg loss: 8.07783794
SIGReg loss: 8.10527611
SIGReg loss: 8.10527611
SIGReg loss: 7.94825745
SIGReg loss: 7.94825745
SIGReg loss: 7.71808147
SIGReg loss: 7.71808147
SIGReg loss: 8.50930405
SIGReg loss: 8.50930405
SIGReg loss: 9.35333443
SIGReg loss: 9.35333443
SIGReg loss: 7.70543337
SIGReg loss: 7.70543337
SIGReg loss: 8.20625401
SIGReg loss: 8.20625401
SIGReg loss: 8.40038204
SIGReg loss: 8.40038204
SIGReg loss: 9.16338158
SIGReg loss: 9.16338158
SIGReg loss: 8.18772
SIGReg loss: 8.18772
SIGReg loss: 7.66842031
SIGReg loss: 7.66842031
SIGReg loss: 7.64207649
SIGReg loss: 7.64207649
SIGReg loss: 8.13460732
SIGReg loss: 8.13460732
SIGReg loss: 7.92990112
SIGReg loss: 7.92990112
  Step 350: Backbone Loss = 1.4170, Probe Loss = 204.4807, Acc = 0.5274
SIGReg loss: 7.34972668
SIGReg loss: 7.34972668
SIGReg loss: 7.93624592
SIGReg loss: 7.93624592
SIGReg loss: 7.88857651
SIGReg loss: 7.88857651
SIGReg loss: 8.44989395
SIGReg loss: 8.44989395
SIGReg loss: 7.51758194
SIGReg loss: 7.51758194
SIGReg loss: 7.87880516
SIGReg loss: 7.87880516
SIGReg loss: 8.73353481
SIGReg loss: 8.73353481
SIGReg loss: 8.4970274
SIGReg loss: 8.4970274
SIGReg loss: 8.41580868
SIGReg loss: 8.41580868
SIGReg loss: 9.72648048
SIGReg loss: 9.72648048
SIGReg loss: 8.54642391
SIGReg loss: 8.54642391
SIGReg loss: 8.47748756
SIGReg loss: 8.47748756
SIGReg loss: 8.92188454
SIGReg loss: 8.92188454
SIGReg loss: 8.06563282
SIGReg loss: 8.06563282
SIGReg loss: 7.99506664
SIGReg loss: 7.99506664
SIGReg loss: 7.86657047
SIGReg loss: 7.86657047
SIGReg loss: 7.91577482
SIGReg loss: 7.91577482
SIGReg loss: 8.27647877
SIGReg loss: 8.27647877
SIGReg loss: 7.31243467
SIGReg loss: 7.31243467
SIGReg loss: 8.02861691
SIGReg loss: 8.02861691
SIGReg loss: 7.61406517
SIGReg loss: 7.61406517
SIGReg loss: 7.71300125
SIGReg loss: 7.71300125
SIGReg loss: 8.84162807
SIGReg loss: 8.84162807
SIGReg loss: 7.79225683
SIGReg loss: 7.79225683
SIGReg loss: 7.55104923
SIGReg loss: 7.55104923
SIGReg loss: 7.63005304
SIGReg loss: 7.63005304
SIGReg loss: 7.29018545
SIGReg loss: 7.29018545
SIGReg loss: 7.96792698
SIGReg loss: 7.96792698
SIGReg loss: 8.31194
SIGReg loss: 8.31194
SIGReg loss: 7.99396896
SIGReg loss: 7.99396896
SIGReg loss: 7.5143137
SIGReg loss: 7.5143137
SIGReg loss: 7.05190802
SIGReg loss: 7.05190802
SIGReg loss: 8.20617
SIGReg loss: 8.20617
SIGReg loss: 7.65719891
SIGReg loss: 7.65719891
SIGReg loss: 7.98407888
SIGReg loss: 7.98407888
SIGReg loss: 7.47175
SIGReg loss: 7.47175
SIGReg loss: 7.48172903
SIGReg loss: 7.48172903
SIGReg loss: 7.82461786
SIGReg loss: 7.82461786
SIGReg loss: 8.03824234
SIGReg loss: 8.03824234
SIGReg loss: 7.8509407
SIGReg loss: 7.8509407
SIGReg loss: 7.49971533
SIGReg loss: 7.49971533
SIGReg loss: 6.81354094
SIGReg loss: 6.81354094
SIGReg loss: 7.51427555
SIGReg loss: 7.51427555
SIGReg loss: 7.27368402
SIGReg loss: 7.27368402
SIGReg loss: 7.84663105
SIGReg loss: 7.84663105
SIGReg loss: 7.97859669
SIGReg loss: 7.97859669
SIGReg loss: 7.84187889
SIGReg loss: 7.84187889
SIGReg loss: 7.82214928
SIGReg loss: 7.82214928
SIGReg loss: 7.75149155
SIGReg loss: 7.75149155
SIGReg loss: 7.57686424
SIGReg loss: 7.57686424
  Step 400: Backbone Loss = 1.3771, Probe Loss = 176.7493, Acc = 0.5326
SIGReg loss: 6.978374
SIGReg loss: 6.978374
SIGReg loss: 6.92675924
SIGReg loss: 6.92675924
SIGReg loss: 7.96692657
SIGReg loss: 7.96692657
SIGReg loss: 7.88118
SIGReg loss: 7.88118
SIGReg loss: 7.6645503
SIGReg loss: 7.6645503
SIGReg loss: 7.77216911
SIGReg loss: 7.77216911
SIGReg loss: 7.86818314
SIGReg loss: 7.86818314
SIGReg loss: 6.90407848
SIGReg loss: 6.90407848
SIGReg loss: 8.24902725
SIGReg loss: 8.24902725
SIGReg loss: 8.25046921
SIGReg loss: 8.25046921
SIGReg loss: 8.16437149
SIGReg loss: 8.16437149
SIGReg loss: 7.21916723
SIGReg loss: 7.21916723
SIGReg loss: 7.72885561
SIGReg loss: 7.72885561
SIGReg loss: 7.0922904
SIGReg loss: 7.0922904
SIGReg loss: 7.44907665
SIGReg loss: 7.44907665
SIGReg loss: 7.79481316
SIGReg loss: 7.79481316
SIGReg loss: 6.86666822
SIGReg loss: 6.86666822
SIGReg loss: 7.24787617
SIGReg loss: 7.24787617
SIGReg loss: 7.56626415
SIGReg loss: 7.56626415
SIGReg loss: 7.13548422
SIGReg loss: 7.13548422
SIGReg loss: 7.37982464
SIGReg loss: 7.37982464
SIGReg loss: 7.31209278
SIGReg loss: 7.31209278
SIGReg loss: 7.95157671
SIGReg loss: 7.95157671
SIGReg loss: 7.39079762
SIGReg loss: 7.39079762
SIGReg loss: 7.77853394
SIGReg loss: 7.77853394
SIGReg loss: 8.46422386
SIGReg loss: 8.46422386
SIGReg loss: 7.92402267
SIGReg loss: 7.92402267
SIGReg loss: 7.43363762
SIGReg loss: 7.43363762
SIGReg loss: 7.54923105
SIGReg loss: 7.54923105
SIGReg loss: 7.69851065
SIGReg loss: 7.69851065
SIGReg loss: 8.00849533
SIGReg loss: 8.00849533
SIGReg loss: 7.95259094
SIGReg loss: 7.95259094
SIGReg loss: 8.13594055
SIGReg loss: 8.13594055
SIGReg loss: 8.40797424
SIGReg loss: 8.40797424
SIGReg loss: 7.42886829
SIGReg loss: 7.42886829
SIGReg loss: 7.51828051
SIGReg loss: 7.51828051
SIGReg loss: 7.36369324
SIGReg loss: 7.36369324
SIGReg loss: 7.49236774
SIGReg loss: 7.49236774
SIGReg loss: 7.39324808
SIGReg loss: 7.39324808
SIGReg loss: 7.27134418
SIGReg loss: 7.27134418
SIGReg loss: 6.92080307
SIGReg loss: 6.92080307
SIGReg loss: 7.49302626
SIGReg loss: 7.49302626
SIGReg loss: 7.81194687
SIGReg loss: 7.81194687
SIGReg loss: 7.76057339
SIGReg loss: 7.76057339
SIGReg loss: 7.86406517
SIGReg loss: 7.86406517
SIGReg loss: 8.43378067
SIGReg loss: 8.43378067
SIGReg loss: 7.43861389
SIGReg loss: 7.43861389
SIGReg loss: 7.31795263
SIGReg loss: 7.31795263
SIGReg loss: 7.33620691
SIGReg loss: 7.33620691
SIGReg loss: 8.21884346
SIGReg loss: 8.21884346
  Step 450: Backbone Loss = 1.4166, Probe Loss = 196.5504, Acc = 0.5231
SIGReg loss: 8.04503345
SIGReg loss: 8.04503345
SIGReg loss: 8.52792263
SIGReg loss: 8.52792263
SIGReg loss: 8.46800137
SIGReg loss: 8.46800137
SIGReg loss: 8.27158356
SIGReg loss: 8.27158356
SIGReg loss: 7.64197063
SIGReg loss: 7.64197063
SIGReg loss: 8.30224895
SIGReg loss: 8.30224895
SIGReg loss: 7.91273975
SIGReg loss: 7.91273975
SIGReg loss: 7.84341049
SIGReg loss: 7.84341049
SIGReg loss: 8.40580273
SIGReg loss: 8.40580273
SIGReg loss: 7.30353451
SIGReg loss: 7.30353451
Epoch 7 finished in 608.41s.
  Avg Backbone Loss: 2.9270
  Avg Probe Loss:    196.8687
  Avg Probe Accuracy: 0.5297

Epoch 8/100
SIGReg loss: 8.51914501
SIGReg loss: 8.51914501
  Step 0: Backbone Loss = 1.4168, Probe Loss = 178.5644, Acc = 0.5161
SIGReg loss: 7.28594685
SIGReg loss: 7.28594685
SIGReg loss: 8.85058
SIGReg loss: 8.85058
SIGReg loss: 7.46592903
SIGReg loss: 7.46592903
SIGReg loss: 9.02618
SIGReg loss: 9.02618
SIGReg loss: 7.58970881
SIGReg loss: 7.58970881
SIGReg loss: 7.41353512
SIGReg loss: 7.41353512
SIGReg loss: 7.80061769
SIGReg loss: 7.80061769
SIGReg loss: 7.15229511
SIGReg loss: 7.15229511
SIGReg loss: 8.35661125
SIGReg loss: 8.35661125
SIGReg loss: 7.87070084
SIGReg loss: 7.87070084
SIGReg loss: 9.27619839
SIGReg loss: 9.27619839
SIGReg loss: 8.381567
SIGReg loss: 8.381567
SIGReg loss: 8.17680931
SIGReg loss: 8.17680931
SIGReg loss: 7.77163506
SIGReg loss: 7.77163506
SIGReg loss: 7.08571
SIGReg loss: 7.08571
SIGReg loss: 7.61770916
SIGReg loss: 7.61770916
SIGReg loss: 8.18912888
SIGReg loss: 8.18912888
SIGReg loss: 7.12984562
SIGReg loss: 7.12984562
SIGReg loss: 7.20322275
SIGReg loss: 7.20322275
SIGReg loss: 7.31441641
SIGReg loss: 7.31441641
SIGReg loss: 7.22674704
SIGReg loss: 7.22674704
SIGReg loss: 7.49461412
SIGReg loss: 7.49461412
SIGReg loss: 8.57618809
SIGReg loss: 8.57618809
SIGReg loss: 7.21901369
SIGReg loss: 7.21901369
SIGReg loss: 7.50665903
SIGReg loss: 7.50665903
SIGReg loss: 6.65712929
SIGReg loss: 6.65712929
SIGReg loss: 7.38530874
SIGReg loss: 7.38530874
SIGReg loss: 7.37369204
SIGReg loss: 7.37369204
SIGReg loss: 7.42892
SIGReg loss: 7.42892
SIGReg loss: 8.40996933
SIGReg loss: 8.40996933
SIGReg loss: 6.72641611
SIGReg loss: 6.72641611
SIGReg loss: 7.85923672
SIGReg loss: 7.85923672
SIGReg loss: 6.94986486
SIGReg loss: 6.94986486
SIGReg loss: 7.08103848
SIGReg loss: 7.08103848
SIGReg loss: 7.32589149
SIGReg loss: 7.32589149
SIGReg loss: 6.33724642
SIGReg loss: 6.33724642
SIGReg loss: 7.38932133
SIGReg loss: 7.38932133
SIGReg loss: 7.23970413
SIGReg loss: 7.23970413
SIGReg loss: 8.79556
SIGReg loss: 8.79556
SIGReg loss: 7.5331707
SIGReg loss: 7.5331707
SIGReg loss: 8.11146545
SIGReg loss: 8.11146545
SIGReg loss: 6.80573
SIGReg loss: 6.80573
SIGReg loss: 7.88730812
SIGReg loss: 7.88730812
SIGReg loss: 8.11247349
SIGReg loss: 8.11247349
SIGReg loss: 7.98651361
SIGReg loss: 7.98651361
SIGReg loss: 7.53386
SIGReg loss: 7.53386
SIGReg loss: 7.27242136
SIGReg loss: 7.27242136
SIGReg loss: 6.34414482
SIGReg loss: 6.34414482
SIGReg loss: 7.31830359
SIGReg loss: 7.31830359
SIGReg loss: 7.37046862
SIGReg loss: 7.37046862
  Step 50: Backbone Loss = 1.3668, Probe Loss = 181.9438, Acc = 0.5261
SIGReg loss: 6.23929834
SIGReg loss: 6.23929834
SIGReg loss: 7.31602573
SIGReg loss: 7.31602573
SIGReg loss: 7.68284607
SIGReg loss: 7.68284607
SIGReg loss: 7.30790854
SIGReg loss: 7.30790854
SIGReg loss: 7.27917147
SIGReg loss: 7.27917147
SIGReg loss: 7.63442
SIGReg loss: 7.63442
SIGReg loss: 7.12269306
SIGReg loss: 7.12269306
SIGReg loss: 7.62849712
SIGReg loss: 7.62849712
SIGReg loss: 7.42009497
SIGReg loss: 7.42009497
SIGReg loss: 7.72601223
SIGReg loss: 7.72601223
SIGReg loss: 7.22450924
SIGReg loss: 7.22450924
SIGReg loss: 7.34758949
SIGReg loss: 7.34758949
SIGReg loss: 6.82466221
SIGReg loss: 6.82466221
SIGReg loss: 7.53439379
SIGReg loss: 7.53439379
SIGReg loss: 7.53593874
SIGReg loss: 7.53593874
SIGReg loss: 8.15724754
SIGReg loss: 8.15724754
SIGReg loss: 7.18996
SIGReg loss: 7.18996
SIGReg loss: 7.46484
SIGReg loss: 7.46484
SIGReg loss: 6.96000767
SIGReg loss: 6.96000767
SIGReg loss: 8.07127285
SIGReg loss: 8.07127285
SIGReg loss: 6.7634325
SIGReg loss: 6.7634325
SIGReg loss: 8.17369652
SIGReg loss: 8.17369652
SIGReg loss: 6.8755722
SIGReg loss: 6.8755722
SIGReg loss: 7.59084034
SIGReg loss: 7.59084034
SIGReg loss: 7.49484348
SIGReg loss: 7.49484348
SIGReg loss: 7.2605958
SIGReg loss: 7.2605958
SIGReg loss: 7.39025259
SIGReg loss: 7.39025259
SIGReg loss: 7.24944115
SIGReg loss: 7.24944115
SIGReg loss: 7.39126682
SIGReg loss: 7.39126682
SIGReg loss: 7.28119373
SIGReg loss: 7.28119373
SIGReg loss: 7.61174536
SIGReg loss: 7.61174536
SIGReg loss: 6.87375736
SIGReg loss: 6.87375736
SIGReg loss: 6.34263
SIGReg loss: 6.34263
SIGReg loss: 8.26065
SIGReg loss: 8.26065
SIGReg loss: 7.27811956
SIGReg loss: 7.27811956
SIGReg loss: 6.31126881
SIGReg loss: 6.31126881
SIGReg loss: 7.73474312
SIGReg loss: 7.73474312
SIGReg loss: 8.44848
SIGReg loss: 8.44848
SIGReg loss: 7.11131668
SIGReg loss: 7.11131668
SIGReg loss: 6.63551426
SIGReg loss: 6.63551426
SIGReg loss: 7.34458065
SIGReg loss: 7.34458065
SIGReg loss: 7.68487072
SIGReg loss: 7.68487072
SIGReg loss: 7.69502735
SIGReg loss: 7.69502735
SIGReg loss: 6.62828779
SIGReg loss: 6.62828779
SIGReg loss: 8.13567734
SIGReg loss: 8.13567734
SIGReg loss: 6.81997299
SIGReg loss: 6.81997299
SIGReg loss: 6.9827137
SIGReg loss: 6.9827137
SIGReg loss: 7.64024973
SIGReg loss: 7.64024973
SIGReg loss: 7.07636356
SIGReg loss: 7.07636356
SIGReg loss: 7.38042736
SIGReg loss: 7.38042736
  Step 100: Backbone Loss = 1.3710, Probe Loss = 188.3503, Acc = 0.5335
SIGReg loss: 7.29137802
SIGReg loss: 7.29137802
SIGReg loss: 7.69352102
SIGReg loss: 7.69352102
SIGReg loss: 7.02126503
SIGReg loss: 7.02126503
SIGReg loss: 7.56077814
SIGReg loss: 7.56077814
SIGReg loss: 7.407763
SIGReg loss: 7.407763
SIGReg loss: 7.21962929
SIGReg loss: 7.21962929
SIGReg loss: 7.26318073
SIGReg loss: 7.26318073
SIGReg loss: 8.11998367
SIGReg loss: 8.11998367
SIGReg loss: 6.66014862
SIGReg loss: 6.66014862
SIGReg loss: 7.36283541
SIGReg loss: 7.36283541
SIGReg loss: 7.06425381
SIGReg loss: 7.06425381
SIGReg loss: 6.84545708
SIGReg loss: 6.84545708
SIGReg loss: 7.65167
SIGReg loss: 7.65167
SIGReg loss: 6.23832417
SIGReg loss: 6.23832417
SIGReg loss: 6.86952877
SIGReg loss: 6.86952877
SIGReg loss: 6.82923555
SIGReg loss: 6.82923555
SIGReg loss: 6.0014019
SIGReg loss: 6.0014019
SIGReg loss: 7.1808238
SIGReg loss: 7.1808238
SIGReg loss: 7.07734108
SIGReg loss: 7.07734108
SIGReg loss: 6.58653116
SIGReg loss: 6.58653116
SIGReg loss: 6.51943541
SIGReg loss: 6.51943541
SIGReg loss: 6.46094084
SIGReg loss: 6.46094084
SIGReg loss: 7.37480688
SIGReg loss: 7.37480688
SIGReg loss: 6.56336498
SIGReg loss: 6.56336498
SIGReg loss: 7.45168781
SIGReg loss: 7.45168781
SIGReg loss: 6.65856552
SIGReg loss: 6.65856552
SIGReg loss: 7.66900921
SIGReg loss: 7.66900921
SIGReg loss: 7.22898388
SIGReg loss: 7.22898388
SIGReg loss: 6.8883028
SIGReg loss: 6.8883028
SIGReg loss: 7.74602461
SIGReg loss: 7.74602461
SIGReg loss: 7.46835041
SIGReg loss: 7.46835041
SIGReg loss: 7.57341909
SIGReg loss: 7.57341909
SIGReg loss: 6.81894684
SIGReg loss: 6.81894684
SIGReg loss: 6.6128974
SIGReg loss: 6.6128974
SIGReg loss: 6.87983847
SIGReg loss: 6.87983847
SIGReg loss: 7.35316658
SIGReg loss: 7.35316658
SIGReg loss: 7.34203243
SIGReg loss: 7.34203243
SIGReg loss: 6.11494493
SIGReg loss: 6.11494493
SIGReg loss: 7.02059078
SIGReg loss: 7.02059078
SIGReg loss: 8.32204723
SIGReg loss: 8.32204723
SIGReg loss: 9.67648888
SIGReg loss: 9.67648888
SIGReg loss: 11.5262375
SIGReg loss: 11.5262375
SIGReg loss: 11.4414368
SIGReg loss: 11.4414368
SIGReg loss: 11.0202608
SIGReg loss: 11.0202608
SIGReg loss: 13.5357761
SIGReg loss: 13.5357761
SIGReg loss: 13.4716425
SIGReg loss: 13.4716425
SIGReg loss: 13.9654398
SIGReg loss: 13.9654398
SIGReg loss: 12.9866962
SIGReg loss: 12.9866962
SIGReg loss: 10.4316645
SIGReg loss: 10.4316645
SIGReg loss: 10.9298782
SIGReg loss: 10.9298782
  Step 150: Backbone Loss = 1.5262, Probe Loss = 181.6642, Acc = 0.5233
SIGReg loss: 10.2624416
SIGReg loss: 10.2624416
SIGReg loss: 9.56083393
SIGReg loss: 9.56083393
SIGReg loss: 11.8090687
SIGReg loss: 11.8090687
SIGReg loss: 9.65969372
SIGReg loss: 9.65969372
SIGReg loss: 9.70373821
SIGReg loss: 9.70373821
SIGReg loss: 9.42385101
SIGReg loss: 9.42385101
SIGReg loss: 8.57976341
SIGReg loss: 8.57976341
SIGReg loss: 8.51771641
SIGReg loss: 8.51771641
SIGReg loss: 8.35240746
SIGReg loss: 8.35240746
SIGReg loss: 8.03677177
SIGReg loss: 8.03677177
SIGReg loss: 8.15493107
SIGReg loss: 8.15493107
SIGReg loss: 8.64504719
SIGReg loss: 8.64504719
SIGReg loss: 8.02372265
SIGReg loss: 8.02372265
SIGReg loss: 7.95082569
SIGReg loss: 7.95082569
SIGReg loss: 8.23323727
SIGReg loss: 8.23323727
SIGReg loss: 7.88671923
SIGReg loss: 7.88671923
SIGReg loss: 8.09659481
SIGReg loss: 8.09659481
SIGReg loss: 9.27007103
SIGReg loss: 9.27007103
SIGReg loss: 8.53456593
SIGReg loss: 8.53456593
SIGReg loss: 7.45231724
SIGReg loss: 7.45231724
SIGReg loss: 7.38076639
SIGReg loss: 7.38076639
SIGReg loss: 7.43021727
SIGReg loss: 7.43021727
SIGReg loss: 7.7239027
SIGReg loss: 7.7239027
SIGReg loss: 7.38342
SIGReg loss: 7.38342
SIGReg loss: 6.82862043
SIGReg loss: 6.82862043
SIGReg loss: 7.26836491
SIGReg loss: 7.26836491
SIGReg loss: 6.62254429
SIGReg loss: 6.62254429
SIGReg loss: 8.16684818
SIGReg loss: 8.16684818
SIGReg loss: 7.98618889
SIGReg loss: 7.98618889
SIGReg loss: 7.45393848
SIGReg loss: 7.45393848
SIGReg loss: 7.79518461
SIGReg loss: 7.79518461
SIGReg loss: 8.45772934
SIGReg loss: 8.45772934
SIGReg loss: 7.95281172
SIGReg loss: 7.95281172
SIGReg loss: 7.23771334
SIGReg loss: 7.23771334
SIGReg loss: 7.34203053
SIGReg loss: 7.34203053
SIGReg loss: 6.77598143
SIGReg loss: 6.77598143
SIGReg loss: 6.8943367
SIGReg loss: 6.8943367
SIGReg loss: 7.20238781
SIGReg loss: 7.20238781
SIGReg loss: 6.92212105
SIGReg loss: 6.92212105
SIGReg loss: 6.93899727
SIGReg loss: 6.93899727
SIGReg loss: 7.11449814
SIGReg loss: 7.11449814
SIGReg loss: 6.9091053
SIGReg loss: 6.9091053
SIGReg loss: 7.39763165
SIGReg loss: 7.39763165
SIGReg loss: 7.38204956
SIGReg loss: 7.38204956
SIGReg loss: 7.07556915
SIGReg loss: 7.07556915
SIGReg loss: 7.60156155
SIGReg loss: 7.60156155
SIGReg loss: 8.76973343
SIGReg loss: 8.76973343
SIGReg loss: 7.45900202
SIGReg loss: 7.45900202
SIGReg loss: 6.83593082
SIGReg loss: 6.83593082
SIGReg loss: 7.02563381
SIGReg loss: 7.02563381
  Step 200: Backbone Loss = 1.3458, Probe Loss = 194.1649, Acc = 0.5341
SIGReg loss: 7.42604733
SIGReg loss: 7.42604733
SIGReg loss: 7.18833208
SIGReg loss: 7.18833208
SIGReg loss: 7.69292641
SIGReg loss: 7.69292641
SIGReg loss: 6.78482103
SIGReg loss: 6.78482103
SIGReg loss: 7.04732609
SIGReg loss: 7.04732609
SIGReg loss: 7.40304565
SIGReg loss: 7.40304565
SIGReg loss: 6.66352844
SIGReg loss: 6.66352844
SIGReg loss: 7.31378
SIGReg loss: 7.31378
SIGReg loss: 7.04208469
SIGReg loss: 7.04208469
SIGReg loss: 7.20297
SIGReg loss: 7.20297
SIGReg loss: 6.48307848
SIGReg loss: 6.48307848
SIGReg loss: 6.5725565
SIGReg loss: 6.5725565
SIGReg loss: 6.75856447
SIGReg loss: 6.75856447
SIGReg loss: 6.30965519
SIGReg loss: 6.30965519
SIGReg loss: 8.1945734
SIGReg loss: 8.1945734
SIGReg loss: 7.34671307
SIGReg loss: 7.34671307
SIGReg loss: 6.62930107
SIGReg loss: 6.62930107
SIGReg loss: 6.84037971
SIGReg loss: 6.84037971
SIGReg loss: 7.02467108
SIGReg loss: 7.02467108
SIGReg loss: 7.14695597
SIGReg loss: 7.14695597
SIGReg loss: 8.23151588
SIGReg loss: 8.23151588
SIGReg loss: 8.06044674
SIGReg loss: 8.06044674
SIGReg loss: 6.88134432
SIGReg loss: 6.88134432
SIGReg loss: 7.01145744
SIGReg loss: 7.01145744
SIGReg loss: 7.22206497
SIGReg loss: 7.22206497
SIGReg loss: 7.303442
SIGReg loss: 7.303442
SIGReg loss: 7.41978073
SIGReg loss: 7.41978073
SIGReg loss: 7.65895653
SIGReg loss: 7.65895653
SIGReg loss: 6.5429306
SIGReg loss: 6.5429306
SIGReg loss: 7.26393127
SIGReg loss: 7.26393127
SIGReg loss: 6.53677
SIGReg loss: 6.53677
SIGReg loss: 7.31986856
SIGReg loss: 7.31986856
SIGReg loss: 7.60815763
SIGReg loss: 7.60815763
SIGReg loss: 6.23030138
SIGReg loss: 6.23030138
SIGReg loss: 6.62634754
SIGReg loss: 6.62634754
SIGReg loss: 6.89323235
SIGReg loss: 6.89323235
SIGReg loss: 6.53813505
SIGReg loss: 6.53813505
SIGReg loss: 7.68260098
SIGReg loss: 7.68260098
SIGReg loss: 7.43940496
SIGReg loss: 7.43940496
SIGReg loss: 6.84960413
SIGReg loss: 6.84960413
SIGReg loss: 7.31396341
SIGReg loss: 7.31396341
SIGReg loss: 7.79307365
SIGReg loss: 7.79307365
SIGReg loss: 7.18953657
SIGReg loss: 7.18953657
SIGReg loss: 6.56598282
SIGReg loss: 6.56598282
SIGReg loss: 6.95492792
SIGReg loss: 6.95492792
SIGReg loss: 6.71807384
SIGReg loss: 6.71807384
SIGReg loss: 6.30328321
SIGReg loss: 6.30328321
SIGReg loss: 7.3027792
SIGReg loss: 7.3027792
SIGReg loss: 7.64653826
SIGReg loss: 7.64653826
SIGReg loss: 7.68874454
SIGReg loss: 7.68874454
  Step 250: Backbone Loss = 1.3641, Probe Loss = 201.2856, Acc = 0.5262
SIGReg loss: 8.01191711
SIGReg loss: 8.01191711
SIGReg loss: 7.25364
SIGReg loss: 7.25364
SIGReg loss: 6.12344646
SIGReg loss: 6.12344646
SIGReg loss: 6.77392435
SIGReg loss: 6.77392435
SIGReg loss: 6.95372581
SIGReg loss: 6.95372581
SIGReg loss: 8.04973698
SIGReg loss: 8.04973698
SIGReg loss: 6.74638605
SIGReg loss: 6.74638605
SIGReg loss: 6.7607584
SIGReg loss: 6.7607584
SIGReg loss: 6.85729313
SIGReg loss: 6.85729313
SIGReg loss: 6.40604687
SIGReg loss: 6.40604687
SIGReg loss: 6.54075575
SIGReg loss: 6.54075575
SIGReg loss: 7.58717871
SIGReg loss: 7.58717871
SIGReg loss: 6.58499622
SIGReg loss: 6.58499622
SIGReg loss: 7.04331684
SIGReg loss: 7.04331684
SIGReg loss: 6.93934345
SIGReg loss: 6.93934345
SIGReg loss: 7.6865
SIGReg loss: 7.6865
SIGReg loss: 6.64953709
SIGReg loss: 6.64953709
SIGReg loss: 7.2249403
SIGReg loss: 7.2249403
SIGReg loss: 6.64519596
SIGReg loss: 6.64519596
SIGReg loss: 6.76052666
SIGReg loss: 6.76052666
SIGReg loss: 6.87686586
SIGReg loss: 6.87686586
SIGReg loss: 6.36312532
SIGReg loss: 6.36312532
SIGReg loss: 7.08078098
SIGReg loss: 7.08078098
SIGReg loss: 6.85178852
SIGReg loss: 6.85178852
SIGReg loss: 6.43688393
SIGReg loss: 6.43688393
SIGReg loss: 6.73350477
SIGReg loss: 6.73350477
SIGReg loss: 7.24383879
SIGReg loss: 7.24383879
SIGReg loss: 7.04694462
SIGReg loss: 7.04694462
SIGReg loss: 6.99463177
SIGReg loss: 6.99463177
SIGReg loss: 7.01202726
SIGReg loss: 7.01202726
SIGReg loss: 6.6526165
SIGReg loss: 6.6526165
SIGReg loss: 6.14413166
SIGReg loss: 6.14413166
SIGReg loss: 6.92372
SIGReg loss: 6.92372
SIGReg loss: 6.26886368
SIGReg loss: 6.26886368
SIGReg loss: 8.38858223
SIGReg loss: 8.38858223
SIGReg loss: 6.84893799
SIGReg loss: 6.84893799
SIGReg loss: 7.45150614
SIGReg loss: 7.45150614
SIGReg loss: 6.91853285
SIGReg loss: 6.91853285
SIGReg loss: 5.71068239
SIGReg loss: 5.71068239
SIGReg loss: 7.49967289
SIGReg loss: 7.49967289
SIGReg loss: 5.76064873
SIGReg loss: 5.76064873
SIGReg loss: 6.86418343
SIGReg loss: 6.86418343
SIGReg loss: 6.43638611
SIGReg loss: 6.43638611
SIGReg loss: 6.32603
SIGReg loss: 6.32603
SIGReg loss: 6.09745693
SIGReg loss: 6.09745693
SIGReg loss: 6.30500317
SIGReg loss: 6.30500317
SIGReg loss: 6.35165
SIGReg loss: 6.35165
SIGReg loss: 5.95632315
SIGReg loss: 5.95632315
SIGReg loss: 6.80514908
SIGReg loss: 6.80514908
SIGReg loss: 6.53854179
SIGReg loss: 6.53854179
  Step 300: Backbone Loss = 1.2862, Probe Loss = 189.1595, Acc = 0.5353
SIGReg loss: 6.54445505
SIGReg loss: 6.54445505
SIGReg loss: 6.9028182
SIGReg loss: 6.9028182
SIGReg loss: 6.64142
SIGReg loss: 6.64142
SIGReg loss: 6.52460909
SIGReg loss: 6.52460909
SIGReg loss: 6.28699875
SIGReg loss: 6.28699875
SIGReg loss: 5.96726608
SIGReg loss: 5.96726608
SIGReg loss: 6.1482811
SIGReg loss: 6.1482811
SIGReg loss: 7.35997772
SIGReg loss: 7.35997772
SIGReg loss: 7.3598814
SIGReg loss: 7.3598814
