## SLURM PROLOG ###############################################################
##    Job ID : 14735186
##  Job Name : MyGO
##  Nodelist : gpu2104
##      CPUs : 1
##  Mem/Node : 32000 MB
## Directory : /oscar/home/lwang223/MyGO/MyGo
##   Job Started : Sun Dec  7 02:09:52 PM EST 2025
###############################################################################

==========================================
Job started at: Sun Dec  7 02:09:52 PM EST 2025
Job ID: 14735186
Node: gpu2104
==========================================

GPU Information (from host):
Sun Dec  7 14:09:52 2025       
+---------------------------------------------------------------------------------------+
| NVIDIA-SMI 535.129.03             Driver Version: 535.129.03   CUDA Version: 12.2     |
|-----------------------------------------+----------------------+----------------------+
| GPU  Name                 Persistence-M | Bus-Id        Disp.A | Volatile Uncorr. ECC |
| Fan  Temp   Perf          Pwr:Usage/Cap |         Memory-Usage | GPU-Util  Compute M. |
|                                         |                      |               MIG M. |
|=========================================+======================+======================|
|   0  NVIDIA GeForce RTX 3090        On  | 00000000:A1:00.0 Off |                  N/A |
| 30%   29C    P8              25W / 350W |     35MiB / 24576MiB |      0%      Default |
|                                         |                      |                  N/A |
+-----------------------------------------+----------------------+----------------------+
|   1  NVIDIA GeForce RTX 3090        On  | 00000000:E1:00.0 Off |                  N/A |
| 30%   27C    P8              23W / 350W |     26MiB / 24576MiB |      0%      Default |
|                                         |                      |                  N/A |
+-----------------------------------------+----------------------+----------------------+
                                                                                         
+---------------------------------------------------------------------------------------+
| Processes:                                                                            |
|  GPU   GI   CI        PID   Type   Process name                            GPU Memory |
|        ID   ID                                                             Usage      |
|=======================================================================================|
|    0   N/A  N/A     51669      G   /usr/libexec/Xorg                            25MiB |
|    1   N/A  N/A     51669      G   /usr/libexec/Xorg                            17MiB |
+---------------------------------------------------------------------------------------+

mygo conda environment loaded
/oscar/rt/9.2/software/0.20-generic/0.20.1/opt/spack/linux-rhel9-x86_64_v3/gcc-11.3.1/ffmpeg-7.0-xny2fb2nz3demdcjhj6x74mcxz4iwmys/bin/ffmpeg
ffmpeg version 7.0 Copyright (c) 2000-2024 the FFmpeg developers
built with gcc 11 (GCC)
configuration: --prefix=/oscar/rt/9.2/software/0.20-generic/0.20.1/opt/spack/linux-rhel9-x86_64_v3/gcc-11.3.1/ffmpeg-7.0-xny2fb2nz3demdcjhj6x74mcxz4iwmys --enable-pic --cc=/oscar/rt/9.2/software/0.20-generic/0.20.1/lib/spack/env/gcc/gcc --cxx=/oscar/rt/9.2/software/0.20-generic/0.20.1/lib/spack/env/gcc/g++ --disable-libxcb --disable-libxcb-shape --disable-libxcb-shm --disable-libxcb-xfixes --disable-xlib --disable-libfontconfig --disable-libfreetype --disable-libfribidi --enable-bzlib --enable-gpl --disable-libmp3lame --disable-libopenjpeg --disable-libopus --disable-libspeex --disable-libvorbis --enable-libvpx --enable-libx264 --disable-nonfree --disable-openssl --enable-shared --enable-version3 --disable-libzmq --disable-libssh --enable-libwebp --disable-lzma --disable-libsnappy --disable-sdl2 --disable-libaom --disable-libxml2
libavutil      59.  8.100 / 59.  8.100
libavcodec     61.  3.100 / 61.  3.100
libavformat    61.  1.100 / 61.  1.100
libavdevice    61.  1.100 / 61.  1.100
libavfilter    10.  1.100 / 10.  1.100
libswscale      8.  1.100 /  8.  1.100
libswresample   5.  1.100 /  5.  1.100
libpostproc    58.  1.100 / 58.  1.100
TF version: 2.16.1
Built with CUDA: True
GPUs detected: 2
GPU devices: [PhysicalDevice(name='/physical_device:GPU:0', device_type='GPU'), PhysicalDevice(name='/physical_device:GPU:1', device_type='GPU')]
==========================================
Installing dependencies
==========================================


==========================================
Starting main Python script at Sun Dec  7 02:10:02 PM EST 2025
==========================================

Working directory: /users/lwang223/MyGO/MyGo

[PhysicalDevice(name='/physical_device:GPU:0', device_type='GPU'), PhysicalDevice(name='/physical_device:GPU:1', device_type='GPU')]
Using MirroredStrategy for multi-GPU training.
Number of devices: 2
No checkpoint found. Starting from scratch.
Model: "vi_t__ti"
_________________________________________________________________
 Layer (type)                Output Shape              Param #   
=================================================================
 vit (TFViTMainLayer)        multiple                  0 (unused)
                                                                 
=================================================================
Total params: 5536128 (21.12 MB)
Trainable params: 5536128 (21.12 MB)
Non-trainable params: 0 (0.00 Byte)
_________________________________________________________________
Model: "linear_probe"
_________________________________________________________________
 Layer (type)                Output Shape              Param #   
=================================================================
 dense (Dense)               multiple                  101711    
                                                                 
=================================================================
Total params: 101711 (397.31 KB)
Trainable params: 101711 (397.31 KB)
Non-trainable params: 0 (0.00 Byte)
_________________________________________________________________
Building optimizer variables...
Optimizer built.
Starting training...

Epoch 1/100
std: 0.185302734 ,  0.0485229492 SigReg: 516.379517
std: 0.373291016 ,  0.0711669922 SigReg: 516.379517
  Step 0: Backbone Loss = 26.8252, SIGReg Loss = 516.3795 Probe Loss = 401.3510, Acc = 0.4816
std: 0.260986328 ,  0.0610961914 SigReg: 533.576721
std: 0.245849609 ,  0.0583190918 SigReg: 533.576721
std: 0.2578125 ,  0.0590209961 SigReg: 520.920776
std: 0.347412109 ,  0.118774414 SigReg: 520.920776
std: 0.184936523 ,  0.0614318848 SigReg: 524.444885
std: 0.16418457 ,  0.0485229492 SigReg: 524.444885
std: 0.294677734 ,  0.0736084 SigReg: 505.924927
std: 0.157470703 ,  0.0571899414 SigReg: 505.924927
std: 0.372802734 ,  0.0655517578 SigReg: 531.377075
std: 0.197143555 ,  0.124633789 SigReg: 531.377075
std: 0.219726562 ,  0.0589904785 SigReg: 548.421448
std: 0.267822266 ,  0.0587463379 SigReg: 548.421448
std: 0.283691406 ,  0.0590820312 SigReg: 513.867
std: 0.172485352 ,  0.0531921387 SigReg: 513.867
std: 0.248291016 ,  0.134887695 SigReg: 519.567749
std: 0.203979492 ,  0.0601806641 SigReg: 519.567749
std: 0.178100586 ,  0.130371094 SigReg: 541.993774
std: 0.193847656 ,  0.103393555 SigReg: 541.993774
std: 0.196044922 ,  0.0550231934 SigReg: 512.697205
std: 0.210449219 ,  0.0787963867 SigReg: 512.697205
std: 0.167236328 ,  0.0458374023 SigReg: 565.99884
std: 0.256591797 ,  0.055480957 SigReg: 565.99884
std: 0.261962891 ,  0.0703125 SigReg: 514.185852
std: 0.134643555 ,  0.0528564453 SigReg: 514.185852
std: 0.279296875 ,  0.0622558594 SigReg: 521.957031
std: 0.271728516 ,  0.0788574219 SigReg: 521.957031
std: 0.19140625 ,  0.0566711426 SigReg: 510.259155
std: 0.232543945 ,  0.0613098145 SigReg: 510.259155
std: 0.17565918 ,  0.0557861328 SigReg: 520.079529
std: 0.267089844 ,  0.0744018555 SigReg: 520.079529
std: 0.347167969 ,  0.0731811523 SigReg: 482.964386
std: 0.237060547 ,  0.0715942383 SigReg: 482.964386
std: 0.227539062 ,  0.0589904785 SigReg: 514.157837
std: 0.337158203 ,  0.0712280273 SigReg: 514.157837
std: 0.210327148 ,  0.0686035156 SigReg: 533.890564
std: 0.262695312 ,  0.0653686523 SigReg: 533.890564
std: 0.319335938 ,  0.0708007812 SigReg: 493.476562
std: 0.322753906 ,  0.0620727539 SigReg: 493.476562
std: 0.170166016 ,  0.0623168945 SigReg: 538.824097
std: 0.247314453 ,  0.0480041504 SigReg: 538.824097
std: 0.242919922 ,  0.0805664062 SigReg: 504.676453
std: 0.172729492 ,  0.0542907715 SigReg: 504.676453
std: 0.222900391 ,  0.220336914 SigReg: 457.445618
std: 0.206054688 ,  0.077331543 SigReg: 457.445618
std: 0.184204102 ,  0.0558166504 SigReg: 501.542969
std: 0.1640625 ,  0.0588378906 SigReg: 501.542969
std: 0.296386719 ,  0.0573120117 SigReg: 478.582794
std: 0.17578125 ,  0.0572814941 SigReg: 478.582794
std: 0.216430664 ,  0.051940918 SigReg: 511.593018
std: 0.323242188 ,  0.0497436523 SigReg: 511.593018
std: 0.160522461 ,  0.0552063 SigReg: 507.971588
std: 0.279052734 ,  0.0547180176 SigReg: 507.971588
std: 0.228881836 ,  0.0606994629 SigReg: 487.27832
std: 0.216918945 ,  0.0651245117 SigReg: 487.27832
std: 0.252685547 ,  0.0729370117 SigReg: 499.508606
std: 0.178466797 ,  0.0579834 SigReg: 499.508606
std: 0.186157227 ,  0.064453125 SigReg: 484.807739
std: 0.1953125 ,  0.0662841797 SigReg: 484.807739
std: 0.189086914 ,  0.0646972656 SigReg: 506.669128
std: 0.185668945 ,  0.063659668 SigReg: 506.669128
std: 0.387207031 ,  0.149047852 SigReg: 491.900848
std: 0.19519043 ,  0.276367188 SigReg: 491.900848
std: 0.261474609 ,  0.0921020508 SigReg: 500.772217
std: 0.221069336 ,  0.0659179688 SigReg: 500.772217
std: 0.266357422 ,  0.07421875 SigReg: 470.5336
std: 0.21472168 ,  0.0728149414 SigReg: 470.5336
std: 0.153076172 ,  0.0556945801 SigReg: 467.53363
std: 0.208374023 ,  0.0661010742 SigReg: 467.53363
std: 0.262939453 ,  0.0667114258 SigReg: 484.133575
std: 0.243774414 ,  0.143554688 SigReg: 484.133575
std: 0.240478516 ,  0.0715942383 SigReg: 466.378662
std: 0.170043945 ,  0.0653076172 SigReg: 466.378662
std: 0.273681641 ,  0.191040039 SigReg: 472.714935
std: 0.177246094 ,  0.0603637695 SigReg: 472.714935
std: 0.306884766 ,  0.155883789 SigReg: 447.537
std: 0.157714844 ,  0.0557556152 SigReg: 447.537
std: 0.411376953 ,  0.0557250977 SigReg: 476.915161
std: 0.29296875 ,  0.174316406 SigReg: 476.915161
std: 0.189819336 ,  0.0642089844 SigReg: 465.450195
std: 0.231689453 ,  0.0663452148 SigReg: 465.450195
std: 0.183227539 ,  0.0517578125 SigReg: 435.064178
std: 0.288818359 ,  0.0668945312 SigReg: 435.064178
std: 0.217651367 ,  0.07421875 SigReg: 461.50296
std: 0.292480469 ,  0.106628418 SigReg: 461.50296
std: 0.362060547 ,  0.244262695 SigReg: 459.960571
std: 0.275878906 ,  0.075012207 SigReg: 459.960571
std: 0.279541016 ,  0.199829102 SigReg: 448.229431
std: 0.187744141 ,  0.0650634766 SigReg: 448.229431
std: 0.302490234 ,  0.110229492 SigReg: 421.069885
std: 0.343017578 ,  0.0772094727 SigReg: 421.069885
std: 0.186767578 ,  0.0627441406 SigReg: 480.77536
std: 0.209228516 ,  0.0539550781 SigReg: 480.77536
std: 0.258056641 ,  0.0765991211 SigReg: 441.203156
std: 0.345214844 ,  0.0751953125 SigReg: 441.203156
std: 0.182373047 ,  0.11151123 SigReg: 430.208466
std: 0.291748047 ,  0.24621582 SigReg: 430.208466
std: 0.3203125 ,  0.0756225586 SigReg: 432.354492
std: 0.218139648 ,  0.0657959 SigReg: 432.354492
std: 0.16394043 ,  0.0628662109 SigReg: 440.656494
std: 0.389892578 ,  0.0716552734 SigReg: 440.656494
  Step 50: Backbone Loss = 23.9269, SIGReg Loss = 440.6565 Probe Loss = 403.1324, Acc = 0.5173
std: 0.172607422 ,  0.065246582 SigReg: 422.196136
std: 0.251220703 ,  0.0780639648 SigReg: 422.196136
std: 0.134277344 ,  0.0675048828 SigReg: 423.195038
std: 0.355712891 ,  0.0852661133 SigReg: 423.195038
std: 0.234008789 ,  0.0546264648 SigReg: 403.298553
std: 0.296142578 ,  0.0684204102 SigReg: 403.298553
std: 0.248779297 ,  0.0654296875 SigReg: 441.962341
std: 0.291259766 ,  0.0576782227 SigReg: 441.962341
std: 0.272705078 ,  0.0905151367 SigReg: 439.747498
std: 0.326416016 ,  0.0594787598 SigReg: 439.747498
std: 0.170654297 ,  0.0540771484 SigReg: 441.178467
std: 0.258300781 ,  0.0626220703 SigReg: 441.178467
std: 0.330810547 ,  0.07421875 SigReg: 406.28241
std: 0.200073242 ,  0.0632324219 SigReg: 406.28241
std: 0.263916016 ,  0.248413086 SigReg: 412.7612
std: 0.186157227 ,  0.0550231934 SigReg: 412.7612
std: 0.189819336 ,  0.0550842285 SigReg: 419.697876
std: 0.220703125 ,  0.0766601562 SigReg: 419.697876
std: 0.218383789 ,  0.0586242676 SigReg: 422.455048
std: 0.208984375 ,  0.0859375 SigReg: 422.455048
std: 0.25390625 ,  0.225585938 SigReg: 421.511536
std: 0.310058594 ,  0.157226562 SigReg: 421.511536
std: 0.247192383 ,  0.0625610352 SigReg: 406.420105
std: 0.316650391 ,  0.235473633 SigReg: 406.420105
std: 0.25 ,  0.224853516 SigReg: 410.484924
std: 0.158813477 ,  0.0393066406 SigReg: 410.484924
std: 0.3125 ,  0.0484619141 SigReg: 428.983612
std: 0.185913086 ,  0.0665283203 SigReg: 428.983612
std: 0.208129883 ,  0.0511779785 SigReg: 402.463409
std: 0.177856445 ,  0.042755127 SigReg: 402.463409
std: 0.159301758 ,  0.0398254395 SigReg: 398.294769
std: 0.211181641 ,  0.261230469 SigReg: 398.294769
std: 0.196899414 ,  0.0487365723 SigReg: 387.059845
std: 0.224609375 ,  0.0550842285 SigReg: 387.059845
std: 0.208740234 ,  0.0552368164 SigReg: 391.598267
std: 0.361816406 ,  0.0565490723 SigReg: 391.598267
std: 0.267333984 ,  0.0479431152 SigReg: 423.483368
std: 0.183227539 ,  0.0480041504 SigReg: 423.483368
std: 0.180541992 ,  0.11151123 SigReg: 406.814575
std: 0.177734375 ,  0.0592956543 SigReg: 406.814575
std: 0.22277832 ,  0.044921875 SigReg: 385.557373
std: 0.220703125 ,  0.0588989258 SigReg: 385.557373
std: 0.183105469 ,  0.0859375 SigReg: 407.771545
std: 0.172119141 ,  0.0485839844 SigReg: 407.771545
std: 0.211914062 ,  0.0672607422 SigReg: 381.516693
std: 0.178710938 ,  0.0316162109 SigReg: 381.516693
std: 0.210327148 ,  0.0584106445 SigReg: 391.717133
std: 0.252685547 ,  0.127441406 SigReg: 391.717133
std: 0.184570312 ,  0.0456237793 SigReg: 405.34552
std: 0.220336914 ,  0.0472106934 SigReg: 405.34552
std: 0.155029297 ,  0.036315918 SigReg: 392.757385
std: 0.298583984 ,  0.0433654785 SigReg: 392.757385
std: 0.30078125 ,  0.0497131348 SigReg: 387.661133
std: 0.188110352 ,  0.048034668 SigReg: 387.661133
std: 0.295410156 ,  0.059173584 SigReg: 382.904663
std: 0.189819336 ,  0.059173584 SigReg: 382.904663
std: 0.273681641 ,  0.0836792 SigReg: 361.963623
std: 0.264160156 ,  0.0507507324 SigReg: 361.963623
std: 0.188354492 ,  0.036529541 SigReg: 383.957397
std: 0.315673828 ,  0.0510559082 SigReg: 383.957397
std: 0.223999023 ,  0.04296875 SigReg: 389.507904
std: 0.180053711 ,  0.0452880859 SigReg: 389.507904
std: 0.188598633 ,  0.0407714844 SigReg: 347.058502
std: 0.209716797 ,  0.0451660156 SigReg: 347.058502
std: 0.208862305 ,  0.14855957 SigReg: 370.573303
std: 0.171630859 ,  0.0454101562 SigReg: 370.573303
std: 0.314208984 ,  0.105895996 SigReg: 330.667267
std: 0.262939453 ,  0.0425109863 SigReg: 330.667267
std: 0.321289062 ,  0.0745239258 SigReg: 350.201782
std: 0.244995117 ,  0.041595459 SigReg: 350.201782
std: 0.224487305 ,  0.0346679688 SigReg: 336.171906
std: 0.159301758 ,  0.0319213867 SigReg: 336.171906
std: 0.185791016 ,  0.0627441406 SigReg: 350.964447
std: 0.178955078 ,  0.0445251465 SigReg: 350.964447
std: 0.266357422 ,  0.0836181641 SigReg: 329.595154
std: 0.277587891 ,  0.0429992676 SigReg: 329.595154
std: 0.179321289 ,  0.0354614258 SigReg: 332.293732
std: 0.162231445 ,  0.178100586 SigReg: 332.293732
std: 0.328857422 ,  0.0437316895 SigReg: 312.470123
std: 0.240966797 ,  0.0252075195 SigReg: 312.470123
std: 0.260253906 ,  0.112426758 SigReg: 285.062775
std: 0.321777344 ,  0.0323486328 SigReg: 285.062775
std: 0.178955078 ,  0.032043457 SigReg: 302.03479
std: 0.218139648 ,  0.0336303711 SigReg: 302.03479
std: 0.215209961 ,  0.173339844 SigReg: 278.170227
std: 0.180786133 ,  0.171875 SigReg: 278.170227
std: 0.272705078 ,  0.0328063965 SigReg: 289.747894
std: 0.246582031 ,  0.0689697266 SigReg: 289.747894
std: 0.237304688 ,  0.0351257324 SigReg: 270.474976
std: 0.216430664 ,  0.0788574219 SigReg: 270.474976
std: 0.162109375 ,  0.0317077637 SigReg: 253.744308
std: 0.256835938 ,  0.0388183594 SigReg: 253.744308
std: 0.191772461 ,  0.0355834961 SigReg: 251.553253
std: 0.262695312 ,  0.0440063477 SigReg: 251.553253
std: 0.225219727 ,  0.0319213867 SigReg: 247.042664
std: 0.179321289 ,  0.0414123535 SigReg: 247.042664
std: 0.277587891 ,  0.0412597656 SigReg: 224.336395
std: 0.321777344 ,  0.0514221191 SigReg: 224.336395
std: 0.18737793 ,  0.0352172852 SigReg: 215.583603
std: 0.353027344 ,  0.227783203 SigReg: 215.583603
  Step 100: Backbone Loss = 12.4972, SIGReg Loss = 215.5836 Probe Loss = 401.7399, Acc = 0.4804
std: 0.22668457 ,  0.165527344 SigReg: 213.329056
std: 0.155273438 ,  0.032623291 SigReg: 213.329056
std: 0.205566406 ,  0.0345153809 SigReg: 207.52626
std: 0.263427734 ,  0.0328674316 SigReg: 207.52626
std: 0.190429688 ,  0.0258789062 SigReg: 216.599304
std: 0.288085938 ,  0.0446472168 SigReg: 216.599304
std: 0.194946289 ,  0.162841797 SigReg: 199.918457
std: 0.206542969 ,  0.0451660156 SigReg: 199.918457
std: 0.287353516 ,  0.034576416 SigReg: 187.5495
std: 0.3046875 ,  0.0392456055 SigReg: 187.5495
std: 0.21105957 ,  0.0433654785 SigReg: 186.907623
std: 0.205078125 ,  0.159301758 SigReg: 186.907623
std: 0.197509766 ,  0.0317993164 SigReg: 172.877441
std: 0.191650391 ,  0.0256652832 SigReg: 172.877441
std: 0.217651367 ,  0.0366210938 SigReg: 177.0755
std: 0.228027344 ,  0.0335998535 SigReg: 177.0755
std: 0.244873047 ,  0.0324401855 SigReg: 177.172028
std: 0.193481445 ,  0.0300140381 SigReg: 177.172028
std: 0.193969727 ,  0.02784729 SigReg: 168.380753
std: 0.293457031 ,  0.0523071289 SigReg: 168.380753
std: 0.186767578 ,  0.0336608887 SigReg: 170.532578
std: 0.185424805 ,  0.0247039795 SigReg: 170.532578
std: 0.188720703 ,  0.155883789 SigReg: 150.768509
std: 0.359130859 ,  0.0582580566 SigReg: 150.768509
std: 0.215698242 ,  0.0338134766 SigReg: 155.639709
std: 0.304199219 ,  0.0354309082 SigReg: 155.639709
std: 0.377685547 ,  0.0281982422 SigReg: 148.25975
std: 0.287109375 ,  0.155151367 SigReg: 148.25975
std: 0.259277344 ,  0.0297851562 SigReg: 157.858643
std: 0.237548828 ,  0.157226562 SigReg: 157.858643
std: 0.231201172 ,  0.0876464844 SigReg: 157.345154
std: 0.214477539 ,  0.033416748 SigReg: 157.345154
std: 0.289550781 ,  0.0324401855 SigReg: 140.325058
std: 0.204223633 ,  0.0770874 SigReg: 140.325058
std: 0.273681641 ,  0.0348815918 SigReg: 139.210938
std: 0.200195312 ,  0.0345153809 SigReg: 139.210938
std: 0.339599609 ,  0.109558105 SigReg: 143.84903
std: 0.380126953 ,  0.0376586914 SigReg: 143.84903
std: 0.260253906 ,  0.041809082 SigReg: 133.674225
std: 0.211547852 ,  0.09375 SigReg: 133.674225
std: 0.240600586 ,  0.0332641602 SigReg: 155.614304
std: 0.200073242 ,  0.0266113281 SigReg: 155.614304
std: 0.308349609 ,  0.0334472656 SigReg: 133.059601
std: 0.238037109 ,  0.0770263672 SigReg: 133.059601
std: 0.391601562 ,  0.0409851074 SigReg: 126.715889
std: 0.33984375 ,  0.030670166 SigReg: 126.715889
std: 0.195800781 ,  0.161376953 SigReg: 116.574951
std: 0.193725586 ,  0.0638427734 SigReg: 116.574951
std: 0.216918945 ,  0.0319519043 SigReg: 135.795731
std: 0.294677734 ,  0.0428771973 SigReg: 135.795731
std: 0.196289062 ,  0.0277709961 SigReg: 125.687881
std: 0.333496094 ,  0.065246582 SigReg: 125.687881
std: 0.192993164 ,  0.1796875 SigReg: 122.544571
std: 0.192749023 ,  0.033782959 SigReg: 122.544571
std: 0.263916016 ,  0.058807373 SigReg: 126.852188
std: 0.198242188 ,  0.0426940918 SigReg: 126.852188
std: 0.253662109 ,  0.0521850586 SigReg: 128.677689
std: 0.298828125 ,  0.166870117 SigReg: 128.677689
std: 0.29296875 ,  0.0351257324 SigReg: 129.267334
std: 0.195800781 ,  0.0339050293 SigReg: 129.267334
std: 0.234741211 ,  0.0519104 SigReg: 125.506554
std: 0.19921875 ,  0.0325622559 SigReg: 125.506554
std: 0.176269531 ,  0.0287475586 SigReg: 125.802254
std: 0.204467773 ,  0.170776367 SigReg: 125.802254
std: 0.193847656 ,  0.0309143066 SigReg: 128.821442
std: 0.247070312 ,  0.037902832 SigReg: 128.821442
std: 0.192749023 ,  0.0283660889 SigReg: 130.387253
std: 0.205688477 ,  0.0322265625 SigReg: 130.387253
std: 0.170410156 ,  0.0265045166 SigReg: 117.262543
std: 0.213989258 ,  0.0314331055 SigReg: 117.262543
std: 0.204345703 ,  0.0310058594 SigReg: 117.246162
std: 0.253662109 ,  0.174072266 SigReg: 117.246162
std: 0.193237305 ,  0.0283050537 SigReg: 119.352219
std: 0.292236328 ,  0.0407714844 SigReg: 119.352219
std: 0.182006836 ,  0.0307922363 SigReg: 113.527962
std: 0.237304688 ,  0.029083252 SigReg: 113.527962
std: 0.167480469 ,  0.0288543701 SigReg: 112.451057
std: 0.287353516 ,  0.0433349609 SigReg: 112.451057
std: 0.282714844 ,  0.0772094727 SigReg: 113.672409
std: 0.242675781 ,  0.0402526855 SigReg: 113.672409
std: 0.267578125 ,  0.0392150879 SigReg: 102.761589
std: 0.203613281 ,  0.0446167 SigReg: 102.761589
std: 0.442382812 ,  0.168212891 SigReg: 113.051208
std: 0.412109375 ,  0.044128418 SigReg: 113.051208
std: 0.200317383 ,  0.0355834961 SigReg: 119.817802
std: 0.23046875 ,  0.030166626 SigReg: 119.817802
std: 0.261474609 ,  0.167480469 SigReg: 114.08374
std: 0.198364258 ,  0.0415039062 SigReg: 114.08374
std: 0.196655273 ,  0.0724487305 SigReg: 110.68988
std: 0.16394043 ,  0.0299377441 SigReg: 110.68988
std: 0.281982422 ,  0.119506836 SigReg: 112.697067
std: 0.213745117 ,  0.043548584 SigReg: 112.697067
std: 0.362060547 ,  0.051574707 SigReg: 106.673462
std: 0.279296875 ,  0.049407959 SigReg: 106.673462
std: 0.336669922 ,  0.0368042 SigReg: 108.137772
std: 0.318603516 ,  0.0413513184 SigReg: 108.137772
std: 0.217529297 ,  0.111022949 SigReg: 100.839066
std: 0.209594727 ,  0.0533752441 SigReg: 100.839066
std: 0.161376953 ,  0.048248291 SigReg: 112.422035
std: 0.215576172 ,  0.0392456055 SigReg: 112.422035
  Step 150: Backbone Loss = 7.3450, SIGReg Loss = 112.4220 Probe Loss = 399.6075, Acc = 0.4833
std: 0.382324219 ,  0.0446777344 SigReg: 117.028976
std: 0.176757812 ,  0.0364685059 SigReg: 117.028976
std: 0.190429688 ,  0.0440979 SigReg: 116.687492
std: 0.169555664 ,  0.0489196777 SigReg: 116.687492
std: 0.263183594 ,  0.0495605469 SigReg: 112.616837
std: 0.176757812 ,  0.0430908203 SigReg: 112.616837
std: 0.214477539 ,  0.0445556641 SigReg: 103.959549
std: 0.153198242 ,  0.0395202637 SigReg: 103.959549
std: 0.225830078 ,  0.0456542969 SigReg: 109.319717
std: 0.216430664 ,  0.0475769043 SigReg: 109.319717
std: 0.203979492 ,  0.047454834 SigReg: 103.532036
std: 0.372802734 ,  0.0490722656 SigReg: 103.532036
std: 0.199584961 ,  0.112976074 SigReg: 112.323158
std: 0.187133789 ,  0.168945312 SigReg: 112.323158
std: 0.255371094 ,  0.094909668 SigReg: 105.96389
std: 0.198608398 ,  0.0441894531 SigReg: 105.96389
std: 0.201293945 ,  0.047454834 SigReg: 110.964203
std: 0.230712891 ,  0.0471801758 SigReg: 110.964203
std: 0.186523438 ,  0.0447998047 SigReg: 113.047226
std: 0.369140625 ,  0.0529785156 SigReg: 113.047226
std: 0.19519043 ,  0.0517578125 SigReg: 101.593277
std: 0.178955078 ,  0.035949707 SigReg: 101.593277
std: 0.270996094 ,  0.050201416 SigReg: 99.7554626
std: 0.133666992 ,  0.046081543 SigReg: 99.7554626
std: 0.275878906 ,  0.0626220703 SigReg: 102.371986
std: 0.186035156 ,  0.0708618164 SigReg: 102.371986
std: 0.296875 ,  0.0550231934 SigReg: 104.508652
std: 0.330566406 ,  0.169921875 SigReg: 104.508652
std: 0.189208984 ,  0.0491027832 SigReg: 95.0886841
std: 0.178466797 ,  0.0376586914 SigReg: 95.0886841
std: 0.194335938 ,  0.0434265137 SigReg: 101.876648
std: 0.294189453 ,  0.0791015625 SigReg: 101.876648
std: 0.207763672 ,  0.073059082 SigReg: 96.4570618
std: 0.406005859 ,  0.0881958 SigReg: 96.4570618
std: 0.188476562 ,  0.0413208 SigReg: 91.5037918
std: 0.181762695 ,  0.0498046875 SigReg: 91.5037918
std: 0.388183594 ,  0.0625610352 SigReg: 99.9143753
std: 0.403808594 ,  0.0469055176 SigReg: 99.9143753
std: 0.301513672 ,  0.0557556152 SigReg: 101.826981
std: 0.40234375 ,  0.0523376465 SigReg: 101.826981
std: 0.33984375 ,  0.082824707 SigReg: 95.982254
std: 0.1875 ,  0.0479736328 SigReg: 95.982254
std: 0.211914062 ,  0.0410766602 SigReg: 97.4617
std: 0.361328125 ,  0.0496521 SigReg: 97.4617
std: 0.424072266 ,  0.110046387 SigReg: 88.1403122
std: 0.183349609 ,  0.0472717285 SigReg: 88.1403122
std: 0.2578125 ,  0.0663452148 SigReg: 97.388031
std: 0.227661133 ,  0.0577697754 SigReg: 97.388031
std: 0.242431641 ,  0.0622253418 SigReg: 88.9008789
std: 0.201904297 ,  0.0618286133 SigReg: 88.9008789
std: 0.184082031 ,  0.0496521 SigReg: 107.695877
std: 0.198120117 ,  0.0514221191 SigReg: 107.695877
std: 0.218505859 ,  0.13684082 SigReg: 94.4819794
std: 0.225219727 ,  0.0592041 SigReg: 94.4819794
std: 0.193481445 ,  0.0735473633 SigReg: 102.131081
std: 0.186889648 ,  0.0508117676 SigReg: 102.131081
std: 0.158813477 ,  0.0516052246 SigReg: 91.131218
std: 0.273925781 ,  0.0677490234 SigReg: 91.131218
std: 0.211791992 ,  0.0621948242 SigReg: 85.3233643
std: 0.255615234 ,  0.059387207 SigReg: 85.3233643
std: 0.290771484 ,  0.0741577148 SigReg: 88.1705475
std: 0.279785156 ,  0.0579528809 SigReg: 88.1705475
std: 0.370117188 ,  0.169311523 SigReg: 86.6142883
std: 0.306884766 ,  0.071105957 SigReg: 86.6142883
std: 0.178588867 ,  0.0539550781 SigReg: 83.5010223
std: 0.325439453 ,  0.241210938 SigReg: 83.5010223
std: 0.140258789 ,  0.0499572754 SigReg: 88.6879272
std: 0.320068359 ,  0.0716552734 SigReg: 88.6879272
std: 0.160644531 ,  0.0501709 SigReg: 90.739212
std: 0.214111328 ,  0.0611877441 SigReg: 90.739212
std: 0.35546875 ,  0.0640869141 SigReg: 102.13205
std: 0.190795898 ,  0.0571594238 SigReg: 102.13205
std: 0.174926758 ,  0.0612792969 SigReg: 91.9872284
std: 0.210449219 ,  0.0603942871 SigReg: 91.9872284
std: 0.281005859 ,  0.062286377 SigReg: 85.186264
std: 0.250244141 ,  0.0649414062 SigReg: 85.186264
std: 0.12878418 ,  0.0491027832 SigReg: 88.8478241
std: 0.169677734 ,  0.0490112305 SigReg: 88.8478241
std: 0.370605469 ,  0.0772705078 SigReg: 87.6235
std: 0.209716797 ,  0.0971069336 SigReg: 87.6235
std: 0.362304688 ,  0.176513672 SigReg: 92.8267
std: 0.296875 ,  0.0550842285 SigReg: 92.8267
std: 0.185180664 ,  0.0572509766 SigReg: 77.9970322
std: 0.218994141 ,  0.136230469 SigReg: 77.9970322
std: 0.274658203 ,  0.0605163574 SigReg: 85.0957413
std: 0.160522461 ,  0.0504760742 SigReg: 85.0957413
std: 0.464599609 ,  0.0873413086 SigReg: 91.3678
std: 0.291015625 ,  0.0573120117 SigReg: 91.3678
std: 0.192749023 ,  0.0676269531 SigReg: 98.207634
std: 0.172729492 ,  0.0545349121 SigReg: 98.207634
std: 0.239013672 ,  0.0908813477 SigReg: 90.0350571
std: 0.21484375 ,  0.0686035156 SigReg: 90.0350571
std: 0.19519043 ,  0.0509033203 SigReg: 88.9205475
std: 0.264404297 ,  0.0599975586 SigReg: 88.9205475
std: 0.200805664 ,  0.0571289062 SigReg: 91.3319931
std: 0.193481445 ,  0.0604248047 SigReg: 91.3319931
std: 0.212280273 ,  0.076965332 SigReg: 87.7283478
std: 0.336181641 ,  0.0736694336 SigReg: 87.7283478
std: 0.288818359 ,  0.0883789062 SigReg: 89.9183502
std: 0.381347656 ,  0.0736694336 SigReg: 89.9183502
  Step 200: Backbone Loss = 6.1999, SIGReg Loss = 89.9184 Probe Loss = 396.4536, Acc = 0.5077
std: 0.311035156 ,  0.147338867 SigReg: 92.6437149
std: 0.213500977 ,  0.167602539 SigReg: 92.6437149
std: 0.208007812 ,  0.165771484 SigReg: 89.9350052
std: 0.259277344 ,  0.0953979492 SigReg: 89.9350052
std: 0.162475586 ,  0.0576477051 SigReg: 102.296608
std: 0.140625 ,  0.0487365723 SigReg: 102.296608
std: 0.294433594 ,  0.0650024414 SigReg: 84.7553177
std: 0.184936523 ,  0.0559997559 SigReg: 84.7553177
std: 0.213012695 ,  0.0961914062 SigReg: 87.0143814
std: 0.186401367 ,  0.0656738281 SigReg: 87.0143814
std: 0.16394043 ,  0.053894043 SigReg: 93.9665
std: 0.377685547 ,  0.0902099609 SigReg: 93.9665
std: 0.210327148 ,  0.164306641 SigReg: 90.0571594
std: 0.385742188 ,  0.0668945312 SigReg: 90.0571594
std: 0.323730469 ,  0.0690307617 SigReg: 83.5279922
std: 0.286132812 ,  0.0820922852 SigReg: 83.5279922
std: 0.146728516 ,  0.0491943359 SigReg: 93.0790558
std: 0.281005859 ,  0.076171875 SigReg: 93.0790558
std: 0.243286133 ,  0.075378418 SigReg: 79.7563477
std: 0.175415039 ,  0.0645141602 SigReg: 79.7563477
std: 0.172851562 ,  0.0502319336 SigReg: 79.0703659
std: 0.172973633 ,  0.134155273 SigReg: 79.0703659
std: 0.209594727 ,  0.0610046387 SigReg: 78.0448532
std: 0.196289062 ,  0.0672607422 SigReg: 78.0448532
std: 0.266601562 ,  0.0744018555 SigReg: 83.8614044
std: 0.155273438 ,  0.0552063 SigReg: 83.8614044
std: 0.194580078 ,  0.0625610352 SigReg: 81.7204437
std: 0.206665039 ,  0.075012207 SigReg: 81.7204437
std: 0.351318359 ,  0.0670166 SigReg: 77.7372589
std: 0.154052734 ,  0.0535888672 SigReg: 77.7372589
std: 0.180053711 ,  0.0626831055 SigReg: 80.9470901
std: 0.208007812 ,  0.0735473633 SigReg: 80.9470901
std: 0.243286133 ,  0.0731811523 SigReg: 75.671524
std: 0.431640625 ,  0.0495605469 SigReg: 75.671524
std: 0.177368164 ,  0.0648803711 SigReg: 81.6679
std: 0.256347656 ,  0.162963867 SigReg: 81.6679
std: 0.243774414 ,  0.160522461 SigReg: 78.8405457
std: 0.165527344 ,  0.0651245117 SigReg: 78.8405457
std: 0.373535156 ,  0.0772705078 SigReg: 78.1668243
std: 0.178710938 ,  0.0604248047 SigReg: 78.1668243
std: 0.260253906 ,  0.056854248 SigReg: 74.2657547
std: 0.278076172 ,  0.0659179688 SigReg: 74.2657547
std: 0.275390625 ,  0.0667724609 SigReg: 86.3682175
std: 0.223999023 ,  0.0803833 SigReg: 86.3682175
std: 0.185791016 ,  0.154174805 SigReg: 77.8289795
std: 0.240112305 ,  0.057800293 SigReg: 77.8289795
std: 0.359375 ,  0.0833129883 SigReg: 95.420166
std: 0.169311523 ,  0.0665283203 SigReg: 95.420166
std: 0.134155273 ,  0.0588989258 SigReg: 98.4522934
std: 0.203125 ,  0.0647583 SigReg: 98.4522934
std: 0.245605469 ,  0.08984375 SigReg: 90.7659836
std: 0.338378906 ,  0.0654296875 SigReg: 90.7659836
std: 0.349121094 ,  0.0847168 SigReg: 80.8838348
std: 0.185180664 ,  0.0718994141 SigReg: 80.8838348
std: 0.182250977 ,  0.0830688477 SigReg: 90.7721481
std: 0.292236328 ,  0.0828857422 SigReg: 90.7721481
std: 0.177490234 ,  0.106323242 SigReg: 81.8917923
std: 0.237915039 ,  0.0649414062 SigReg: 81.8917923
std: 0.283691406 ,  0.130249023 SigReg: 85.7766571
std: 0.273193359 ,  0.0967407227 SigReg: 85.7766571
std: 0.150268555 ,  0.0586242676 SigReg: 73.5500946
std: 0.213256836 ,  0.0667724609 SigReg: 73.5500946
std: 0.249633789 ,  0.0872802734 SigReg: 87.0763397
std: 0.170654297 ,  0.0645141602 SigReg: 87.0763397
std: 0.391845703 ,  0.0725097656 SigReg: 84.2166748
std: 0.203979492 ,  0.0684204102 SigReg: 84.2166748
std: 0.164672852 ,  0.0651245117 SigReg: 91.2026062
std: 0.233154297 ,  0.0637817383 SigReg: 91.2026062
std: 0.217163086 ,  0.0894775391 SigReg: 85.8511887
std: 0.208618164 ,  0.0751342773 SigReg: 85.8511887
std: 0.194335938 ,  0.0882568359 SigReg: 77.5840607
std: 0.155883789 ,  0.0606994629 SigReg: 77.5840607
std: 0.216186523 ,  0.244018555 SigReg: 88.8094254
std: 0.231689453 ,  0.0917358398 SigReg: 88.8094254
std: 0.253173828 ,  0.0651855469 SigReg: 100.445297
std: 0.164794922 ,  0.0616455078 SigReg: 100.445297
std: 0.251220703 ,  0.0704956055 SigReg: 87.0602417
std: 0.294921875 ,  0.104431152 SigReg: 87.0602417
std: 0.198852539 ,  0.0790405273 SigReg: 71.8792343
std: 0.198608398 ,  0.0750732422 SigReg: 71.8792343
std: 0.341064453 ,  0.0797729492 SigReg: 90.7352
std: 0.163452148 ,  0.0697631836 SigReg: 90.7352
std: 0.208984375 ,  0.0865478516 SigReg: 89.9155045
std: 0.238525391 ,  0.147338867 SigReg: 89.9155045
std: 0.298828125 ,  0.0779418945 SigReg: 78.4581909
std: 0.3125 ,  0.166748047 SigReg: 78.4581909
std: 0.280029297 ,  0.0729980469 SigReg: 86.491539
std: 0.178344727 ,  0.0608215332 SigReg: 86.491539
std: 0.385498047 ,  0.0912475586 SigReg: 95.193222
std: 0.274902344 ,  0.0745239258 SigReg: 95.193222
std: 0.244506836 ,  0.0700683594 SigReg: 85.4059525
std: 0.345947266 ,  0.0862426758 SigReg: 85.4059525
std: 0.162719727 ,  0.0610961914 SigReg: 89.6457443
std: 0.217407227 ,  0.071105957 SigReg: 89.6457443
std: 0.270507812 ,  0.0919799805 SigReg: 85.4692
std: 0.328125 ,  0.0703735352 SigReg: 85.4692
std: 0.290771484 ,  0.0797729492 SigReg: 88.6254196
std: 0.276855469 ,  0.0732421875 SigReg: 88.6254196
std: 0.212890625 ,  0.0698852539 SigReg: 85.3493118
std: 0.165893555 ,  0.0589599609 SigReg: 85.3493118
  Step 250: Backbone Loss = 5.9686, SIGReg Loss = 85.3493 Probe Loss = 392.0735, Acc = 0.4712
std: 0.187133789 ,  0.0755615234 SigReg: 84.3002167
std: 0.178588867 ,  0.0720825195 SigReg: 84.3002167
std: 0.200317383 ,  0.0712280273 SigReg: 86.835556
std: 0.168823242 ,  0.0541687 SigReg: 86.835556
std: 0.149047852 ,  0.0700683594 SigReg: 81.4924164
std: 0.220092773 ,  0.163818359 SigReg: 81.4924164
std: 0.211669922 ,  0.126098633 SigReg: 77.9008713
std: 0.36328125 ,  0.0896606445 SigReg: 77.9008713
std: 0.335205078 ,  0.105041504 SigReg: 76.9924698
std: 0.173950195 ,  0.0651245117 SigReg: 76.9924698
std: 0.305175781 ,  0.0876464844 SigReg: 80.7266846
std: 0.306640625 ,  0.139770508 SigReg: 80.7266846
std: 0.186523438 ,  0.0645141602 SigReg: 80.8585052
std: 0.273925781 ,  0.0909423828 SigReg: 80.8585052
std: 0.293701172 ,  0.168334961 SigReg: 86.6075668
std: 0.417480469 ,  0.0933227539 SigReg: 86.6075668
std: 0.456542969 ,  0.114929199 SigReg: 82.515564
std: 0.223510742 ,  0.0818481445 SigReg: 82.515564
std: 0.217651367 ,  0.0678710938 SigReg: 83.2983932
std: 0.378662109 ,  0.0747070312 SigReg: 83.2983932
std: 0.170898438 ,  0.0728149414 SigReg: 87.4850616
std: 0.336914062 ,  0.178222656 SigReg: 87.4850616
std: 0.308837891 ,  0.0916137695 SigReg: 81.9517365
std: 0.365966797 ,  0.112854004 SigReg: 81.9517365
std: 0.222045898 ,  0.0846557617 SigReg: 75.5630417
std: 0.168457031 ,  0.0626220703 SigReg: 75.5630417
std: 0.242919922 ,  0.243896484 SigReg: 80.0834045
std: 0.489257812 ,  0.0795288086 SigReg: 80.0834045
std: 0.216308594 ,  0.0726318359 SigReg: 79.4623413
std: 0.211914062 ,  0.0718994141 SigReg: 79.4623413
std: 0.154541016 ,  0.0531005859 SigReg: 85.4875259
std: 0.208740234 ,  0.104736328 SigReg: 85.4875259
std: 0.204833984 ,  0.0784912109 SigReg: 82.5772858
std: 0.231689453 ,  0.0993652344 SigReg: 82.5772858
std: 0.320068359 ,  0.0930175781 SigReg: 73.6875381
std: 0.197753906 ,  0.0771484375 SigReg: 73.6875381
std: 0.223632812 ,  0.0896606445 SigReg: 76.4087
std: 0.172973633 ,  0.0733642578 SigReg: 76.4087
std: 0.219482422 ,  0.0848388672 SigReg: 81.1194077
std: 0.180053711 ,  0.0797119141 SigReg: 81.1194077
std: 0.286132812 ,  0.134887695 SigReg: 81.4934158
std: 0.373535156 ,  0.0899658203 SigReg: 81.4934158
std: 0.228149414 ,  0.247436523 SigReg: 77.8176956
std: 0.316650391 ,  0.0798950195 SigReg: 77.8176956
std: 0.206054688 ,  0.121887207 SigReg: 83.7384949
std: 0.14453125 ,  0.0717163086 SigReg: 83.7384949
std: 0.243896484 ,  0.106201172 SigReg: 81.4842224
std: 0.166992188 ,  0.0686035156 SigReg: 81.4842224
std: 0.164428711 ,  0.0745849609 SigReg: 80.7780304
std: 0.232543945 ,  0.080078125 SigReg: 80.7780304
std: 0.271484375 ,  0.0853881836 SigReg: 83.9055099
std: 0.366699219 ,  0.0965576172 SigReg: 83.9055099
std: 0.401611328 ,  0.123413086 SigReg: 75.4946899
std: 0.203735352 ,  0.0952148438 SigReg: 75.4946899
std: 0.294189453 ,  0.171875 SigReg: 81.0115051
std: 0.308105469 ,  0.0970459 SigReg: 81.0115051
std: 0.172363281 ,  0.0724487305 SigReg: 77.1882172
std: 0.213867188 ,  0.100036621 SigReg: 77.1882172
std: 0.201049805 ,  0.0733642578 SigReg: 78.7834778
std: 0.201904297 ,  0.0744628906 SigReg: 78.7834778
std: 0.28125 ,  0.0880737305 SigReg: 72.2371216
std: 0.1640625 ,  0.0697631836 SigReg: 72.2371216
std: 0.129882812 ,  0.0680542 SigReg: 82.1055374
std: 0.163085938 ,  0.0668945312 SigReg: 82.1055374
std: 0.251953125 ,  0.0663452148 SigReg: 76.2554321
std: 0.309326172 ,  0.0877075195 SigReg: 76.2554321
std: 0.205444336 ,  0.0991210938 SigReg: 78.1654892
std: 0.18359375 ,  0.114135742 SigReg: 78.1654892
std: 0.183837891 ,  0.0746459961 SigReg: 87.3998947
std: 0.188354492 ,  0.0733642578 SigReg: 87.3998947
std: 0.482910156 ,  0.107666016 SigReg: 81.5405426
std: 0.448486328 ,  0.104797363 SigReg: 81.5405426
std: 0.180053711 ,  0.0821533203 SigReg: 78.8089294
std: 0.268554688 ,  0.0855102539 SigReg: 78.8089294
std: 0.166137695 ,  0.0552978516 SigReg: 76.6356506
std: 0.187866211 ,  0.0849609375 SigReg: 76.6356506
std: 0.156860352 ,  0.0786132812 SigReg: 84.8196259
std: 0.188476562 ,  0.0836181641 SigReg: 84.8196259
std: 0.152587891 ,  0.0735473633 SigReg: 82.7445297
std: 0.223632812 ,  0.0933227539 SigReg: 82.7445297
std: 0.172729492 ,  0.0895996094 SigReg: 81.4297943
std: 0.381591797 ,  0.0910644531 SigReg: 81.4297943
std: 0.400634766 ,  0.107849121 SigReg: 72.067749
std: 0.279296875 ,  0.0994262695 SigReg: 72.067749
std: 0.25 ,  0.096496582 SigReg: 75.7672195
std: 0.201293945 ,  0.0912475586 SigReg: 75.7672195
std: 0.228027344 ,  0.147705078 SigReg: 82.6542206
std: 0.211425781 ,  0.0834350586 SigReg: 82.6542206
std: 0.218261719 ,  0.0978393555 SigReg: 79.4683228
std: 0.181884766 ,  0.0748291 SigReg: 79.4683228
std: 0.232666016 ,  0.0908203125 SigReg: 81.6699524
std: 0.17980957 ,  0.08984375 SigReg: 81.6699524
std: 0.266845703 ,  0.0885009766 SigReg: 73.6947556
std: 0.288330078 ,  0.0904541 SigReg: 73.6947556
std: 0.260986328 ,  0.0953369141 SigReg: 78.2169
std: 0.253662109 ,  0.0853881836 SigReg: 78.2169
std: 0.201049805 ,  0.0738525391 SigReg: 73.2513962
std: 0.217651367 ,  0.0894165039 SigReg: 73.2513962
std: 0.251953125 ,  0.0915527344 SigReg: 82.4749
std: 0.3203125 ,  0.0972900391 SigReg: 82.4749
  Step 300: Backbone Loss = 5.7902, SIGReg Loss = 82.4749 Probe Loss = 385.1356, Acc = 0.5276
std: 0.378662109 ,  0.0896606445 SigReg: 85.8101501
std: 0.199951172 ,  0.0885009766 SigReg: 85.8101501
std: 0.185424805 ,  0.0822143555 SigReg: 84.8069382
std: 0.232788086 ,  0.0840454102 SigReg: 84.8069382
std: 0.220703125 ,  0.10949707 SigReg: 78.6139679
std: 0.187133789 ,  0.0889282227 SigReg: 78.6139679
std: 0.365966797 ,  0.0822143555 SigReg: 86.8514557
std: 0.387451172 ,  0.176757812 SigReg: 86.8514557
std: 0.291748047 ,  0.0897216797 SigReg: 74.6025391
std: 0.245727539 ,  0.104370117 SigReg: 74.6025391
std: 0.222167969 ,  0.0783081055 SigReg: 91.1449
std: 0.167114258 ,  0.0797729492 SigReg: 91.1449
Epoch 1 finished in 296.70s.
  Avg Backbone Loss: 12.1253
  Avg Probe Loss:    397.3821
  Avg Probe Accuracy: 0.5047

Epoch 2/100
std: 0.330566406 ,  0.147094727 SigReg: 87.5631561
std: 0.213134766 ,  0.0950317383 SigReg: 87.5631561
  Step 0: Backbone Loss = 6.0881, SIGReg Loss = 87.5632 Probe Loss = 383.7285, Acc = 0.4922
std: 0.3515625 ,  0.114685059 SigReg: 82.5415039
std: 0.299316406 ,  0.110595703 SigReg: 82.5415039
std: 0.165771484 ,  0.0645751953 SigReg: 68.6088638
std: 0.234863281 ,  0.145996094 SigReg: 68.6088638
std: 0.356933594 ,  0.135375977 SigReg: 82.125
std: 0.18762207 ,  0.135131836 SigReg: 82.125
std: 0.266601562 ,  0.0928344727 SigReg: 82.3805237
std: 0.202636719 ,  0.10369873 SigReg: 82.3805237
std: 0.307617188 ,  0.0932006836 SigReg: 81.4661255
std: 0.287353516 ,  0.0905761719 SigReg: 81.4661255
std: 0.197998047 ,  0.103393555 SigReg: 84.048317
std: 0.348144531 ,  0.113220215 SigReg: 84.048317
std: 0.203369141 ,  0.0755615234 SigReg: 76.3828583
std: 0.16796875 ,  0.0806884766 SigReg: 76.3828583
std: 0.208618164 ,  0.0902709961 SigReg: 74.7095566
std: 0.244750977 ,  0.239501953 SigReg: 74.7095566
std: 0.241088867 ,  0.0974121094 SigReg: 84.3589325
std: 0.222290039 ,  0.0879516602 SigReg: 84.3589325
std: 0.260986328 ,  0.100280762 SigReg: 82.3645706
std: 0.206665039 ,  0.109802246 SigReg: 82.3645706
std: 0.231933594 ,  0.173339844 SigReg: 72.7737732
std: 0.220947266 ,  0.161376953 SigReg: 72.7737732
std: 0.195678711 ,  0.0852050781 SigReg: 72.159584
std: 0.328369141 ,  0.105957031 SigReg: 72.159584
std: 0.433105469 ,  0.117248535 SigReg: 71.0267944
std: 0.279052734 ,  0.0900878906 SigReg: 71.0267944
std: 0.186401367 ,  0.084777832 SigReg: 69.5683289
std: 0.168457031 ,  0.080871582 SigReg: 69.5683289
std: 0.251953125 ,  0.0858764648 SigReg: 82.200882
std: 0.195800781 ,  0.0863037109 SigReg: 82.200882
std: 0.219848633 ,  0.10345459 SigReg: 83.5546188
std: 0.212280273 ,  0.0979003906 SigReg: 83.5546188
std: 0.447509766 ,  0.12322998 SigReg: 80.2736435
std: 0.268554688 ,  0.0914306641 SigReg: 80.2736435
std: 0.187011719 ,  0.0775756836 SigReg: 87.673584
std: 0.318603516 ,  0.130859375 SigReg: 87.673584
std: 0.15246582 ,  0.0791015625 SigReg: 90.1277313
std: 0.291992188 ,  0.096496582 SigReg: 90.1277313
std: 0.225830078 ,  0.0874023438 SigReg: 79.2370148
std: 0.347167969 ,  0.0914306641 SigReg: 79.2370148
std: 0.155395508 ,  0.0762329102 SigReg: 87.559967
std: 0.198608398 ,  0.0936889648 SigReg: 87.559967
std: 0.270751953 ,  0.111694336 SigReg: 80.9926147
std: 0.3515625 ,  0.104187012 SigReg: 80.9926147
std: 0.246704102 ,  0.108276367 SigReg: 79.9807739
std: 0.287109375 ,  0.0979003906 SigReg: 79.9807739
std: 0.161499023 ,  0.0765991211 SigReg: 74.3283539
std: 0.270996094 ,  0.109375 SigReg: 74.3283539
std: 0.198486328 ,  0.164794922 SigReg: 76.9715424
std: 0.240600586 ,  0.180541992 SigReg: 76.9715424
std: 0.250732422 ,  0.0951538086 SigReg: 75.9975662
std: 0.17980957 ,  0.0823364258 SigReg: 75.9975662
std: 0.217407227 ,  0.0892334 SigReg: 90.2261353
std: 0.343261719 ,  0.0958251953 SigReg: 90.2261353
std: 0.172729492 ,  0.0814819336 SigReg: 91.1108551
std: 0.326171875 ,  0.178588867 SigReg: 91.1108551
std: 0.193115234 ,  0.156494141 SigReg: 80.5690613
std: 0.393066406 ,  0.0804443359 SigReg: 80.5690613
std: 0.337890625 ,  0.113647461 SigReg: 71.812088
std: 0.183105469 ,  0.0861816406 SigReg: 71.812088
std: 0.303466797 ,  0.102905273 SigReg: 74.2070465
std: 0.454589844 ,  0.124267578 SigReg: 74.2070465
std: 0.196533203 ,  0.111328125 SigReg: 80.8031769
std: 0.186889648 ,  0.0875244141 SigReg: 80.8031769
std: 0.171264648 ,  0.0810546875 SigReg: 75.1964874
std: 0.355957031 ,  0.109924316 SigReg: 75.1964874
std: 0.215209961 ,  0.108398438 SigReg: 77.9685364
std: 0.232421875 ,  0.116577148 SigReg: 77.9685364
std: 0.268310547 ,  0.239501953 SigReg: 76.3953
std: 0.147583008 ,  0.0700683594 SigReg: 76.3953
std: 0.203735352 ,  0.129272461 SigReg: 78.7994
std: 0.409179688 ,  0.262695312 SigReg: 78.7994
std: 0.200805664 ,  0.0883178711 SigReg: 81.9234161
std: 0.2734375 ,  0.0962524414 SigReg: 81.9234161
std: 0.1953125 ,  0.0836792 SigReg: 86.156105
std: 0.133789062 ,  0.0681152344 SigReg: 86.156105
std: 0.229370117 ,  0.0932617188 SigReg: 79.2327118
std: 0.20703125 ,  0.108337402 SigReg: 79.2327118
std: 0.412597656 ,  0.0991821289 SigReg: 79.3932724
std: 0.213134766 ,  0.0776367188 SigReg: 79.3932724
std: 0.162231445 ,  0.0682983398 SigReg: 66.5927582
std: 0.210693359 ,  0.0939331055 SigReg: 66.5927582
std: 0.387207031 ,  0.123596191 SigReg: 86.0761642
std: 0.203857422 ,  0.0872192383 SigReg: 86.0761642
std: 0.218994141 ,  0.095703125 SigReg: 78.2905
std: 0.385498047 ,  0.100158691 SigReg: 78.2905
std: 0.262695312 ,  0.0853881836 SigReg: 81.4858398
std: 0.315673828 ,  0.105895996 SigReg: 81.4858398
std: 0.215820312 ,  0.109313965 SigReg: 85.4514694
std: 0.203857422 ,  0.0952148438 SigReg: 85.4514694
std: 0.355224609 ,  0.104675293 SigReg: 91.7054443
std: 0.369140625 ,  0.101623535 SigReg: 91.7054443
std: 0.204956055 ,  0.0909423828 SigReg: 82.2843552
std: 0.226196289 ,  0.0881347656 SigReg: 82.2843552
std: 0.218994141 ,  0.0967407227 SigReg: 78.4624176
std: 0.335693359 ,  0.0903930664 SigReg: 78.4624176
std: 0.271484375 ,  0.0971679688 SigReg: 76.9208527
std: 0.234619141 ,  0.0989990234 SigReg: 76.9208527
std: 0.454589844 ,  0.126220703 SigReg: 80.8889389
std: 0.319091797 ,  0.100952148 SigReg: 80.8889389
  Step 50: Backbone Loss = 5.6924, SIGReg Loss = 80.8889 Probe Loss = 376.8506, Acc = 0.5466
std: 0.194946289 ,  0.091796875 SigReg: 72.1373749
std: 0.405273438 ,  0.11529541 SigReg: 72.1373749
std: 0.212890625 ,  0.0983276367 SigReg: 85.9305038
std: 0.227783203 ,  0.0780029297 SigReg: 85.9305038
std: 0.166137695 ,  0.0687255859 SigReg: 89.7906418
std: 0.302001953 ,  0.178100586 SigReg: 89.7906418
std: 0.261230469 ,  0.122680664 SigReg: 74.5001373
std: 0.283935547 ,  0.141967773 SigReg: 74.5001373
std: 0.221679688 ,  0.0866088867 SigReg: 89.3091583
std: 0.214111328 ,  0.0907592773 SigReg: 89.3091583
std: 0.191650391 ,  0.0830688477 SigReg: 89.8845749
std: 0.165283203 ,  0.0739135742 SigReg: 89.8845749
std: 0.263427734 ,  0.108337402 SigReg: 74.6150818
std: 0.277832031 ,  0.155761719 SigReg: 74.6150818
std: 0.243652344 ,  0.151611328 SigReg: 76.6463394
std: 0.36328125 ,  0.0791015625 SigReg: 76.6463394
std: 0.200927734 ,  0.0855712891 SigReg: 81.210228
std: 0.201416016 ,  0.0988769531 SigReg: 81.210228
std: 0.18762207 ,  0.0855712891 SigReg: 95.6002121
std: 0.184936523 ,  0.0842895508 SigReg: 95.6002121
std: 0.229614258 ,  0.103637695 SigReg: 114.181351
std: 0.208618164 ,  0.0955200195 SigReg: 114.181351
std: 0.177001953 ,  0.0833129883 SigReg: 83.0760727
std: 0.159912109 ,  0.0842895508 SigReg: 83.0760727
std: 0.223266602 ,  0.124267578 SigReg: 98.8896713
std: 0.318115234 ,  0.111999512 SigReg: 98.8896713
std: 0.144165039 ,  0.0740966797 SigReg: 126.436073
std: 0.229125977 ,  0.0989379883 SigReg: 126.436073
std: 0.341064453 ,  0.119140625 SigReg: 89.9082642
std: 0.227294922 ,  0.105834961 SigReg: 89.9082642
std: 0.397460938 ,  0.173583984 SigReg: 93.5446472
std: 0.21484375 ,  0.104919434 SigReg: 93.5446472
std: 0.181640625 ,  0.088684082 SigReg: 118.116592
std: 0.21105957 ,  0.14855957 SigReg: 118.116592
std: 0.241577148 ,  0.151855469 SigReg: 95.6558456
std: 0.189941406 ,  0.0935668945 SigReg: 95.6558456
std: 0.196899414 ,  0.0844116211 SigReg: 90.8260117
std: 0.245239258 ,  0.155395508 SigReg: 90.8260117
std: 0.197998047 ,  0.0922241211 SigReg: 92.3819733
std: 0.372314453 ,  0.11151123 SigReg: 92.3819733
std: 0.365234375 ,  0.100097656 SigReg: 93.0054169
std: 0.196655273 ,  0.0888061523 SigReg: 93.0054169
std: 0.186157227 ,  0.0791015625 SigReg: 76.7360153
std: 0.227172852 ,  0.101623535 SigReg: 76.7360153
std: 0.233154297 ,  0.0827026367 SigReg: 74.7828
std: 0.379150391 ,  0.108764648 SigReg: 74.7828
std: 0.203125 ,  0.0927124 SigReg: 76.0476913
std: 0.367919922 ,  0.103210449 SigReg: 76.0476913
std: 0.267822266 ,  0.114807129 SigReg: 66.4948578
std: 0.31640625 ,  0.0972900391 SigReg: 66.4948578
std: 0.199707031 ,  0.0967407227 SigReg: 72.1087646
std: 0.420166016 ,  0.0919799805 SigReg: 72.1087646
std: 0.254882812 ,  0.108337402 SigReg: 78.4589691
std: 0.155029297 ,  0.0733642578 SigReg: 78.4589691
std: 0.28125 ,  0.0940551758 SigReg: 72.7048874
std: 0.211425781 ,  0.0903320312 SigReg: 72.7048874
std: 0.278076172 ,  0.0947265625 SigReg: 75.3483429
std: 0.296142578 ,  0.105651855 SigReg: 75.3483429
std: 0.254150391 ,  0.106750488 SigReg: 75.849
std: 0.17956543 ,  0.076171875 SigReg: 75.849
std: 0.363037109 ,  0.110595703 SigReg: 78.1543579
std: 0.206420898 ,  0.0865478516 SigReg: 78.1543579
std: 0.147094727 ,  0.0686645508 SigReg: 78.4137726
std: 0.321044922 ,  0.163818359 SigReg: 78.4137726
std: 0.243164062 ,  0.0803833 SigReg: 82.4493866
std: 0.250488281 ,  0.0815429688 SigReg: 82.4493866
std: 0.192993164 ,  0.0903320312 SigReg: 78.0174561
std: 0.317138672 ,  0.113769531 SigReg: 78.0174561
std: 0.184936523 ,  0.0803833 SigReg: 71.7984314
std: 0.309570312 ,  0.0952758789 SigReg: 71.7984314
std: 0.155151367 ,  0.0816040039 SigReg: 74.7106323
std: 0.165527344 ,  0.0666503906 SigReg: 74.7106323
std: 0.240844727 ,  0.0739135742 SigReg: 75.5295792
std: 0.178222656 ,  0.075012207 SigReg: 75.5295792
std: 0.251953125 ,  0.121765137 SigReg: 70.9998932
std: 0.222290039 ,  0.0960083 SigReg: 70.9998932
std: 0.192504883 ,  0.0904541 SigReg: 90.8218613
std: 0.460449219 ,  0.158325195 SigReg: 90.8218613
std: 0.192260742 ,  0.0978393555 SigReg: 93.1991425
std: 0.346679688 ,  0.109985352 SigReg: 93.1991425
std: 0.177612305 ,  0.112182617 SigReg: 101.450394
std: 0.377441406 ,  0.125366211 SigReg: 101.450394
std: 0.194824219 ,  0.092956543 SigReg: 87.4930344
std: 0.222045898 ,  0.106323242 SigReg: 87.4930344
std: 0.209106445 ,  0.0848388672 SigReg: 80.3332443
std: 0.183837891 ,  0.0857543945 SigReg: 80.3332443
std: 0.210327148 ,  0.110839844 SigReg: 79.1068
std: 0.254394531 ,  0.101989746 SigReg: 79.1068
std: 0.239257812 ,  0.148803711 SigReg: 81.3485413
std: 0.301757812 ,  0.11315918 SigReg: 81.3485413
std: 0.211914062 ,  0.103088379 SigReg: 92.7486115
std: 0.190429688 ,  0.0785522461 SigReg: 92.7486115
std: 0.1796875 ,  0.0838623047 SigReg: 84.8630524
std: 0.230102539 ,  0.0950927734 SigReg: 84.8630524
std: 0.323730469 ,  0.104125977 SigReg: 74.09
std: 0.192382812 ,  0.0831298828 SigReg: 74.09
std: 0.231933594 ,  0.108276367 SigReg: 65.1242218
std: 0.494384766 ,  0.117980957 SigReg: 65.1242218
std: 0.259521484 ,  0.181640625 SigReg: 78.8867874
std: 0.31640625 ,  0.109313965 SigReg: 78.8867874
  Step 100: Backbone Loss = 5.6172, SIGReg Loss = 78.8868 Probe Loss = 369.9473, Acc = 0.5140
std: 0.22277832 ,  0.154052734 SigReg: 76.8891449
std: 0.348144531 ,  0.145629883 SigReg: 76.8891449
std: 0.204345703 ,  0.0862426758 SigReg: 76.1457291
std: 0.301269531 ,  0.12890625 SigReg: 76.1457291
std: 0.380126953 ,  0.119628906 SigReg: 74.8988342
std: 0.194702148 ,  0.0880126953 SigReg: 74.8988342
std: 0.176025391 ,  0.0903320312 SigReg: 85.3748932
std: 0.432373047 ,  0.138671875 SigReg: 85.3748932
std: 0.323730469 ,  0.0961303711 SigReg: 77.2407913
std: 0.348388672 ,  0.0842895508 SigReg: 77.2407913
std: 0.182128906 ,  0.0912475586 SigReg: 76.1541
std: 0.270751953 ,  0.104370117 SigReg: 76.1541
std: 0.170532227 ,  0.0864257812 SigReg: 80.3606873
std: 0.206176758 ,  0.102172852 SigReg: 80.3606873
std: 0.193603516 ,  0.0953369141 SigReg: 67.7943497
std: 0.406494141 ,  0.115478516 SigReg: 67.7943497
std: 0.185913086 ,  0.0832519531 SigReg: 99.8129883
std: 0.320068359 ,  0.110412598 SigReg: 99.8129883
std: 0.202270508 ,  0.0993042 SigReg: 103.113663
std: 0.227783203 ,  0.10333252 SigReg: 103.113663
std: 0.455078125 ,  0.106811523 SigReg: 79.3552399
std: 0.217041016 ,  0.108947754 SigReg: 79.3552399
std: 0.207641602 ,  0.100036621 SigReg: 74.0259094
std: 0.193237305 ,  0.0933227539 SigReg: 74.0259094
std: 0.176635742 ,  0.0859375 SigReg: 70.064209
std: 0.190673828 ,  0.0892334 SigReg: 70.064209
std: 0.350585938 ,  0.118469238 SigReg: 71.5469055
std: 0.207397461 ,  0.0986938477 SigReg: 71.5469055
std: 0.245605469 ,  0.0989990234 SigReg: 76.7477951
std: 0.180908203 ,  0.0980834961 SigReg: 76.7477951
std: 0.243530273 ,  0.102600098 SigReg: 74.5412064
std: 0.191650391 ,  0.100830078 SigReg: 74.5412064
std: 0.325439453 ,  0.0926513672 SigReg: 73.6022186
std: 0.171630859 ,  0.0994262695 SigReg: 73.6022186
std: 0.16015625 ,  0.0857543945 SigReg: 74.855896
std: 0.161865234 ,  0.0829467773 SigReg: 74.855896
std: 0.209350586 ,  0.104064941 SigReg: 90.1041794
std: 0.254150391 ,  0.110778809 SigReg: 90.1041794
std: 0.259033203 ,  0.232788086 SigReg: 102.456573
std: 0.242675781 ,  0.103515625 SigReg: 102.456573
std: 0.232421875 ,  0.125488281 SigReg: 104.85199
std: 0.291992188 ,  0.132324219 SigReg: 104.85199
std: 0.204589844 ,  0.106384277 SigReg: 97.974968
std: 0.159545898 ,  0.0801391602 SigReg: 97.974968
std: 0.470458984 ,  0.137939453 SigReg: 89.6760712
std: 0.213745117 ,  0.101074219 SigReg: 89.6760712
std: 0.491210938 ,  0.125732422 SigReg: 91.6168823
std: 0.147460938 ,  0.0814819336 SigReg: 91.6168823
std: 0.214355469 ,  0.106018066 SigReg: 103.216286
std: 0.247314453 ,  0.140991211 SigReg: 103.216286
std: 0.304199219 ,  0.155761719 SigReg: 98.2332306
std: 0.225708008 ,  0.109069824 SigReg: 98.2332306
std: 0.325439453 ,  0.135986328 SigReg: 102.425568
std: 0.264160156 ,  0.120239258 SigReg: 102.425568
std: 0.159179688 ,  0.088684082 SigReg: 73.2427673
std: 0.191162109 ,  0.100219727 SigReg: 73.2427673
std: 0.186767578 ,  0.0993042 SigReg: 97.0470657
std: 0.186157227 ,  0.0941772461 SigReg: 97.0470657
std: 0.228393555 ,  0.110900879 SigReg: 108.119965
std: 0.248657227 ,  0.185180664 SigReg: 108.119965
std: 0.408447266 ,  0.129394531 SigReg: 82.3457489
std: 0.217407227 ,  0.11517334 SigReg: 82.3457489
std: 0.170532227 ,  0.0906982422 SigReg: 104.548889
std: 0.206665039 ,  0.08984375 SigReg: 104.548889
std: 0.304443359 ,  0.108520508 SigReg: 109.543907
std: 0.331054688 ,  0.121643066 SigReg: 109.543907
std: 0.251708984 ,  0.157958984 SigReg: 89.1101456
std: 0.240112305 ,  0.120056152 SigReg: 89.1101456
std: 0.178100586 ,  0.0830688477 SigReg: 107.05172
std: 0.246826172 ,  0.119018555 SigReg: 107.05172
std: 0.299560547 ,  0.105712891 SigReg: 113.412231
std: 0.310791016 ,  0.117370605 SigReg: 113.412231
std: 0.285400391 ,  0.108642578 SigReg: 96.9813461
std: 0.181762695 ,  0.110717773 SigReg: 96.9813461
std: 0.14453125 ,  0.0813598633 SigReg: 138.225494
std: 0.196899414 ,  0.0892334 SigReg: 138.225494
std: 0.310546875 ,  0.108886719 SigReg: 109.563339
std: 0.299316406 ,  0.12902832 SigReg: 109.563339
std: 0.175292969 ,  0.0970459 SigReg: 88.4706726
std: 0.215332031 ,  0.111572266 SigReg: 88.4706726
std: 0.263427734 ,  0.10534668 SigReg: 97.6113281
std: 0.158813477 ,  0.0728149414 SigReg: 97.6113281
std: 0.21484375 ,  0.0892334 SigReg: 102.318253
std: 0.218505859 ,  0.10357666 SigReg: 102.318253
std: 0.387451172 ,  0.158447266 SigReg: 81.8015366
std: 0.486816406 ,  0.149291992 SigReg: 81.8015366
std: 0.307128906 ,  0.114807129 SigReg: 86.9252167
std: 0.340332031 ,  0.161499023 SigReg: 86.9252167
std: 0.314453125 ,  0.142456055 SigReg: 92.8356171
std: 0.411376953 ,  0.254150391 SigReg: 92.8356171
std: 0.25 ,  0.123596191 SigReg: 80.7439346
std: 0.174560547 ,  0.0980224609 SigReg: 80.7439346
std: 0.207885742 ,  0.107055664 SigReg: 88.9996643
std: 0.211914062 ,  0.11706543 SigReg: 88.9996643
std: 0.266113281 ,  0.108215332 SigReg: 90.0325623
std: 0.319580078 ,  0.125488281 SigReg: 90.0325623
std: 0.283203125 ,  0.127319336 SigReg: 73.5947647
std: 0.235717773 ,  0.106201172 SigReg: 73.5947647
std: 0.16015625 ,  0.098815918 SigReg: 103.17836
std: 0.205688477 ,  0.106933594 SigReg: 103.17836
  Step 150: Backbone Loss = 6.8164, SIGReg Loss = 103.1784 Probe Loss = 360.0679, Acc = 0.4919
std: 0.378173828 ,  0.124328613 SigReg: 103.074532
std: 0.286132812 ,  0.138305664 SigReg: 103.074532
std: 0.264892578 ,  0.136230469 SigReg: 86.5951462
std: 0.346923828 ,  0.106506348 SigReg: 86.5951462
std: 0.232055664 ,  0.114624023 SigReg: 88.6379547
std: 0.210083008 ,  0.107971191 SigReg: 88.6379547
std: 0.260742188 ,  0.116088867 SigReg: 111.250519
std: 0.311035156 ,  0.10925293 SigReg: 111.250519
std: 0.183959961 ,  0.0817871094 SigReg: 78.8539581
std: 0.246948242 ,  0.145874023 SigReg: 78.8539581
std: 0.264404297 ,  0.165771484 SigReg: 81.9706955
std: 0.158569336 ,  0.0868530273 SigReg: 81.9706955
std: 0.178833008 ,  0.0949707 SigReg: 94.5804
std: 0.406005859 ,  0.100036621 SigReg: 94.5804
std: 0.210083008 ,  0.0918579102 SigReg: 74.7727661
std: 0.237182617 ,  0.139648438 SigReg: 74.7727661
std: 0.239990234 ,  0.120483398 SigReg: 89.8536377
std: 0.345947266 ,  0.125366211 SigReg: 89.8536377
std: 0.239746094 ,  0.111938477 SigReg: 101.486504
std: 0.389892578 ,  0.13659668 SigReg: 101.486504
std: 0.236938477 ,  0.110473633 SigReg: 78.1587524
std: 0.378173828 ,  0.135620117 SigReg: 78.1587524
std: 0.208740234 ,  0.127807617 SigReg: 89.2458801
std: 0.277832031 ,  0.122436523 SigReg: 89.2458801
std: 0.194091797 ,  0.106445312 SigReg: 122.272202
std: 0.2578125 ,  0.145996094 SigReg: 122.272202
std: 0.170898438 ,  0.102111816 SigReg: 90.1782379
std: 0.326416016 ,  0.139892578 SigReg: 90.1782379
std: 0.225097656 ,  0.113037109 SigReg: 79.3563614
std: 0.215820312 ,  0.108886719 SigReg: 79.3563614
std: 0.302490234 ,  0.104492188 SigReg: 90.3680878
std: 0.241577148 ,  0.112548828 SigReg: 90.3680878
std: 0.209594727 ,  0.115539551 SigReg: 83.4384
std: 0.448486328 ,  0.278808594 SigReg: 83.4384
std: 0.205566406 ,  0.104553223 SigReg: 79.0458679
std: 0.339111328 ,  0.140136719 SigReg: 79.0458679
std: 0.304931641 ,  0.135131836 SigReg: 93.0622711
std: 0.208984375 ,  0.106506348 SigReg: 93.0622711
std: 0.252441406 ,  0.11517334 SigReg: 76.8803177
std: 0.2734375 ,  0.110107422 SigReg: 76.8803177
std: 0.240234375 ,  0.123779297 SigReg: 85.55233
std: 0.268310547 ,  0.114562988 SigReg: 85.55233
std: 0.374511719 ,  0.134033203 SigReg: 73.4969559
std: 0.23815918 ,  0.117980957 SigReg: 73.4969559
std: 0.328125 ,  0.140869141 SigReg: 68.42556
std: 0.262939453 ,  0.12890625 SigReg: 68.42556
std: 0.3046875 ,  0.106567383 SigReg: 99.2814255
std: 0.33203125 ,  0.11151123 SigReg: 99.2814255
std: 0.343261719 ,  0.165771484 SigReg: 99.8048706
std: 0.428466797 ,  0.135498047 SigReg: 99.8048706
std: 0.174438477 ,  0.0877075195 SigReg: 86.7127304
std: 0.359863281 ,  0.153564453 SigReg: 86.7127304
std: 0.388183594 ,  0.135864258 SigReg: 76.6028366
std: 0.236694336 ,  0.124023438 SigReg: 76.6028366
std: 0.320800781 ,  0.126831055 SigReg: 92.8975372
std: 0.170532227 ,  0.0969238281 SigReg: 92.8975372
std: 0.230712891 ,  0.123596191 SigReg: 78.7289276
std: 0.264404297 ,  0.154174805 SigReg: 78.7289276
std: 0.354003906 ,  0.118591309 SigReg: 86.4881592
std: 0.260986328 ,  0.13293457 SigReg: 86.4881592
std: 0.254638672 ,  0.154296875 SigReg: 82.897728
std: 0.261474609 ,  0.110900879 SigReg: 82.897728
std: 0.346923828 ,  0.111755371 SigReg: 78.1545258
std: 0.244262695 ,  0.11138916 SigReg: 78.1545258
std: 0.277587891 ,  0.14453125 SigReg: 79.0105057
std: 0.268798828 ,  0.12878418 SigReg: 79.0105057
std: 0.208007812 ,  0.112243652 SigReg: 76.7875443
std: 0.259277344 ,  0.140014648 SigReg: 76.7875443
std: 0.282714844 ,  0.133544922 SigReg: 78.9378204
std: 0.276123047 ,  0.140258789 SigReg: 78.9378204
std: 0.368652344 ,  0.138549805 SigReg: 87.8188705
std: 0.246826172 ,  0.125854492 SigReg: 87.8188705
std: 0.259033203 ,  0.131958008 SigReg: 90.6998444
std: 0.212646484 ,  0.121948242 SigReg: 90.6998444
std: 0.2890625 ,  0.221801758 SigReg: 77.9411469
std: 0.338867188 ,  0.11114502 SigReg: 77.9411469
std: 0.24206543 ,  0.127441406 SigReg: 83.5851212
std: 0.298583984 ,  0.18359375 SigReg: 83.5851212
std: 0.2265625 ,  0.130615234 SigReg: 101.14576
std: 0.19519043 ,  0.100341797 SigReg: 101.14576
std: 0.221069336 ,  0.117675781 SigReg: 74.2018127
std: 0.477783203 ,  0.141967773 SigReg: 74.2018127
std: 0.304199219 ,  0.114868164 SigReg: 76.0528488
std: 0.326904297 ,  0.122619629 SigReg: 76.0528488
std: 0.359130859 ,  0.136108398 SigReg: 88.5677338
std: 0.405273438 ,  0.117004395 SigReg: 88.5677338
std: 0.489013672 ,  0.12878418 SigReg: 74.514679
std: 0.425292969 ,  0.132080078 SigReg: 74.514679
std: 0.270019531 ,  0.106079102 SigReg: 77.5425797
std: 0.405761719 ,  0.14855957 SigReg: 77.5425797
std: 0.286132812 ,  0.127197266 SigReg: 74.2483215
std: 0.272705078 ,  0.126708984 SigReg: 74.2483215
std: 0.251708984 ,  0.126098633 SigReg: 79.4850311
std: 0.376953125 ,  0.18371582 SigReg: 79.4850311
std: 0.264160156 ,  0.150634766 SigReg: 72.8286057
std: 0.236206055 ,  0.147460938 SigReg: 72.8286057
std: 0.357910156 ,  0.126831055 SigReg: 75.4337158
std: 0.260253906 ,  0.14453125 SigReg: 75.4337158
std: 0.300048828 ,  0.120361328 SigReg: 72.5999374
std: 0.247558594 ,  0.125610352 SigReg: 72.5999374
  Step 200: Backbone Loss = 5.2641, SIGReg Loss = 72.5999 Probe Loss = 351.9686, Acc = 0.5411
std: 0.205322266 ,  0.116821289 SigReg: 74.9819336
std: 0.231811523 ,  0.126220703 SigReg: 74.9819336
std: 0.323242188 ,  0.109802246 SigReg: 70.8226929
std: 0.447998047 ,  0.152099609 SigReg: 70.8226929
std: 0.249023438 ,  0.121032715 SigReg: 77.0925
std: 0.3515625 ,  0.118164062 SigReg: 77.0925
std: 0.390380859 ,  0.130249023 SigReg: 69.5038376
std: 0.254638672 ,  0.11151123 SigReg: 69.5038376
std: 0.195556641 ,  0.10760498 SigReg: 71.996109
std: 0.453857422 ,  0.135375977 SigReg: 71.996109
std: 0.442138672 ,  0.129638672 SigReg: 88.8283
std: 0.283935547 ,  0.134521484 SigReg: 88.8283
std: 0.275146484 ,  0.141967773 SigReg: 95.3995743
std: 0.225097656 ,  0.117370605 SigReg: 95.3995743
std: 0.260742188 ,  0.120788574 SigReg: 72.0394287
std: 0.287597656 ,  0.135498047 SigReg: 72.0394287
std: 0.298339844 ,  0.140136719 SigReg: 82.0014
std: 0.209472656 ,  0.105529785 SigReg: 82.0014
std: 0.2734375 ,  0.129272461 SigReg: 83.7608795
std: 0.333984375 ,  0.12512207 SigReg: 83.7608795
std: 0.195922852 ,  0.102478027 SigReg: 75.4368
std: 0.255615234 ,  0.126098633 SigReg: 75.4368
std: 0.383789062 ,  0.139282227 SigReg: 86.8466
std: 0.194946289 ,  0.103088379 SigReg: 86.8466
std: 0.228027344 ,  0.122375488 SigReg: 97.1454
std: 0.23425293 ,  0.123413086 SigReg: 97.1454
std: 0.308105469 ,  0.144897461 SigReg: 80.3596802
std: 0.370849609 ,  0.154418945 SigReg: 80.3596802
std: 0.247070312 ,  0.109436035 SigReg: 92.7330093
std: 0.255615234 ,  0.11920166 SigReg: 92.7330093
std: 0.358642578 ,  0.118286133 SigReg: 89.6089172
std: 0.401123047 ,  0.151245117 SigReg: 89.6089172
std: 0.281738281 ,  0.175292969 SigReg: 80.4692917
std: 0.283203125 ,  0.178222656 SigReg: 80.4692917
std: 0.296630859 ,  0.16027832 SigReg: 88.4104462
std: 0.252929688 ,  0.131713867 SigReg: 88.4104462
std: 0.295898438 ,  0.115356445 SigReg: 93.2777328
std: 0.225463867 ,  0.121887207 SigReg: 93.2777328
std: 0.270996094 ,  0.127807617 SigReg: 80.5373611
std: 0.267578125 ,  0.138427734 SigReg: 80.5373611
std: 0.267333984 ,  0.120910645 SigReg: 79.9241867
std: 0.235961914 ,  0.145141602 SigReg: 79.9241867
std: 0.270263672 ,  0.145263672 SigReg: 85.3968353
std: 0.288818359 ,  0.129638672 SigReg: 85.3968353
std: 0.354248047 ,  0.137939453 SigReg: 74.6138306
std: 0.487548828 ,  0.164794922 SigReg: 74.6138306
std: 0.240234375 ,  0.114501953 SigReg: 80.6876
std: 0.278564453 ,  0.137817383 SigReg: 80.6876
std: 0.426269531 ,  0.151977539 SigReg: 70.7151
std: 0.374267578 ,  0.139282227 SigReg: 70.7151
std: 0.2578125 ,  0.131103516 SigReg: 84.4083099
std: 0.364990234 ,  0.124633789 SigReg: 84.4083099
std: 0.485839844 ,  0.148803711 SigReg: 79.4233627
std: 0.284179688 ,  0.149536133 SigReg: 79.4233627
std: 0.420166016 ,  0.127807617 SigReg: 81.4566879
std: 0.22668457 ,  0.126708984 SigReg: 81.4566879
std: 0.5078125 ,  0.18737793 SigReg: 79.8991699
std: 0.257324219 ,  0.127685547 SigReg: 79.8991699
std: 0.251464844 ,  0.106506348 SigReg: 67.0435
std: 0.272216797 ,  0.130615234 SigReg: 67.0435
std: 0.236328125 ,  0.108154297 SigReg: 78.744133
std: 0.274169922 ,  0.130493164 SigReg: 78.744133
std: 0.429931641 ,  0.152099609 SigReg: 94.4627533
std: 0.271728516 ,  0.129516602 SigReg: 94.4627533
std: 0.219116211 ,  0.115844727 SigReg: 76.2990494
std: 0.209350586 ,  0.107788086 SigReg: 76.2990494
std: 0.267578125 ,  0.12121582 SigReg: 90.1807861
std: 0.270996094 ,  0.136474609 SigReg: 90.1807861
std: 0.385253906 ,  0.123291016 SigReg: 83.1177139
std: 0.458740234 ,  0.130493164 SigReg: 83.1177139
std: 0.211547852 ,  0.104492188 SigReg: 87.8756714
std: 0.215332031 ,  0.0950317383 SigReg: 87.8756714
std: 0.221191406 ,  0.117858887 SigReg: 92.0130615
std: 0.238647461 ,  0.10559082 SigReg: 92.0130615
std: 0.28515625 ,  0.17590332 SigReg: 70.0381927
std: 0.424072266 ,  0.10559082 SigReg: 70.0381927
std: 0.464111328 ,  0.113952637 SigReg: 80.3281555
std: 0.243774414 ,  0.111938477 SigReg: 80.3281555
std: 0.396972656 ,  0.162597656 SigReg: 82.5718307
std: 0.370361328 ,  0.111328125 SigReg: 82.5718307
std: 0.252929688 ,  0.110229492 SigReg: 78.9953842
std: 0.357666016 ,  0.13293457 SigReg: 78.9953842
std: 0.307861328 ,  0.134643555 SigReg: 71.0299
std: 0.383300781 ,  0.178833008 SigReg: 71.0299
std: 0.323730469 ,  0.120239258 SigReg: 70.5478363
std: 0.404052734 ,  0.155395508 SigReg: 70.5478363
std: 0.180297852 ,  0.112243652 SigReg: 69.3567657
std: 0.336669922 ,  0.130126953 SigReg: 69.3567657
std: 0.268554688 ,  0.109802246 SigReg: 72.9865265
std: 0.355957031 ,  0.150634766 SigReg: 72.9865265
std: 0.458984375 ,  0.178466797 SigReg: 64.475235
std: 0.250244141 ,  0.128173828 SigReg: 64.475235
std: 0.370361328 ,  0.126220703 SigReg: 74.5478516
std: 0.225830078 ,  0.173706055 SigReg: 74.5478516
std: 0.378417969 ,  0.150634766 SigReg: 67.10495
std: 0.501464844 ,  0.152954102 SigReg: 67.10495
std: 0.45703125 ,  0.13684082 SigReg: 67.5222321
std: 0.255126953 ,  0.117980957 SigReg: 67.5222321
std: 0.356689453 ,  0.157348633 SigReg: 66.2635956
std: 0.415527344 ,  0.149291992 SigReg: 66.2635956
  Step 250: Backbone Loss = 4.9785, SIGReg Loss = 66.2636 Probe Loss = 335.3901, Acc = 0.5251
std: 0.3359375 ,  0.185913086 SigReg: 78.9174347
std: 0.190917969 ,  0.115112305 SigReg: 78.9174347
std: 0.277099609 ,  0.137939453 SigReg: 79.1566
std: 0.418457031 ,  0.150878906 SigReg: 79.1566
std: 0.279541016 ,  0.164794922 SigReg: 79.2727737
std: 0.275390625 ,  0.17578125 SigReg: 79.2727737
std: 0.257568359 ,  0.142456055 SigReg: 75.0816498
std: 0.303222656 ,  0.13269043 SigReg: 75.0816498
std: 0.477539062 ,  0.151733398 SigReg: 71.6268921
std: 0.4140625 ,  0.154174805 SigReg: 71.6268921
std: 0.275878906 ,  0.135864258 SigReg: 67.4542389
std: 0.354980469 ,  0.17175293 SigReg: 67.4542389
std: 0.224853516 ,  0.121582031 SigReg: 68.4571
std: 0.374267578 ,  0.133911133 SigReg: 68.4571
std: 0.314208984 ,  0.154418945 SigReg: 74.8602829
std: 0.368408203 ,  0.138305664 SigReg: 74.8602829
std: 0.24621582 ,  0.134521484 SigReg: 79.8472061
std: 0.418945312 ,  0.131225586 SigReg: 79.8472061
std: 0.353271484 ,  0.146850586 SigReg: 74.2075
std: 0.246826172 ,  0.125366211 SigReg: 74.2075
std: 0.300292969 ,  0.153564453 SigReg: 71.1087952
std: 0.250244141 ,  0.131958008 SigReg: 71.1087952
std: 0.368408203 ,  0.13293457 SigReg: 69.3992081
std: 0.447509766 ,  0.183837891 SigReg: 69.3992081
std: 0.243041992 ,  0.134765625 SigReg: 85.1755371
std: 0.258056641 ,  0.159301758 SigReg: 85.1755371
std: 0.3515625 ,  0.159423828 SigReg: 73.4049606
std: 0.286376953 ,  0.143676758 SigReg: 73.4049606
std: 0.230712891 ,  0.131103516 SigReg: 65.9119186
std: 0.211547852 ,  0.133178711 SigReg: 65.9119186
std: 0.237792969 ,  0.126220703 SigReg: 68.0017395
std: 0.218017578 ,  0.128295898 SigReg: 68.0017395
std: 0.289794922 ,  0.146728516 SigReg: 72.4092941
std: 0.337646484 ,  0.128051758 SigReg: 72.4092941
std: 0.231811523 ,  0.135742188 SigReg: 76.5557
std: 0.381835938 ,  0.133300781 SigReg: 76.5557
std: 0.316650391 ,  0.176147461 SigReg: 70.9030228
std: 0.210083008 ,  0.122741699 SigReg: 70.9030228
std: 0.333496094 ,  0.141601562 SigReg: 66.6333084
std: 0.401367188 ,  0.159179688 SigReg: 66.6333084
std: 0.319824219 ,  0.137451172 SigReg: 62.9839211
std: 0.356933594 ,  0.145019531 SigReg: 62.9839211
std: 0.254638672 ,  0.152587891 SigReg: 65.5756378
std: 0.397705078 ,  0.149658203 SigReg: 65.5756378
std: 0.452148438 ,  0.173950195 SigReg: 74.5374374
std: 0.234863281 ,  0.134643555 SigReg: 74.5374374
std: 0.393798828 ,  0.163330078 SigReg: 80.1641
std: 0.301757812 ,  0.147338867 SigReg: 80.1641
std: 0.288574219 ,  0.146484375 SigReg: 69.6756439
std: 0.240966797 ,  0.162109375 SigReg: 69.6756439
std: 0.363525391 ,  0.139648438 SigReg: 66.7856522
std: 0.337646484 ,  0.151245117 SigReg: 66.7856522
std: 0.287353516 ,  0.150512695 SigReg: 75.5244598
std: 0.451171875 ,  0.165405273 SigReg: 75.5244598
std: 0.370361328 ,  0.15625 SigReg: 66.332016
std: 0.258544922 ,  0.15246582 SigReg: 66.332016
std: 0.279785156 ,  0.133300781 SigReg: 75.530159
std: 0.321533203 ,  0.170898438 SigReg: 75.530159
std: 0.273193359 ,  0.147827148 SigReg: 79.3968582
std: 0.263671875 ,  0.147827148 SigReg: 79.3968582
std: 0.437988281 ,  0.160400391 SigReg: 67.4212952
std: 0.368652344 ,  0.161499023 SigReg: 67.4212952
std: 0.252441406 ,  0.112548828 SigReg: 68.45224
std: 0.263183594 ,  0.150024414 SigReg: 68.45224
std: 0.435058594 ,  0.130981445 SigReg: 78.9244
std: 0.264892578 ,  0.15625 SigReg: 78.9244
std: 0.321533203 ,  0.153320312 SigReg: 73.3383713
std: 0.458251953 ,  0.145629883 SigReg: 73.3383713
std: 0.293945312 ,  0.169189453 SigReg: 70.5667572
std: 0.461181641 ,  0.159912109 SigReg: 70.5667572
std: 0.315185547 ,  0.285888672 SigReg: 62.0615044
std: 0.279541016 ,  0.162597656 SigReg: 62.0615044
std: 0.324951172 ,  0.169311523 SigReg: 66.0280151
std: 0.307861328 ,  0.142944336 SigReg: 66.0280151
std: 0.319824219 ,  0.161010742 SigReg: 68.0738373
std: 0.303955078 ,  0.157470703 SigReg: 68.0738373
std: 0.351318359 ,  0.174804688 SigReg: 64.347641
std: 0.257324219 ,  0.148193359 SigReg: 64.347641
std: 0.255615234 ,  0.16394043 SigReg: 68.1708527
std: 0.252197266 ,  0.131835938 SigReg: 68.1708527
std: 0.428466797 ,  0.144287109 SigReg: 70.335968
std: 0.34765625 ,  0.148803711 SigReg: 70.335968
std: 0.413085938 ,  0.135498047 SigReg: 75.2364197
std: 0.360595703 ,  0.182861328 SigReg: 75.2364197
std: 0.517089844 ,  0.164306641 SigReg: 69.5448837
std: 0.361083984 ,  0.144042969 SigReg: 69.5448837
std: 0.326171875 ,  0.136962891 SigReg: 71.5510941
std: 0.436279297 ,  0.194335938 SigReg: 71.5510941
std: 0.407714844 ,  0.137817383 SigReg: 77.6964798
std: 0.254150391 ,  0.143554688 SigReg: 77.6964798
std: 0.508789062 ,  0.117553711 SigReg: 81.8951492
std: 0.300048828 ,  0.143676758 SigReg: 81.8951492
std: 0.344482422 ,  0.125976562 SigReg: 73.8722305
std: 0.257568359 ,  0.138427734 SigReg: 73.8722305
std: 0.320556641 ,  0.125732422 SigReg: 87.4134
std: 0.334228516 ,  0.149414062 SigReg: 87.4134
std: 0.320556641 ,  0.14074707 SigReg: 80.908989
std: 0.498779297 ,  0.143798828 SigReg: 80.908989
std: 0.24609375 ,  0.130004883 SigReg: 70.1068954
std: 0.430664062 ,  0.143310547 SigReg: 70.1068954
  Step 300: Backbone Loss = 5.1420, SIGReg Loss = 70.1069 Probe Loss = 318.3840, Acc = 0.5220
std: 0.273193359 ,  0.133422852 SigReg: 79.1682
std: 0.364257812 ,  0.136474609 SigReg: 79.1682
std: 0.316162109 ,  0.153930664 SigReg: 85.1301575
std: 0.444580078 ,  0.148803711 SigReg: 85.1301575
std: 0.243530273 ,  0.114501953 SigReg: 77.0812149
std: 0.444335938 ,  0.155151367 SigReg: 77.0812149
std: 0.406982422 ,  0.146850586 SigReg: 77.6663055
std: 0.446044922 ,  0.130371094 SigReg: 77.6663055
std: 0.299316406 ,  0.133422852 SigReg: 80.5872116
std: 0.372070312 ,  0.120361328 SigReg: 80.5872116
std: 0.323974609 ,  0.247192383 SigReg: 68.3487625
std: 0.311279297 ,  0.144775391 SigReg: 68.3487625
Epoch 2 finished in 247.07s.
  Avg Backbone Loss: 5.7585
  Avg Probe Loss:    356.8904
  Avg Probe Accuracy: 0.5121

Epoch 3/100
std: 0.298828125 ,  0.1484375 SigReg: 69.2664337
std: 0.459716797 ,  0.187988281 SigReg: 69.2664337
  Step 0: Backbone Loss = 5.1048, SIGReg Loss = 69.2664 Probe Loss = 316.5459, Acc = 0.5024
std: 0.357910156 ,  0.161987305 SigReg: 65.0026321
std: 0.365478516 ,  0.137817383 SigReg: 65.0026321
std: 0.242553711 ,  0.122802734 SigReg: 67.7838669
std: 0.318847656 ,  0.142211914 SigReg: 67.7838669
std: 0.373535156 ,  0.147460938 SigReg: 83.8533478
std: 0.294921875 ,  0.146484375 SigReg: 83.8533478
std: 0.396972656 ,  0.141235352 SigReg: 90.4475861
std: 0.550292969 ,  0.127685547 SigReg: 90.4475861
std: 0.415771484 ,  0.152954102 SigReg: 80.4052353
std: 0.373535156 ,  0.123291016 SigReg: 80.4052353
std: 0.263671875 ,  0.120300293 SigReg: 70.7855072
std: 0.329589844 ,  0.144165039 SigReg: 70.7855072
std: 0.385009766 ,  0.172973633 SigReg: 60.4289894
std: 0.497070312 ,  0.158569336 SigReg: 60.4289894
std: 0.336181641 ,  0.136474609 SigReg: 89.0232
std: 0.318603516 ,  0.149780273 SigReg: 89.0232
std: 0.260986328 ,  0.120910645 SigReg: 95.465065
std: 0.294433594 ,  0.122497559 SigReg: 95.465065
std: 0.295166016 ,  0.147216797 SigReg: 73.9454651
std: 0.430419922 ,  0.132324219 SigReg: 73.9454651
std: 0.306884766 ,  0.151367188 SigReg: 106.441833
std: 0.369140625 ,  0.203857422 SigReg: 106.441833
std: 0.421875 ,  0.134521484 SigReg: 114.071823
std: 0.340820312 ,  0.286376953 SigReg: 114.071823
std: 0.319091797 ,  0.154907227 SigReg: 90.0359039
std: 0.465576172 ,  0.143432617 SigReg: 90.0359039
std: 0.399169922 ,  0.12890625 SigReg: 99.7417679
std: 0.311523438 ,  0.14465332 SigReg: 99.7417679
std: 0.353515625 ,  0.127807617 SigReg: 118.408051
std: 0.360839844 ,  0.155029297 SigReg: 118.408051
std: 0.342041016 ,  0.139648438 SigReg: 98.7399445
std: 0.386230469 ,  0.174072266 SigReg: 98.7399445
std: 0.313720703 ,  0.140136719 SigReg: 68.2720642
std: 0.339111328 ,  0.146362305 SigReg: 68.2720642
std: 0.424560547 ,  0.134765625 SigReg: 80.4444504
std: 0.475830078 ,  0.126586914 SigReg: 80.4444504
std: 0.348876953 ,  0.121520996 SigReg: 71.4546356
std: 0.252197266 ,  0.101318359 SigReg: 71.4546356
std: 0.404785156 ,  0.193847656 SigReg: 71.9209366
std: 0.364257812 ,  0.152832031 SigReg: 71.9209366
std: 0.292236328 ,  0.15222168 SigReg: 72.0911636
std: 0.328125 ,  0.161254883 SigReg: 72.0911636
std: 0.405273438 ,  0.120788574 SigReg: 71.1155
std: 0.44140625 ,  0.134521484 SigReg: 71.1155
std: 0.370361328 ,  0.151489258 SigReg: 72.8179779
std: 0.379150391 ,  0.132324219 SigReg: 72.8179779
std: 0.349121094 ,  0.144042969 SigReg: 64.3376617
std: 0.418457031 ,  0.155395508 SigReg: 64.3376617
std: 0.356689453 ,  0.139282227 SigReg: 79.6470108
std: 0.465332031 ,  0.127807617 SigReg: 79.6470108
std: 0.375976562 ,  0.144165039 SigReg: 84.9229
std: 0.335449219 ,  0.140625 SigReg: 84.9229
std: 0.419921875 ,  0.137329102 SigReg: 67.9322815
std: 0.354003906 ,  0.141601562 SigReg: 67.9322815
std: 0.460205078 ,  0.133178711 SigReg: 70.0766144
std: 0.478271484 ,  0.137573242 SigReg: 70.0766144
std: 0.315429688 ,  0.135253906 SigReg: 70.9346161
std: 0.350097656 ,  0.132324219 SigReg: 70.9346161
std: 0.362792969 ,  0.106994629 SigReg: 82.3448257
std: 0.3359375 ,  0.132446289 SigReg: 82.3448257
std: 0.409423828 ,  0.149414062 SigReg: 73.4392242
std: 0.444091797 ,  0.136474609 SigReg: 73.4392242
std: 0.400146484 ,  0.150146484 SigReg: 70.7533569
std: 0.353759766 ,  0.141357422 SigReg: 70.7533569
std: 0.363037109 ,  0.143920898 SigReg: 76.2927551
std: 0.34765625 ,  0.131835938 SigReg: 76.2927551
std: 0.372314453 ,  0.143798828 SigReg: 78.1422653
std: 0.325927734 ,  0.138793945 SigReg: 78.1422653
std: 0.358398438 ,  0.146118164 SigReg: 69.9090881
std: 0.326660156 ,  0.147460938 SigReg: 69.9090881
std: 0.476318359 ,  0.144287109 SigReg: 69.3249054
std: 0.392333984 ,  0.145996094 SigReg: 69.3249054
std: 0.508789062 ,  0.2109375 SigReg: 69.7064362
std: 0.488525391 ,  0.141723633 SigReg: 69.7064362
std: 0.337402344 ,  0.151733398 SigReg: 73.7712555
std: 0.372558594 ,  0.148925781 SigReg: 73.7712555
std: 0.426513672 ,  0.111572266 SigReg: 72.8086472
std: 0.41796875 ,  0.144165039 SigReg: 72.8086472
std: 0.540039062 ,  0.146606445 SigReg: 58.7315216
std: 0.526855469 ,  0.194458008 SigReg: 58.7315216
std: 0.400390625 ,  0.154174805 SigReg: 76.6870956
std: 0.409179688 ,  0.163085938 SigReg: 76.6870956
std: 0.395751953 ,  0.186523438 SigReg: 75.1091385
std: 0.487792969 ,  0.143188477 SigReg: 75.1091385
std: 0.459960938 ,  0.14465332 SigReg: 63.3030815
std: 0.411376953 ,  0.157958984 SigReg: 63.3030815
std: 0.401611328 ,  0.155395508 SigReg: 65.4753
std: 0.478027344 ,  0.159667969 SigReg: 65.4753
std: 0.405761719 ,  0.157592773 SigReg: 66.1467438
std: 0.412841797 ,  0.161010742 SigReg: 66.1467438
std: 0.361083984 ,  0.138916016 SigReg: 66.8988495
std: 0.475830078 ,  0.173706055 SigReg: 66.8988495
std: 0.521484375 ,  0.171142578 SigReg: 61.6686897
std: 0.475585938 ,  0.162475586 SigReg: 61.6686897
std: 0.405273438 ,  0.149291992 SigReg: 64.2935715
std: 0.406005859 ,  0.173339844 SigReg: 64.2935715
std: 0.5078125 ,  0.172363281 SigReg: 60.2957611
std: 0.512695312 ,  0.157836914 SigReg: 60.2957611
std: 0.499755859 ,  0.173095703 SigReg: 66.2830429
std: 0.536132812 ,  0.15234375 SigReg: 66.2830429
  Step 50: Backbone Loss = 4.9485, SIGReg Loss = 66.2830 Probe Loss = 299.6443, Acc = 0.5138
std: 0.4609375 ,  0.174438477 SigReg: 78.5459
std: 0.365478516 ,  0.155273438 SigReg: 78.5459
std: 0.388183594 ,  0.149902344 SigReg: 63.9449
std: 0.538085938 ,  0.154785156 SigReg: 63.9449
std: 0.40234375 ,  0.172729492 SigReg: 74.9450378
std: 0.356445312 ,  0.158081055 SigReg: 74.9450378
std: 0.405761719 ,  0.213378906 SigReg: 73.2779083
std: 0.366210938 ,  0.154541016 SigReg: 73.2779083
std: 0.484619141 ,  0.173339844 SigReg: 65.4229
std: 0.555175781 ,  0.174194336 SigReg: 65.4229
std: 0.476074219 ,  0.17980957 SigReg: 61.9646225
std: 0.735839844 ,  0.177856445 SigReg: 61.9646225
std: 0.412597656 ,  0.186889648 SigReg: 70.6988525
std: 0.395507812 ,  0.192016602 SigReg: 70.6988525
std: 0.5078125 ,  0.198364258 SigReg: 62.611412
std: 0.507324219 ,  0.188476562 SigReg: 62.611412
std: 0.545410156 ,  0.202880859 SigReg: 73.9490051
std: 0.401855469 ,  0.181640625 SigReg: 73.9490051
std: 0.415771484 ,  0.201782227 SigReg: 69.3938446
std: 0.50390625 ,  0.203491211 SigReg: 69.3938446
std: 0.596191406 ,  0.216552734 SigReg: 70.022377
std: 0.488037109 ,  0.225097656 SigReg: 70.022377
std: 0.544921875 ,  0.199707031 SigReg: 73.2944946
std: 0.380126953 ,  0.20690918 SigReg: 73.2944946
std: 0.666992188 ,  0.224487305 SigReg: 65.4887924
std: 0.442871094 ,  0.188110352 SigReg: 65.4887924
std: 0.434570312 ,  0.222045898 SigReg: 66.1683807
std: 0.544433594 ,  0.248168945 SigReg: 66.1683807
std: 0.443847656 ,  0.231079102 SigReg: 67.2678375
std: 0.421630859 ,  0.218017578 SigReg: 67.2678375
std: 0.503417969 ,  0.218994141 SigReg: 64.5061188
std: 0.406738281 ,  0.198608398 SigReg: 64.5061188
std: 0.444091797 ,  0.222290039 SigReg: 63.8379326
std: 0.469970703 ,  0.219116211 SigReg: 63.8379326
std: 0.433105469 ,  0.250244141 SigReg: 69.2748108
std: 0.464599609 ,  0.223144531 SigReg: 69.2748108
std: 0.464111328 ,  0.219604492 SigReg: 63.1383095
std: 0.430664062 ,  0.212646484 SigReg: 63.1383095
std: 0.5 ,  0.207397461 SigReg: 62.5975647
std: 0.445068359 ,  0.206298828 SigReg: 62.5975647
std: 0.510253906 ,  0.247070312 SigReg: 61.9998589
std: 0.420654297 ,  0.232299805 SigReg: 61.9998589
std: 0.506347656 ,  0.20690918 SigReg: 65.9353
std: 0.478759766 ,  0.228759766 SigReg: 65.9353
std: 0.733398438 ,  0.207275391 SigReg: 57.814537
std: 0.575195312 ,  0.223754883 SigReg: 57.814537
std: 0.460693359 ,  0.23425293 SigReg: 58.268219
std: 0.392089844 ,  0.207641602 SigReg: 58.268219
std: 0.544433594 ,  0.217041016 SigReg: 63.2130928
std: 0.571289062 ,  0.228149414 SigReg: 63.2130928
std: 0.691894531 ,  0.228271484 SigReg: 60.1426811
std: 0.545410156 ,  0.224487305 SigReg: 60.1426811
std: 0.564941406 ,  0.246459961 SigReg: 67.7499619
std: 0.501464844 ,  0.207397461 SigReg: 67.7499619
std: 0.538574219 ,  0.220947266 SigReg: 67.2903671
std: 0.400878906 ,  0.214355469 SigReg: 67.2903671
std: 0.657226562 ,  0.213745117 SigReg: 74.2991486
std: 0.491699219 ,  0.216796875 SigReg: 74.2991486
std: 0.704589844 ,  0.226928711 SigReg: 56.5178413
std: 0.471191406 ,  0.208862305 SigReg: 56.5178413
std: 0.520507812 ,  0.236816406 SigReg: 68.0009
std: 0.56640625 ,  0.259765625 SigReg: 68.0009
std: 0.59765625 ,  0.213378906 SigReg: 70.6159821
std: 0.599121094 ,  0.222412109 SigReg: 70.6159821
std: 0.505371094 ,  0.235107422 SigReg: 64.4823303
std: 0.603027344 ,  0.224975586 SigReg: 64.4823303
std: 0.528320312 ,  0.220092773 SigReg: 72.4466476
std: 0.493652344 ,  0.212280273 SigReg: 72.4466476
std: 0.583984375 ,  0.22265625 SigReg: 63.5075035
std: 0.442382812 ,  0.202758789 SigReg: 63.5075035
std: 0.681152344 ,  0.234741211 SigReg: 58.1173935
std: 0.561523438 ,  0.236816406 SigReg: 58.1173935
std: 0.427734375 ,  0.200439453 SigReg: 76.4661255
std: 0.479736328 ,  0.21862793 SigReg: 76.4661255
std: 0.450439453 ,  0.198364258 SigReg: 91.656105
std: 0.462402344 ,  0.240112305 SigReg: 91.656105
std: 0.541992188 ,  0.236572266 SigReg: 66.184906
std: 0.435791016 ,  0.217529297 SigReg: 66.184906
std: 0.548828125 ,  0.239501953 SigReg: 70.2987823
std: 0.544921875 ,  0.194335938 SigReg: 70.2987823
std: 0.5546875 ,  0.204589844 SigReg: 88.1437225
std: 0.544921875 ,  0.19909668 SigReg: 88.1437225
std: 0.6328125 ,  0.243164062 SigReg: 65.8582077
std: 0.637207031 ,  0.322753906 SigReg: 65.8582077
std: 0.551757812 ,  0.232055664 SigReg: 59.0230942
std: 0.572265625 ,  0.221191406 SigReg: 59.0230942
std: 0.591796875 ,  0.234375 SigReg: 67.6379852
std: 0.449707031 ,  0.231201172 SigReg: 67.6379852
std: 0.466308594 ,  0.229125977 SigReg: 55.5543861
std: 0.474609375 ,  0.241088867 SigReg: 55.5543861
std: 0.458984375 ,  0.213134766 SigReg: 66.809021
std: 0.656738281 ,  0.223754883 SigReg: 66.809021
std: 0.669433594 ,  0.205200195 SigReg: 64.0016251
std: 0.532714844 ,  0.210449219 SigReg: 64.0016251
std: 0.598144531 ,  0.212524414 SigReg: 52.6750069
std: 0.588867188 ,  0.209594727 SigReg: 52.6750069
std: 0.7421875 ,  0.236938477 SigReg: 76.4364
std: 0.562988281 ,  0.24230957 SigReg: 76.4364
std: 0.627929688 ,  0.284912109 SigReg: 83.5335693
std: 0.563964844 ,  0.242797852 SigReg: 83.5335693
  Step 100: Backbone Loss = 5.6736, SIGReg Loss = 83.5336 Probe Loss = 289.1386, Acc = 0.5195
std: 0.50390625 ,  0.23449707 SigReg: 81.0526505
std: 0.72265625 ,  0.253662109 SigReg: 81.0526505
std: 0.520996094 ,  0.241943359 SigReg: 56.9459572
std: 0.509765625 ,  0.240844727 SigReg: 56.9459572
std: 0.5625 ,  0.245361328 SigReg: 66.3859406
std: 0.477050781 ,  0.223144531 SigReg: 66.3859406
std: 0.577148438 ,  0.24206543 SigReg: 78.2136536
std: 0.587402344 ,  0.232421875 SigReg: 78.2136536
std: 0.631835938 ,  0.275878906 SigReg: 55.9867706
std: 0.71484375 ,  0.283203125 SigReg: 55.9867706
std: 0.615722656 ,  0.276123047 SigReg: 62.5809669
std: 0.551269531 ,  0.291259766 SigReg: 62.5809669
std: 0.584472656 ,  0.290039062 SigReg: 86.4807129
std: 0.568847656 ,  0.280761719 SigReg: 86.4807129
std: 0.599609375 ,  0.309082031 SigReg: 73.0380249
std: 0.609375 ,  0.281738281 SigReg: 73.0380249
std: 0.689453125 ,  0.241333008 SigReg: 60.6012955
std: 0.712402344 ,  0.258789062 SigReg: 60.6012955
std: 0.528808594 ,  0.277099609 SigReg: 70.6814346
std: 0.618652344 ,  0.29296875 SigReg: 70.6814346
std: 0.624023438 ,  0.302246094 SigReg: 66.8465729
std: 0.698242188 ,  0.269042969 SigReg: 66.8465729
std: 0.645996094 ,  0.358886719 SigReg: 65.7384109
std: 0.641113281 ,  0.322753906 SigReg: 65.7384109
std: 0.562988281 ,  0.263183594 SigReg: 87.4618835
std: 0.65625 ,  0.315429688 SigReg: 87.4618835
std: 0.631347656 ,  0.334960938 SigReg: 83.9236145
std: 0.712402344 ,  0.372314453 SigReg: 83.9236145
std: 0.674804688 ,  0.310058594 SigReg: 64.7933044
std: 0.719238281 ,  0.310058594 SigReg: 64.7933044
std: 0.658203125 ,  0.358154297 SigReg: 87.5514221
std: 0.8671875 ,  0.326171875 SigReg: 87.5514221
std: 0.74609375 ,  0.308349609 SigReg: 101.453522
std: 0.534179688 ,  0.302734375 SigReg: 101.453522
std: 0.555664062 ,  0.253173828 SigReg: 76.4193192
std: 0.666992188 ,  0.360107422 SigReg: 76.4193192
std: 0.658691406 ,  0.336425781 SigReg: 104.508972
std: 0.759765625 ,  0.372314453 SigReg: 104.508972
std: 0.848144531 ,  0.391357422 SigReg: 124.992363
std: 0.679199219 ,  0.380859375 SigReg: 124.992363
std: 0.676269531 ,  0.323242188 SigReg: 83.854866
std: 0.625976562 ,  0.367919922 SigReg: 83.854866
std: 0.701171875 ,  0.366455078 SigReg: 78.6296616
std: 0.671875 ,  0.454589844 SigReg: 78.6296616
std: 0.652832031 ,  0.330322266 SigReg: 84.0319366
std: 0.794433594 ,  0.389892578 SigReg: 84.0319366
std: 0.824707031 ,  0.35546875 SigReg: 70.9573517
std: 0.794433594 ,  0.348144531 SigReg: 70.9573517
std: 0.804199219 ,  0.34375 SigReg: 72.3203201
std: 0.71484375 ,  0.370361328 SigReg: 72.3203201
std: 0.742675781 ,  0.361328125 SigReg: 88.9290161
std: 0.779785156 ,  0.386230469 SigReg: 88.9290161
std: 0.661621094 ,  0.362792969 SigReg: 66.1943665
std: 0.727050781 ,  0.320800781 SigReg: 66.1943665
std: 0.91015625 ,  0.305908203 SigReg: 79.4437332
std: 0.815429688 ,  0.396728516 SigReg: 79.4437332
std: 0.748535156 ,  0.416748047 SigReg: 97.1494598
std: 0.759277344 ,  0.424804688 SigReg: 97.1494598
std: 0.776367188 ,  0.461181641 SigReg: 90.576088
std: 0.718261719 ,  0.447753906 SigReg: 90.576088
std: 0.704589844 ,  0.455810547 SigReg: 66.4933624
std: 0.765625 ,  0.464599609 SigReg: 66.4933624
std: 0.768066406 ,  0.454101562 SigReg: 59.7042313
std: 0.842773438 ,  0.444335938 SigReg: 59.7042313
std: 0.832519531 ,  0.450195312 SigReg: 47.2480621
std: 0.844238281 ,  0.394042969 SigReg: 47.2480621
std: 0.756347656 ,  0.480712891 SigReg: 82.7507401
std: 0.729980469 ,  0.491699219 SigReg: 82.7507401
std: 0.72265625 ,  0.413574219 SigReg: 87.8465576
std: 0.718261719 ,  0.418212891 SigReg: 87.8465576
std: 0.763671875 ,  0.395507812 SigReg: 64.8789
std: 0.836425781 ,  0.430419922 SigReg: 64.8789
std: 0.828613281 ,  0.455810547 SigReg: 81.554924
std: 0.645019531 ,  0.404785156 SigReg: 81.554924
std: 0.7109375 ,  0.440673828 SigReg: 108.11557
std: 0.787597656 ,  0.476074219 SigReg: 108.11557
std: 0.809570312 ,  0.400146484 SigReg: 63.3922882
std: 0.693359375 ,  0.435302734 SigReg: 63.3922882
std: 0.83984375 ,  0.448486328 SigReg: 72.5050278
std: 0.831054688 ,  0.423583984 SigReg: 72.5050278
std: 0.905761719 ,  0.412841797 SigReg: 80.3022766
std: 0.767089844 ,  0.510742188 SigReg: 80.3022766
std: 0.847167969 ,  0.387695312 SigReg: 55.7690773
std: 0.8984375 ,  0.415771484 SigReg: 55.7690773
std: 0.721679688 ,  0.430175781 SigReg: 66.5748749
std: 0.827148438 ,  0.445556641 SigReg: 66.5748749
std: 0.815429688 ,  0.441162109 SigReg: 87.8779449
std: 0.838867188 ,  0.430175781 SigReg: 87.8779449
std: 0.732421875 ,  0.456298828 SigReg: 60.9476929
std: 0.790039062 ,  0.469238281 SigReg: 60.9476929
std: 0.9453125 ,  0.46484375 SigReg: 60.759903
std: 0.827148438 ,  0.443359375 SigReg: 60.759903
std: 0.88671875 ,  0.478515625 SigReg: 65.8406
std: 0.983886719 ,  0.434814453 SigReg: 65.8406
std: 0.847167969 ,  0.433837891 SigReg: 57.2368851
std: 0.876953125 ,  0.494873047 SigReg: 57.2368851
std: 0.758789062 ,  0.524902344 SigReg: 64.0179596
std: 0.8984375 ,  0.456542969 SigReg: 64.0179596
std: 0.915527344 ,  0.472167969 SigReg: 76.6430435
std: 0.934082031 ,  0.488525391 SigReg: 76.6430435
  Step 150: Backbone Loss = 5.1119, SIGReg Loss = 76.6430 Probe Loss = 322.6689, Acc = 0.5137
std: 0.909179688 ,  0.527832031 SigReg: 65.0554276
std: 0.965332031 ,  0.513671875 SigReg: 65.0554276
std: 0.926269531 ,  0.515625 SigReg: 56.9267616
std: 0.82421875 ,  0.49609375 SigReg: 56.9267616
std: 0.893066406 ,  0.474365234 SigReg: 72.7200928
std: 0.816894531 ,  0.431152344 SigReg: 72.7200928
std: 0.816894531 ,  0.452880859 SigReg: 58.8796501
std: 0.8984375 ,  0.499267578 SigReg: 58.8796501
std: 1.00683594 ,  0.479492188 SigReg: 63.0061951
std: 0.908691406 ,  0.477539062 SigReg: 63.0061951
std: 0.870117188 ,  0.519042969 SigReg: 71.3244095
std: 0.906738281 ,  0.508789062 SigReg: 71.3244095
std: 0.920898438 ,  0.506835938 SigReg: 58.6974106
std: 0.898925781 ,  0.476318359 SigReg: 58.6974106
std: 0.844726562 ,  0.491699219 SigReg: 63.4926071
std: 0.969726562 ,  0.457763672 SigReg: 63.4926071
std: 0.869140625 ,  0.442138672 SigReg: 66.3721085
std: 0.959960938 ,  0.515625 SigReg: 66.3721085
std: 0.970214844 ,  0.520996094 SigReg: 56.927803
std: 0.967773438 ,  0.472167969 SigReg: 56.927803
std: 0.946289062 ,  0.523925781 SigReg: 68.8337784
std: 0.898925781 ,  0.547851562 SigReg: 68.8337784
std: 0.947753906 ,  0.472412109 SigReg: 87.8757477
std: 0.834960938 ,  0.459228516 SigReg: 87.8757477
std: 0.857421875 ,  0.473632812 SigReg: 59.258934
std: 0.858886719 ,  0.461914062 SigReg: 59.258934
std: 0.7890625 ,  0.456298828 SigReg: 61.941288
std: 0.842773438 ,  0.491210938 SigReg: 61.941288
std: 0.890136719 ,  0.499511719 SigReg: 60.4503288
std: 0.908203125 ,  0.483886719 SigReg: 60.4503288
std: 0.807128906 ,  0.456054688 SigReg: 62.6271744
std: 0.88671875 ,  0.436523438 SigReg: 62.6271744
std: 0.922363281 ,  0.445068359 SigReg: 52.0340729
std: 0.815429688 ,  0.490234375 SigReg: 52.0340729
std: 0.824707031 ,  0.455078125 SigReg: 55.114315
std: 0.906738281 ,  0.490478516 SigReg: 55.114315
std: 0.786621094 ,  0.416748047 SigReg: 55.9819412
std: 0.752929688 ,  0.444580078 SigReg: 55.9819412
std: 0.845214844 ,  0.514160156 SigReg: 47.2836761
std: 0.965820312 ,  0.439208984 SigReg: 47.2836761
std: 0.930664062 ,  0.435058594 SigReg: 54.2546158
std: 0.866699219 ,  0.423828125 SigReg: 54.2546158
std: 0.848632812 ,  0.475830078 SigReg: 59.5633698
std: 0.909179688 ,  0.449462891 SigReg: 59.5633698
std: 0.899414062 ,  0.485107422 SigReg: 60.2035332
std: 0.918457031 ,  0.552246094 SigReg: 60.2035332
std: 0.812011719 ,  0.426513672 SigReg: 56.8156281
std: 0.869140625 ,  0.420654297 SigReg: 56.8156281
std: 0.910644531 ,  0.405273438 SigReg: 55.9329796
std: 0.907226562 ,  0.44140625 SigReg: 55.9329796
std: 0.8359375 ,  0.394775391 SigReg: 50.5688095
std: 0.841796875 ,  0.459472656 SigReg: 50.5688095
std: 0.872070312 ,  0.458984375 SigReg: 54.3397331
std: 0.935546875 ,  0.441162109 SigReg: 54.3397331
std: 0.811035156 ,  0.386474609 SigReg: 82.5626755
std: 0.819824219 ,  0.397460938 SigReg: 82.5626755
std: 0.892578125 ,  0.412353516 SigReg: 70.4916229
std: 0.870605469 ,  0.416748047 SigReg: 70.4916229
std: 0.851074219 ,  0.44140625 SigReg: 72.1435089
std: 0.83984375 ,  0.427734375 SigReg: 72.1435089
std: 0.966308594 ,  0.455566406 SigReg: 78.6474
std: 0.830566406 ,  0.381835938 SigReg: 78.6474
std: 0.82421875 ,  0.438476562 SigReg: 61.3895226
std: 0.833984375 ,  0.441162109 SigReg: 61.3895226
std: 0.981933594 ,  0.424560547 SigReg: 59.4243393
std: 0.815429688 ,  0.407226562 SigReg: 59.4243393
std: 0.9453125 ,  0.432128906 SigReg: 52.0532074
std: 0.890625 ,  0.387207031 SigReg: 52.0532074
std: 0.8828125 ,  0.370361328 SigReg: 69.0570679
std: 0.933105469 ,  0.418457031 SigReg: 69.0570679
std: 0.892578125 ,  0.455810547 SigReg: 65.9779739
std: 0.83203125 ,  0.459716797 SigReg: 65.9779739
std: 0.975585938 ,  0.378662109 SigReg: 49.6918716
std: 0.905273438 ,  0.387451172 SigReg: 49.6918716
std: 0.87890625 ,  0.397705078 SigReg: 82.6829071
std: 0.962402344 ,  0.411865234 SigReg: 82.6829071
std: 0.883300781 ,  0.400390625 SigReg: 72.3694763
std: 0.942382812 ,  0.416259766 SigReg: 72.3694763
std: 0.835449219 ,  0.455566406 SigReg: 65.5116119
std: 0.805175781 ,  0.405517578 SigReg: 65.5116119
std: 0.833496094 ,  0.405761719 SigReg: 57.2042313
std: 0.753417969 ,  0.393554688 SigReg: 57.2042313
std: 0.741699219 ,  0.329589844 SigReg: 74.2639618
std: 0.844238281 ,  0.382324219 SigReg: 74.2639618
std: 0.848632812 ,  0.373291016 SigReg: 56.0273399
std: 0.812988281 ,  0.381347656 SigReg: 56.0273399
std: 0.86328125 ,  0.419921875 SigReg: 54.5901604
std: 0.85546875 ,  0.411621094 SigReg: 54.5901604
std: 0.818847656 ,  0.366455078 SigReg: 76.6947
std: 0.744628906 ,  0.357910156 SigReg: 76.6947
std: 0.833496094 ,  0.375 SigReg: 51.7423134
std: 0.795410156 ,  0.379150391 SigReg: 51.7423134
std: 0.836914062 ,  0.367919922 SigReg: 58.1876488
std: 0.895507812 ,  0.356445312 SigReg: 58.1876488
std: 0.818847656 ,  0.374267578 SigReg: 64.1375656
std: 0.795410156 ,  0.381835938 SigReg: 64.1375656
std: 0.791015625 ,  0.390869141 SigReg: 46.1263237
std: 0.728515625 ,  0.374755859 SigReg: 46.1263237
std: 0.958984375 ,  0.374267578 SigReg: 61.9365768
std: 0.907226562 ,  0.354003906 SigReg: 61.9365768
  Step 200: Backbone Loss = 4.3777, SIGReg Loss = 61.9366 Probe Loss = 311.4247, Acc = 0.4723
std: 0.879882812 ,  0.397949219 SigReg: 68.3388824
std: 0.997070312 ,  0.384521484 SigReg: 68.3388824
std: 0.937011719 ,  0.371826172 SigReg: 54.06353
std: 0.853515625 ,  0.355957031 SigReg: 54.06353
std: 0.833984375 ,  0.372070312 SigReg: 61.8875351
std: 0.879394531 ,  0.349609375 SigReg: 61.8875351
std: 0.87109375 ,  0.379150391 SigReg: 67.5836334
std: 0.812988281 ,  0.384277344 SigReg: 67.5836334
std: 0.907226562 ,  0.326416016 SigReg: 62.9253387
std: 0.79296875 ,  0.382324219 SigReg: 62.9253387
std: 0.779785156 ,  0.359375 SigReg: 50.6468773
std: 0.932128906 ,  0.376708984 SigReg: 50.6468773
std: 0.786621094 ,  0.369873047 SigReg: 47.6940918
std: 0.885253906 ,  0.352294922 SigReg: 47.6940918
std: 0.9453125 ,  0.331298828 SigReg: 50.8741455
std: 0.849609375 ,  0.384277344 SigReg: 50.8741455
std: 0.8984375 ,  0.318115234 SigReg: 50.8436089
std: 0.910644531 ,  0.348876953 SigReg: 50.8436089
std: 0.674316406 ,  0.314697266 SigReg: 59.3515167
std: 0.811035156 ,  0.357666016 SigReg: 59.3515167
std: 0.790527344 ,  0.365966797 SigReg: 59.426506
std: 0.771972656 ,  0.33984375 SigReg: 59.426506
std: 0.865234375 ,  0.355224609 SigReg: 64.4306488
std: 0.910644531 ,  0.347412109 SigReg: 64.4306488
std: 0.812988281 ,  0.314208984 SigReg: 52.9653625
std: 0.772460938 ,  0.34375 SigReg: 52.9653625
std: 0.961425781 ,  0.34765625 SigReg: 49.6115952
std: 0.865722656 ,  0.30078125 SigReg: 49.6115952
std: 0.852539062 ,  0.314453125 SigReg: 47.8015
std: 0.790039062 ,  0.307861328 SigReg: 47.8015
std: 0.697753906 ,  0.321289062 SigReg: 49.4949493
std: 0.893066406 ,  0.372802734 SigReg: 49.4949493
std: 0.825683594 ,  0.37890625 SigReg: 52.5060349
std: 0.875 ,  0.35546875 SigReg: 52.5060349
std: 0.788574219 ,  0.403320312 SigReg: 55.4669724
std: 0.864257812 ,  0.322021484 SigReg: 55.4669724
std: 0.8515625 ,  0.351806641 SigReg: 51.2502289
std: 0.910644531 ,  0.371337891 SigReg: 51.2502289
std: 0.709960938 ,  0.36328125 SigReg: 58.4997177
std: 0.782226562 ,  0.354003906 SigReg: 58.4997177
std: 0.862792969 ,  0.372558594 SigReg: 50.0701752
std: 0.883789062 ,  0.388183594 SigReg: 50.0701752
std: 0.896484375 ,  0.349853516 SigReg: 54.6495514
std: 0.784179688 ,  0.324462891 SigReg: 54.6495514
std: 0.946777344 ,  0.330566406 SigReg: 75.1023407
std: 0.854003906 ,  0.333007812 SigReg: 75.1023407
std: 0.915039062 ,  0.343994141 SigReg: 105.370872
std: 0.833007812 ,  0.345458984 SigReg: 105.370872
std: 0.859863281 ,  0.348144531 SigReg: 55.7905426
std: 0.935546875 ,  0.298339844 SigReg: 55.7905426
std: 0.795410156 ,  0.333251953 SigReg: 57.1560402
std: 0.983398438 ,  0.302001953 SigReg: 57.1560402
std: 0.845703125 ,  0.254150391 SigReg: 79.5386658
std: 0.905273438 ,  0.2578125 SigReg: 79.5386658
std: 0.870605469 ,  0.262939453 SigReg: 71.9018478
std: 0.862792969 ,  0.248168945 SigReg: 71.9018478
std: 0.825683594 ,  0.248046875 SigReg: 50.552681
std: 0.974609375 ,  0.258300781 SigReg: 50.552681
std: 0.939453125 ,  0.297607422 SigReg: 71.294693
std: 0.943359375 ,  0.263427734 SigReg: 71.294693
std: 0.877929688 ,  0.275634766 SigReg: 83.0051
std: 0.892578125 ,  0.28515625 SigReg: 83.0051
std: 0.849609375 ,  0.250244141 SigReg: 73.9955292
std: 0.951660156 ,  0.247558594 SigReg: 73.9955292
std: 0.997070312 ,  0.257080078 SigReg: 73.8458099
std: 0.90625 ,  0.256347656 SigReg: 73.8458099
std: 0.783203125 ,  0.218505859 SigReg: 54.6188583
std: 0.747558594 ,  0.245605469 SigReg: 54.6188583
std: 0.977539062 ,  0.247192383 SigReg: 59.2128181
std: 1 ,  0.265625 SigReg: 59.2128181
std: 0.744628906 ,  0.274658203 SigReg: 79.4926071
std: 0.894042969 ,  0.231079102 SigReg: 79.4926071
std: 0.940917969 ,  0.241821289 SigReg: 52.4686661
std: 0.866210938 ,  0.227905273 SigReg: 52.4686661
std: 0.888183594 ,  0.262451172 SigReg: 66.4362
std: 0.879394531 ,  0.227416992 SigReg: 66.4362
std: 1.00292969 ,  0.298828125 SigReg: 63.9585571
std: 0.932617188 ,  0.298339844 SigReg: 63.9585571
std: 1.10839844 ,  0.311279297 SigReg: 45.5902214
std: 0.928222656 ,  0.248901367 SigReg: 45.5902214
std: 0.862792969 ,  0.2578125 SigReg: 52.842247
std: 0.947753906 ,  0.250488281 SigReg: 52.842247
std: 0.87109375 ,  0.275146484 SigReg: 53.2517815
std: 1.02832031 ,  0.272216797 SigReg: 53.2517815
std: 0.791992188 ,  0.266113281 SigReg: 59.3832245
std: 0.958496094 ,  0.245361328 SigReg: 59.3832245
std: 0.874511719 ,  0.295410156 SigReg: 56.0992584
std: 1.0234375 ,  0.291748047 SigReg: 56.0992584
std: 1.00292969 ,  0.306152344 SigReg: 52.471653
std: 1.1171875 ,  0.249633789 SigReg: 52.471653
std: 0.941894531 ,  0.282226562 SigReg: 53.547554
std: 0.940917969 ,  0.322753906 SigReg: 53.547554
std: 0.856933594 ,  0.28125 SigReg: 48.9549713
std: 1.09667969 ,  0.286621094 SigReg: 48.9549713
std: 1.09375 ,  0.285888672 SigReg: 47.64991
std: 0.770996094 ,  0.319335938 SigReg: 47.64991
std: 1.05761719 ,  0.307861328 SigReg: 48.6671562
std: 0.9921875 ,  0.339599609 SigReg: 48.6671562
std: 1.29199219 ,  0.294189453 SigReg: 47.7278442
std: 1.09472656 ,  0.329101562 SigReg: 47.7278442
  Step 250: Backbone Loss = 3.7354, SIGReg Loss = 47.7278 Probe Loss = 308.4863, Acc = 0.5065
std: 0.83203125 ,  0.301025391 SigReg: 49.059761
std: 0.9609375 ,  0.305908203 SigReg: 49.059761
std: 1.06738281 ,  0.270996094 SigReg: 48.6688232
std: 1.203125 ,  0.2578125 SigReg: 48.6688232
std: 1.1796875 ,  0.283691406 SigReg: 75.4431076
std: 1.02050781 ,  0.257080078 SigReg: 75.4431076
std: 1.03222656 ,  0.22644043 SigReg: 118.343445
std: 0.869628906 ,  0.227905273 SigReg: 118.343445
std: 0.899902344 ,  0.237915039 SigReg: 63.3005829
std: 1.10253906 ,  0.249755859 SigReg: 63.3005829
std: 1.015625 ,  0.251464844 SigReg: 69.3427887
std: 1.03515625 ,  0.235351562 SigReg: 69.3427887
std: 1.12597656 ,  0.264160156 SigReg: 102.737381
std: 0.868164062 ,  0.2578125 SigReg: 102.737381
std: 0.991699219 ,  0.251464844 SigReg: 75.055687
std: 1.03125 ,  0.259277344 SigReg: 75.055687
std: 1.06542969 ,  0.240966797 SigReg: 57.3646088
std: 1.14160156 ,  0.224487305 SigReg: 57.3646088
std: 0.9609375 ,  0.231811523 SigReg: 66.1449814
std: 0.856445312 ,  0.174438477 SigReg: 66.1449814
std: 1.00097656 ,  0.189208984 SigReg: 47.2592
std: 1.0703125 ,  0.219482422 SigReg: 47.2592
std: 0.951171875 ,  0.211303711 SigReg: 68.6512146
std: 0.882324219 ,  0.199951172 SigReg: 68.6512146
std: 0.90234375 ,  0.193237305 SigReg: 68.3972931
std: 1.24121094 ,  0.308349609 SigReg: 68.3972931
std: 1.00292969 ,  0.21484375 SigReg: 45.3986969
std: 0.984863281 ,  0.201538086 SigReg: 45.3986969
std: 0.875976562 ,  0.197387695 SigReg: 67.5444717
std: 1.02832031 ,  0.241821289 SigReg: 67.5444717
std: 0.937988281 ,  0.171630859 SigReg: 81.8516922
std: 1.125 ,  0.20324707 SigReg: 81.8516922
std: 1.05664062 ,  0.200561523 SigReg: 63.1669235
std: 0.909667969 ,  0.217529297 SigReg: 63.1669235
std: 1.18359375 ,  0.174682617 SigReg: 49.0826797
std: 1.08496094 ,  0.217651367 SigReg: 49.0826797
std: 0.983398438 ,  0.186401367 SigReg: 57.1814499
std: 1.04003906 ,  0.184570312 SigReg: 57.1814499
std: 1.03125 ,  0.159545898 SigReg: 51.9819794
std: 1.05371094 ,  0.185668945 SigReg: 51.9819794
std: 1.06347656 ,  0.167358398 SigReg: 61.9261398
std: 1.00195312 ,  0.163330078 SigReg: 61.9261398
std: 1.01074219 ,  0.154174805 SigReg: 60.8177795
std: 0.840820312 ,  0.141723633 SigReg: 60.8177795
std: 1.10253906 ,  0.146606445 SigReg: 53.5767212
std: 0.918457031 ,  0.177856445 SigReg: 53.5767212
std: 1.05664062 ,  0.175170898 SigReg: 56.4588623
std: 1.12890625 ,  0.172363281 SigReg: 56.4588623
std: 1.17675781 ,  0.177734375 SigReg: 72.7300415
std: 0.978515625 ,  0.221191406 SigReg: 72.7300415
std: 1.09960938 ,  0.160888672 SigReg: 52.5410156
std: 1.03320312 ,  0.174926758 SigReg: 52.5410156
std: 1.04980469 ,  0.163818359 SigReg: 49.6658211
std: 1.23242188 ,  0.25 SigReg: 49.6658211
std: 0.956054688 ,  0.127563477 SigReg: 53.332077
std: 1.01074219 ,  0.145141602 SigReg: 53.332077
std: 1.02929688 ,  0.176879883 SigReg: 48.1412468
std: 0.975585938 ,  0.153320312 SigReg: 48.1412468
std: 1.05761719 ,  0.179321289 SigReg: 59.5346451
std: 1.18847656 ,  0.176879883 SigReg: 59.5346451
std: 1.15234375 ,  0.13671875 SigReg: 60.9363785
std: 1.03515625 ,  0.163085938 SigReg: 60.9363785
std: 1.03222656 ,  0.163085938 SigReg: 56.4076385
std: 1.11523438 ,  0.164550781 SigReg: 56.4076385
std: 1.0390625 ,  0.139160156 SigReg: 51.4263802
std: 1.10742188 ,  0.137084961 SigReg: 51.4263802
std: 1.17480469 ,  0.159179688 SigReg: 48.5672531
std: 1.16699219 ,  0.204101562 SigReg: 48.5672531
std: 1.12402344 ,  0.17578125 SigReg: 48.3606796
std: 1.13867188 ,  0.127075195 SigReg: 48.3606796
std: 1.06054688 ,  0.158081055 SigReg: 57.2495651
std: 0.998535156 ,  0.177612305 SigReg: 57.2495651
std: 1.20898438 ,  0.154663086 SigReg: 49.8845139
std: 1.16503906 ,  0.139526367 SigReg: 49.8845139
std: 1.015625 ,  0.140258789 SigReg: 50.6637154
std: 1.10449219 ,  0.174438477 SigReg: 50.6637154
std: 1.14355469 ,  0.174926758 SigReg: 70.466713
std: 1.015625 ,  0.11920166 SigReg: 70.466713
std: 1.17578125 ,  0.135864258 SigReg: 69.8385773
std: 1.00292969 ,  0.171508789 SigReg: 69.8385773
std: 0.939941406 ,  0.15612793 SigReg: 57.5402946
std: 1.09472656 ,  0.139526367 SigReg: 57.5402946
std: 1.12695312 ,  0.169555664 SigReg: 75.925148
std: 1.06835938 ,  0.153564453 SigReg: 75.925148
std: 0.934082031 ,  0.156982422 SigReg: 86.0372391
std: 1.10253906 ,  0.175170898 SigReg: 86.0372391
std: 1.00683594 ,  0.170654297 SigReg: 62.775032
std: 1.11230469 ,  0.164550781 SigReg: 62.775032
std: 0.969726562 ,  0.132202148 SigReg: 58.1983871
std: 1.03710938 ,  0.150024414 SigReg: 58.1983871
std: 1.04785156 ,  0.166259766 SigReg: 56.7850037
std: 0.954101562 ,  0.130615234 SigReg: 56.7850037
std: 0.872070312 ,  0.145874023 SigReg: 51.1464806
std: 1.00683594 ,  0.228637695 SigReg: 51.1464806
std: 1.11914062 ,  0.169189453 SigReg: 45.8715858
std: 1.21289062 ,  0.150878906 SigReg: 45.8715858
std: 1.03808594 ,  0.138305664 SigReg: 51.5113068
std: 1.13085938 ,  0.161376953 SigReg: 51.5113068
std: 0.947753906 ,  0.167236328 SigReg: 57.8409
std: 1.23925781 ,  0.196289062 SigReg: 57.8409
  Step 300: Backbone Loss = 4.2418, SIGReg Loss = 57.8409 Probe Loss = 296.0701, Acc = 0.4842
std: 1.17675781 ,  0.135986328 SigReg: 49.3136826
std: 1.27734375 ,  0.167236328 SigReg: 49.3136826
std: 0.961425781 ,  0.147460938 SigReg: 48.3129463
std: 1.18359375 ,  0.159667969 SigReg: 48.3129463
std: 1.17578125 ,  0.140136719 SigReg: 46.1119232
std: 1.32128906 ,  0.175048828 SigReg: 46.1119232
std: 1.14550781 ,  0.157348633 SigReg: 47.5317535
std: 1.27636719 ,  0.154174805 SigReg: 47.5317535
std: 1.30078125 ,  0.188354492 SigReg: 47.4306755
std: 1.05273438 ,  0.165039062 SigReg: 47.4306755
std: 1.08203125 ,  0.176391602 SigReg: 43.6043434
std: 1.16699219 ,  0.151855469 SigReg: 43.6043434
Epoch 3 finished in 248.29s.
  Avg Backbone Loss: 4.7632
  Avg Probe Loss:    305.9359
  Avg Probe Accuracy: 0.5041

Epoch 4/100
std: 1.32910156 ,  0.174682617 SigReg: 44.9462624
std: 1.31640625 ,  0.20324707 SigReg: 44.9462624
  Step 0: Backbone Loss = 3.6505, SIGReg Loss = 44.9463 Probe Loss = 302.1550, Acc = 0.4999
std: 1.41796875 ,  0.177978516 SigReg: 46.9422531
std: 1.25292969 ,  0.170898438 SigReg: 46.9422531
std: 1.28320312 ,  0.206298828 SigReg: 43.0979233
std: 1.4453125 ,  0.153442383 SigReg: 43.0979233
std: 1.22753906 ,  0.165161133 SigReg: 49.6103973
std: 1.32324219 ,  0.204956055 SigReg: 49.6103973
std: 1.20703125 ,  0.201416016 SigReg: 46.3888092
std: 1.3828125 ,  0.194580078 SigReg: 46.3888092
std: 1.15332031 ,  0.231689453 SigReg: 48.1702347
std: 1.21875 ,  0.232421875 SigReg: 48.1702347
std: 1.31933594 ,  0.213745117 SigReg: 46.8661118
std: 1.08105469 ,  0.244018555 SigReg: 46.8661118
std: 1.18652344 ,  0.178710938 SigReg: 49.1915321
std: 1.23632812 ,  0.249267578 SigReg: 49.1915321
std: 1.32324219 ,  0.239135742 SigReg: 43.9949455
std: 1.3046875 ,  0.231445312 SigReg: 43.9949455
std: 1.37890625 ,  0.256835938 SigReg: 45.4433136
std: 1.10253906 ,  0.219970703 SigReg: 45.4433136
std: 1.13867188 ,  0.219360352 SigReg: 47.4262733
std: 1.30175781 ,  0.296142578 SigReg: 47.4262733
std: 1.26953125 ,  0.315185547 SigReg: 44.4898491
std: 1.15039062 ,  0.25390625 SigReg: 44.4898491
std: 1.08300781 ,  0.290771484 SigReg: 54.8657303
std: 1.22558594 ,  0.270263672 SigReg: 54.8657303
std: 1.04394531 ,  0.231445312 SigReg: 58.9929581
std: 1.28125 ,  0.241699219 SigReg: 58.9929581
std: 1.08300781 ,  0.271728516 SigReg: 53.7668304
std: 1.1953125 ,  0.225463867 SigReg: 53.7668304
std: 1.10351562 ,  0.232421875 SigReg: 50.5210342
std: 1.04785156 ,  0.254150391 SigReg: 50.5210342
std: 1.05859375 ,  0.223999023 SigReg: 53.3315544
std: 1.13964844 ,  0.197143555 SigReg: 53.3315544
std: 1.1796875 ,  0.279296875 SigReg: 47.7016258
std: 1.07519531 ,  0.209228516 SigReg: 47.7016258
std: 1.27734375 ,  0.228393555 SigReg: 43.2316933
std: 1.16503906 ,  0.262451172 SigReg: 43.2316933
std: 1.01660156 ,  0.23840332 SigReg: 43.3084183
std: 1.16503906 ,  0.224487305 SigReg: 43.3084183
std: 1.3125 ,  0.236816406 SigReg: 42.8425484
std: 1.1328125 ,  0.215209961 SigReg: 42.8425484
std: 1.31933594 ,  0.252197266 SigReg: 55.4288597
std: 1.05078125 ,  0.208740234 SigReg: 55.4288597
std: 1.07421875 ,  0.206665039 SigReg: 50.9459763
std: 1.13671875 ,  0.277587891 SigReg: 50.9459763
std: 1.16113281 ,  0.256835938 SigReg: 50.1959457
std: 1.26171875 ,  0.202270508 SigReg: 50.1959457
std: 1.10742188 ,  0.232910156 SigReg: 38.6596451
std: 1.02246094 ,  0.263427734 SigReg: 38.6596451
std: 0.987304688 ,  0.249023438 SigReg: 46.7681427
std: 1.25097656 ,  0.313720703 SigReg: 46.7681427
std: 0.896972656 ,  0.236450195 SigReg: 61.9745674
std: 0.927246094 ,  0.266845703 SigReg: 61.9745674
std: 1.11425781 ,  0.270751953 SigReg: 47.5499153
std: 1.10839844 ,  0.301513672 SigReg: 47.5499153
std: 1.05664062 ,  0.18347168 SigReg: 50.5978661
std: 1.14257812 ,  0.350585938 SigReg: 50.5978661
std: 0.98828125 ,  0.279541016 SigReg: 60.2410507
std: 1.13378906 ,  0.207275391 SigReg: 60.2410507
std: 1.07421875 ,  0.217651367 SigReg: 68.7009888
std: 1.0859375 ,  0.240966797 SigReg: 68.7009888
std: 1.08886719 ,  0.248901367 SigReg: 59.8203621
std: 1.06640625 ,  0.192504883 SigReg: 59.8203621
std: 0.912597656 ,  0.30859375 SigReg: 59.8862495
std: 1.21972656 ,  0.284912109 SigReg: 59.8862495
std: 1.01171875 ,  0.223022461 SigReg: 73.7969437
std: 1.16992188 ,  0.240600586 SigReg: 73.7969437
std: 1.12109375 ,  0.273925781 SigReg: 59.0024452
std: 1.19921875 ,  0.274169922 SigReg: 59.0024452
std: 1.00683594 ,  0.245117188 SigReg: 68.0055618
std: 1.1875 ,  0.308105469 SigReg: 68.0055618
std: 1.07128906 ,  0.235717773 SigReg: 49.7136383
std: 1.36523438 ,  0.289550781 SigReg: 49.7136383
std: 1.14355469 ,  0.215576172 SigReg: 57.8165512
std: 1.15722656 ,  0.251953125 SigReg: 57.8165512
std: 1.09082031 ,  0.272460938 SigReg: 59.1691437
std: 1.17578125 ,  0.231933594 SigReg: 59.1691437
std: 1.18261719 ,  0.249267578 SigReg: 49.4984818
std: 1.00292969 ,  0.234741211 SigReg: 49.4984818
std: 1.08398438 ,  0.259521484 SigReg: 52.5534096
std: 1.19238281 ,  0.241577148 SigReg: 52.5534096
std: 0.909179688 ,  0.202758789 SigReg: 61.2543144
std: 1.19042969 ,  0.198852539 SigReg: 61.2543144
std: 1.16210938 ,  0.174682617 SigReg: 66.9463196
std: 1.13378906 ,  0.204223633 SigReg: 66.9463196
std: 1.15332031 ,  0.268554688 SigReg: 61.1010437
std: 1.21289062 ,  0.240722656 SigReg: 61.1010437
std: 1.15039062 ,  0.291015625 SigReg: 47.5094147
std: 1.14355469 ,  0.219360352 SigReg: 47.5094147
std: 1.09082031 ,  0.283935547 SigReg: 74.547493
std: 1.23730469 ,  0.193237305 SigReg: 74.547493
std: 1.29492188 ,  0.281005859 SigReg: 89.4362793
std: 1.28417969 ,  0.256347656 SigReg: 89.4362793
std: 1.31835938 ,  0.301757812 SigReg: 72.0788956
std: 1.09375 ,  0.296875 SigReg: 72.0788956
std: 1.11425781 ,  0.252685547 SigReg: 66.2084732
std: 1.17089844 ,  0.245727539 SigReg: 66.2084732
std: 1.05859375 ,  0.237426758 SigReg: 76.6499557
std: 1.32714844 ,  0.3203125 SigReg: 76.6499557
std: 1.35253906 ,  0.311767578 SigReg: 52.8253441
std: 1.20996094 ,  0.267578125 SigReg: 52.8253441
  Step 50: Backbone Loss = 3.9999, SIGReg Loss = 52.8253 Probe Loss = 298.2990, Acc = 0.5077
std: 1.13574219 ,  0.254150391 SigReg: 46.3155594
std: 1.22851562 ,  0.279296875 SigReg: 46.3155594
std: 1.27050781 ,  0.270507812 SigReg: 63.7528381
std: 1.16113281 ,  0.266845703 SigReg: 63.7528381
std: 1.24707031 ,  0.275634766 SigReg: 45.9059296
std: 1.15917969 ,  0.321044922 SigReg: 45.9059296
std: 0.982421875 ,  0.236694336 SigReg: 55.123539
std: 1.06640625 ,  0.281982422 SigReg: 55.123539
std: 1.28515625 ,  0.266113281 SigReg: 61.8532333
std: 1.32421875 ,  0.341552734 SigReg: 61.8532333
std: 1.15917969 ,  0.254638672 SigReg: 46.0070343
std: 0.963867188 ,  0.230224609 SigReg: 46.0070343
std: 1.38378906 ,  0.342285156 SigReg: 63.3031921
std: 1.21679688 ,  0.406005859 SigReg: 63.3031921
std: 1.23339844 ,  0.330322266 SigReg: 56.2510223
std: 1.11035156 ,  0.276123047 SigReg: 56.2510223
std: 1.19628906 ,  0.297607422 SigReg: 48.0850449
std: 1.30175781 ,  0.449462891 SigReg: 48.0850449
std: 1.328125 ,  0.381835938 SigReg: 53.315773
std: 1.28027344 ,  0.339355469 SigReg: 53.315773
std: 1.25585938 ,  0.316894531 SigReg: 66.0280914
std: 1.11914062 ,  0.341064453 SigReg: 66.0280914
std: 1.15039062 ,  0.332519531 SigReg: 44.2903175
std: 1.20507812 ,  0.354980469 SigReg: 44.2903175
std: 1.2109375 ,  0.412841797 SigReg: 54.0389977
std: 1.07519531 ,  0.376464844 SigReg: 54.0389977
std: 1.14550781 ,  0.322753906 SigReg: 57.9211845
std: 1.33886719 ,  0.435302734 SigReg: 57.9211845
std: 1.14648438 ,  0.350585938 SigReg: 43.7124329
std: 1.16796875 ,  0.338867188 SigReg: 43.7124329
std: 1.33203125 ,  0.408447266 SigReg: 56.0722733
std: 1.13476562 ,  0.279052734 SigReg: 56.0722733
std: 1.33203125 ,  0.322998047 SigReg: 58.674202
std: 1.28515625 ,  0.330810547 SigReg: 58.674202
std: 1.19238281 ,  0.269042969 SigReg: 50.8414688
std: 1.29394531 ,  0.310058594 SigReg: 50.8414688
std: 1.25878906 ,  0.372314453 SigReg: 49.6083183
std: 1.1953125 ,  0.301513672 SigReg: 49.6083183
std: 1.41113281 ,  0.399658203 SigReg: 58.5840683
std: 1.01269531 ,  0.25 SigReg: 58.5840683
std: 1.29589844 ,  0.334716797 SigReg: 51.3653946
std: 1.16210938 ,  0.255371094 SigReg: 51.3653946
std: 1.33105469 ,  0.344482422 SigReg: 47.5979156
std: 1.38378906 ,  0.368164062 SigReg: 47.5979156
std: 1.37597656 ,  0.350830078 SigReg: 46.1340446
std: 1.12890625 ,  0.28125 SigReg: 46.1340446
std: 1.31152344 ,  0.362792969 SigReg: 43.9179192
std: 1.23046875 ,  0.306884766 SigReg: 43.9179192
std: 1.25 ,  0.318115234 SigReg: 45.3759956
std: 1.25390625 ,  0.33203125 SigReg: 45.3759956
std: 1.23730469 ,  0.307861328 SigReg: 67.6028442
std: 1.08105469 ,  0.261474609 SigReg: 67.6028442
std: 1.04882812 ,  0.260742188 SigReg: 57.362854
std: 1.17285156 ,  0.301269531 SigReg: 57.362854
std: 1.32226562 ,  0.361572266 SigReg: 52.7821922
std: 1.07421875 ,  0.284667969 SigReg: 52.7821922
std: 1.14257812 ,  0.274414062 SigReg: 44.1655273
std: 1.15917969 ,  0.269042969 SigReg: 44.1655273
std: 1.29882812 ,  0.328613281 SigReg: 40.9283867
std: 1.13964844 ,  0.302978516 SigReg: 40.9283867
std: 0.970703125 ,  0.232299805 SigReg: 52.5530472
std: 1.15527344 ,  0.298095703 SigReg: 52.5530472
std: 1.09277344 ,  0.263183594 SigReg: 44.3918724
std: 1.1640625 ,  0.270263672 SigReg: 44.3918724
std: 1.12597656 ,  0.284912109 SigReg: 59.1791611
std: 1.19335938 ,  0.344482422 SigReg: 59.1791611
std: 1.15917969 ,  0.301757812 SigReg: 51.745163
std: 1.14160156 ,  0.294921875 SigReg: 51.745163
std: 1.05957031 ,  0.337402344 SigReg: 56.6274338
std: 1.16503906 ,  0.330078125 SigReg: 56.6274338
std: 1.12109375 ,  0.320800781 SigReg: 44.0072021
std: 1.07519531 ,  0.318847656 SigReg: 44.0072021
std: 1.09570312 ,  0.309326172 SigReg: 43.5137024
std: 1.16601562 ,  0.337402344 SigReg: 43.5137024
std: 1.00195312 ,  0.3125 SigReg: 52.8831024
std: 1.01757812 ,  0.306884766 SigReg: 52.8831024
std: 0.993164062 ,  0.29296875 SigReg: 46.4100227
std: 1.04296875 ,  0.286865234 SigReg: 46.4100227
std: 1.01660156 ,  0.319335938 SigReg: 44.4811974
std: 1.30273438 ,  0.408935547 SigReg: 44.4811974
std: 0.962890625 ,  0.275878906 SigReg: 45.9487724
std: 1.00585938 ,  0.324951172 SigReg: 45.9487724
std: 1.13964844 ,  0.370361328 SigReg: 51.0420799
std: 1.04003906 ,  0.321777344 SigReg: 51.0420799
std: 1.06738281 ,  0.345703125 SigReg: 52.465847
std: 1.04980469 ,  0.349609375 SigReg: 52.465847
std: 1.14746094 ,  0.346191406 SigReg: 45.7233162
std: 1.24414062 ,  0.383789062 SigReg: 45.7233162
std: 1.12011719 ,  0.342529297 SigReg: 63.0225525
std: 1.23339844 ,  0.355224609 SigReg: 63.0225525
std: 1.19238281 ,  0.394287109 SigReg: 40.1334686
std: 1.28710938 ,  0.383789062 SigReg: 40.1334686
std: 1.04589844 ,  0.348632812 SigReg: 46.2877197
std: 1.03710938 ,  0.380859375 SigReg: 46.2877197
std: 1.10253906 ,  0.428955078 SigReg: 51.9549637
std: 1.02636719 ,  0.397949219 SigReg: 51.9549637
std: 1.16503906 ,  0.494384766 SigReg: 51.3234863
std: 1.02929688 ,  0.419433594 SigReg: 51.3234863
std: 1.09277344 ,  0.482910156 SigReg: 50.6808701
std: 0.854003906 ,  0.358154297 SigReg: 50.6808701
  Step 100: Backbone Loss = 3.8258, SIGReg Loss = 50.6809 Probe Loss = 279.0650, Acc = 0.4840
std: 1.12109375 ,  0.447753906 SigReg: 45.4231415
std: 1.03320312 ,  0.447265625 SigReg: 45.4231415
std: 1.08203125 ,  0.443359375 SigReg: 57.0887527
std: 1.00292969 ,  0.467529297 SigReg: 57.0887527
std: 1.09960938 ,  0.469970703 SigReg: 41.6942139
std: 1.16699219 ,  0.469970703 SigReg: 41.6942139
std: 1.01367188 ,  0.474365234 SigReg: 48.6270523
std: 1.16503906 ,  0.508300781 SigReg: 48.6270523
std: 1.10839844 ,  0.464355469 SigReg: 57.0573883
std: 1.10644531 ,  0.473388672 SigReg: 57.0573883
std: 1.12207031 ,  0.510742188 SigReg: 41.2857094
std: 1.14355469 ,  0.508789062 SigReg: 41.2857094
std: 1.13183594 ,  0.540527344 SigReg: 68.8209305
std: 1.11328125 ,  0.476318359 SigReg: 68.8209305
std: 0.965820312 ,  0.460205078 SigReg: 80.9055
std: 1.05957031 ,  0.464111328 SigReg: 80.9055
std: 1.05371094 ,  0.489746094 SigReg: 74.5802841
std: 0.964355469 ,  0.415771484 SigReg: 74.5802841
std: 1.06152344 ,  0.481689453 SigReg: 64.93573
std: 1.20214844 ,  0.578125 SigReg: 64.93573
std: 1.12011719 ,  0.497558594 SigReg: 65.7134857
std: 1.02441406 ,  0.474853516 SigReg: 65.7134857
std: 1.18457031 ,  0.592773438 SigReg: 52.8554649
std: 0.994140625 ,  0.468261719 SigReg: 52.8554649
std: 0.977539062 ,  0.470214844 SigReg: 49.3596497
std: 1.14355469 ,  0.53125 SigReg: 49.3596497
std: 1.04492188 ,  0.480224609 SigReg: 46.4119606
std: 1.08789062 ,  0.520996094 SigReg: 46.4119606
std: 1.05761719 ,  0.517578125 SigReg: 43.2284393
std: 1.03613281 ,  0.546875 SigReg: 43.2284393
std: 1.14160156 ,  0.541503906 SigReg: 41.2833862
std: 1.02832031 ,  0.471191406 SigReg: 41.2833862
std: 0.94140625 ,  0.450439453 SigReg: 53.8813782
std: 1.13378906 ,  0.532226562 SigReg: 53.8813782
std: 0.815917969 ,  0.395263672 SigReg: 43.5143
std: 1.02148438 ,  0.496826172 SigReg: 43.5143
std: 1.02832031 ,  0.487548828 SigReg: 38.8568916
std: 1.08300781 ,  0.485351562 SigReg: 38.8568916
std: 0.967773438 ,  0.447265625 SigReg: 49.8079491
std: 0.987304688 ,  0.437988281 SigReg: 49.8079491
std: 0.822265625 ,  0.368164062 SigReg: 50.6038399
std: 0.999511719 ,  0.446044922 SigReg: 50.6038399
std: 1.08886719 ,  0.427246094 SigReg: 62.6107292
std: 0.925292969 ,  0.388671875 SigReg: 62.6107292
std: 1.1171875 ,  0.430908203 SigReg: 60.471756
std: 0.8828125 ,  0.360351562 SigReg: 60.471756
std: 0.8984375 ,  0.369384766 SigReg: 48.1686783
std: 0.803710938 ,  0.330322266 SigReg: 48.1686783
std: 0.956054688 ,  0.364501953 SigReg: 52.0316925
std: 1.1015625 ,  0.397949219 SigReg: 52.0316925
std: 1.08496094 ,  0.399414062 SigReg: 61.7388687
std: 1.10351562 ,  0.402832031 SigReg: 61.7388687
std: 1.1171875 ,  0.388183594 SigReg: 51.9115601
std: 1.20410156 ,  0.389160156 SigReg: 51.9115601
std: 1.06054688 ,  0.365234375 SigReg: 60.9092712
std: 1.04199219 ,  0.371337891 SigReg: 60.9092712
std: 1.05371094 ,  0.361328125 SigReg: 71.7963638
std: 1.09765625 ,  0.383300781 SigReg: 71.7963638
std: 0.759277344 ,  0.292236328 SigReg: 61.2530289
std: 1.04296875 ,  0.381347656 SigReg: 61.2530289
std: 1.10546875 ,  0.396484375 SigReg: 53.9045486
std: 0.881347656 ,  0.322509766 SigReg: 53.9045486
std: 1.08691406 ,  0.379638672 SigReg: 50.681221
std: 1.04394531 ,  0.376953125 SigReg: 50.681221
std: 1.00488281 ,  0.357666016 SigReg: 45.1497574
std: 1.06933594 ,  0.392822266 SigReg: 45.1497574
std: 0.944335938 ,  0.342773438 SigReg: 46.6356163
std: 1.03515625 ,  0.376220703 SigReg: 46.6356163
std: 1.06152344 ,  0.329345703 SigReg: 53.8041611
std: 1.14648438 ,  0.363769531 SigReg: 53.8041611
std: 0.940429688 ,  0.312744141 SigReg: 49.9919281
std: 0.932617188 ,  0.286621094 SigReg: 49.9919281
std: 1.03613281 ,  0.365722656 SigReg: 55.6927567
std: 1.24707031 ,  0.369140625 SigReg: 55.6927567
std: 1.02148438 ,  0.33203125 SigReg: 56.2736664
std: 1.1796875 ,  0.358642578 SigReg: 56.2736664
std: 1.13867188 ,  0.379394531 SigReg: 51.2665901
std: 0.987792969 ,  0.316162109 SigReg: 51.2665901
std: 1.05078125 ,  0.340820312 SigReg: 52.1066284
std: 1.15917969 ,  0.359130859 SigReg: 52.1066284
std: 1.01953125 ,  0.331542969 SigReg: 53.2399826
std: 1.09667969 ,  0.366699219 SigReg: 53.2399826
std: 0.907226562 ,  0.315917969 SigReg: 65.5324783
std: 0.889648438 ,  0.318359375 SigReg: 65.5324783
std: 1.06152344 ,  0.380615234 SigReg: 43.6930389
std: 1.00683594 ,  0.364013672 SigReg: 43.6930389
std: 1.18945312 ,  0.388916016 SigReg: 42.2999229
std: 1.13867188 ,  0.385498047 SigReg: 42.2999229
std: 1.046875 ,  0.368896484 SigReg: 59.244072
std: 1.13378906 ,  0.358642578 SigReg: 59.244072
std: 1.19628906 ,  0.395996094 SigReg: 53.2140427
std: 1.13964844 ,  0.365478516 SigReg: 53.2140427
std: 1.19824219 ,  0.387451172 SigReg: 45.3664398
std: 1.05078125 ,  0.306396484 SigReg: 45.3664398
std: 0.9375 ,  0.340576172 SigReg: 75.5969849
std: 1.01660156 ,  0.396484375 SigReg: 75.5969849
std: 0.915039062 ,  0.363525391 SigReg: 86.7864838
std: 1.02636719 ,  0.395751953 SigReg: 86.7864838
std: 0.893066406 ,  0.379394531 SigReg: 89.4516754
std: 0.98046875 ,  0.388183594 SigReg: 89.4516754
  Step 150: Backbone Loss = 5.7427, SIGReg Loss = 89.4517 Probe Loss = 276.7884, Acc = 0.4764
std: 1.04003906 ,  0.400390625 SigReg: 59.9154968
std: 0.949707031 ,  0.354248047 SigReg: 59.9154968
std: 0.926757812 ,  0.373779297 SigReg: 53.2743607
std: 0.819335938 ,  0.331542969 SigReg: 53.2743607
std: 0.977539062 ,  0.371826172 SigReg: 52.0229073
std: 1.08886719 ,  0.464599609 SigReg: 52.0229073
std: 1.00195312 ,  0.406005859 SigReg: 63.1202583
std: 1.00292969 ,  0.386474609 SigReg: 63.1202583
std: 1.03710938 ,  0.381103516 SigReg: 58.1314
std: 1.04785156 ,  0.415527344 SigReg: 58.1314
std: 0.974121094 ,  0.355712891 SigReg: 50.1926765
std: 0.970703125 ,  0.370849609 SigReg: 50.1926765
std: 0.795898438 ,  0.327148438 SigReg: 44.8452759
std: 0.9921875 ,  0.380615234 SigReg: 44.8452759
std: 0.934570312 ,  0.375244141 SigReg: 46.6902313
std: 1.00292969 ,  0.389648438 SigReg: 46.6902313
std: 0.838867188 ,  0.34375 SigReg: 51.743187
std: 0.869140625 ,  0.384277344 SigReg: 51.743187
std: 0.788574219 ,  0.338623047 SigReg: 51.1851349
std: 0.670898438 ,  0.292236328 SigReg: 51.1851349
std: 1.01855469 ,  0.369873047 SigReg: 47.1122551
std: 0.905273438 ,  0.387939453 SigReg: 47.1122551
std: 1.00390625 ,  0.3828125 SigReg: 46.8779106
std: 1.10253906 ,  0.433105469 SigReg: 46.8779106
std: 1.01269531 ,  0.432128906 SigReg: 48.3583412
std: 0.852050781 ,  0.389160156 SigReg: 48.3583412
std: 1.01953125 ,  0.4609375 SigReg: 44.4008522
std: 0.92578125 ,  0.421875 SigReg: 44.4008522
std: 0.925292969 ,  0.444335938 SigReg: 43.0241776
std: 1.1328125 ,  0.51171875 SigReg: 43.0241776
std: 1.05078125 ,  0.440917969 SigReg: 54.9217606
std: 1.26074219 ,  0.585449219 SigReg: 54.9217606
std: 1.1015625 ,  0.455566406 SigReg: 41.7026672
std: 0.984375 ,  0.467773438 SigReg: 41.7026672
std: 0.9296875 ,  0.403808594 SigReg: 56.342289
std: 1.12988281 ,  0.459716797 SigReg: 56.342289
std: 1.00097656 ,  0.446044922 SigReg: 54.2682953
std: 0.979492188 ,  0.384521484 SigReg: 54.2682953
std: 1.109375 ,  0.431640625 SigReg: 47.4185295
std: 0.793945312 ,  0.395019531 SigReg: 47.4185295
std: 1.15625 ,  0.459228516 SigReg: 38.7923851
std: 1.10742188 ,  0.447265625 SigReg: 38.7923851
std: 1.1015625 ,  0.505859375 SigReg: 40.4645767
std: 1.00585938 ,  0.490478516 SigReg: 40.4645767
std: 1.19433594 ,  0.532226562 SigReg: 48.7079544
std: 1.01464844 ,  0.459960938 SigReg: 48.7079544
std: 1.05371094 ,  0.465820312 SigReg: 49.1604
std: 1.08105469 ,  0.502441406 SigReg: 49.1604
std: 1.10644531 ,  0.458496094 SigReg: 57.6185493
std: 1.09472656 ,  0.468505859 SigReg: 57.6185493
std: 0.926757812 ,  0.436523438 SigReg: 67.2995834
std: 0.928222656 ,  0.454101562 SigReg: 67.2995834
std: 1.125 ,  0.474365234 SigReg: 59.5335617
std: 0.915527344 ,  0.400146484 SigReg: 59.5335617
std: 1.06933594 ,  0.436767578 SigReg: 53.9514694
std: 0.977050781 ,  0.441162109 SigReg: 53.9514694
std: 1.078125 ,  0.428955078 SigReg: 54.6211815
std: 1.09960938 ,  0.392333984 SigReg: 54.6211815
std: 1.19042969 ,  0.472167969 SigReg: 46.5100594
std: 1.08789062 ,  0.435791016 SigReg: 46.5100594
std: 1.21582031 ,  0.517089844 SigReg: 45.2258224
std: 1.00683594 ,  0.422363281 SigReg: 45.2258224
std: 1.19042969 ,  0.503417969 SigReg: 53.7641563
std: 1.11914062 ,  0.457519531 SigReg: 53.7641563
std: 1.20117188 ,  0.4453125 SigReg: 47.4862671
std: 1.32617188 ,  0.498535156 SigReg: 47.4862671
std: 1.19335938 ,  0.481201172 SigReg: 45.9635429
std: 1.24414062 ,  0.481201172 SigReg: 45.9635429
std: 1.27050781 ,  0.504394531 SigReg: 40.0858192
std: 1.05566406 ,  0.460693359 SigReg: 40.0858192
std: 0.897949219 ,  0.452148438 SigReg: 48.9044075
std: 0.930664062 ,  0.440185547 SigReg: 48.9044075
std: 1.1796875 ,  0.478759766 SigReg: 43.5856781
std: 1.00195312 ,  0.447265625 SigReg: 43.5856781
std: 1.00488281 ,  0.473632812 SigReg: 49.1351166
std: 1.06152344 ,  0.474853516 SigReg: 49.1351166
std: 1.31054688 ,  0.472900391 SigReg: 42.1563034
std: 1.22753906 ,  0.512207031 SigReg: 42.1563034
std: 1.07714844 ,  0.51171875 SigReg: 36.6006165
std: 1.18261719 ,  0.493164062 SigReg: 36.6006165
std: 1.15039062 ,  0.518554688 SigReg: 48.2373924
std: 1.01367188 ,  0.515625 SigReg: 48.2373924
std: 1.20996094 ,  0.560546875 SigReg: 39.9711723
std: 1.16699219 ,  0.52734375 SigReg: 39.9711723
std: 1.19042969 ,  0.487304688 SigReg: 43.8269
std: 1.22558594 ,  0.502929688 SigReg: 43.8269
std: 1.20703125 ,  0.591308594 SigReg: 37.3540382
std: 1.27246094 ,  0.560058594 SigReg: 37.3540382
std: 1.18261719 ,  0.553222656 SigReg: 46.6364555
std: 1.08300781 ,  0.503417969 SigReg: 46.6364555
std: 1.19042969 ,  0.540039062 SigReg: 39.8851776
std: 1.35253906 ,  0.595703125 SigReg: 39.8851776
std: 1.19726562 ,  0.572753906 SigReg: 45.1870842
std: 1.28417969 ,  0.564941406 SigReg: 45.1870842
std: 1.18359375 ,  0.532714844 SigReg: 44.2805328
std: 1.06054688 ,  0.504882812 SigReg: 44.2805328
std: 1.14550781 ,  0.521484375 SigReg: 49.072979
std: 1.14453125 ,  0.481933594 SigReg: 49.072979
std: 0.943359375 ,  0.456542969 SigReg: 42.5336227
std: 1.18261719 ,  0.517089844 SigReg: 42.5336227
  Step 200: Backbone Loss = 3.4106, SIGReg Loss = 42.5336 Probe Loss = 291.6770, Acc = 0.4946
std: 1.05273438 ,  0.483886719 SigReg: 45.6787033
std: 1.11328125 ,  0.491210938 SigReg: 45.6787033
std: 1.22753906 ,  0.549316406 SigReg: 45.1098747
std: 1.04589844 ,  0.525878906 SigReg: 45.1098747
std: 0.94921875 ,  0.48046875 SigReg: 37.5076332
std: 0.841308594 ,  0.409912109 SigReg: 37.5076332
std: 1.03417969 ,  0.501464844 SigReg: 36.4004822
std: 1.03613281 ,  0.487548828 SigReg: 36.4004822
std: 1.07324219 ,  0.543945312 SigReg: 40.763443
std: 1.09472656 ,  0.501953125 SigReg: 40.763443
std: 0.951660156 ,  0.46484375 SigReg: 38.1947365
std: 1.24902344 ,  0.528320312 SigReg: 38.1947365
std: 1.13671875 ,  0.512695312 SigReg: 46.4217491
std: 1.28417969 ,  0.496337891 SigReg: 46.4217491
std: 1.05859375 ,  0.489257812 SigReg: 34.9828491
std: 1.17382812 ,  0.50390625 SigReg: 34.9828491
std: 1.12597656 ,  0.506835938 SigReg: 45.1978607
std: 0.827148438 ,  0.419921875 SigReg: 45.1978607
std: 0.979492188 ,  0.465332031 SigReg: 45.5181732
std: 1.18457031 ,  0.533203125 SigReg: 45.5181732
std: 1.02734375 ,  0.479003906 SigReg: 39.5871696
std: 1.28613281 ,  0.521972656 SigReg: 39.5871696
std: 1.15820312 ,  0.505371094 SigReg: 33.9205
std: 1.25 ,  0.490234375 SigReg: 33.9205
std: 1.36132812 ,  0.5234375 SigReg: 45.7643929
std: 1.22949219 ,  0.505371094 SigReg: 45.7643929
std: 1.27636719 ,  0.468017578 SigReg: 45.9341049
std: 1.24316406 ,  0.532714844 SigReg: 45.9341049
std: 1.10351562 ,  0.465087891 SigReg: 42.2671776
std: 1.39453125 ,  0.517089844 SigReg: 42.2671776
std: 1.09960938 ,  0.499511719 SigReg: 39.6206131
std: 1.296875 ,  0.488769531 SigReg: 39.6206131
std: 1.2578125 ,  0.520996094 SigReg: 43.3054733
std: 1.4296875 ,  0.563964844 SigReg: 43.3054733
std: 1.30957031 ,  0.48828125 SigReg: 37.1661453
std: 1.359375 ,  0.522949219 SigReg: 37.1661453
std: 1.46386719 ,  0.478759766 SigReg: 38.1866951
std: 1.40136719 ,  0.480224609 SigReg: 38.1866951
std: 1.60449219 ,  0.535644531 SigReg: 34.2752304
std: 1.37597656 ,  0.509765625 SigReg: 34.2752304
std: 1.33496094 ,  0.494140625 SigReg: 37.2991066
std: 1.35546875 ,  0.515625 SigReg: 37.2991066
std: 1.57714844 ,  0.451416016 SigReg: 36.2444611
std: 1.43945312 ,  0.571777344 SigReg: 36.2444611
std: 1.56738281 ,  0.534179688 SigReg: 41.9294281
std: 1.41503906 ,  0.514648438 SigReg: 41.9294281
std: 1.44335938 ,  0.557617188 SigReg: 38.6536484
std: 1.45996094 ,  0.467773438 SigReg: 38.6536484
std: 1.42480469 ,  0.5390625 SigReg: 42.7875748
std: 1.3203125 ,  0.541992188 SigReg: 42.7875748
std: 1.33691406 ,  0.578125 SigReg: 42.5703201
std: 1.484375 ,  0.550292969 SigReg: 42.5703201
std: 1.32324219 ,  0.517578125 SigReg: 34.0710335
std: 1.47363281 ,  0.499511719 SigReg: 34.0710335
std: 1.45996094 ,  0.503417969 SigReg: 32.5052605
std: 1.55859375 ,  0.577148438 SigReg: 32.5052605
std: 1.3359375 ,  0.536621094 SigReg: 46.0226212
std: 1.23144531 ,  0.552734375 SigReg: 46.0226212
std: 1.27050781 ,  0.530761719 SigReg: 39.5982666
std: 1.22558594 ,  0.525878906 SigReg: 39.5982666
std: 1.19433594 ,  0.502929688 SigReg: 39.9978
std: 1.13574219 ,  0.511230469 SigReg: 39.9978
std: 1.296875 ,  0.510742188 SigReg: 35.3534737
std: 1.26660156 ,  0.56640625 SigReg: 35.3534737
std: 1.21582031 ,  0.563476562 SigReg: 32.739521
std: 1.1171875 ,  0.560058594 SigReg: 32.739521
std: 1.06738281 ,  0.574707031 SigReg: 35.0203171
std: 1.12402344 ,  0.5390625 SigReg: 35.0203171
std: 1.03222656 ,  0.499023438 SigReg: 31.570879
std: 1.36816406 ,  0.583007812 SigReg: 31.570879
std: 0.94140625 ,  0.469970703 SigReg: 44.4136353
std: 1.16308594 ,  0.515625 SigReg: 44.4136353
std: 1.61816406 ,  0.545410156 SigReg: 42.6642456
std: 1.08203125 ,  0.489013672 SigReg: 42.6642456
std: 0.955078125 ,  0.440673828 SigReg: 41.6689377
std: 1.23828125 ,  0.459472656 SigReg: 41.6689377
std: 1.140625 ,  0.47265625 SigReg: 41.844162
std: 1.21875 ,  0.494384766 SigReg: 41.844162
std: 1.59570312 ,  0.491699219 SigReg: 39.546814
std: 1.13378906 ,  0.447753906 SigReg: 39.546814
std: 1.37109375 ,  0.541503906 SigReg: 39.7693787
std: 1.24804688 ,  0.467773438 SigReg: 39.7693787
std: 1.11523438 ,  0.490966797 SigReg: 38.9126282
std: 1.1171875 ,  0.478759766 SigReg: 38.9126282
std: 0.982421875 ,  0.435302734 SigReg: 37.9740868
std: 1.22265625 ,  0.445800781 SigReg: 37.9740868
std: 1.25976562 ,  0.491455078 SigReg: 37.1710434
std: 1.05078125 ,  0.491455078 SigReg: 37.1710434
std: 1.23730469 ,  0.533203125 SigReg: 35.8398361
std: 1.14550781 ,  0.519042969 SigReg: 35.8398361
std: 1.09179688 ,  0.462402344 SigReg: 39.8862228
std: 0.961425781 ,  0.488769531 SigReg: 39.8862228
std: 1.10058594 ,  0.528808594 SigReg: 34.1537323
std: 1.09375 ,  0.522460938 SigReg: 34.1537323
std: 1.1875 ,  0.583496094 SigReg: 54.3118553
std: 1.04101562 ,  0.525878906 SigReg: 54.3118553
std: 1.03027344 ,  0.55859375 SigReg: 57.5802841
std: 0.971679688 ,  0.555175781 SigReg: 57.5802841
std: 1.17773438 ,  0.575195312 SigReg: 48.1758499
std: 1.18164062 ,  0.545898438 SigReg: 48.1758499
  Step 250: Backbone Loss = 3.6262, SIGReg Loss = 48.1758 Probe Loss = 285.9235, Acc = 0.5016
std: 0.977050781 ,  0.522949219 SigReg: 42.7656708
std: 1.30761719 ,  0.619140625 SigReg: 42.7656708
std: 1.08105469 ,  0.563476562 SigReg: 40.5925
std: 1.09960938 ,  0.561035156 SigReg: 40.5925
std: 1.19433594 ,  0.618652344 SigReg: 37.9506569
std: 1.13378906 ,  0.578613281 SigReg: 37.9506569
std: 1.02734375 ,  0.549316406 SigReg: 39.9648132
std: 1.19140625 ,  0.60546875 SigReg: 39.9648132
std: 0.994628906 ,  0.496582031 SigReg: 43.3027382
std: 1.09375 ,  0.623046875 SigReg: 43.3027382
std: 1.27539062 ,  0.651367188 SigReg: 44.2467575
std: 1.28515625 ,  0.671875 SigReg: 44.2467575
std: 1.16113281 ,  0.685058594 SigReg: 45.7594109
std: 1.17773438 ,  0.620605469 SigReg: 45.7594109
std: 1.23046875 ,  0.631835938 SigReg: 38.5634613
std: 1.20703125 ,  0.665527344 SigReg: 38.5634613
std: 1.04785156 ,  0.645507812 SigReg: 45.5729637
std: 1.1640625 ,  0.700195312 SigReg: 45.5729637
std: 1.0234375 ,  0.596191406 SigReg: 44.2961693
std: 0.96484375 ,  0.583984375 SigReg: 44.2961693
std: 0.912597656 ,  0.55859375 SigReg: 40.1191025
std: 1.20898438 ,  0.658691406 SigReg: 40.1191025
std: 1.20996094 ,  0.698242188 SigReg: 32.5274086
std: 1.19335938 ,  0.585449219 SigReg: 32.5274086
std: 1.14648438 ,  0.5703125 SigReg: 46.126339
std: 1.19433594 ,  0.631835938 SigReg: 46.126339
std: 1.18652344 ,  0.65234375 SigReg: 36.5070114
std: 1.19140625 ,  0.65625 SigReg: 36.5070114
std: 1.00390625 ,  0.543457031 SigReg: 35.1255798
std: 1.09277344 ,  0.568359375 SigReg: 35.1255798
std: 0.834960938 ,  0.454833984 SigReg: 38.6211967
std: 1.13085938 ,  0.58203125 SigReg: 38.6211967
std: 1.03027344 ,  0.538085938 SigReg: 38.4439354
std: 1.07324219 ,  0.585449219 SigReg: 38.4439354
std: 1.24804688 ,  0.555664062 SigReg: 35.3600311
std: 0.950683594 ,  0.511230469 SigReg: 35.3600311
std: 0.999511719 ,  0.476074219 SigReg: 36.4851761
std: 1.00390625 ,  0.501953125 SigReg: 36.4851761
std: 1.28320312 ,  0.467773438 SigReg: 43.033577
std: 1.20019531 ,  0.503417969 SigReg: 43.033577
std: 1.15039062 ,  0.459716797 SigReg: 41.541893
std: 1.08203125 ,  0.402099609 SigReg: 41.541893
std: 1.1015625 ,  0.404296875 SigReg: 39.7734108
std: 1.02636719 ,  0.411865234 SigReg: 39.7734108
std: 0.6953125 ,  0.408691406 SigReg: 50.2773514
std: 0.8515625 ,  0.412597656 SigReg: 50.2773514
std: 0.978027344 ,  0.386962891 SigReg: 46.3282089
std: 0.927734375 ,  0.355712891 SigReg: 46.3282089
std: 1.02441406 ,  0.368164062 SigReg: 49.2330894
std: 0.939453125 ,  0.407714844 SigReg: 49.2330894
std: 0.982421875 ,  0.342529297 SigReg: 34.7927094
std: 0.995117188 ,  0.374511719 SigReg: 34.7927094
std: 0.950195312 ,  0.366210938 SigReg: 38.383831
std: 0.984863281 ,  0.4140625 SigReg: 38.383831
std: 0.9765625 ,  0.387451172 SigReg: 34.1989
std: 0.927246094 ,  0.3671875 SigReg: 34.1989
std: 0.858886719 ,  0.322021484 SigReg: 34.3149261
std: 1.03710938 ,  0.281494141 SigReg: 34.3149261
std: 0.875976562 ,  0.339111328 SigReg: 38.2698021
std: 0.885253906 ,  0.372558594 SigReg: 38.2698021
std: 1.06445312 ,  0.416259766 SigReg: 31.5802917
std: 1.05761719 ,  0.371826172 SigReg: 31.5802917
std: 1.00195312 ,  0.377929688 SigReg: 32.8208847
std: 1.01953125 ,  0.385986328 SigReg: 32.8208847
std: 1.078125 ,  0.380126953 SigReg: 39.3506088
std: 1.16796875 ,  0.41015625 SigReg: 39.3506088
std: 1.02441406 ,  0.379638672 SigReg: 37.761425
std: 1.02539062 ,  0.340087891 SigReg: 37.761425
std: 0.894042969 ,  0.359863281 SigReg: 40.8685341
std: 1.10839844 ,  0.407714844 SigReg: 40.8685341
std: 1.07226562 ,  0.368652344 SigReg: 44.8839684
std: 1.21191406 ,  0.387695312 SigReg: 44.8839684
std: 0.948730469 ,  0.344970703 SigReg: 36.2192917
std: 1.04296875 ,  0.41015625 SigReg: 36.2192917
std: 1.05273438 ,  0.348388672 SigReg: 34.8615189
std: 1.14648438 ,  0.363769531 SigReg: 34.8615189
std: 1.109375 ,  0.384277344 SigReg: 33.9957314
std: 1.06054688 ,  0.365478516 SigReg: 33.9957314
std: 0.818359375 ,  0.3671875 SigReg: 34.0587654
std: 0.962890625 ,  0.345458984 SigReg: 34.0587654
std: 0.967773438 ,  0.377685547 SigReg: 41.0017891
std: 1.02734375 ,  0.379638672 SigReg: 41.0017891
std: 0.934082031 ,  0.356933594 SigReg: 37.7200699
std: 0.830566406 ,  0.311767578 SigReg: 37.7200699
std: 0.94140625 ,  0.357910156 SigReg: 29.5225
std: 0.891113281 ,  0.366943359 SigReg: 29.5225
std: 1.00195312 ,  0.388183594 SigReg: 33.2032547
std: 0.990722656 ,  0.352783203 SigReg: 33.2032547
std: 0.887695312 ,  0.373291016 SigReg: 39.0245247
std: 1.07519531 ,  0.40234375 SigReg: 39.0245247
std: 1.12304688 ,  0.386962891 SigReg: 43.4108467
std: 1.23046875 ,  0.391357422 SigReg: 43.4108467
std: 1.203125 ,  0.3359375 SigReg: 34.5514565
std: 1.01367188 ,  0.395019531 SigReg: 34.5514565
std: 1.07910156 ,  0.360595703 SigReg: 36.6376076
std: 1.16796875 ,  0.406738281 SigReg: 36.6376076
std: 0.981445312 ,  0.393066406 SigReg: 33.8923531
std: 1.20019531 ,  0.352050781 SigReg: 33.8923531
std: 1.04394531 ,  0.402099609 SigReg: 36.3259964
std: 0.870605469 ,  0.440429688 SigReg: 36.3259964
  Step 300: Backbone Loss = 3.1083, SIGReg Loss = 36.3260 Probe Loss = 288.1213, Acc = 0.5126
std: 1.05175781 ,  0.360107422 SigReg: 32.0507355
std: 0.900390625 ,  0.427490234 SigReg: 32.0507355
std: 0.912109375 ,  0.487304688 SigReg: 32.1249542
std: 0.994628906 ,  0.429931641 SigReg: 32.1249542
std: 1.078125 ,  0.411132812 SigReg: 35.9927177
std: 0.927734375 ,  0.394042969 SigReg: 35.9927177
std: 1.05566406 ,  0.355957031 SigReg: 32.1158524
std: 1.04980469 ,  0.402099609 SigReg: 32.1158524
std: 0.977050781 ,  0.358886719 SigReg: 38.6048355
std: 1.06640625 ,  0.358886719 SigReg: 38.6048355
std: 0.842285156 ,  0.402832031 SigReg: 33.349369
std: 0.870117188 ,  0.402587891 SigReg: 33.349369
Epoch 4 finished in 248.02s.
  Avg Backbone Loss: 3.7148
  Avg Probe Loss:    288.8064
  Avg Probe Accuracy: 0.5015

Epoch 5/100
std: 0.821289062 ,  0.395507812 SigReg: 43.7173386
std: 0.862304688 ,  0.387695312 SigReg: 43.7173386
  Step 0: Backbone Loss = 3.4485, SIGReg Loss = 43.7173 Probe Loss = 288.4840, Acc = 0.5060
std: 0.971679688 ,  0.413818359 SigReg: 37.959877
std: 1.01367188 ,  0.381835938 SigReg: 37.959877
std: 0.822753906 ,  0.400390625 SigReg: 29.6329308
std: 1.07617188 ,  0.464355469 SigReg: 29.6329308
std: 1.04882812 ,  0.366699219 SigReg: 31.96945
std: 1.00292969 ,  0.361816406 SigReg: 31.96945
std: 0.999023438 ,  0.356201172 SigReg: 34.7787895
std: 1.03222656 ,  0.295654297 SigReg: 34.7787895
std: 0.971191406 ,  0.364746094 SigReg: 31.3894386
std: 1.03808594 ,  0.344238281 SigReg: 31.3894386
std: 1.05761719 ,  0.330810547 SigReg: 29.4514751
std: 1.125 ,  0.460205078 SigReg: 29.4514751
std: 1.05761719 ,  0.404541016 SigReg: 31.4786034
std: 0.959472656 ,  0.447021484 SigReg: 31.4786034
std: 1.16210938 ,  0.3203125 SigReg: 50.3093452
std: 1.03613281 ,  0.339111328 SigReg: 50.3093452
std: 1.18261719 ,  0.385009766 SigReg: 64.5616837
std: 1.21972656 ,  0.373291016 SigReg: 64.5616837
std: 1.18359375 ,  0.379638672 SigReg: 51.0629196
std: 1.18261719 ,  0.359130859 SigReg: 51.0629196
std: 1.28417969 ,  0.404052734 SigReg: 43.755394
std: 1.21972656 ,  0.524414062 SigReg: 43.755394
std: 1.17675781 ,  0.5078125 SigReg: 41.1861496
std: 1.15917969 ,  0.504394531 SigReg: 41.1861496
std: 1.03320312 ,  0.578125 SigReg: 42.8076706
std: 1.078125 ,  0.514160156 SigReg: 42.8076706
std: 1.01464844 ,  0.51171875 SigReg: 34.3701706
std: 1.22070312 ,  0.404052734 SigReg: 34.3701706
std: 1.1015625 ,  0.402832031 SigReg: 42.4054298
std: 1.12207031 ,  0.403320312 SigReg: 42.4054298
std: 1.23144531 ,  0.286621094 SigReg: 51.0666428
std: 1.11621094 ,  0.404541016 SigReg: 51.0666428
std: 1.06445312 ,  0.395507812 SigReg: 37.773716
std: 1.1484375 ,  0.379638672 SigReg: 37.773716
std: 1.05859375 ,  0.319580078 SigReg: 47.6498108
std: 1.17480469 ,  0.364990234 SigReg: 47.6498108
std: 1.30078125 ,  0.370361328 SigReg: 54.3210106
std: 1.26953125 ,  0.505859375 SigReg: 54.3210106
std: 1.203125 ,  0.332275391 SigReg: 42.4208336
std: 1.07617188 ,  0.381835938 SigReg: 42.4208336
std: 1.0859375 ,  0.310791016 SigReg: 49.3754349
std: 1.16796875 ,  0.387451172 SigReg: 49.3754349
std: 1.09863281 ,  0.388671875 SigReg: 43.5591393
std: 1.10839844 ,  0.442382812 SigReg: 43.5591393
std: 0.990234375 ,  0.412841797 SigReg: 35.1670532
std: 1.15820312 ,  0.455322266 SigReg: 35.1670532
std: 1.21875 ,  0.365234375 SigReg: 38.1282806
std: 0.986816406 ,  0.388671875 SigReg: 38.1282806
std: 1.24414062 ,  0.312011719 SigReg: 38.9174881
std: 1.29101562 ,  0.418701172 SigReg: 38.9174881
std: 0.895507812 ,  0.463867188 SigReg: 47.3325348
std: 1.11621094 ,  0.387451172 SigReg: 47.3325348
std: 1.13574219 ,  0.353271484 SigReg: 46.2028275
std: 1.20410156 ,  0.421630859 SigReg: 46.2028275
std: 1.234375 ,  0.404296875 SigReg: 35.8713531
std: 1.16015625 ,  0.334472656 SigReg: 35.8713531
std: 1.10058594 ,  0.369628906 SigReg: 54.3201141
std: 1.2734375 ,  0.36328125 SigReg: 54.3201141
std: 1.17578125 ,  0.3125 SigReg: 58.1993942
std: 0.957519531 ,  0.431640625 SigReg: 58.1993942
std: 1.06542969 ,  0.449707031 SigReg: 40.1520844
std: 1.07324219 ,  0.443359375 SigReg: 40.1520844
std: 0.875976562 ,  0.397216797 SigReg: 38.7230034
std: 1.22851562 ,  0.390380859 SigReg: 38.7230034
std: 0.815429688 ,  0.330322266 SigReg: 46.5298691
std: 0.958496094 ,  0.504394531 SigReg: 46.5298691
std: 1.12207031 ,  0.493652344 SigReg: 34.5474
std: 1.15722656 ,  0.404052734 SigReg: 34.5474
std: 0.855957031 ,  0.447265625 SigReg: 42.8469734
std: 1.30957031 ,  0.411376953 SigReg: 42.8469734
std: 0.868164062 ,  0.490234375 SigReg: 44.9610519
std: 1.07324219 ,  0.349609375 SigReg: 44.9610519
std: 1.08007812 ,  0.33984375 SigReg: 37.3527374
std: 1.09863281 ,  0.3828125 SigReg: 37.3527374
std: 0.958496094 ,  0.380126953 SigReg: 38.9705162
std: 1.11328125 ,  0.394287109 SigReg: 38.9705162
std: 0.995605469 ,  0.441894531 SigReg: 51.8613358
std: 1.04003906 ,  0.410400391 SigReg: 51.8613358
std: 1.01660156 ,  0.372558594 SigReg: 36.3792114
std: 1.31933594 ,  0.274169922 SigReg: 36.3792114
std: 1.08789062 ,  0.366943359 SigReg: 39.5296516
std: 0.985351562 ,  0.357177734 SigReg: 39.5296516
std: 1.09277344 ,  0.407714844 SigReg: 38.3771095
std: 1.140625 ,  0.286132812 SigReg: 38.3771095
std: 0.942382812 ,  0.336425781 SigReg: 35.5083122
std: 1.0625 ,  0.412109375 SigReg: 35.5083122
std: 1.09765625 ,  0.374267578 SigReg: 35.3775101
std: 1.09667969 ,  0.402099609 SigReg: 35.3775101
std: 1.296875 ,  0.260498047 SigReg: 38.7533722
std: 1.14355469 ,  0.336914062 SigReg: 38.7533722
std: 1.02050781 ,  0.402099609 SigReg: 35.7433395
std: 0.934082031 ,  0.400146484 SigReg: 35.7433395
std: 1.06152344 ,  0.329833984 SigReg: 33.9436531
std: 1.12207031 ,  0.230224609 SigReg: 33.9436531
std: 1.26660156 ,  0.295410156 SigReg: 34.7933273
std: 1.01171875 ,  0.390136719 SigReg: 34.7933273
std: 1.28515625 ,  0.265869141 SigReg: 41.5412331
std: 1.18261719 ,  0.296142578 SigReg: 41.5412331
std: 1.15625 ,  0.30859375 SigReg: 39.7681465
std: 1.17578125 ,  0.31640625 SigReg: 39.7681465
  Step 50: Backbone Loss = 3.3255, SIGReg Loss = 39.7681 Probe Loss = 268.6035, Acc = 0.5161
std: 0.92578125 ,  0.377685547 SigReg: 41.0709305
std: 0.944335938 ,  0.286132812 SigReg: 41.0709305
std: 1.08789062 ,  0.202880859 SigReg: 34.4973068
std: 1.32617188 ,  0.313720703 SigReg: 34.4973068
std: 1.03222656 ,  0.288818359 SigReg: 38.4500427
std: 1.22558594 ,  0.266601562 SigReg: 38.4500427
std: 1.33105469 ,  0.324462891 SigReg: 32.6033516
std: 1.10449219 ,  0.321533203 SigReg: 32.6033516
std: 1.16503906 ,  0.319824219 SigReg: 34.4360352
std: 1.27929688 ,  0.327148438 SigReg: 34.4360352
std: 1.13378906 ,  0.317626953 SigReg: 38.4729805
std: 1.09960938 ,  0.369140625 SigReg: 38.4729805
std: 1.32128906 ,  0.355957031 SigReg: 42.4134293
std: 1.08105469 ,  0.357666016 SigReg: 42.4134293
std: 1.04296875 ,  0.376220703 SigReg: 35.6294022
std: 0.991699219 ,  0.337402344 SigReg: 35.6294022
std: 1.19238281 ,  0.328125 SigReg: 35.3434715
std: 1.34179688 ,  0.287353516 SigReg: 35.3434715
std: 1.23828125 ,  0.345947266 SigReg: 36.3562126
std: 1.09179688 ,  0.353759766 SigReg: 36.3562126
std: 1.24609375 ,  0.290039062 SigReg: 36.6856575
std: 1.43847656 ,  0.302490234 SigReg: 36.6856575
std: 1.21289062 ,  0.330322266 SigReg: 39.5406837
std: 1.27929688 ,  0.343017578 SigReg: 39.5406837
std: 1.37597656 ,  0.371337891 SigReg: 36.5760345
std: 1.17089844 ,  0.359130859 SigReg: 36.5760345
std: 1.3515625 ,  0.385498047 SigReg: 35.1901207
std: 1.27734375 ,  0.376220703 SigReg: 35.1901207
std: 1.07714844 ,  0.401123047 SigReg: 33.7036209
std: 1.12207031 ,  0.446289062 SigReg: 33.7036209
std: 1.23925781 ,  0.405761719 SigReg: 34.4062767
std: 1.15820312 ,  0.459960938 SigReg: 34.4062767
std: 1.08886719 ,  0.361083984 SigReg: 35.4998245
std: 1.24414062 ,  0.431396484 SigReg: 35.4998245
std: 0.939941406 ,  0.372314453 SigReg: 44.0390129
std: 0.904785156 ,  0.353759766 SigReg: 44.0390129
std: 0.989257812 ,  0.337646484 SigReg: 34.307045
std: 1.07714844 ,  0.36328125 SigReg: 34.307045
std: 1.08105469 ,  0.384033203 SigReg: 40.0020828
std: 1.08886719 ,  0.343017578 SigReg: 40.0020828
std: 1.12988281 ,  0.436767578 SigReg: 33.8470039
std: 1.02734375 ,  0.344238281 SigReg: 33.8470039
std: 1.296875 ,  0.323486328 SigReg: 34.3939438
std: 1.02636719 ,  0.333740234 SigReg: 34.3939438
std: 0.997070312 ,  0.374267578 SigReg: 36.9323845
std: 1.14648438 ,  0.375488281 SigReg: 36.9323845
std: 1.31152344 ,  0.355712891 SigReg: 30.2214813
std: 1.41503906 ,  0.327392578 SigReg: 30.2214813
std: 1.375 ,  0.386962891 SigReg: 36.1586571
std: 1.15527344 ,  0.322998047 SigReg: 36.1586571
std: 1.39941406 ,  0.280029297 SigReg: 36.105545
std: 1.42773438 ,  0.343261719 SigReg: 36.105545
std: 1.45898438 ,  0.350830078 SigReg: 42.2145271
std: 1.22949219 ,  0.305664062 SigReg: 42.2145271
std: 1.21679688 ,  0.296386719 SigReg: 41.6354218
std: 1.18457031 ,  0.345947266 SigReg: 41.6354218
std: 1.30957031 ,  0.34375 SigReg: 35.4988327
std: 1.28320312 ,  0.344726562 SigReg: 35.4988327
std: 1.390625 ,  0.351074219 SigReg: 39.3187561
std: 1.26367188 ,  0.445068359 SigReg: 39.3187561
std: 1.47070312 ,  0.381835938 SigReg: 35.1808472
std: 1.21777344 ,  0.415283203 SigReg: 35.1808472
std: 1.23242188 ,  0.377197266 SigReg: 28.6746216
std: 1.05957031 ,  0.383789062 SigReg: 28.6746216
std: 1.34375 ,  0.375244141 SigReg: 36.6047211
std: 1.30078125 ,  0.428955078 SigReg: 36.6047211
std: 1.2421875 ,  0.416015625 SigReg: 33.6466255
std: 1.26464844 ,  0.394775391 SigReg: 33.6466255
std: 1.23046875 ,  0.446533203 SigReg: 31.8684559
std: 1.08105469 ,  0.434814453 SigReg: 31.8684559
std: 1.21679688 ,  0.365722656 SigReg: 32.4052277
std: 1.14257812 ,  0.432373047 SigReg: 32.4052277
std: 1.31933594 ,  0.416748047 SigReg: 30.210186
std: 1.38378906 ,  0.409423828 SigReg: 30.210186
std: 1.29003906 ,  0.387695312 SigReg: 26.826313
std: 1.35742188 ,  0.393066406 SigReg: 26.826313
std: 1.2890625 ,  0.399169922 SigReg: 28.1602516
std: 1.18066406 ,  0.377197266 SigReg: 28.1602516
std: 1.18847656 ,  0.388427734 SigReg: 27.3603783
std: 1.3125 ,  0.345947266 SigReg: 27.3603783
std: 1.10742188 ,  0.426025391 SigReg: 34.8583374
std: 0.892089844 ,  0.326416016 SigReg: 34.8583374
std: 1.13671875 ,  0.334716797 SigReg: 38.8833313
std: 1.02832031 ,  0.369384766 SigReg: 38.8833313
std: 1.14746094 ,  0.309082031 SigReg: 31.9936466
std: 1.10253906 ,  0.414794922 SigReg: 31.9936466
std: 1.09082031 ,  0.362304688 SigReg: 30.6673851
std: 1.16503906 ,  0.386962891 SigReg: 30.6673851
std: 1.13574219 ,  0.376220703 SigReg: 34.1863861
std: 1.08691406 ,  0.338623047 SigReg: 34.1863861
std: 1.10351562 ,  0.315917969 SigReg: 32.9781609
std: 1.14648438 ,  0.390869141 SigReg: 32.9781609
std: 1.109375 ,  0.306884766 SigReg: 38.1261
std: 1.27246094 ,  0.360839844 SigReg: 38.1261
std: 1.19433594 ,  0.345947266 SigReg: 33.4289665
std: 1.08691406 ,  0.392578125 SigReg: 33.4289665
std: 1.08496094 ,  0.38671875 SigReg: 27.0668221
std: 1.18652344 ,  0.379638672 SigReg: 27.0668221
std: 1.21679688 ,  0.387207031 SigReg: 30.2329407
std: 0.99609375 ,  0.345214844 SigReg: 30.2329407
  Step 100: Backbone Loss = 2.7715, SIGReg Loss = 30.2329 Probe Loss = 267.0499, Acc = 0.4830
std: 1.1796875 ,  0.427001953 SigReg: 28.0893154
std: 0.996582031 ,  0.3671875 SigReg: 28.0893154
std: 1.12597656 ,  0.377929688 SigReg: 28.9071274
std: 0.974609375 ,  0.341064453 SigReg: 28.9071274
std: 1.22753906 ,  0.428955078 SigReg: 30.3027267
std: 1.12109375 ,  0.453857422 SigReg: 30.3027267
std: 1.01269531 ,  0.444824219 SigReg: 26.8794422
std: 1.13769531 ,  0.517089844 SigReg: 26.8794422
std: 1.19921875 ,  0.483398438 SigReg: 38.1990585
std: 1.00488281 ,  0.494140625 SigReg: 38.1990585
std: 1.1640625 ,  0.478515625 SigReg: 33.122921
std: 1.1484375 ,  0.455566406 SigReg: 33.122921
std: 1.07226562 ,  0.536621094 SigReg: 34.5994148
std: 1.15820312 ,  0.4609375 SigReg: 34.5994148
std: 0.9765625 ,  0.483642578 SigReg: 37.2206573
std: 1.17675781 ,  0.461181641 SigReg: 37.2206573
std: 1.1015625 ,  0.487792969 SigReg: 36.8469276
std: 1.07617188 ,  0.516113281 SigReg: 36.8469276
std: 1.17382812 ,  0.507324219 SigReg: 40.64608
std: 1.06445312 ,  0.518554688 SigReg: 40.64608
std: 1.06054688 ,  0.484863281 SigReg: 38.5472717
std: 1.07519531 ,  0.5546875 SigReg: 38.5472717
std: 1.10839844 ,  0.581542969 SigReg: 32.2946739
std: 0.895996094 ,  0.604492188 SigReg: 32.2946739
std: 0.899414062 ,  0.511230469 SigReg: 32.0170021
std: 0.980957031 ,  0.508789062 SigReg: 32.0170021
std: 1.00195312 ,  0.551269531 SigReg: 32.6110268
std: 0.967773438 ,  0.455810547 SigReg: 32.6110268
std: 0.936523438 ,  0.548339844 SigReg: 42.1887627
std: 1.09472656 ,  0.490234375 SigReg: 42.1887627
std: 0.9765625 ,  0.488769531 SigReg: 55.5643692
std: 0.903320312 ,  0.470214844 SigReg: 55.5643692
std: 1.22851562 ,  0.463867188 SigReg: 29.9083042
std: 1.18652344 ,  0.453369141 SigReg: 29.9083042
std: 1.06738281 ,  0.490966797 SigReg: 36.0815353
std: 1.06542969 ,  0.496826172 SigReg: 36.0815353
std: 0.893554688 ,  0.472167969 SigReg: 45.5535889
std: 1.10546875 ,  0.560546875 SigReg: 45.5535889
std: 1.09472656 ,  0.481689453 SigReg: 35.8385277
std: 1.06835938 ,  0.478515625 SigReg: 35.8385277
std: 0.999511719 ,  0.514160156 SigReg: 35.1442795
std: 1.08105469 ,  0.571777344 SigReg: 35.1442795
std: 1.16796875 ,  0.636230469 SigReg: 32.1263351
std: 1.15917969 ,  0.571777344 SigReg: 32.1263351
std: 1.18457031 ,  0.6015625 SigReg: 32.9913483
std: 1.03125 ,  0.691894531 SigReg: 32.9913483
std: 1.21386719 ,  0.686523438 SigReg: 29.3027191
std: 1.19042969 ,  0.599121094 SigReg: 29.3027191
std: 1.00292969 ,  0.638671875 SigReg: 30.242342
std: 1.17089844 ,  0.626464844 SigReg: 30.242342
std: 1.12304688 ,  0.608886719 SigReg: 31.5035381
std: 1.2109375 ,  0.600097656 SigReg: 31.5035381
std: 1.35253906 ,  0.574707031 SigReg: 41.0530586
std: 1.04199219 ,  0.576660156 SigReg: 41.0530586
std: 1.10644531 ,  0.615234375 SigReg: 42.3664551
std: 0.951660156 ,  0.630859375 SigReg: 42.3664551
std: 1.06640625 ,  0.533691406 SigReg: 37.6386604
std: 1.21875 ,  0.603515625 SigReg: 37.6386604
std: 1.08398438 ,  0.511230469 SigReg: 32.596405
std: 1.1796875 ,  0.5234375 SigReg: 32.596405
std: 0.987304688 ,  0.550292969 SigReg: 32.7354851
std: 1.11230469 ,  0.516113281 SigReg: 32.7354851
std: 1.00292969 ,  0.517578125 SigReg: 34.826973
std: 1.08203125 ,  0.487304688 SigReg: 34.826973
std: 0.956054688 ,  0.584472656 SigReg: 34.1279755
std: 1.15332031 ,  0.51171875 SigReg: 34.1279755
std: 1.19628906 ,  0.488037109 SigReg: 40.3547783
std: 1.0234375 ,  0.615234375 SigReg: 40.3547783
std: 1.10351562 ,  0.547363281 SigReg: 34.3107
std: 1.17675781 ,  0.58984375 SigReg: 34.3107
std: 1.16210938 ,  0.52734375 SigReg: 33.4811363
std: 1.25976562 ,  0.496826172 SigReg: 33.4811363
std: 0.997070312 ,  0.521972656 SigReg: 36.8343163
std: 1.34277344 ,  0.506835938 SigReg: 36.8343163
std: 1.03417969 ,  0.400146484 SigReg: 43.2063599
std: 0.975097656 ,  0.508300781 SigReg: 43.2063599
std: 1.17480469 ,  0.449707031 SigReg: 39.4641
std: 1.140625 ,  0.427246094 SigReg: 39.4641
std: 1.22949219 ,  0.400390625 SigReg: 38.4165611
std: 1.16992188 ,  0.417724609 SigReg: 38.4165611
std: 1.09375 ,  0.562011719 SigReg: 38.9675598
std: 0.9921875 ,  0.500488281 SigReg: 38.9675598
std: 0.961914062 ,  0.651367188 SigReg: 30.1368637
std: 0.931640625 ,  0.505859375 SigReg: 30.1368637
std: 0.908691406 ,  0.559082031 SigReg: 41.268219
std: 0.860351562 ,  0.5546875 SigReg: 41.268219
std: 0.908203125 ,  0.598144531 SigReg: 38.715332
std: 0.91796875 ,  0.52734375 SigReg: 38.715332
std: 0.9296875 ,  0.694824219 SigReg: 48.0855789
std: 0.84375 ,  0.609375 SigReg: 48.0855789
std: 0.707519531 ,  0.680175781 SigReg: 49.0627594
std: 0.822753906 ,  0.550292969 SigReg: 49.0627594
std: 0.881835938 ,  0.726074219 SigReg: 33.9011307
std: 0.676269531 ,  0.689453125 SigReg: 33.9011307
std: 1.02441406 ,  0.664550781 SigReg: 29.7291794
std: 0.936523438 ,  0.663574219 SigReg: 29.7291794
std: 1.07617188 ,  0.677246094 SigReg: 29.0555801
std: 0.992675781 ,  0.646484375 SigReg: 29.0555801
std: 1.04101562 ,  0.599609375 SigReg: 34.2474556
std: 0.789550781 ,  0.695800781 SigReg: 34.2474556
  Step 150: Backbone Loss = 2.9857, SIGReg Loss = 34.2475 Probe Loss = 260.0268, Acc = 0.4848
std: 0.892578125 ,  0.612792969 SigReg: 29.2238693
std: 1.01074219 ,  0.671386719 SigReg: 29.2238693
std: 1.24707031 ,  0.579101562 SigReg: 35.3799324
std: 1.19726562 ,  0.649414062 SigReg: 35.3799324
std: 1.21191406 ,  0.552734375 SigReg: 30.4832344
std: 1.09863281 ,  0.671875 SigReg: 30.4832344
std: 1.27832031 ,  0.643554688 SigReg: 32.1706696
std: 1.29492188 ,  0.604980469 SigReg: 32.1706696
std: 1.07128906 ,  0.623535156 SigReg: 30.8527966
std: 1.02929688 ,  0.664550781 SigReg: 30.8527966
std: 0.887695312 ,  0.584960938 SigReg: 28.9761238
std: 1.0859375 ,  0.53125 SigReg: 28.9761238
std: 1.18847656 ,  0.596679688 SigReg: 36.6221046
std: 0.997558594 ,  0.508300781 SigReg: 36.6221046
std: 0.965332031 ,  0.510253906 SigReg: 34.5330315
std: 0.9453125 ,  0.541992188 SigReg: 34.5330315
std: 0.983886719 ,  0.473144531 SigReg: 29.5457535
std: 1.20996094 ,  0.526855469 SigReg: 29.5457535
std: 1.18457031 ,  0.507324219 SigReg: 27.7493496
std: 1.00683594 ,  0.5234375 SigReg: 27.7493496
std: 0.936523438 ,  0.539550781 SigReg: 31.7861423
std: 1.10839844 ,  0.501464844 SigReg: 31.7861423
std: 1.08886719 ,  0.555175781 SigReg: 36.1225319
std: 1.12890625 ,  0.579589844 SigReg: 36.1225319
std: 1.15332031 ,  0.564453125 SigReg: 27.0175266
std: 0.974121094 ,  0.526855469 SigReg: 27.0175266
std: 1.11621094 ,  0.613769531 SigReg: 33.799839
std: 1.08007812 ,  0.549316406 SigReg: 33.799839
std: 0.882324219 ,  0.579589844 SigReg: 41.8710098
std: 0.716308594 ,  0.583984375 SigReg: 41.8710098
std: 0.878417969 ,  0.673828125 SigReg: 35.4145
std: 0.982910156 ,  0.567871094 SigReg: 35.4145
std: 0.980957031 ,  0.636230469 SigReg: 33.7548065
std: 0.892578125 ,  0.690429688 SigReg: 33.7548065
std: 0.902832031 ,  0.728027344 SigReg: 34.3738861
std: 0.860351562 ,  0.672363281 SigReg: 34.3738861
std: 0.893066406 ,  0.702636719 SigReg: 32.5766144
std: 0.797851562 ,  0.643066406 SigReg: 32.5766144
std: 0.862792969 ,  0.733398438 SigReg: 31.8996372
std: 0.948730469 ,  0.694335938 SigReg: 31.8996372
std: 0.859863281 ,  0.630859375 SigReg: 31.6942291
std: 0.821777344 ,  0.651855469 SigReg: 31.6942291
std: 0.77734375 ,  0.776367188 SigReg: 29.6218948
std: 0.767578125 ,  0.7734375 SigReg: 29.6218948
std: 0.922851562 ,  0.800292969 SigReg: 27.7794762
std: 0.844726562 ,  0.758789062 SigReg: 27.7794762
std: 0.823242188 ,  0.791015625 SigReg: 29.2693176
std: 0.782714844 ,  0.804199219 SigReg: 29.2693176
std: 0.977539062 ,  0.782714844 SigReg: 31.6623859
std: 1.05859375 ,  0.688964844 SigReg: 31.6623859
std: 1.03417969 ,  0.73828125 SigReg: 29.2341118
std: 1.03027344 ,  0.665039062 SigReg: 29.2341118
std: 1.05566406 ,  0.706542969 SigReg: 34.1985
std: 0.919921875 ,  0.661132812 SigReg: 34.1985
std: 0.956542969 ,  0.571777344 SigReg: 28.0991764
std: 1.01464844 ,  0.685058594 SigReg: 28.0991764
std: 0.763671875 ,  0.765136719 SigReg: 25.4525337
std: 1.15136719 ,  0.699707031 SigReg: 25.4525337
std: 0.997070312 ,  0.626953125 SigReg: 28.2592754
std: 0.914550781 ,  0.638671875 SigReg: 28.2592754
std: 1.05175781 ,  0.622070312 SigReg: 26.4091568
std: 1.20019531 ,  0.548828125 SigReg: 26.4091568
std: 1.09179688 ,  0.623046875 SigReg: 32.5981178
std: 1.00195312 ,  0.56640625 SigReg: 32.5981178
std: 1.12207031 ,  0.583496094 SigReg: 34.718277
std: 1.16992188 ,  0.634277344 SigReg: 34.718277
std: 0.935058594 ,  0.642089844 SigReg: 29.5422745
std: 0.954101562 ,  0.698730469 SigReg: 29.5422745
std: 0.903320312 ,  0.764648438 SigReg: 30.3243427
std: 1.05175781 ,  0.676757812 SigReg: 30.3243427
std: 1.05957031 ,  0.686035156 SigReg: 31.7977581
std: 1.05175781 ,  0.784667969 SigReg: 31.7977581
std: 1.05761719 ,  0.757324219 SigReg: 24.9977188
std: 1.21484375 ,  0.629394531 SigReg: 24.9977188
std: 1.30078125 ,  0.751464844 SigReg: 25.7672768
std: 1.1484375 ,  0.786621094 SigReg: 25.7672768
std: 1.30859375 ,  0.729980469 SigReg: 26.8132687
std: 1.20800781 ,  0.717285156 SigReg: 26.8132687
std: 1.29199219 ,  0.732910156 SigReg: 35.6143532
std: 1.22753906 ,  0.755371094 SigReg: 35.6143532
std: 1.29199219 ,  0.66796875 SigReg: 33.5639839
std: 1.35644531 ,  0.680664062 SigReg: 33.5639839
std: 1.15136719 ,  0.724609375 SigReg: 33.3085289
std: 1.37890625 ,  0.680664062 SigReg: 33.3085289
std: 1.25 ,  0.759765625 SigReg: 29.2793922
std: 1.26757812 ,  0.729980469 SigReg: 29.2793922
std: 1.2890625 ,  0.767089844 SigReg: 30.1904583
std: 1.35351562 ,  0.763671875 SigReg: 30.1904583
std: 1.19140625 ,  0.791992188 SigReg: 26.3023415
std: 1.19726562 ,  0.640136719 SigReg: 26.3023415
std: 1.2265625 ,  0.7578125 SigReg: 25.5410614
std: 1.28515625 ,  0.623535156 SigReg: 25.5410614
std: 1.16601562 ,  0.625976562 SigReg: 34.60532
std: 1.12304688 ,  0.649902344 SigReg: 34.60532
std: 1.15234375 ,  0.772460938 SigReg: 28.0919323
std: 1.43164062 ,  0.747070312 SigReg: 28.0919323
std: 1.05078125 ,  0.807617188 SigReg: 30.2878056
std: 1.18066406 ,  0.768066406 SigReg: 30.2878056
std: 1.1328125 ,  0.686523438 SigReg: 32.0491409
std: 1.11914062 ,  0.750488281 SigReg: 32.0491409
  Step 200: Backbone Loss = 2.8356, SIGReg Loss = 32.0491 Probe Loss = 266.7094, Acc = 0.5080
std: 1.09277344 ,  0.770019531 SigReg: 26.803154
std: 1.14648438 ,  0.73828125 SigReg: 26.803154
std: 1.11035156 ,  0.825195312 SigReg: 27.0187778
std: 1.14746094 ,  0.786132812 SigReg: 27.0187778
std: 1.0859375 ,  0.880371094 SigReg: 29.5689735
std: 1.05566406 ,  0.741699219 SigReg: 29.5689735
std: 1.19921875 ,  0.780761719 SigReg: 25.6836
std: 1.06933594 ,  0.822753906 SigReg: 25.6836
std: 1.16894531 ,  0.83203125 SigReg: 27.5268364
std: 1.0078125 ,  0.883789062 SigReg: 27.5268364
std: 1.01269531 ,  0.818359375 SigReg: 26.1323509
std: 1.16015625 ,  0.915527344 SigReg: 26.1323509
std: 1.0078125 ,  0.936035156 SigReg: 24.0469055
std: 1.12304688 ,  0.881835938 SigReg: 24.0469055
std: 1.05078125 ,  0.75 SigReg: 30.2460918
std: 1.14648438 ,  0.843261719 SigReg: 30.2460918
std: 1.25195312 ,  0.905273438 SigReg: 28.0968456
std: 1.34667969 ,  0.799316406 SigReg: 28.0968456
std: 1.16503906 ,  0.802734375 SigReg: 25.9896278
std: 0.983886719 ,  0.846679688 SigReg: 25.9896278
std: 1.06445312 ,  0.741210938 SigReg: 22.8623543
std: 1.18261719 ,  0.84375 SigReg: 22.8623543
std: 0.971679688 ,  0.889160156 SigReg: 30.2060204
std: 1.06835938 ,  0.803710938 SigReg: 30.2060204
std: 1.03222656 ,  0.801269531 SigReg: 31.2645588
std: 1.10742188 ,  0.852050781 SigReg: 31.2645588
std: 1.08496094 ,  0.913574219 SigReg: 34.5949554
std: 1.16699219 ,  0.869140625 SigReg: 34.5949554
std: 1.10449219 ,  0.830078125 SigReg: 31.1188049
std: 1.03320312 ,  0.8125 SigReg: 31.1188049
std: 1.13867188 ,  0.786621094 SigReg: 28.0658417
std: 1.00585938 ,  0.791503906 SigReg: 28.0658417
std: 0.956542969 ,  0.778320312 SigReg: 30.9530849
std: 1.06542969 ,  0.790039062 SigReg: 30.9530849
std: 1.10449219 ,  0.767089844 SigReg: 33.304512
std: 0.837402344 ,  0.747070312 SigReg: 33.304512
std: 1.16113281 ,  0.791015625 SigReg: 27.1041107
std: 0.944335938 ,  0.770996094 SigReg: 27.1041107
std: 1.06445312 ,  0.774902344 SigReg: 26.8588848
std: 0.978515625 ,  0.818847656 SigReg: 26.8588848
std: 0.919921875 ,  0.745117188 SigReg: 28.6734505
std: 1.15625 ,  0.684082031 SigReg: 28.6734505
std: 0.899414062 ,  0.734863281 SigReg: 22.6983604
std: 0.990234375 ,  0.829589844 SigReg: 22.6983604
std: 0.954101562 ,  0.784179688 SigReg: 25.4430389
std: 0.840820312 ,  0.770996094 SigReg: 25.4430389
std: 0.94921875 ,  0.83203125 SigReg: 32.5453758
std: 1.02050781 ,  0.866210938 SigReg: 32.5453758
std: 0.955566406 ,  0.877929688 SigReg: 36.1502075
std: 1.08886719 ,  0.822265625 SigReg: 36.1502075
std: 1.06347656 ,  0.766601562 SigReg: 28.1911755
std: 0.853027344 ,  0.85546875 SigReg: 28.1911755
std: 0.805664062 ,  0.729492188 SigReg: 26.7655544
std: 0.796386719 ,  0.812011719 SigReg: 26.7655544
std: 0.868164062 ,  0.786621094 SigReg: 24.6184578
std: 0.759277344 ,  0.73828125 SigReg: 24.6184578
std: 0.818847656 ,  0.807617188 SigReg: 25.615881
std: 0.847167969 ,  0.734375 SigReg: 25.615881
std: 0.903320312 ,  0.812011719 SigReg: 25.4989758
std: 0.880371094 ,  0.757324219 SigReg: 25.4989758
std: 0.682128906 ,  0.759277344 SigReg: 31.9881859
std: 0.812011719 ,  0.766601562 SigReg: 31.9881859
std: 0.815429688 ,  0.787597656 SigReg: 26.5741863
std: 0.986816406 ,  0.900390625 SigReg: 26.5741863
std: 0.897949219 ,  0.78515625 SigReg: 25.9899158
std: 0.836425781 ,  0.77734375 SigReg: 25.9899158
std: 0.975097656 ,  0.861328125 SigReg: 24.2936134
std: 0.956054688 ,  0.838867188 SigReg: 24.2936134
std: 0.928710938 ,  0.720214844 SigReg: 35.3603287
std: 1.03027344 ,  0.850585938 SigReg: 35.3603287
std: 1.03515625 ,  0.862792969 SigReg: 31.4857292
std: 0.959960938 ,  0.872070312 SigReg: 31.4857292
std: 1.06640625 ,  0.887695312 SigReg: 27.485178
std: 1.10253906 ,  0.979003906 SigReg: 27.485178
std: 0.879882812 ,  0.834472656 SigReg: 24.9638309
std: 0.931152344 ,  0.763671875 SigReg: 24.9638309
std: 1.09277344 ,  0.859375 SigReg: 24.9817085
std: 1.15332031 ,  1.01757812 SigReg: 24.9817085
std: 1.2421875 ,  0.87890625 SigReg: 28.3482666
std: 1.16796875 ,  0.938964844 SigReg: 28.3482666
std: 1.2109375 ,  0.868652344 SigReg: 29.8403683
std: 1.23632812 ,  0.853515625 SigReg: 29.8403683
std: 1.23242188 ,  0.779296875 SigReg: 32.864048
std: 1.29101562 ,  0.810546875 SigReg: 32.864048
std: 1.29980469 ,  0.708007812 SigReg: 28.9422302
std: 1.25488281 ,  0.816894531 SigReg: 28.9422302
std: 1.55957031 ,  0.854003906 SigReg: 27.032589
std: 1.45214844 ,  0.768554688 SigReg: 27.032589
std: 1.30078125 ,  0.719238281 SigReg: 27.0378933
std: 1.25488281 ,  0.701171875 SigReg: 27.0378933
std: 1.56640625 ,  0.844238281 SigReg: 27.9448662
std: 1.4921875 ,  0.763183594 SigReg: 27.9448662
std: 1.49707031 ,  0.811035156 SigReg: 25.3625717
std: 1.51074219 ,  0.862792969 SigReg: 25.3625717
std: 1.61132812 ,  0.950195312 SigReg: 25.1962318
std: 1.32128906 ,  0.819335938 SigReg: 25.1962318
std: 1.23632812 ,  0.721191406 SigReg: 36.5240479
std: 1.56640625 ,  0.911621094 SigReg: 36.5240479
std: 1.49121094 ,  0.857421875 SigReg: 28.5660248
std: 1.35253906 ,  0.827636719 SigReg: 28.5660248
  Step 250: Backbone Loss = 2.6388, SIGReg Loss = 28.5660 Probe Loss = 274.3367, Acc = 0.5109
std: 1.44140625 ,  0.842285156 SigReg: 26.5767593
std: 1.28710938 ,  0.703613281 SigReg: 26.5767593
std: 1.47265625 ,  0.891113281 SigReg: 29.3382168
std: 1.51367188 ,  1.04785156 SigReg: 29.3382168
std: 1.33105469 ,  0.728027344 SigReg: 24.5547924
std: 1.31640625 ,  0.752441406 SigReg: 24.5547924
std: 1.3046875 ,  0.706054688 SigReg: 30.6599083
std: 1.50292969 ,  0.891113281 SigReg: 30.6599083
std: 1.41796875 ,  0.804199219 SigReg: 32.3690567
std: 1.32617188 ,  0.739746094 SigReg: 32.3690567
std: 1.30566406 ,  0.735351562 SigReg: 28.0599918
std: 1.2265625 ,  0.651855469 SigReg: 28.0599918
std: 1.53417969 ,  0.688476562 SigReg: 26.5360699
std: 1.19628906 ,  0.747558594 SigReg: 26.5360699
std: 1.34375 ,  0.676269531 SigReg: 30.2961
std: 1.34472656 ,  0.798828125 SigReg: 30.2961
std: 1.40039062 ,  0.799316406 SigReg: 25.7300453
std: 1.21484375 ,  0.693847656 SigReg: 25.7300453
std: 1.35253906 ,  0.733886719 SigReg: 22.2493401
std: 1.16503906 ,  0.65234375 SigReg: 22.2493401
std: 1.35449219 ,  0.748535156 SigReg: 22.9316273
std: 1.40820312 ,  0.747558594 SigReg: 22.9316273
std: 1.16308594 ,  0.698730469 SigReg: 25.6305027
std: 1.19726562 ,  0.705566406 SigReg: 25.6305027
std: 1.26367188 ,  0.709960938 SigReg: 25.1874371
std: 1.296875 ,  0.619140625 SigReg: 25.1874371
std: 1.328125 ,  0.661621094 SigReg: 27.028326
std: 1.29492188 ,  0.65625 SigReg: 27.028326
std: 1.26269531 ,  0.731445312 SigReg: 27.8219128
std: 1.0703125 ,  0.626464844 SigReg: 27.8219128
std: 1.26953125 ,  0.665039062 SigReg: 30.1106815
std: 1.25097656 ,  0.646484375 SigReg: 30.1106815
std: 1.36328125 ,  0.67578125 SigReg: 28.8919678
std: 1.26660156 ,  0.713378906 SigReg: 28.8919678
std: 1.31933594 ,  0.627929688 SigReg: 26.6543903
std: 1.26464844 ,  0.782714844 SigReg: 26.6543903
std: 1.19726562 ,  0.673828125 SigReg: 24.9256611
std: 1.14648438 ,  0.573242188 SigReg: 24.9256611
std: 1.26953125 ,  0.647949219 SigReg: 26.7074566
std: 1.27929688 ,  0.588867188 SigReg: 26.7074566
std: 1.3046875 ,  0.577636719 SigReg: 28.7555809
std: 1.37207031 ,  0.552734375 SigReg: 28.7555809
std: 1.3984375 ,  0.603515625 SigReg: 28.0534649
std: 1.20898438 ,  0.555175781 SigReg: 28.0534649
std: 1.19042969 ,  0.531738281 SigReg: 29.7889671
std: 1.09960938 ,  0.640136719 SigReg: 29.7889671
std: 1.39746094 ,  0.553222656 SigReg: 28.6038342
std: 1.20703125 ,  0.666015625 SigReg: 28.6038342
std: 1.31054688 ,  0.650878906 SigReg: 22.5369644
std: 1.33105469 ,  0.604003906 SigReg: 22.5369644
std: 1.37792969 ,  0.543945312 SigReg: 32.0218124
std: 1.39941406 ,  0.6953125 SigReg: 32.0218124
std: 1.21582031 ,  0.669921875 SigReg: 28.9569321
std: 1.38671875 ,  0.589355469 SigReg: 28.9569321
std: 1.52539062 ,  0.63671875 SigReg: 27.5277271
std: 1.32324219 ,  0.670410156 SigReg: 27.5277271
std: 1.33398438 ,  0.554199219 SigReg: 30.2704239
std: 1.50878906 ,  0.601074219 SigReg: 30.2704239
std: 1.41601562 ,  0.560546875 SigReg: 32.656105
std: 1.5234375 ,  0.682128906 SigReg: 32.656105
std: 1.38671875 ,  0.678222656 SigReg: 30.2195816
std: 1.47070312 ,  0.593261719 SigReg: 30.2195816
std: 1.47851562 ,  0.652832031 SigReg: 21.8022728
std: 1.45507812 ,  0.635742188 SigReg: 21.8022728
std: 1.41015625 ,  0.564941406 SigReg: 27.9473877
std: 1.38574219 ,  0.582519531 SigReg: 27.9473877
std: 1.43945312 ,  0.741699219 SigReg: 35.6161079
std: 1.48730469 ,  0.706054688 SigReg: 35.6161079
std: 1.29296875 ,  0.687011719 SigReg: 34.9373932
std: 1.41992188 ,  0.676269531 SigReg: 34.9373932
std: 1.35253906 ,  0.644042969 SigReg: 29.927433
std: 1.1796875 ,  0.604003906 SigReg: 29.927433
std: 1.12109375 ,  0.712890625 SigReg: 35.9867668
std: 1.34863281 ,  0.627441406 SigReg: 35.9867668
std: 0.96484375 ,  0.601074219 SigReg: 37.3944588
std: 1.0703125 ,  0.530273438 SigReg: 37.3944588
std: 1.0859375 ,  0.647460938 SigReg: 36.2431107
std: 1.21679688 ,  0.66015625 SigReg: 36.2431107
std: 1.1015625 ,  0.594726562 SigReg: 28.4520683
std: 1.08691406 ,  0.708007812 SigReg: 28.4520683
std: 1.17675781 ,  0.642089844 SigReg: 28.5942707
std: 0.999511719 ,  0.595703125 SigReg: 28.5942707
std: 1.08789062 ,  0.555175781 SigReg: 29.1643181
std: 1.09375 ,  0.580566406 SigReg: 29.1643181
std: 1.01660156 ,  0.518066406 SigReg: 34.339489
std: 1.03808594 ,  0.633300781 SigReg: 34.339489
std: 1.04882812 ,  0.644042969 SigReg: 33.9714737
std: 1.00488281 ,  0.595703125 SigReg: 33.9714737
std: 0.905761719 ,  0.568359375 SigReg: 37.6578674
std: 0.991699219 ,  0.64453125 SigReg: 37.6578674
std: 0.940917969 ,  0.648925781 SigReg: 39.3038445
std: 0.847167969 ,  0.619628906 SigReg: 39.3038445
std: 0.763671875 ,  0.565917969 SigReg: 26.5553532
std: 0.916015625 ,  0.645019531 SigReg: 26.5553532
std: 0.884277344 ,  0.637207031 SigReg: 38.5562592
std: 0.966796875 ,  0.693359375 SigReg: 38.5562592
std: 0.84765625 ,  0.56640625 SigReg: 39.4258461
std: 0.817382812 ,  0.633789062 SigReg: 39.4258461
std: 0.768554688 ,  0.571777344 SigReg: 31.8076553
std: 0.83203125 ,  0.625976562 SigReg: 31.8076553
  Step 300: Backbone Loss = 2.8195, SIGReg Loss = 31.8077 Probe Loss = 221.6554, Acc = 0.4855
std: 0.961914062 ,  0.643066406 SigReg: 39.1546402
std: 0.81640625 ,  0.499267578 SigReg: 39.1546402
std: 0.94140625 ,  0.655761719 SigReg: 42.4952583
std: 0.816894531 ,  0.721679688 SigReg: 42.4952583
std: 1.03222656 ,  0.651367188 SigReg: 34.0719833
std: 0.980957031 ,  0.697265625 SigReg: 34.0719833
std: 0.888671875 ,  0.755859375 SigReg: 28.8627987
std: 0.93359375 ,  0.570800781 SigReg: 28.8627987
std: 0.94921875 ,  0.693847656 SigReg: 30.5626564
std: 0.8984375 ,  0.618652344 SigReg: 30.5626564
std: 0.998046875 ,  0.62890625 SigReg: 26.9112968
std: 1.0078125 ,  0.71484375 SigReg: 26.9112968
Epoch 5 finished in 247.09s.
  Avg Backbone Loss: 2.9275
  Avg Probe Loss:    267.4717
  Avg Probe Accuracy: 0.5053

Epoch 6/100
std: 1.16503906 ,  0.719238281 SigReg: 28.3890724
std: 1.0859375 ,  0.620605469 SigReg: 28.3890724
  Step 0: Backbone Loss = 2.6348, SIGReg Loss = 28.3891 Probe Loss = 236.0332, Acc = 0.5013
std: 1.27148438 ,  0.637207031 SigReg: 29.1117592
std: 1.08398438 ,  0.619628906 SigReg: 29.1117592
std: 1.10742188 ,  0.568847656 SigReg: 24.7084293
std: 1.10644531 ,  0.772949219 SigReg: 24.7084293
std: 1.328125 ,  0.639648438 SigReg: 25.9604969
std: 1.16210938 ,  0.579101562 SigReg: 25.9604969
std: 1.36523438 ,  0.616210938 SigReg: 27.2474823
std: 1.39355469 ,  0.646972656 SigReg: 27.2474823
std: 1.20507812 ,  0.6171875 SigReg: 25.2482662
std: 1.42578125 ,  0.650878906 SigReg: 25.2482662
std: 1.27050781 ,  0.6640625 SigReg: 31.8928032
std: 1.37402344 ,  0.606445312 SigReg: 31.8928032
std: 1.42675781 ,  0.566894531 SigReg: 27.8217735
std: 1.22949219 ,  0.669921875 SigReg: 27.8217735
std: 1.25976562 ,  0.709472656 SigReg: 26.3335056
std: 1.28613281 ,  0.585449219 SigReg: 26.3335056
std: 1.33203125 ,  0.6953125 SigReg: 26.1630268
std: 1.24316406 ,  0.706054688 SigReg: 26.1630268
std: 1.33496094 ,  0.73828125 SigReg: 27.6279392
std: 1.24609375 ,  0.78515625 SigReg: 27.6279392
std: 1.38769531 ,  0.840332031 SigReg: 27.9767227
std: 1.27929688 ,  0.781738281 SigReg: 27.9767227
std: 1.38574219 ,  0.750488281 SigReg: 32.6770554
std: 1.47265625 ,  0.805175781 SigReg: 32.6770554
std: 1.42480469 ,  0.720703125 SigReg: 26.6098061
std: 1.38574219 ,  0.784667969 SigReg: 26.6098061
std: 1.39257812 ,  0.86328125 SigReg: 33.1754723
std: 1.35839844 ,  0.730957031 SigReg: 33.1754723
std: 1.44140625 ,  0.770507812 SigReg: 24.6130638
std: 1.52148438 ,  0.837890625 SigReg: 24.6130638
std: 1.72851562 ,  0.76171875 SigReg: 26.798851
std: 1.74804688 ,  0.753417969 SigReg: 26.798851
std: 1.58789062 ,  0.697753906 SigReg: 24.5428295
std: 1.51269531 ,  0.7421875 SigReg: 24.5428295
std: 1.68359375 ,  0.747070312 SigReg: 26.7252102
std: 1.68554688 ,  0.778320312 SigReg: 26.7252102
std: 1.71972656 ,  0.740722656 SigReg: 31.9057884
std: 1.5078125 ,  0.696289062 SigReg: 31.9057884
std: 1.75195312 ,  0.749511719 SigReg: 35.9255257
std: 1.76367188 ,  0.814453125 SigReg: 35.9255257
std: 1.69628906 ,  0.795410156 SigReg: 27.7741585
std: 1.71289062 ,  0.720214844 SigReg: 27.7741585
std: 1.79785156 ,  0.75 SigReg: 24.9839706
std: 1.89160156 ,  0.670410156 SigReg: 24.9839706
std: 1.82910156 ,  0.682617188 SigReg: 33.8206711
std: 1.8046875 ,  0.715820312 SigReg: 33.8206711
std: 1.7890625 ,  0.635253906 SigReg: 31.4487896
std: 1.76660156 ,  0.564941406 SigReg: 31.4487896
std: 1.9375 ,  0.684570312 SigReg: 24.3861084
std: 1.91894531 ,  0.796386719 SigReg: 24.3861084
std: 1.68164062 ,  0.616210938 SigReg: 28.6076698
std: 1.77148438 ,  0.656738281 SigReg: 28.6076698
std: 1.87402344 ,  0.649414062 SigReg: 27.2024422
std: 1.8359375 ,  0.716308594 SigReg: 27.2024422
std: 1.70996094 ,  0.631835938 SigReg: 24.425663
std: 1.57128906 ,  0.660644531 SigReg: 24.425663
std: 1.71777344 ,  0.778320312 SigReg: 24.6040897
std: 1.71386719 ,  0.640625 SigReg: 24.6040897
std: 1.59179688 ,  0.697753906 SigReg: 26.989397
std: 1.41601562 ,  0.747070312 SigReg: 26.989397
std: 1.63085938 ,  0.733398438 SigReg: 27.8904076
std: 1.55175781 ,  0.673339844 SigReg: 27.8904076
std: 1.58300781 ,  0.7109375 SigReg: 31.0747032
std: 1.609375 ,  0.716308594 SigReg: 31.0747032
std: 1.578125 ,  0.716308594 SigReg: 26.5065155
std: 1.62207031 ,  0.841308594 SigReg: 26.5065155
std: 1.68457031 ,  0.708984375 SigReg: 24.7139149
std: 1.89453125 ,  0.804199219 SigReg: 24.7139149
std: 1.59570312 ,  0.645507812 SigReg: 25.1504745
std: 1.56445312 ,  0.616210938 SigReg: 25.1504745
std: 1.609375 ,  0.712402344 SigReg: 31.6318207
std: 1.62792969 ,  0.708496094 SigReg: 31.6318207
std: 1.70410156 ,  0.743652344 SigReg: 23.7346191
std: 1.42285156 ,  0.719726562 SigReg: 23.7346191
std: 1.5390625 ,  0.711914062 SigReg: 25.4323082
std: 1.74511719 ,  0.838867188 SigReg: 25.4323082
std: 1.88867188 ,  0.784667969 SigReg: 26.3473053
std: 1.55957031 ,  0.812988281 SigReg: 26.3473053
std: 1.66992188 ,  0.695800781 SigReg: 27.2134724
std: 1.88671875 ,  0.804199219 SigReg: 27.2134724
std: 2.0078125 ,  0.778320312 SigReg: 23.7550964
std: 1.88671875 ,  0.860839844 SigReg: 23.7550964
std: 1.90722656 ,  0.9296875 SigReg: 24.1279697
std: 1.90332031 ,  0.840820312 SigReg: 24.1279697
std: 1.87109375 ,  0.888671875 SigReg: 24.8659134
std: 1.87597656 ,  0.836914062 SigReg: 24.8659134
std: 1.84863281 ,  0.810546875 SigReg: 23.8684235
std: 1.89746094 ,  0.959960938 SigReg: 23.8684235
std: 1.81933594 ,  0.70703125 SigReg: 24.9827213
std: 1.95019531 ,  0.9296875 SigReg: 24.9827213
std: 2.07421875 ,  0.781738281 SigReg: 25.7772408
std: 2.02734375 ,  0.877929688 SigReg: 25.7772408
std: 2.11523438 ,  0.837402344 SigReg: 27.3258438
std: 2.01757812 ,  0.870117188 SigReg: 27.3258438
std: 2.17578125 ,  0.788574219 SigReg: 25.5759201
std: 2.08007812 ,  0.741699219 SigReg: 25.5759201
std: 1.9296875 ,  0.808105469 SigReg: 26.9433422
std: 1.76269531 ,  0.733398438 SigReg: 26.9433422
std: 2.01953125 ,  0.789550781 SigReg: 28.3277035
std: 1.93847656 ,  0.825195312 SigReg: 28.3277035
  Step 50: Backbone Loss = 2.5803, SIGReg Loss = 28.3277 Probe Loss = 254.0241, Acc = 0.5224
std: 2.05078125 ,  0.710449219 SigReg: 24.0734901
std: 2.27929688 ,  0.816894531 SigReg: 24.0734901
std: 2.18164062 ,  0.784179688 SigReg: 23.1532478
std: 1.99511719 ,  0.660644531 SigReg: 23.1532478
std: 2.20117188 ,  0.815429688 SigReg: 24.8569603
std: 1.75390625 ,  0.731933594 SigReg: 24.8569603
std: 2.1171875 ,  0.741699219 SigReg: 27.0477581
std: 2.08984375 ,  0.797851562 SigReg: 27.0477581
std: 2.00585938 ,  0.752441406 SigReg: 27.5273247
std: 1.75097656 ,  0.686035156 SigReg: 27.5273247
std: 2.31835938 ,  0.814453125 SigReg: 24.020628
std: 2.0859375 ,  0.73828125 SigReg: 24.020628
std: 2.18359375 ,  0.834960938 SigReg: 22.7749729
std: 2.0390625 ,  0.754394531 SigReg: 22.7749729
std: 2.07421875 ,  0.749023438 SigReg: 24.8198185
std: 2.23046875 ,  0.735351562 SigReg: 24.8198185
std: 2.22460938 ,  0.801757812 SigReg: 24.05336
std: 2.22070312 ,  0.752929688 SigReg: 24.05336
std: 2.26757812 ,  0.833007812 SigReg: 27.3661747
std: 2.10546875 ,  0.766601562 SigReg: 27.3661747
std: 2.015625 ,  0.774414062 SigReg: 25.6012611
std: 1.98144531 ,  0.719238281 SigReg: 25.6012611
std: 2.1015625 ,  0.674316406 SigReg: 27.4776936
std: 1.86230469 ,  0.624023438 SigReg: 27.4776936
std: 1.75097656 ,  0.679199219 SigReg: 28.1722775
std: 1.79003906 ,  0.650390625 SigReg: 28.1722775
std: 1.71972656 ,  0.701171875 SigReg: 22.8879356
std: 1.70019531 ,  0.798828125 SigReg: 22.8879356
std: 1.50390625 ,  0.668457031 SigReg: 26.6826057
std: 1.61328125 ,  0.768554688 SigReg: 26.6826057
std: 1.79101562 ,  0.690429688 SigReg: 28.3678093
std: 1.80175781 ,  0.650878906 SigReg: 28.3678093
std: 1.64355469 ,  0.624023438 SigReg: 29.3600273
std: 1.29003906 ,  0.634277344 SigReg: 29.3600273
std: 1.44628906 ,  0.694335938 SigReg: 24.9702721
std: 1.359375 ,  0.696289062 SigReg: 24.9702721
std: 1.49804688 ,  0.666992188 SigReg: 26.6191978
std: 1.59863281 ,  0.659179688 SigReg: 26.6191978
std: 1.34179688 ,  0.672363281 SigReg: 27.0969982
std: 1.49511719 ,  0.721679688 SigReg: 27.0969982
std: 1.36621094 ,  0.639160156 SigReg: 22.3877144
std: 1.49511719 ,  0.73828125 SigReg: 22.3877144
std: 1.53222656 ,  0.720214844 SigReg: 26.5303593
std: 1.52441406 ,  0.715820312 SigReg: 26.5303593
std: 1.51074219 ,  0.778320312 SigReg: 23.7043
std: 1.31933594 ,  0.758300781 SigReg: 23.7043
std: 1.55664062 ,  0.779296875 SigReg: 21.5390682
std: 1.42285156 ,  0.737304688 SigReg: 21.5390682
std: 1.50097656 ,  0.847167969 SigReg: 25.3242455
std: 1.51367188 ,  0.699707031 SigReg: 25.3242455
std: 1.57714844 ,  0.79296875 SigReg: 23.1131611
std: 1.31445312 ,  0.731445312 SigReg: 23.1131611
std: 1.5703125 ,  0.856445312 SigReg: 29.9987202
std: 1.47265625 ,  0.883300781 SigReg: 29.9987202
std: 1.53222656 ,  0.8125 SigReg: 24.3257217
std: 1.50488281 ,  0.868164062 SigReg: 24.3257217
std: 1.35742188 ,  0.764648438 SigReg: 24.6962471
std: 1.51660156 ,  0.885742188 SigReg: 24.6962471
std: 1.47753906 ,  0.746582031 SigReg: 25.8117161
std: 1.63476562 ,  0.811523438 SigReg: 25.8117161
std: 1.43164062 ,  0.780273438 SigReg: 22.7938137
std: 1.45605469 ,  0.81640625 SigReg: 22.7938137
std: 1.31542969 ,  0.756835938 SigReg: 21.3741016
std: 1.56738281 ,  0.835449219 SigReg: 21.3741016
std: 1.47265625 ,  0.802734375 SigReg: 23.6546211
std: 1.42089844 ,  0.817382812 SigReg: 23.6546211
std: 1.39550781 ,  0.868652344 SigReg: 21.3998299
std: 1.45507812 ,  0.852050781 SigReg: 21.3998299
std: 1.28613281 ,  0.792480469 SigReg: 19.9443645
std: 1.05371094 ,  0.82421875 SigReg: 19.9443645
std: 1.34863281 ,  0.873535156 SigReg: 26.2041759
std: 1.36816406 ,  0.818847656 SigReg: 26.2041759
std: 1.33203125 ,  0.8203125 SigReg: 25.7766533
std: 1.3828125 ,  0.794433594 SigReg: 25.7766533
std: 1.14160156 ,  0.786621094 SigReg: 26.7837048
std: 1.23828125 ,  0.800292969 SigReg: 26.7837048
std: 1.16210938 ,  0.756835938 SigReg: 21.6767178
std: 1.22753906 ,  0.868164062 SigReg: 21.6767178
std: 1.09570312 ,  0.821289062 SigReg: 33.5513115
std: 1.19726562 ,  0.833496094 SigReg: 33.5513115
std: 1.13183594 ,  0.845214844 SigReg: 32.4563866
std: 1.12890625 ,  0.829101562 SigReg: 32.4563866
std: 1.11914062 ,  0.91796875 SigReg: 35.1111336
std: 1.13671875 ,  0.866699219 SigReg: 35.1111336
std: 1.07421875 ,  0.756347656 SigReg: 23.0344372
std: 1.19824219 ,  0.698730469 SigReg: 23.0344372
std: 1.24609375 ,  0.859375 SigReg: 25.6167297
std: 1.1953125 ,  0.753417969 SigReg: 25.6167297
std: 1.22558594 ,  0.784179688 SigReg: 24.3964386
std: 1.13574219 ,  0.824707031 SigReg: 24.3964386
std: 1.14355469 ,  0.790039062 SigReg: 22.7536411
std: 1.08300781 ,  0.693847656 SigReg: 22.7536411
std: 1.125 ,  0.748046875 SigReg: 25.8066578
std: 1.10546875 ,  0.733398438 SigReg: 25.8066578
std: 1.05957031 ,  0.804199219 SigReg: 32.3015862
std: 0.96484375 ,  0.760742188 SigReg: 32.3015862
std: 1.05859375 ,  0.839355469 SigReg: 23.4388466
std: 1.12597656 ,  0.884765625 SigReg: 23.4388466
std: 0.980957031 ,  0.76171875 SigReg: 22.4593353
std: 1.09667969 ,  0.90234375 SigReg: 22.4593353
  Step 100: Backbone Loss = 2.3158, SIGReg Loss = 22.4593 Probe Loss = 256.4263, Acc = 0.5219
std: 1.00878906 ,  0.833496094 SigReg: 20.179884
std: 1.08300781 ,  0.773925781 SigReg: 20.179884
std: 1.14355469 ,  1.02148438 SigReg: 25.0499
std: 1.03320312 ,  0.798339844 SigReg: 25.0499
std: 0.956542969 ,  0.794433594 SigReg: 24.0876
std: 1.140625 ,  0.904785156 SigReg: 24.0876
std: 1.05566406 ,  0.955078125 SigReg: 19.9713058
std: 1.01367188 ,  0.854003906 SigReg: 19.9713058
std: 1.12597656 ,  0.869628906 SigReg: 22.7620392
std: 1.12890625 ,  0.856445312 SigReg: 22.7620392
std: 1.10742188 ,  0.897949219 SigReg: 26.0157
std: 1.07910156 ,  0.782714844 SigReg: 26.0157
std: 0.973632812 ,  0.848144531 SigReg: 27.1855392
std: 1.07324219 ,  0.922851562 SigReg: 27.1855392
std: 1.07714844 ,  0.836425781 SigReg: 21.6356983
std: 1.07324219 ,  0.772949219 SigReg: 21.6356983
std: 0.904785156 ,  0.850585938 SigReg: 27.6968174
std: 1.11621094 ,  0.953125 SigReg: 27.6968174
std: 0.88671875 ,  0.793457031 SigReg: 31.9476051
std: 0.997070312 ,  0.907226562 SigReg: 31.9476051
std: 0.982421875 ,  0.927246094 SigReg: 27.4535255
std: 0.841308594 ,  0.869140625 SigReg: 27.4535255
std: 0.960449219 ,  0.997558594 SigReg: 25.0700397
std: 0.951171875 ,  0.903808594 SigReg: 25.0700397
std: 0.947265625 ,  0.931640625 SigReg: 26.8171577
std: 0.957519531 ,  0.9921875 SigReg: 26.8171577
std: 1.08984375 ,  1.0859375 SigReg: 28.4023647
std: 1.08398438 ,  1.13867188 SigReg: 28.4023647
std: 0.991210938 ,  0.958984375 SigReg: 26.9729252
std: 1.10839844 ,  1.1484375 SigReg: 26.9729252
std: 1.10351562 ,  1.125 SigReg: 22.8659363
std: 1.15625 ,  1.18554688 SigReg: 22.8659363
std: 1.01660156 ,  1.078125 SigReg: 26.5374641
std: 1.12695312 ,  1.15917969 SigReg: 26.5374641
std: 1.19238281 ,  1.2109375 SigReg: 27.4507751
std: 1.08886719 ,  1.14550781 SigReg: 27.4507751
std: 1.01367188 ,  1.06347656 SigReg: 25.3736267
std: 0.979003906 ,  1.05371094 SigReg: 25.3736267
std: 1.13964844 ,  1.29882812 SigReg: 21.4541206
std: 0.924316406 ,  1.00292969 SigReg: 21.4541206
std: 1.12988281 ,  1.28320312 SigReg: 25.792017
std: 1.03417969 ,  1.23144531 SigReg: 25.792017
std: 1.03125 ,  1.19726562 SigReg: 21.8874474
std: 0.969726562 ,  1.11132812 SigReg: 21.8874474
std: 0.915039062 ,  1.1640625 SigReg: 23.0989799
std: 1.04296875 ,  1.22265625 SigReg: 23.0989799
std: 0.813476562 ,  0.993164062 SigReg: 23.288805
std: 0.889160156 ,  1.12011719 SigReg: 23.288805
std: 0.764648438 ,  0.937011719 SigReg: 25.0191746
std: 0.827148438 ,  1.03125 SigReg: 25.0191746
std: 0.833496094 ,  0.997558594 SigReg: 21.8042431
std: 0.822753906 ,  1.02148438 SigReg: 21.8042431
std: 0.921386719 ,  1.12109375 SigReg: 24.3297272
std: 0.918945312 ,  1.1875 SigReg: 24.3297272
std: 0.822753906 ,  1.11621094 SigReg: 21.9397182
std: 0.862792969 ,  1.1171875 SigReg: 21.9397182
std: 0.741210938 ,  1.06152344 SigReg: 22.2984447
std: 0.913085938 ,  1.20214844 SigReg: 22.2984447
std: 0.936035156 ,  1.23046875 SigReg: 25.5980949
std: 0.985839844 ,  1.19824219 SigReg: 25.5980949
std: 0.842773438 ,  1.09570312 SigReg: 25.3716774
std: 0.906738281 ,  1.07617188 SigReg: 25.3716774
std: 0.880859375 ,  1.08105469 SigReg: 22.3328762
std: 0.741210938 ,  1.16210938 SigReg: 22.3328762
std: 0.943359375 ,  1.22753906 SigReg: 21.7888985
std: 0.901367188 ,  1.23925781 SigReg: 21.7888985
std: 0.979492188 ,  1.15917969 SigReg: 22.2321491
std: 0.977539062 ,  1.16894531 SigReg: 22.2321491
std: 1.03222656 ,  1.19042969 SigReg: 29.1692047
std: 1.00585938 ,  1.22558594 SigReg: 29.1692047
std: 1.046875 ,  1.32128906 SigReg: 29.9968987
std: 0.838378906 ,  1.13378906 SigReg: 29.9968987
std: 0.935546875 ,  1.13378906 SigReg: 23.8199577
std: 0.921386719 ,  1.12597656 SigReg: 23.8199577
std: 0.847167969 ,  1.04589844 SigReg: 23.6611118
std: 0.903320312 ,  1.16601562 SigReg: 23.6611118
std: 0.989257812 ,  1.20214844 SigReg: 29.676012
std: 0.940917969 ,  1.1171875 SigReg: 29.676012
std: 0.991210938 ,  1.23925781 SigReg: 28.6839066
std: 1.01367188 ,  1.1875 SigReg: 28.6839066
std: 0.994140625 ,  1.27734375 SigReg: 24.9709129
std: 0.975585938 ,  1.24023438 SigReg: 24.9709129
std: 0.999511719 ,  1.27050781 SigReg: 23.5890121
std: 1 ,  1.2109375 SigReg: 23.5890121
std: 0.913574219 ,  1.22753906 SigReg: 23.9418488
std: 1.07714844 ,  1.38769531 SigReg: 23.9418488
std: 0.949707031 ,  1.21191406 SigReg: 22.5595818
std: 0.880371094 ,  1.06054688 SigReg: 22.5595818
std: 0.844726562 ,  1.12988281 SigReg: 23.7296925
std: 0.856933594 ,  1.11035156 SigReg: 23.7296925
std: 0.808105469 ,  1.04882812 SigReg: 23.5292759
std: 0.902832031 ,  1.18261719 SigReg: 23.5292759
std: 0.972167969 ,  1.20898438 SigReg: 22.8054276
std: 0.900390625 ,  1.12695312 SigReg: 22.8054276
std: 0.809570312 ,  1.13085938 SigReg: 22.9803085
std: 0.8671875 ,  1.15820312 SigReg: 22.9803085
std: 0.879882812 ,  1.09863281 SigReg: 24.0201817
std: 0.94921875 ,  1.13671875 SigReg: 24.0201817
std: 0.930175781 ,  1.31640625 SigReg: 22.0173855
std: 0.973144531 ,  1.16699219 SigReg: 22.0173855
  Step 150: Backbone Loss = 2.2712, SIGReg Loss = 22.0174 Probe Loss = 269.6134, Acc = 0.5200
std: 0.942871094 ,  1.24414062 SigReg: 19.5617867
std: 0.887207031 ,  1.06445312 SigReg: 19.5617867
std: 0.933105469 ,  1.14746094 SigReg: 23.377121
std: 0.901855469 ,  1.06933594 SigReg: 23.377121
std: 1.13378906 ,  1.2109375 SigReg: 21.8187256
std: 0.926269531 ,  1.125 SigReg: 21.8187256
std: 1.03515625 ,  1.16503906 SigReg: 22.3159847
std: 1.0390625 ,  1.08984375 SigReg: 22.3159847
std: 1.04785156 ,  1.08886719 SigReg: 20.4637966
std: 0.979492188 ,  1.01074219 SigReg: 20.4637966
std: 1.04492188 ,  1.08984375 SigReg: 17.9222488
std: 0.991210938 ,  1.04589844 SigReg: 17.9222488
std: 0.972167969 ,  0.912597656 SigReg: 20.2904263
std: 0.941894531 ,  1.16503906 SigReg: 20.2904263
std: 0.856445312 ,  0.818359375 SigReg: 22.5899982
std: 0.743652344 ,  0.866699219 SigReg: 22.5899982
std: 0.815917969 ,  0.871582031 SigReg: 21.6313877
std: 0.901855469 ,  0.885742188 SigReg: 21.6313877
std: 0.776855469 ,  0.870117188 SigReg: 26.9264183
std: 0.80859375 ,  0.926757812 SigReg: 26.9264183
std: 0.782714844 ,  0.786621094 SigReg: 20.5050926
std: 0.83984375 ,  0.860839844 SigReg: 20.5050926
std: 0.731933594 ,  0.811035156 SigReg: 26.2551155
std: 0.649902344 ,  0.871582031 SigReg: 26.2551155
std: 0.599121094 ,  0.83203125 SigReg: 23.6861382
std: 0.725097656 ,  0.802734375 SigReg: 23.6861382
std: 0.729003906 ,  0.87890625 SigReg: 25.3397408
std: 0.696289062 ,  0.877929688 SigReg: 25.3397408
std: 0.702636719 ,  0.842285156 SigReg: 23.433527
std: 0.797851562 ,  0.916015625 SigReg: 23.433527
std: 0.861328125 ,  0.897460938 SigReg: 26.0568542
std: 0.941894531 ,  0.952148438 SigReg: 26.0568542
std: 0.9453125 ,  0.868652344 SigReg: 31.2715607
std: 0.954589844 ,  0.852050781 SigReg: 31.2715607
std: 1.09472656 ,  0.932128906 SigReg: 24.4208488
std: 0.927246094 ,  0.951171875 SigReg: 24.4208488
std: 0.931640625 ,  0.767578125 SigReg: 21.9336185
std: 0.953613281 ,  1.01660156 SigReg: 21.9336185
std: 0.98828125 ,  0.937011719 SigReg: 19.3452644
std: 1.12011719 ,  1.04199219 SigReg: 19.3452644
std: 1.01855469 ,  0.969726562 SigReg: 18.6556568
std: 0.969238281 ,  0.979492188 SigReg: 18.6556568
std: 1.05664062 ,  0.854980469 SigReg: 18.5286884
std: 1.10839844 ,  1.0234375 SigReg: 18.5286884
std: 1.07617188 ,  1.0703125 SigReg: 23.0696239
std: 1.02929688 ,  0.943847656 SigReg: 23.0696239
std: 1.05371094 ,  0.9140625 SigReg: 20.8778782
std: 0.998046875 ,  0.877441406 SigReg: 20.8778782
std: 1.1875 ,  1.05371094 SigReg: 20.6531773
std: 1.125 ,  1.01953125 SigReg: 20.6531773
std: 1.37304688 ,  1.09960938 SigReg: 21.2594223
std: 1.17773438 ,  0.947265625 SigReg: 21.2594223
std: 1.28125 ,  1.03613281 SigReg: 23.1476269
std: 1.33300781 ,  1.04394531 SigReg: 23.1476269
std: 1.39257812 ,  0.986816406 SigReg: 22.8112469
std: 1.53320312 ,  1.24707031 SigReg: 22.8112469
std: 1.46875 ,  1.21484375 SigReg: 23.9477863
std: 1.6015625 ,  1.17773438 SigReg: 23.9477863
std: 1.52734375 ,  1.25878906 SigReg: 27.3554878
std: 1.54003906 ,  1.11132812 SigReg: 27.3554878
std: 1.55273438 ,  1.33398438 SigReg: 25.9720402
std: 1.56445312 ,  1.23632812 SigReg: 25.9720402
std: 1.32910156 ,  1.03515625 SigReg: 22.0101089
std: 1.42285156 ,  1.14941406 SigReg: 22.0101089
std: 1.55273438 ,  1.20605469 SigReg: 19.2240524
std: 1.359375 ,  1.2734375 SigReg: 19.2240524
std: 1.375 ,  1.16210938 SigReg: 22.9299946
std: 1.39746094 ,  1.00585938 SigReg: 22.9299946
std: 1.36621094 ,  1.13183594 SigReg: 23.2313385
std: 1.2578125 ,  1.08886719 SigReg: 23.2313385
std: 1.45800781 ,  1.25292969 SigReg: 24.9720497
std: 1.4765625 ,  1.18847656 SigReg: 24.9720497
std: 1.23046875 ,  1.17089844 SigReg: 22.5500565
std: 1.38867188 ,  1.00390625 SigReg: 22.5500565
std: 1.41308594 ,  1.20507812 SigReg: 31.4717197
std: 1.16894531 ,  1.06542969 SigReg: 31.4717197
std: 1.296875 ,  0.918945312 SigReg: 25.8515053
std: 1.30566406 ,  1.03320312 SigReg: 25.8515053
std: 1.38183594 ,  1.20605469 SigReg: 24.7018776
std: 1.32714844 ,  1.24414062 SigReg: 24.7018776
std: 1.3203125 ,  1.19921875 SigReg: 26.6965504
std: 1.45019531 ,  1.16503906 SigReg: 26.6965504
std: 1.40820312 ,  1.13769531 SigReg: 22.9066734
std: 1.34960938 ,  1.13671875 SigReg: 22.9066734
std: 1.359375 ,  1.05371094 SigReg: 36.3938332
std: 1.26464844 ,  1.0234375 SigReg: 36.3938332
std: 1.45214844 ,  1.17382812 SigReg: 34.4453735
std: 1.27929688 ,  1.04394531 SigReg: 34.4453735
std: 1.28320312 ,  1.046875 SigReg: 25.6731796
std: 1.46875 ,  1.0625 SigReg: 25.6731796
std: 1.48144531 ,  0.912109375 SigReg: 31.5803375
std: 1.296875 ,  0.821289062 SigReg: 31.5803375
std: 1.25195312 ,  0.761230469 SigReg: 26.1093559
std: 1.203125 ,  0.787597656 SigReg: 26.1093559
std: 0.936523438 ,  0.741699219 SigReg: 23.4579563
std: 1.328125 ,  0.956054688 SigReg: 23.4579563
std: 1.23535156 ,  0.841796875 SigReg: 22.5848064
std: 1.15722656 ,  0.989257812 SigReg: 22.5848064
std: 1.0390625 ,  0.937988281 SigReg: 23.3925419
std: 1.30175781 ,  1.0625 SigReg: 23.3925419
  Step 200: Backbone Loss = 2.3338, SIGReg Loss = 23.3925 Probe Loss = 238.1262, Acc = 0.5172
std: 1.41113281 ,  1.02050781 SigReg: 23.8516369
std: 1.32421875 ,  0.996582031 SigReg: 23.8516369
std: 1.26660156 ,  1.18359375 SigReg: 23.3961525
std: 1.33300781 ,  1.10546875 SigReg: 23.3961525
std: 1.35839844 ,  1.24316406 SigReg: 28.1414833
std: 1.32324219 ,  1.18261719 SigReg: 28.1414833
std: 1.20410156 ,  1.17382812 SigReg: 22.913002
std: 1.21289062 ,  1.17578125 SigReg: 22.913002
std: 1.10546875 ,  1.17675781 SigReg: 22.9814072
std: 1.15820312 ,  1.00878906 SigReg: 22.9814072
std: 0.893554688 ,  1.00878906 SigReg: 21.5129871
std: 0.952636719 ,  1.04101562 SigReg: 21.5129871
std: 0.838867188 ,  1.14746094 SigReg: 20.8891182
std: 0.876464844 ,  0.955566406 SigReg: 20.8891182
std: 1.03320312 ,  1.15429688 SigReg: 22.8387604
std: 0.788574219 ,  1 SigReg: 22.8387604
std: 0.716796875 ,  0.916503906 SigReg: 27.5488453
std: 0.708984375 ,  0.915039062 SigReg: 27.5488453
std: 0.680175781 ,  1.05664062 SigReg: 21.4339294
std: 0.741699219 ,  1.12109375 SigReg: 21.4339294
std: 0.771972656 ,  1.06445312 SigReg: 24.9313812
std: 0.731445312 ,  0.913574219 SigReg: 24.9313812
std: 0.808105469 ,  1.06835938 SigReg: 24.2015266
std: 0.879394531 ,  1.07421875 SigReg: 24.2015266
std: 0.887207031 ,  1.01464844 SigReg: 21.1563225
std: 0.818359375 ,  1.05273438 SigReg: 21.1563225
std: 0.859375 ,  1.01757812 SigReg: 24.9353828
std: 0.737304688 ,  0.940429688 SigReg: 24.9353828
std: 0.886230469 ,  1.02539062 SigReg: 29.6611557
std: 0.848144531 ,  1.15039062 SigReg: 29.6611557
std: 0.952148438 ,  1.08886719 SigReg: 29.6885
std: 1.06445312 ,  1.31640625 SigReg: 29.6885
std: 0.968261719 ,  1.10546875 SigReg: 23.7893791
std: 0.905761719 ,  1.03515625 SigReg: 23.7893791
std: 1.24511719 ,  1.13574219 SigReg: 29.3664856
std: 1.16113281 ,  1.24609375 SigReg: 29.3664856
std: 1.02929688 ,  1.09277344 SigReg: 26.2663841
std: 1.17773438 ,  1.23242188 SigReg: 26.2663841
std: 0.966796875 ,  1.02539062 SigReg: 37.0198326
std: 0.939453125 ,  0.921875 SigReg: 37.0198326
std: 0.985839844 ,  1.09179688 SigReg: 36.0658913
std: 0.865234375 ,  0.973144531 SigReg: 36.0658913
std: 0.904296875 ,  0.838867188 SigReg: 29.5271416
std: 0.89453125 ,  0.960449219 SigReg: 29.5271416
std: 0.851074219 ,  0.880371094 SigReg: 24.0685501
std: 0.83203125 ,  0.891113281 SigReg: 24.0685501
std: 0.764648438 ,  0.747558594 SigReg: 30.8916359
std: 0.754882812 ,  0.899414062 SigReg: 30.8916359
std: 0.657226562 ,  0.865722656 SigReg: 26.4051914
std: 0.744140625 ,  0.897949219 SigReg: 26.4051914
std: 0.678710938 ,  0.995605469 SigReg: 28.8797932
std: 0.730957031 ,  0.873535156 SigReg: 28.8797932
std: 0.641113281 ,  0.890625 SigReg: 26.5074444
std: 0.671875 ,  0.973144531 SigReg: 26.5074444
std: 0.679199219 ,  1.00585938 SigReg: 24.7788773
std: 0.532714844 ,  0.898925781 SigReg: 24.7788773
std: 0.678222656 ,  0.947753906 SigReg: 30.2986317
std: 0.6015625 ,  0.896972656 SigReg: 30.2986317
std: 0.666503906 ,  0.756347656 SigReg: 30.8366032
std: 0.672363281 ,  0.745605469 SigReg: 30.8366032
std: 0.700683594 ,  0.813476562 SigReg: 30.1538525
std: 0.769042969 ,  0.895019531 SigReg: 30.1538525
std: 0.796875 ,  0.866210938 SigReg: 35.2803268
std: 0.883300781 ,  0.930664062 SigReg: 35.2803268
std: 0.836425781 ,  0.838378906 SigReg: 32.5224609
std: 0.874511719 ,  0.923828125 SigReg: 32.5224609
std: 0.948242188 ,  0.897949219 SigReg: 25.9612656
std: 0.862792969 ,  0.83203125 SigReg: 25.9612656
std: 0.958496094 ,  0.987304688 SigReg: 27.1196613
std: 0.940429688 ,  0.904785156 SigReg: 27.1196613
std: 0.840332031 ,  0.791015625 SigReg: 25.5161152
std: 0.906738281 ,  0.900390625 SigReg: 25.5161152
std: 0.893066406 ,  0.882324219 SigReg: 26.5775928
std: 0.901855469 ,  0.829101562 SigReg: 26.5775928
std: 0.930664062 ,  0.903320312 SigReg: 27.2525978
std: 0.916015625 ,  1.01464844 SigReg: 27.2525978
std: 0.858886719 ,  0.979492188 SigReg: 32.349453
std: 0.952636719 ,  0.992675781 SigReg: 32.349453
std: 0.95703125 ,  0.955078125 SigReg: 23.5038776
std: 0.919921875 ,  0.841308594 SigReg: 23.5038776
std: 0.958496094 ,  1.00390625 SigReg: 21.644598
std: 0.852539062 ,  0.849121094 SigReg: 21.644598
std: 0.767089844 ,  0.923828125 SigReg: 26.9242458
std: 0.763671875 ,  0.8828125 SigReg: 26.9242458
std: 0.727539062 ,  0.797851562 SigReg: 26.6562519
std: 0.753417969 ,  0.866699219 SigReg: 26.6562519
std: 0.685546875 ,  0.708984375 SigReg: 25.2984943
std: 0.678222656 ,  0.886230469 SigReg: 25.2984943
std: 0.825195312 ,  0.853027344 SigReg: 26.5084934
std: 0.741210938 ,  0.782714844 SigReg: 26.5084934
std: 0.75390625 ,  0.782714844 SigReg: 25.1190872
std: 0.783691406 ,  0.804199219 SigReg: 25.1190872
std: 0.758300781 ,  0.752441406 SigReg: 26.5229015
std: 0.870605469 ,  0.855957031 SigReg: 26.5229015
std: 0.79296875 ,  0.825195312 SigReg: 23.2225761
std: 0.718261719 ,  0.860351562 SigReg: 23.2225761
std: 0.719726562 ,  0.809570312 SigReg: 23.9986687
std: 0.786132812 ,  0.945800781 SigReg: 23.9986687
std: 0.730957031 ,  0.889160156 SigReg: 24.8612099
std: 0.701660156 ,  0.982910156 SigReg: 24.8612099
  Step 250: Backbone Loss = 2.4043, SIGReg Loss = 24.8612 Probe Loss = 206.2558, Acc = 0.4930
std: 0.763671875 ,  1.05664062 SigReg: 27.6856937
std: 0.766113281 ,  0.871582031 SigReg: 27.6856937
std: 0.764160156 ,  0.998046875 SigReg: 23.9873695
std: 0.68359375 ,  0.860351562 SigReg: 23.9873695
std: 0.659179688 ,  0.923828125 SigReg: 24.242403
std: 0.715820312 ,  1.0546875 SigReg: 24.242403
std: 0.720214844 ,  1.02246094 SigReg: 22.8633461
std: 0.708007812 ,  1.07421875 SigReg: 22.8633461
std: 0.636230469 ,  0.968261719 SigReg: 18.8600388
std: 0.58203125 ,  0.843261719 SigReg: 18.8600388
std: 0.645019531 ,  1.03222656 SigReg: 27.9621124
std: 0.524414062 ,  0.977050781 SigReg: 27.9621124
std: 0.470947266 ,  0.959960938 SigReg: 24.2121983
std: 0.571289062 ,  1.01953125 SigReg: 24.2121983
std: 0.630371094 ,  1.06640625 SigReg: 23.4868889
std: 0.517089844 ,  0.890136719 SigReg: 23.4868889
std: 0.510742188 ,  0.924316406 SigReg: 20.3798904
std: 0.55859375 ,  0.887695312 SigReg: 20.3798904
std: 0.5078125 ,  0.862304688 SigReg: 25.9833145
std: 0.537109375 ,  0.858398438 SigReg: 25.9833145
std: 0.494628906 ,  0.921386719 SigReg: 30.5124855
std: 0.501953125 ,  0.831054688 SigReg: 30.5124855
std: 0.522460938 ,  0.861328125 SigReg: 29.8637276
std: 0.514648438 ,  0.901855469 SigReg: 29.8637276
std: 0.465820312 ,  0.820800781 SigReg: 23.8252258
std: 0.580566406 ,  0.921386719 SigReg: 23.8252258
std: 0.451660156 ,  0.90625 SigReg: 25.6178474
std: 0.517578125 ,  1 SigReg: 25.6178474
std: 0.534179688 ,  1.03125 SigReg: 26.0626659
std: 0.481201172 ,  0.883300781 SigReg: 26.0626659
std: 0.472167969 ,  0.921875 SigReg: 22.4681034
std: 0.608398438 ,  1.02636719 SigReg: 22.4681034
std: 0.582519531 ,  1.08105469 SigReg: 29.9220085
std: 0.552734375 ,  1.04980469 SigReg: 29.9220085
std: 0.582519531 ,  0.916992188 SigReg: 29.3498154
std: 0.551757812 ,  1.07128906 SigReg: 29.3498154
std: 0.596679688 ,  1.05664062 SigReg: 23.5600166
std: 0.643066406 ,  1.07324219 SigReg: 23.5600166
std: 0.53515625 ,  0.914550781 SigReg: 27.8587399
std: 0.626464844 ,  1.05859375 SigReg: 27.8587399
std: 0.693847656 ,  0.984375 SigReg: 23.4506626
std: 0.575683594 ,  1.05175781 SigReg: 23.4506626
std: 0.607910156 ,  0.907226562 SigReg: 24.1411076
std: 0.645019531 ,  0.988769531 SigReg: 24.1411076
std: 0.554199219 ,  0.746582031 SigReg: 22.2439423
std: 0.570800781 ,  0.953125 SigReg: 22.2439423
std: 0.740722656 ,  0.9765625 SigReg: 25.3542309
std: 0.69140625 ,  1.01464844 SigReg: 25.3542309
std: 0.711425781 ,  0.900390625 SigReg: 24.120985
std: 0.646972656 ,  0.903320312 SigReg: 24.120985
std: 0.649414062 ,  0.811523438 SigReg: 21.7654037
std: 0.691894531 ,  0.861328125 SigReg: 21.7654037
std: 0.661621094 ,  0.831054688 SigReg: 24.5666523
std: 0.746582031 ,  0.909667969 SigReg: 24.5666523
std: 0.674316406 ,  0.823730469 SigReg: 23.3527641
std: 0.732421875 ,  0.932128906 SigReg: 23.3527641
std: 0.528808594 ,  0.833496094 SigReg: 21.7876625
std: 0.696289062 ,  0.897949219 SigReg: 21.7876625
std: 0.494384766 ,  0.762695312 SigReg: 19.6936302
std: 0.642089844 ,  0.894042969 SigReg: 19.6936302
std: 0.604980469 ,  0.898925781 SigReg: 20.1435204
std: 0.629882812 ,  0.922363281 SigReg: 20.1435204
std: 0.652832031 ,  0.912109375 SigReg: 20.8017807
std: 0.722167969 ,  1.04492188 SigReg: 20.8017807
std: 0.478027344 ,  0.818359375 SigReg: 20.3491688
std: 0.521972656 ,  0.711425781 SigReg: 20.3491688
std: 0.549804688 ,  0.715820312 SigReg: 21.7803726
std: 0.515136719 ,  0.696777344 SigReg: 21.7803726
std: 0.479980469 ,  0.695800781 SigReg: 20.9379654
std: 0.543945312 ,  0.777832031 SigReg: 20.9379654
std: 0.51953125 ,  0.685058594 SigReg: 21.1099777
std: 0.581054688 ,  0.67578125 SigReg: 21.1099777
std: 0.588378906 ,  0.765625 SigReg: 26.7710419
std: 0.578613281 ,  0.669921875 SigReg: 26.7710419
std: 0.563476562 ,  0.756835938 SigReg: 24.7040482
std: 0.578613281 ,  0.745605469 SigReg: 24.7040482
std: 0.617675781 ,  0.705566406 SigReg: 23.8878937
std: 0.593261719 ,  0.701660156 SigReg: 23.8878937
std: 0.6796875 ,  0.678222656 SigReg: 20.8780861
std: 0.716796875 ,  0.792480469 SigReg: 20.8780861
std: 0.655273438 ,  0.810546875 SigReg: 22.0226517
std: 0.565429688 ,  0.683105469 SigReg: 22.0226517
std: 0.6328125 ,  0.768066406 SigReg: 24.9571495
std: 0.605957031 ,  0.770996094 SigReg: 24.9571495
std: 0.630859375 ,  0.86328125 SigReg: 22.5997295
std: 0.732910156 ,  0.751464844 SigReg: 22.5997295
std: 0.623046875 ,  0.711425781 SigReg: 20.4053402
std: 0.687988281 ,  0.6015625 SigReg: 20.4053402
std: 0.481445312 ,  0.735351562 SigReg: 23.0942116
std: 0.503417969 ,  0.602050781 SigReg: 23.0942116
std: 0.609375 ,  0.736328125 SigReg: 21.38937
std: 0.567382812 ,  0.59375 SigReg: 21.38937
std: 0.643554688 ,  0.674316406 SigReg: 22.6139259
std: 0.744140625 ,  0.739746094 SigReg: 22.6139259
std: 0.630859375 ,  0.694335938 SigReg: 20.4854279
std: 0.694335938 ,  0.731445312 SigReg: 20.4854279
std: 0.766113281 ,  0.815917969 SigReg: 22.3480263
std: 0.682617188 ,  0.68359375 SigReg: 22.3480263
std: 0.646972656 ,  0.619628906 SigReg: 21.5163631
std: 0.799316406 ,  0.802734375 SigReg: 21.5163631
  Step 300: Backbone Loss = 2.2216, SIGReg Loss = 21.5164 Probe Loss = 195.8917, Acc = 0.5071
std: 0.791015625 ,  0.736328125 SigReg: 20.3860073
std: 0.627441406 ,  0.787597656 SigReg: 20.3860073
std: 0.629394531 ,  0.687988281 SigReg: 22.1888695
std: 0.480712891 ,  0.771972656 SigReg: 22.1888695
std: 0.552246094 ,  0.729980469 SigReg: 22.5320301
std: 0.56640625 ,  0.673828125 SigReg: 22.5320301
std: 0.65234375 ,  0.856933594 SigReg: 20.2432747
std: 0.647949219 ,  0.806152344 SigReg: 20.2432747
std: 0.5078125 ,  0.59765625 SigReg: 23.6833382
std: 0.549804688 ,  0.741699219 SigReg: 23.6833382
std: 0.6484375 ,  0.725097656 SigReg: 35.5507431
std: 0.604980469 ,  0.623046875 SigReg: 35.5507431
Epoch 6 finished in 247.99s.
  Avg Backbone Loss: 2.4454
  Avg Probe Loss:    240.6763
  Avg Probe Accuracy: 0.5061

Epoch 7/100
std: 0.655761719 ,  0.756835938 SigReg: 29.5104752
std: 0.625488281 ,  0.620117188 SigReg: 29.5104752
  Step 0: Backbone Loss = 2.5874, SIGReg Loss = 29.5105 Probe Loss = 225.1824, Acc = 0.5019
std: 0.625488281 ,  0.624511719 SigReg: 26.6904106
std: 0.624023438 ,  0.935546875 SigReg: 26.6904106
std: 0.710449219 ,  0.743652344 SigReg: 27.2630501
std: 0.592773438 ,  0.643066406 SigReg: 27.2630501
std: 0.504882812 ,  0.590820312 SigReg: 25.0875168
std: 0.526367188 ,  0.715820312 SigReg: 25.0875168
std: 0.52734375 ,  0.839355469 SigReg: 24.5327129
std: 0.502929688 ,  0.708984375 SigReg: 24.5327129
std: 0.611816406 ,  0.731445312 SigReg: 23.8538742
std: 0.624511719 ,  0.793457031 SigReg: 23.8538742
std: 0.513671875 ,  0.83203125 SigReg: 25.6750546
std: 0.471435547 ,  0.756347656 SigReg: 25.6750546
std: 0.596191406 ,  0.753417969 SigReg: 24.4172668
std: 0.467041016 ,  0.850585938 SigReg: 24.4172668
std: 0.508300781 ,  0.818847656 SigReg: 19.9855614
std: 0.516601562 ,  0.804199219 SigReg: 19.9855614
std: 0.645019531 ,  0.900390625 SigReg: 23.2603226
std: 0.578613281 ,  0.770507812 SigReg: 23.2603226
std: 0.582519531 ,  0.715332031 SigReg: 25.6306286
std: 0.564453125 ,  0.759277344 SigReg: 25.6306286
std: 0.59765625 ,  0.76171875 SigReg: 24.8304176
std: 0.547851562 ,  0.788574219 SigReg: 24.8304176
std: 0.556640625 ,  0.889160156 SigReg: 26.5356503
std: 0.62109375 ,  0.98828125 SigReg: 26.5356503
std: 0.627441406 ,  0.79296875 SigReg: 20.9420528
std: 0.620605469 ,  0.892089844 SigReg: 20.9420528
std: 0.772460938 ,  0.791503906 SigReg: 27.3348389
std: 0.701171875 ,  0.831054688 SigReg: 27.3348389
std: 0.656738281 ,  0.823242188 SigReg: 30.3343239
std: 0.710449219 ,  0.795410156 SigReg: 30.3343239
std: 0.683105469 ,  0.781738281 SigReg: 30.9026279
std: 0.791015625 ,  0.87109375 SigReg: 30.9026279
std: 0.754882812 ,  0.90234375 SigReg: 23.2651138
std: 0.807128906 ,  0.879882812 SigReg: 23.2651138
std: 0.763183594 ,  0.980957031 SigReg: 21.6838722
std: 0.845703125 ,  0.985351562 SigReg: 21.6838722
std: 0.703613281 ,  0.903320312 SigReg: 27.8371754
std: 0.895019531 ,  0.918457031 SigReg: 27.8371754
std: 0.853027344 ,  0.934082031 SigReg: 24.4274445
std: 0.807128906 ,  0.884277344 SigReg: 24.4274445
std: 0.893554688 ,  0.999511719 SigReg: 23.4701271
std: 0.82421875 ,  0.865234375 SigReg: 23.4701271
std: 0.930664062 ,  0.993164062 SigReg: 25.2939034
std: 0.9296875 ,  0.899902344 SigReg: 25.2939034
std: 0.814941406 ,  0.907714844 SigReg: 22.4318485
std: 0.869140625 ,  0.918457031 SigReg: 22.4318485
std: 0.842773438 ,  0.896484375 SigReg: 19.7217522
std: 0.921875 ,  0.89453125 SigReg: 19.7217522
std: 0.7578125 ,  0.73828125 SigReg: 23.6017895
std: 0.690917969 ,  0.719238281 SigReg: 23.6017895
std: 0.705078125 ,  0.634765625 SigReg: 21.3803062
std: 0.693847656 ,  0.731445312 SigReg: 21.3803062
std: 0.734375 ,  0.672363281 SigReg: 23.2281342
std: 0.723632812 ,  0.748535156 SigReg: 23.2281342
std: 0.649414062 ,  0.669921875 SigReg: 22.9359035
std: 0.720214844 ,  0.742675781 SigReg: 22.9359035
std: 0.641113281 ,  0.736328125 SigReg: 20.8998566
std: 0.590820312 ,  0.63671875 SigReg: 20.8998566
std: 0.619628906 ,  0.682617188 SigReg: 22.0953293
std: 0.581054688 ,  0.668457031 SigReg: 22.0953293
std: 0.639648438 ,  0.716308594 SigReg: 23.1233597
std: 0.62109375 ,  0.675292969 SigReg: 23.1233597
std: 0.677246094 ,  0.825683594 SigReg: 19.2544632
std: 0.604980469 ,  0.737304688 SigReg: 19.2544632
std: 0.638671875 ,  0.845214844 SigReg: 22.359993
std: 0.649902344 ,  0.974609375 SigReg: 22.359993
std: 0.717285156 ,  0.969238281 SigReg: 18.7753029
std: 0.708007812 ,  0.897460938 SigReg: 18.7753029
std: 0.73046875 ,  1.00195312 SigReg: 20.0616493
std: 0.678222656 ,  1.0234375 SigReg: 20.0616493
std: 0.772949219 ,  0.9375 SigReg: 21.6976204
std: 0.618652344 ,  0.932617188 SigReg: 21.6976204
std: 0.698730469 ,  0.922363281 SigReg: 22.2700443
std: 0.711425781 ,  0.865234375 SigReg: 22.2700443
std: 0.736328125 ,  0.694335938 SigReg: 20.9750977
std: 0.744628906 ,  0.774414062 SigReg: 20.9750977
std: 0.759277344 ,  0.76953125 SigReg: 21.901104
std: 0.549804688 ,  0.801757812 SigReg: 21.901104
std: 0.795898438 ,  0.663085938 SigReg: 21.7000141
std: 0.823242188 ,  0.749511719 SigReg: 21.7000141
std: 0.688476562 ,  0.870117188 SigReg: 25.370636
std: 0.666992188 ,  0.802734375 SigReg: 25.370636
std: 0.662597656 ,  0.872558594 SigReg: 19.7731
std: 0.6875 ,  0.967285156 SigReg: 19.7731
std: 0.653808594 ,  0.924804688 SigReg: 21.2012463
std: 0.744628906 ,  0.83984375 SigReg: 21.2012463
std: 0.669921875 ,  0.850097656 SigReg: 21.5056324
std: 0.647460938 ,  0.893554688 SigReg: 21.5056324
std: 0.604003906 ,  0.888183594 SigReg: 24.1542625
std: 0.665527344 ,  0.79296875 SigReg: 24.1542625
std: 0.708007812 ,  0.810058594 SigReg: 23.9835663
std: 0.586425781 ,  0.806152344 SigReg: 23.9835663
std: 0.605957031 ,  0.793457031 SigReg: 23.9781876
std: 0.659179688 ,  0.640136719 SigReg: 23.9781876
std: 0.680175781 ,  0.977539062 SigReg: 20.6471272
std: 0.627929688 ,  0.987792969 SigReg: 20.6471272
std: 0.715820312 ,  1.05273438 SigReg: 27.6056309
std: 0.675292969 ,  1.07714844 SigReg: 27.6056309
std: 0.659667969 ,  1.01855469 SigReg: 21.0000763
std: 0.672363281 ,  1.171875 SigReg: 21.0000763
  Step 50: Backbone Loss = 2.2173, SIGReg Loss = 21.0001 Probe Loss = 190.7463, Acc = 0.5045
std: 0.663574219 ,  0.990234375 SigReg: 21.2962418
std: 0.755371094 ,  1.10253906 SigReg: 21.2962418
std: 0.574707031 ,  1.06542969 SigReg: 23.6049309
std: 0.681640625 ,  1.07617188 SigReg: 23.6049309
std: 0.748046875 ,  1.09667969 SigReg: 17.2327652
std: 0.677246094 ,  1.04589844 SigReg: 17.2327652
std: 0.751464844 ,  1.14648438 SigReg: 19.6464252
std: 0.754394531 ,  1.01757812 SigReg: 19.6464252
std: 0.759765625 ,  1.14160156 SigReg: 19.7812786
std: 0.75 ,  1.06445312 SigReg: 19.7812786
std: 0.764648438 ,  0.988769531 SigReg: 23.6690464
std: 0.742675781 ,  0.962890625 SigReg: 23.6690464
std: 0.740722656 ,  0.995605469 SigReg: 20.4637871
std: 0.695800781 ,  0.897460938 SigReg: 20.4637871
std: 0.784179688 ,  0.98828125 SigReg: 19.2827721
std: 0.673339844 ,  0.958984375 SigReg: 19.2827721
std: 0.610839844 ,  0.852539062 SigReg: 25.8976269
std: 0.680175781 ,  0.793945312 SigReg: 25.8976269
std: 0.763671875 ,  0.957519531 SigReg: 21.8352795
std: 0.718261719 ,  0.841308594 SigReg: 21.8352795
std: 0.648925781 ,  0.826660156 SigReg: 19.0035973
std: 0.634765625 ,  0.937011719 SigReg: 19.0035973
std: 0.833984375 ,  0.883300781 SigReg: 23.5572128
std: 0.687011719 ,  1.02734375 SigReg: 23.5572128
std: 0.612304688 ,  0.862792969 SigReg: 25.8814545
std: 0.78515625 ,  0.811035156 SigReg: 25.8814545
std: 0.760253906 ,  0.825195312 SigReg: 19.9331017
std: 0.775878906 ,  0.831054688 SigReg: 19.9331017
std: 0.797851562 ,  0.712402344 SigReg: 18.2953472
std: 0.726074219 ,  0.829101562 SigReg: 18.2953472
std: 0.789550781 ,  0.927246094 SigReg: 21.7576218
std: 0.746582031 ,  1.09277344 SigReg: 21.7576218
std: 0.726074219 ,  1.06542969 SigReg: 23.5430031
std: 0.788574219 ,  1.12304688 SigReg: 23.5430031
std: 0.725097656 ,  1.21777344 SigReg: 24.0592594
std: 0.685546875 ,  1.04882812 SigReg: 24.0592594
std: 0.735839844 ,  1.2109375 SigReg: 29.664072
std: 0.572753906 ,  1.06738281 SigReg: 29.664072
std: 0.79296875 ,  1.0546875 SigReg: 29.3561058
std: 0.6796875 ,  1.09277344 SigReg: 29.3561058
std: 0.795898438 ,  1.07128906 SigReg: 27.7895851
std: 0.781738281 ,  1.16308594 SigReg: 27.7895851
std: 0.833984375 ,  1.08984375 SigReg: 25.5639229
std: 0.789550781 ,  1.20703125 SigReg: 25.5639229
std: 0.806152344 ,  1.07910156 SigReg: 23.320488
std: 0.645996094 ,  1.09179688 SigReg: 23.320488
std: 0.757324219 ,  1.02539062 SigReg: 18.0844307
std: 0.784179688 ,  1.04199219 SigReg: 18.0844307
std: 0.896484375 ,  1.07617188 SigReg: 18.8404675
std: 0.764648438 ,  0.990234375 SigReg: 18.8404675
std: 0.829589844 ,  0.986328125 SigReg: 29.0447674
std: 0.797851562 ,  0.936035156 SigReg: 29.0447674
std: 0.945800781 ,  1.02539062 SigReg: 25.0358219
std: 0.852539062 ,  1.03222656 SigReg: 25.0358219
std: 1.00097656 ,  1.02246094 SigReg: 21.8312378
std: 0.989257812 ,  0.983886719 SigReg: 21.8312378
std: 0.939941406 ,  0.893554688 SigReg: 25.6938229
std: 0.880371094 ,  0.909667969 SigReg: 25.6938229
std: 0.889160156 ,  0.829101562 SigReg: 25.9229774
std: 0.908691406 ,  0.805664062 SigReg: 25.9229774
std: 0.91796875 ,  0.83203125 SigReg: 29.4990902
std: 0.873535156 ,  0.78515625 SigReg: 29.4990902
std: 0.877929688 ,  0.760253906 SigReg: 34.4918594
std: 0.98046875 ,  0.811523438 SigReg: 34.4918594
std: 0.853515625 ,  0.741699219 SigReg: 25.360033
std: 0.874511719 ,  0.796386719 SigReg: 25.360033
std: 0.852050781 ,  0.9296875 SigReg: 23.8231354
std: 0.9296875 ,  0.811523438 SigReg: 23.8231354
std: 0.926269531 ,  0.866699219 SigReg: 21.3684521
std: 0.857421875 ,  0.969238281 SigReg: 21.3684521
std: 1.01953125 ,  0.896972656 SigReg: 20.9591217
std: 1.03710938 ,  1.11425781 SigReg: 20.9591217
std: 1.0078125 ,  0.919921875 SigReg: 22.5810127
std: 1.04785156 ,  1.03515625 SigReg: 22.5810127
std: 1.07226562 ,  0.918945312 SigReg: 23.3787746
std: 0.885742188 ,  1.01171875 SigReg: 23.3787746
std: 0.9453125 ,  1.18457031 SigReg: 21.2260551
std: 1.03417969 ,  1.28320312 SigReg: 21.2260551
std: 1.07617188 ,  1.24804688 SigReg: 22.0006332
std: 1.17480469 ,  1.17675781 SigReg: 22.0006332
std: 1.15625 ,  1.23632812 SigReg: 20.5574265
std: 1.16699219 ,  1.11914062 SigReg: 20.5574265
std: 0.923828125 ,  1.17382812 SigReg: 20.0628662
std: 1.02929688 ,  1.26367188 SigReg: 20.0628662
std: 0.986816406 ,  1.22949219 SigReg: 23.7131691
std: 0.917480469 ,  1.31054688 SigReg: 23.7131691
std: 1.04101562 ,  1.16210938 SigReg: 19.9295483
std: 1.07519531 ,  1.18652344 SigReg: 19.9295483
std: 0.910644531 ,  0.966796875 SigReg: 23.4143944
std: 1.00292969 ,  1.15820312 SigReg: 23.4143944
std: 0.954101562 ,  1.05371094 SigReg: 23.6048985
std: 0.919433594 ,  1.13085938 SigReg: 23.6048985
std: 1.07714844 ,  1.15625 SigReg: 21.8371353
std: 1.02636719 ,  1.15917969 SigReg: 21.8371353
std: 0.957519531 ,  1.37988281 SigReg: 22.7177181
std: 0.834960938 ,  1.18945312 SigReg: 22.7177181
std: 0.940917969 ,  1.26074219 SigReg: 18.4810829
std: 0.760742188 ,  1.06445312 SigReg: 18.4810829
std: 0.8671875 ,  1.17675781 SigReg: 22.7779045
std: 0.914550781 ,  1.17089844 SigReg: 22.7779045
  Step 100: Backbone Loss = 2.2825, SIGReg Loss = 22.7779 Probe Loss = 202.8861, Acc = 0.5032
std: 0.850097656 ,  1.22070312 SigReg: 20.7781677
std: 0.905761719 ,  1.21484375 SigReg: 20.7781677
std: 0.950195312 ,  1.11914062 SigReg: 19.3854733
std: 0.9453125 ,  1.515625 SigReg: 19.3854733
std: 0.79296875 ,  1.13574219 SigReg: 18.5647545
std: 0.944824219 ,  1.29785156 SigReg: 18.5647545
std: 0.858886719 ,  1.22167969 SigReg: 22.9998837
std: 0.938964844 ,  1.12304688 SigReg: 22.9998837
std: 0.809082031 ,  0.919433594 SigReg: 19.1246128
std: 0.828125 ,  1.18457031 SigReg: 19.1246128
std: 0.845703125 ,  1.13671875 SigReg: 23.6931133
std: 0.853027344 ,  1.22167969 SigReg: 23.6931133
std: 0.752929688 ,  1.12988281 SigReg: 25.5952187
std: 0.750488281 ,  1.07128906 SigReg: 25.5952187
std: 0.762695312 ,  1.37988281 SigReg: 18.1752186
std: 0.732910156 ,  1.23046875 SigReg: 18.1752186
std: 0.678710938 ,  1.25585938 SigReg: 23.0046043
std: 0.698242188 ,  1.26171875 SigReg: 23.0046043
std: 0.696289062 ,  1.09570312 SigReg: 21.3833504
std: 0.680664062 ,  1.07324219 SigReg: 21.3833504
std: 0.739746094 ,  1.10742188 SigReg: 21.3170967
std: 0.666992188 ,  1.10546875 SigReg: 21.3170967
std: 0.791503906 ,  1.046875 SigReg: 20.123497
std: 0.6953125 ,  1.125 SigReg: 20.123497
std: 0.7109375 ,  1.08300781 SigReg: 22.4994946
std: 0.727050781 ,  1.05859375 SigReg: 22.4994946
std: 0.644042969 ,  1.26171875 SigReg: 22.5997868
std: 0.650390625 ,  1.10351562 SigReg: 22.5997868
std: 0.799804688 ,  1.10058594 SigReg: 22.1026764
std: 0.681640625 ,  1.11523438 SigReg: 22.1026764
std: 0.789550781 ,  0.961914062 SigReg: 21.3334885
std: 0.764160156 ,  0.967285156 SigReg: 21.3334885
std: 0.809570312 ,  0.965820312 SigReg: 18.5530434
std: 0.784179688 ,  1.0703125 SigReg: 18.5530434
std: 0.774902344 ,  1.03320312 SigReg: 19.9559383
std: 0.798828125 ,  0.942382812 SigReg: 19.9559383
std: 0.837890625 ,  1.09667969 SigReg: 19.0558681
std: 0.806152344 ,  1.0859375 SigReg: 19.0558681
std: 0.713378906 ,  1.06640625 SigReg: 32.1217155
std: 0.810546875 ,  1.07128906 SigReg: 32.1217155
std: 0.882324219 ,  1.15039062 SigReg: 24.2249
std: 0.74609375 ,  1.24609375 SigReg: 24.2249
std: 0.84375 ,  1.07714844 SigReg: 20.5695953
std: 0.939941406 ,  1.16992188 SigReg: 20.5695953
std: 0.889160156 ,  1.02441406 SigReg: 19.7163754
std: 0.770019531 ,  1.27148438 SigReg: 19.7163754
std: 0.846679688 ,  1.12011719 SigReg: 20.9441
std: 0.941894531 ,  1.16210938 SigReg: 20.9441
std: 0.928222656 ,  1.15820312 SigReg: 20.3382835
std: 0.862792969 ,  1.078125 SigReg: 20.3382835
std: 0.850097656 ,  1.08203125 SigReg: 20.7807598
std: 0.954589844 ,  1.11132812 SigReg: 20.7807598
std: 0.841796875 ,  0.961914062 SigReg: 19.9375019
std: 0.950683594 ,  0.998535156 SigReg: 19.9375019
std: 0.817382812 ,  1.0859375 SigReg: 19.4235325
std: 1.03417969 ,  0.900878906 SigReg: 19.4235325
std: 0.935546875 ,  0.890625 SigReg: 22.1464939
std: 1.04394531 ,  0.928222656 SigReg: 22.1464939
std: 0.932128906 ,  1.07714844 SigReg: 20.8055534
std: 1.05761719 ,  1.08398438 SigReg: 20.8055534
std: 0.900878906 ,  1.01171875 SigReg: 23.7271748
std: 0.964355469 ,  1.02441406 SigReg: 23.7271748
std: 0.793457031 ,  1.02246094 SigReg: 21.9308872
std: 0.99609375 ,  1.17480469 SigReg: 21.9308872
std: 0.974121094 ,  1.00976562 SigReg: 22.4936333
std: 1.0390625 ,  1.01757812 SigReg: 22.4936333
std: 0.953125 ,  1.08398438 SigReg: 18.3723946
std: 0.994140625 ,  1.13378906 SigReg: 18.3723946
std: 1.14941406 ,  1.0390625 SigReg: 23.9453697
std: 1.06835938 ,  1.09960938 SigReg: 23.9453697
std: 0.971191406 ,  1.09277344 SigReg: 21.6387978
std: 1.16503906 ,  1.08105469 SigReg: 21.6387978
std: 1.23242188 ,  1.046875 SigReg: 18.9574776
std: 1.08691406 ,  1.16210938 SigReg: 18.9574776
std: 1.29589844 ,  1.07617188 SigReg: 27.3097534
std: 0.8515625 ,  1.11621094 SigReg: 27.3097534
std: 0.953613281 ,  1.28808594 SigReg: 22.9305305
std: 0.954589844 ,  1.31933594 SigReg: 22.9305305
std: 1.04003906 ,  1.19140625 SigReg: 18.2106056
std: 0.946289062 ,  1.34472656 SigReg: 18.2106056
std: 1.08300781 ,  1.26074219 SigReg: 18.189146
std: 1.1875 ,  1.20898438 SigReg: 18.189146
std: 0.852539062 ,  1.24023438 SigReg: 21.0498829
std: 1.21875 ,  1.12011719 SigReg: 21.0498829
std: 1.19628906 ,  1.24023438 SigReg: 21.9230824
std: 1.2421875 ,  1.36621094 SigReg: 21.9230824
std: 1.15625 ,  1.17578125 SigReg: 24.017107
std: 1.37597656 ,  1.203125 SigReg: 24.017107
std: 1.26367188 ,  1.27929688 SigReg: 22.1971645
std: 1.10839844 ,  1.20507812 SigReg: 22.1971645
std: 1.0625 ,  1.25976562 SigReg: 21.0429878
std: 1.16210938 ,  1.17480469 SigReg: 21.0429878
std: 1.17285156 ,  1.13867188 SigReg: 18.2286797
std: 1.13183594 ,  1.14941406 SigReg: 18.2286797
std: 1.16210938 ,  1.11621094 SigReg: 21.0379753
std: 1.03808594 ,  0.991210938 SigReg: 21.0379753
std: 1.05761719 ,  1.08691406 SigReg: 21.2009201
std: 1.02734375 ,  1.05957031 SigReg: 21.2009201
std: 1.08496094 ,  1.11914062 SigReg: 22.4089508
std: 0.938476562 ,  1.19824219 SigReg: 22.4089508
  Step 150: Backbone Loss = 2.2909, SIGReg Loss = 22.4090 Probe Loss = 226.8991, Acc = 0.4894
std: 0.986816406 ,  1.13378906 SigReg: 21.3620834
std: 1.0703125 ,  1.09472656 SigReg: 21.3620834
std: 0.913085938 ,  1.20800781 SigReg: 18.4311695
std: 1.12109375 ,  1.1875 SigReg: 18.4311695
std: 1.09277344 ,  1.1640625 SigReg: 22.2517929
std: 0.868652344 ,  1.22753906 SigReg: 22.2517929
std: 0.952636719 ,  1.22753906 SigReg: 19.6063709
std: 1.15429688 ,  1.20703125 SigReg: 19.6063709
std: 1.04394531 ,  1.4296875 SigReg: 18.1199379
std: 0.870117188 ,  1.33105469 SigReg: 18.1199379
std: 1.07128906 ,  1.30859375 SigReg: 19.3400345
std: 1.05078125 ,  1.27832031 SigReg: 19.3400345
std: 1.17871094 ,  1.24707031 SigReg: 18.9533863
std: 1.07910156 ,  1.26367188 SigReg: 18.9533863
std: 0.852539062 ,  1.27636719 SigReg: 20.5188751
std: 1.11621094 ,  1.19824219 SigReg: 20.5188751
std: 1.34082031 ,  1.13085938 SigReg: 22.0194187
std: 1.21484375 ,  1.1953125 SigReg: 22.0194187
std: 1.36523438 ,  1.265625 SigReg: 18.6180553
std: 1.40722656 ,  1.22949219 SigReg: 18.6180553
std: 1.22949219 ,  1.18457031 SigReg: 23.2694206
std: 1.29101562 ,  1.34765625 SigReg: 23.2694206
std: 0.985351562 ,  1.16992188 SigReg: 26.6244812
std: 1.10351562 ,  1.31445312 SigReg: 26.6244812
std: 1.24316406 ,  1.01074219 SigReg: 21.9182758
std: 1.11816406 ,  1.21582031 SigReg: 21.9182758
std: 1.0234375 ,  0.968261719 SigReg: 27.1235676
std: 1.0390625 ,  0.952148438 SigReg: 27.1235676
std: 0.990722656 ,  1.08789062 SigReg: 27.7670422
std: 0.967773438 ,  0.819824219 SigReg: 27.7670422
std: 1.08203125 ,  0.869628906 SigReg: 22.4014721
std: 1.07519531 ,  0.912597656 SigReg: 22.4014721
std: 1.05371094 ,  0.990722656 SigReg: 20.2652664
std: 1.01757812 ,  0.943847656 SigReg: 20.2652664
std: 0.931152344 ,  0.951171875 SigReg: 19.5790215
std: 0.953613281 ,  0.961425781 SigReg: 19.5790215
std: 1.04785156 ,  1.02734375 SigReg: 20.504528
std: 0.821777344 ,  0.828125 SigReg: 20.504528
std: 1.05859375 ,  0.985839844 SigReg: 20.0080299
std: 1.00683594 ,  0.932617188 SigReg: 20.0080299
std: 1.15234375 ,  0.953125 SigReg: 20.9329567
std: 1.14160156 ,  1.05371094 SigReg: 20.9329567
std: 1.13183594 ,  0.90625 SigReg: 20.3808575
std: 1.46386719 ,  0.942871094 SigReg: 20.3808575
std: 1.03320312 ,  1.04589844 SigReg: 21.6466751
std: 1.08007812 ,  1.09570312 SigReg: 21.6466751
std: 1.32714844 ,  0.972167969 SigReg: 28.6821175
std: 1.08203125 ,  0.808105469 SigReg: 28.6821175
std: 1.00195312 ,  0.825195312 SigReg: 22.8287544
std: 1.08984375 ,  0.935546875 SigReg: 22.8287544
std: 1.10351562 ,  1.03613281 SigReg: 24.1489258
std: 1.06445312 ,  0.895996094 SigReg: 24.1489258
std: 1.05761719 ,  0.886230469 SigReg: 23.0847359
std: 1.09765625 ,  0.926269531 SigReg: 23.0847359
std: 0.995605469 ,  0.843261719 SigReg: 24.1650925
std: 1.11328125 ,  0.964355469 SigReg: 24.1650925
std: 0.995605469 ,  1.06542969 SigReg: 18.8420658
std: 1.01074219 ,  0.887695312 SigReg: 18.8420658
std: 0.943359375 ,  0.879882812 SigReg: 20.0879
std: 1.10839844 ,  0.946777344 SigReg: 20.0879
std: 0.999023438 ,  0.898925781 SigReg: 23.8190422
std: 0.998535156 ,  0.853027344 SigReg: 23.8190422
std: 1.1953125 ,  1.06640625 SigReg: 18.6351604
std: 0.973144531 ,  0.983886719 SigReg: 18.6351604
std: 1.08398438 ,  0.892089844 SigReg: 20.1074162
std: 0.969238281 ,  1.03222656 SigReg: 20.1074162
std: 0.937011719 ,  1.07128906 SigReg: 19.9094238
std: 0.896972656 ,  0.860351562 SigReg: 19.9094238
std: 1.18652344 ,  1.02050781 SigReg: 22.1914387
std: 1.16796875 ,  1.14648438 SigReg: 22.1914387
std: 1.11132812 ,  1.11816406 SigReg: 19.0874405
std: 1.25976562 ,  1.03222656 SigReg: 19.0874405
std: 1.20898438 ,  1.20800781 SigReg: 19.8353634
std: 1.19628906 ,  1.10839844 SigReg: 19.8353634
std: 1.16210938 ,  1.0390625 SigReg: 20.5289459
std: 1.06738281 ,  1.09960938 SigReg: 20.5289459
std: 1.23730469 ,  1.13964844 SigReg: 20.391613
std: 1.20410156 ,  1.17382812 SigReg: 20.391613
std: 1.03613281 ,  1.06640625 SigReg: 23.6248112
std: 1.03125 ,  0.996582031 SigReg: 23.6248112
std: 1.00976562 ,  1.125 SigReg: 20.9809933
std: 1.05175781 ,  1.21191406 SigReg: 20.9809933
std: 0.982910156 ,  1.09375 SigReg: 21.0152378
std: 0.953613281 ,  1.07324219 SigReg: 21.0152378
std: 0.967773438 ,  1.08789062 SigReg: 22.9115086
std: 0.891113281 ,  1.0390625 SigReg: 22.9115086
std: 0.96875 ,  1.19628906 SigReg: 30.7469807
std: 1.04589844 ,  1.04589844 SigReg: 30.7469807
std: 1.046875 ,  1.08398438 SigReg: 22.5511513
std: 1.16796875 ,  1.08789062 SigReg: 22.5511513
std: 1.09179688 ,  1.06738281 SigReg: 23.3367653
std: 1.07128906 ,  1.04101562 SigReg: 23.3367653
std: 1.21484375 ,  1.11816406 SigReg: 22.7351151
std: 1.08886719 ,  1.10351562 SigReg: 22.7351151
std: 1.140625 ,  1.16796875 SigReg: 24.3838253
std: 0.939453125 ,  1.29394531 SigReg: 24.3838253
std: 1.08300781 ,  1.2890625 SigReg: 25.8154163
std: 0.8984375 ,  1.19628906 SigReg: 25.8154163
std: 0.976074219 ,  1.35449219 SigReg: 19.7374496
std: 0.990722656 ,  1.22167969 SigReg: 19.7374496
  Step 200: Backbone Loss = 2.1035, SIGReg Loss = 19.7374 Probe Loss = 216.3054, Acc = 0.5004
std: 0.901367188 ,  1.27441406 SigReg: 22.5378876
std: 1.0859375 ,  1.16601562 SigReg: 22.5378876
std: 1.00097656 ,  1.17578125 SigReg: 27.3184891
std: 0.937988281 ,  1.11132812 SigReg: 27.3184891
std: 0.975585938 ,  1.02050781 SigReg: 22.600317
std: 1.02539062 ,  1.10546875 SigReg: 22.600317
std: 0.952636719 ,  1.12890625 SigReg: 22.9535599
std: 0.969238281 ,  0.977050781 SigReg: 22.9535599
std: 1.00878906 ,  1.24023438 SigReg: 21.5532913
std: 0.990234375 ,  1.08398438 SigReg: 21.5532913
std: 0.94921875 ,  1.05664062 SigReg: 21.3375092
std: 1.04785156 ,  1.19238281 SigReg: 21.3375092
std: 0.951171875 ,  1.18847656 SigReg: 19.9752712
std: 1.09375 ,  0.987792969 SigReg: 19.9752712
std: 1.08398438 ,  1.29394531 SigReg: 23.3640633
std: 1.04003906 ,  1.33691406 SigReg: 23.3640633
std: 1.19433594 ,  1.27929688 SigReg: 20.9107952
std: 0.900390625 ,  1.21777344 SigReg: 20.9107952
std: 1.09375 ,  1.22558594 SigReg: 22.9046593
std: 1.16503906 ,  1.26855469 SigReg: 22.9046593
std: 1.16601562 ,  1.32519531 SigReg: 20.357523
std: 1.03515625 ,  1.36035156 SigReg: 20.357523
std: 1.00976562 ,  1.31640625 SigReg: 23.1838493
std: 1.10351562 ,  1.37304688 SigReg: 23.1838493
std: 1.13574219 ,  1.14257812 SigReg: 26.2563305
std: 1.03320312 ,  1.17480469 SigReg: 26.2563305
std: 1.20117188 ,  1.12792969 SigReg: 28.7761745
std: 1.12890625 ,  1.04785156 SigReg: 28.7761745
std: 1.13964844 ,  1.13867188 SigReg: 22.8496494
std: 1.21289062 ,  1.09375 SigReg: 22.8496494
std: 1.05761719 ,  1.12597656 SigReg: 20.6084194
std: 1.0859375 ,  1.08007812 SigReg: 20.6084194
std: 1.02929688 ,  1.13867188 SigReg: 25.2454567
std: 1.10253906 ,  1.25195312 SigReg: 25.2454567
std: 1.18847656 ,  1.20117188 SigReg: 28.6407089
std: 1.16796875 ,  1.14941406 SigReg: 28.6407089
std: 1.09667969 ,  1.0625 SigReg: 25.2030067
std: 1.02050781 ,  1.015625 SigReg: 25.2030067
std: 0.931640625 ,  0.991699219 SigReg: 24.4996796
std: 0.997070312 ,  1.00683594 SigReg: 24.4996796
std: 1.06835938 ,  1.10058594 SigReg: 20.1689358
std: 1.08007812 ,  0.993164062 SigReg: 20.1689358
std: 1.11230469 ,  1.0625 SigReg: 17.8311272
std: 1.14648438 ,  0.999511719 SigReg: 17.8311272
std: 1.14355469 ,  1.04101562 SigReg: 17.5096645
std: 0.999511719 ,  0.956054688 SigReg: 17.5096645
std: 1.00195312 ,  0.844726562 SigReg: 18.0061302
std: 1.18652344 ,  1.07324219 SigReg: 18.0061302
std: 0.966308594 ,  1.12207031 SigReg: 18.967165
std: 1.1171875 ,  1.14355469 SigReg: 18.967165
std: 1.22167969 ,  1.14257812 SigReg: 21.5179348
std: 0.930175781 ,  0.96875 SigReg: 21.5179348
std: 1.0703125 ,  1.1953125 SigReg: 16.7786102
std: 1.05957031 ,  1.07519531 SigReg: 16.7786102
std: 0.991699219 ,  1.15820312 SigReg: 19.1552544
std: 1.13085938 ,  1.11816406 SigReg: 19.1552544
std: 1.03125 ,  1.15332031 SigReg: 26.3447876
std: 0.958984375 ,  1.12988281 SigReg: 26.3447876
std: 1.25878906 ,  1.20703125 SigReg: 21.2770348
std: 1.1484375 ,  1.29003906 SigReg: 21.2770348
std: 1.11425781 ,  1.1015625 SigReg: 18.7565
std: 1.13085938 ,  1.06054688 SigReg: 18.7565
std: 1.09375 ,  1.046875 SigReg: 17.5287857
std: 1.05761719 ,  1.19628906 SigReg: 17.5287857
std: 0.91796875 ,  1.078125 SigReg: 19.2111835
std: 1.02734375 ,  1.2265625 SigReg: 19.2111835
std: 0.965820312 ,  1.12011719 SigReg: 20.3657379
std: 1.21582031 ,  1.26269531 SigReg: 20.3657379
std: 1.1875 ,  1.13964844 SigReg: 18.8969727
std: 1.265625 ,  1.10546875 SigReg: 18.8969727
std: 1.18164062 ,  1.19042969 SigReg: 18.0222511
std: 1.10351562 ,  1.16601562 SigReg: 18.0222511
std: 1.36425781 ,  1.140625 SigReg: 23.3512802
std: 1.28710938 ,  1.15625 SigReg: 23.3512802
std: 1.328125 ,  1.29785156 SigReg: 19.4172955
std: 1.18164062 ,  1.26464844 SigReg: 19.4172955
std: 1.32617188 ,  1.26855469 SigReg: 19.9524384
std: 1.48535156 ,  1.35058594 SigReg: 19.9524384
std: 1.45996094 ,  1.44628906 SigReg: 16.4603519
std: 1.30859375 ,  1.30664062 SigReg: 16.4603519
std: 1.45410156 ,  1.32128906 SigReg: 18.133009
std: 1.35351562 ,  1.07324219 SigReg: 18.133009
std: 1.359375 ,  1.1171875 SigReg: 23.3024406
std: 1.43945312 ,  1.30664062 SigReg: 23.3024406
std: 1.3671875 ,  1.20703125 SigReg: 20.9350662
std: 1.38476562 ,  1.15917969 SigReg: 20.9350662
std: 1.46875 ,  1.1875 SigReg: 20.6442184
std: 1.21777344 ,  1.11621094 SigReg: 20.6442184
std: 1.3046875 ,  1.20507812 SigReg: 27.9656963
std: 1.26953125 ,  1.1875 SigReg: 27.9656963
std: 1.1171875 ,  1.20410156 SigReg: 20.9952888
std: 1.22363281 ,  1.05957031 SigReg: 20.9952888
std: 1.19238281 ,  0.980957031 SigReg: 22.631834
std: 1.21484375 ,  0.937011719 SigReg: 22.631834
std: 1.38476562 ,  1.11230469 SigReg: 22.4219093
std: 1.25390625 ,  0.915039062 SigReg: 22.4219093
std: 1.27832031 ,  1.05859375 SigReg: 24.3109112
std: 1.23339844 ,  1.13574219 SigReg: 24.3109112
std: 1.25976562 ,  1.05957031 SigReg: 22.1422844
std: 1.3515625 ,  1.20117188 SigReg: 22.1422844
  Step 250: Backbone Loss = 2.2267, SIGReg Loss = 22.1423 Probe Loss = 204.1634, Acc = 0.4920
std: 1.31347656 ,  1.00488281 SigReg: 25.4410057
std: 1.31054688 ,  1.10351562 SigReg: 25.4410057
std: 1.125 ,  0.849121094 SigReg: 19.7737865
std: 1.22949219 ,  1.01855469 SigReg: 19.7737865
std: 1.24316406 ,  1.20214844 SigReg: 19.0085697
std: 1.23339844 ,  1.05664062 SigReg: 19.0085697
std: 1.26171875 ,  1.12109375 SigReg: 21.3259659
std: 1.17382812 ,  1.08984375 SigReg: 21.3259659
std: 1.42480469 ,  1.21972656 SigReg: 20.4819164
std: 1.19628906 ,  0.957519531 SigReg: 20.4819164
std: 1.18164062 ,  1.1484375 SigReg: 22.0649
std: 1.37792969 ,  1.12402344 SigReg: 22.0649
std: 1.31347656 ,  1.22363281 SigReg: 23.563673
std: 1.29882812 ,  1.30175781 SigReg: 23.563673
std: 1.40722656 ,  1.203125 SigReg: 22.0925426
std: 1.39160156 ,  1.14550781 SigReg: 22.0925426
std: 1.44726562 ,  1.29882812 SigReg: 19.3645134
std: 1.26855469 ,  1.265625 SigReg: 19.3645134
std: 1.48242188 ,  1.34472656 SigReg: 21.1156902
std: 1.26269531 ,  1.08984375 SigReg: 21.1156902
std: 1.2578125 ,  1.2421875 SigReg: 18.8863983
std: 1.41210938 ,  1.29882812 SigReg: 18.8863983
std: 1.23828125 ,  1.10839844 SigReg: 21.0116
std: 1.2421875 ,  0.998535156 SigReg: 21.0116
std: 1.49609375 ,  1.25976562 SigReg: 17.7150173
std: 1.41796875 ,  1.20996094 SigReg: 17.7150173
std: 1.39257812 ,  1.26171875 SigReg: 19.6646481
std: 1.44921875 ,  1.15625 SigReg: 19.6646481
std: 1.25585938 ,  1.22070312 SigReg: 17.8690224
std: 1.43164062 ,  1.09667969 SigReg: 17.8690224
std: 1.32617188 ,  1.03125 SigReg: 18.082243
std: 1.40429688 ,  1.08789062 SigReg: 18.082243
std: 1.23925781 ,  1.03125 SigReg: 21.902689
std: 1.43652344 ,  1.06640625 SigReg: 21.902689
std: 1.47265625 ,  1.09472656 SigReg: 23.0177097
std: 1.38769531 ,  1.09375 SigReg: 23.0177097
std: 1.38671875 ,  1.11132812 SigReg: 22.7793827
std: 1.25097656 ,  1.02441406 SigReg: 22.7793827
std: 1.29394531 ,  1.16015625 SigReg: 18.8813782
std: 1.37011719 ,  1.13964844 SigReg: 18.8813782
std: 1.17382812 ,  1.00683594 SigReg: 19.2314301
std: 1.16894531 ,  1.09082031 SigReg: 19.2314301
std: 1.24121094 ,  1.12695312 SigReg: 24.0129662
std: 1.2890625 ,  1.14453125 SigReg: 24.0129662
std: 1.11425781 ,  1.04785156 SigReg: 28.3246746
std: 0.990722656 ,  1.02148438 SigReg: 28.3246746
std: 1.15429688 ,  1.13183594 SigReg: 18.6856728
std: 1.37304688 ,  1.14648438 SigReg: 18.6856728
std: 1.43652344 ,  1.23242188 SigReg: 16.1891365
std: 1.36914062 ,  1.17089844 SigReg: 16.1891365
std: 1.17675781 ,  1.12109375 SigReg: 20.5062027
std: 1.29101562 ,  1.16503906 SigReg: 20.5062027
std: 1.29199219 ,  1.05859375 SigReg: 23.5716534
std: 1.1953125 ,  0.959472656 SigReg: 23.5716534
std: 1.39746094 ,  1.14453125 SigReg: 23.136549
std: 1.453125 ,  1.22363281 SigReg: 23.136549
std: 1.42871094 ,  1.14550781 SigReg: 22.3831043
std: 1.35742188 ,  1.11230469 SigReg: 22.3831043
std: 1.49707031 ,  1.09375 SigReg: 20.451725
std: 1.45898438 ,  1.15722656 SigReg: 20.451725
std: 1.5078125 ,  1.1875 SigReg: 21.735775
std: 1.55664062 ,  1.37109375 SigReg: 21.735775
std: 1.41308594 ,  1.1171875 SigReg: 22.2259674
std: 1.39648438 ,  1.16796875 SigReg: 22.2259674
std: 1.36523438 ,  1.1875 SigReg: 19.67486
std: 1.50195312 ,  1.20605469 SigReg: 19.67486
std: 1.41894531 ,  1.19726562 SigReg: 18.8036
std: 1.68652344 ,  1.23925781 SigReg: 18.8036
std: 1.6953125 ,  1.38574219 SigReg: 19.5968647
std: 1.67480469 ,  1.33496094 SigReg: 19.5968647
std: 1.6015625 ,  1.30957031 SigReg: 20.6492081
std: 1.62890625 ,  1.49902344 SigReg: 20.6492081
std: 1.69140625 ,  1.4453125 SigReg: 19.8055687
std: 1.36035156 ,  1.18652344 SigReg: 19.8055687
std: 1.32617188 ,  1.16503906 SigReg: 21.3495178
std: 1.48339844 ,  1.12109375 SigReg: 21.3495178
std: 1.38867188 ,  1.1875 SigReg: 27.7018661
std: 1.35253906 ,  1.32226562 SigReg: 27.7018661
std: 1.4140625 ,  1.2421875 SigReg: 18.7410564
std: 1.39355469 ,  1.28027344 SigReg: 18.7410564
std: 1.40722656 ,  1.2265625 SigReg: 19.5737343
std: 1.40527344 ,  1.15136719 SigReg: 19.5737343
std: 1.34375 ,  1.41113281 SigReg: 23.3368912
std: 1.55078125 ,  1.2734375 SigReg: 23.3368912
std: 1.46484375 ,  1.12011719 SigReg: 20.1617088
std: 1.3671875 ,  1.08691406 SigReg: 20.1617088
std: 1.32421875 ,  1.30371094 SigReg: 22.1088409
std: 1.59375 ,  1.35644531 SigReg: 22.1088409
std: 1.29980469 ,  1.16992188 SigReg: 22.9540234
std: 1.46875 ,  1.26855469 SigReg: 22.9540234
std: 1.57128906 ,  1.28417969 SigReg: 22.6160927
std: 1.57910156 ,  1.27832031 SigReg: 22.6160927
std: 1.63769531 ,  1.39257812 SigReg: 18.3080368
std: 1.49902344 ,  1.22363281 SigReg: 18.3080368
std: 1.70898438 ,  1.39257812 SigReg: 23.1676922
std: 1.68359375 ,  1.44726562 SigReg: 23.1676922
std: 1.66601562 ,  1.53222656 SigReg: 20.3523331
std: 1.61816406 ,  1.36035156 SigReg: 20.3523331
std: 1.61230469 ,  1.35742188 SigReg: 20.8897038
std: 1.37011719 ,  1.28710938 SigReg: 20.8897038
  Step 300: Backbone Loss = 2.1733, SIGReg Loss = 20.8897 Probe Loss = 194.7531, Acc = 0.5055
std: 1.48535156 ,  1.2578125 SigReg: 20.0585384
std: 1.61523438 ,  1.3671875 SigReg: 20.0585384
std: 1.61132812 ,  1.41210938 SigReg: 18.3792229
std: 1.68066406 ,  1.38574219 SigReg: 18.3792229
std: 1.56347656 ,  1.34960938 SigReg: 19.6344528
std: 1.54199219 ,  1.22167969 SigReg: 19.6344528
std: 1.64355469 ,  1.41894531 SigReg: 20.0867977
std: 1.51464844 ,  1.14355469 SigReg: 20.0867977
std: 1.43359375 ,  1.28417969 SigReg: 20.5490723
std: 1.63867188 ,  1.43359375 SigReg: 20.5490723
std: 1.3125 ,  1.25976562 SigReg: 21.085434
std: 1.55761719 ,  1.28027344 SigReg: 21.085434
Epoch 7 finished in 246.90s.
  Avg Backbone Loss: 2.2411
  Avg Probe Loss:    202.3707
  Avg Probe Accuracy: 0.5027

Epoch 8/100
std: 1.46679688 ,  1.18847656 SigReg: 19.9307251
std: 1.65136719 ,  1.34472656 SigReg: 19.9307251
  Step 0: Backbone Loss = 2.0785, SIGReg Loss = 19.9307 Probe Loss = 203.1068, Acc = 0.5118
std: 1.76269531 ,  1.33398438 SigReg: 23.7731361
std: 1.72363281 ,  1.42285156 SigReg: 23.7731361
std: 1.60839844 ,  1.21191406 SigReg: 20.0337524
std: 1.57128906 ,  1.20507812 SigReg: 20.0337524
std: 1.56152344 ,  1.33300781 SigReg: 21.6214657
std: 1.67578125 ,  1.33691406 SigReg: 21.6214657
std: 1.52539062 ,  1.29003906 SigReg: 16.5784187
std: 1.58007812 ,  1.31835938 SigReg: 16.5784187
std: 1.38671875 ,  1.26757812 SigReg: 17.6938324
std: 1.6484375 ,  1.41308594 SigReg: 17.6938324
std: 1.46484375 ,  1.21386719 SigReg: 16.9194202
std: 1.45410156 ,  1.22070312 SigReg: 16.9194202
std: 1.4140625 ,  1.12792969 SigReg: 19.2662716
std: 1.53320312 ,  1.21289062 SigReg: 19.2662716
std: 1.42773438 ,  1.08398438 SigReg: 18.7644539
std: 1.42480469 ,  1.34570312 SigReg: 18.7644539
std: 1.47070312 ,  1.21386719 SigReg: 18.3448658
std: 1.57324219 ,  1.26171875 SigReg: 18.3448658
std: 1.54589844 ,  1.25976562 SigReg: 18.2604866
std: 1.48925781 ,  1.296875 SigReg: 18.2604866
std: 1.6171875 ,  1.40332031 SigReg: 18.5254211
std: 1.51269531 ,  1.3671875 SigReg: 18.5254211
std: 1.47070312 ,  1.328125 SigReg: 22.5556145
std: 1.5390625 ,  1.40429688 SigReg: 22.5556145
std: 1.49023438 ,  1.34570312 SigReg: 18.2602386
std: 1.38964844 ,  1.30175781 SigReg: 18.2602386
std: 1.5078125 ,  1.43945312 SigReg: 27.6428547
std: 1.28613281 ,  1.28222656 SigReg: 27.6428547
std: 1.72558594 ,  1.46875 SigReg: 19.6279945
std: 1.60839844 ,  1.39746094 SigReg: 19.6279945
std: 1.5546875 ,  1.35449219 SigReg: 21.723484
std: 1.55273438 ,  1.43945312 SigReg: 21.723484
std: 1.35742188 ,  1.39355469 SigReg: 18.1464729
std: 1.55859375 ,  1.30761719 SigReg: 18.1464729
std: 1.60546875 ,  1.39550781 SigReg: 17.214489
std: 1.46679688 ,  1.27148438 SigReg: 17.214489
std: 1.7265625 ,  1.34277344 SigReg: 17.719902
std: 1.82324219 ,  1.4765625 SigReg: 17.719902
std: 1.80566406 ,  1.54003906 SigReg: 20.067831
std: 1.62109375 ,  1.58203125 SigReg: 20.067831
std: 1.58203125 ,  1.28515625 SigReg: 19.3996887
std: 1.68554688 ,  1.42578125 SigReg: 19.3996887
std: 1.86328125 ,  1.46875 SigReg: 17.6243839
std: 1.65332031 ,  1.375 SigReg: 17.6243839
std: 1.68945312 ,  1.33300781 SigReg: 19.5317936
std: 1.66699219 ,  1.27734375 SigReg: 19.5317936
std: 1.80957031 ,  1.28808594 SigReg: 24.7630463
std: 1.67285156 ,  1.19726562 SigReg: 24.7630463
std: 1.90625 ,  1.3203125 SigReg: 26.7895985
std: 1.82617188 ,  1.28710938 SigReg: 26.7895985
std: 1.43164062 ,  0.900878906 SigReg: 28.8012676
std: 1.62207031 ,  1.05761719 SigReg: 28.8012676
std: 1.73535156 ,  1.07714844 SigReg: 18.383564
std: 1.98242188 ,  1.26367188 SigReg: 18.383564
std: 1.63183594 ,  1.09179688 SigReg: 20.6385231
std: 1.68847656 ,  1.09765625 SigReg: 20.6385231
std: 1.91015625 ,  1.31542969 SigReg: 22.0263386
std: 1.78125 ,  1.20996094 SigReg: 22.0263386
std: 1.83203125 ,  1.25292969 SigReg: 18.3597889
std: 1.80175781 ,  1.13476562 SigReg: 18.3597889
std: 1.77246094 ,  1.140625 SigReg: 18.2132759
std: 1.76953125 ,  1.15722656 SigReg: 18.2132759
std: 1.84472656 ,  1.11621094 SigReg: 21.8731937
std: 1.99902344 ,  1.1875 SigReg: 21.8731937
std: 1.42285156 ,  1.10644531 SigReg: 20.4459915
std: 1.54003906 ,  1.00390625 SigReg: 20.4459915
std: 1.7578125 ,  1.05957031 SigReg: 19.2571583
std: 1.54980469 ,  1.0703125 SigReg: 19.2571583
std: 1.84179688 ,  1.17675781 SigReg: 22.1795464
std: 1.44726562 ,  0.9921875 SigReg: 22.1795464
std: 1.43164062 ,  0.935058594 SigReg: 19.2025852
std: 1.59570312 ,  1.04296875 SigReg: 19.2025852
std: 1.40917969 ,  0.987304688 SigReg: 21.2918777
std: 1.35839844 ,  0.905273438 SigReg: 21.2918777
std: 1.25683594 ,  0.912597656 SigReg: 28.0818367
std: 1.37207031 ,  0.950683594 SigReg: 28.0818367
std: 1.27832031 ,  0.931640625 SigReg: 24.2306061
std: 1.4453125 ,  0.967773438 SigReg: 24.2306061
std: 1.42871094 ,  1.02832031 SigReg: 24.5168343
std: 1.32128906 ,  0.908203125 SigReg: 24.5168343
std: 1.53320312 ,  1.03125 SigReg: 21.1600666
std: 1.55273438 ,  0.983886719 SigReg: 21.1600666
std: 1.57714844 ,  1.04003906 SigReg: 18.3176651
std: 1.79980469 ,  1.14941406 SigReg: 18.3176651
std: 1.56835938 ,  1.12109375 SigReg: 17.2953148
std: 1.56347656 ,  1.1171875 SigReg: 17.2953148
std: 1.65722656 ,  1.1328125 SigReg: 17.8002319
std: 1.49121094 ,  1.140625 SigReg: 17.8002319
std: 1.57128906 ,  1.22753906 SigReg: 19.2915039
std: 1.71289062 ,  1.13476562 SigReg: 19.2915039
std: 1.72265625 ,  1.11816406 SigReg: 19.9429531
std: 1.80859375 ,  1.20410156 SigReg: 19.9429531
std: 1.93261719 ,  1.28515625 SigReg: 21.3927765
std: 1.74316406 ,  1.29101562 SigReg: 21.3927765
std: 1.64160156 ,  1.15429688 SigReg: 17.3820915
std: 1.35449219 ,  1.20117188 SigReg: 17.3820915
std: 1.60058594 ,  1.0078125 SigReg: 17.1707592
std: 1.36816406 ,  0.926269531 SigReg: 17.1707592
std: 1.78320312 ,  1.21972656 SigReg: 16.2460251
std: 1.55078125 ,  1.09082031 SigReg: 16.2460251
  Step 50: Backbone Loss = 1.9977, SIGReg Loss = 16.2460 Probe Loss = 190.0467, Acc = 0.4982
std: 1.36230469 ,  1.01953125 SigReg: 15.0136509
std: 1.4765625 ,  0.978515625 SigReg: 15.0136509
std: 1.55957031 ,  1.0625 SigReg: 17.6079426
std: 1.50976562 ,  1.0546875 SigReg: 17.6079426
std: 1.64648438 ,  1.12890625 SigReg: 19.48526
std: 1.63378906 ,  1.08300781 SigReg: 19.48526
std: 1.41503906 ,  0.907714844 SigReg: 18.6928768
std: 1.62695312 ,  1.05761719 SigReg: 18.6928768
std: 1.37402344 ,  0.938476562 SigReg: 22.818924
std: 1.56835938 ,  0.95703125 SigReg: 22.818924
std: 1.60058594 ,  0.927734375 SigReg: 25.3575668
std: 1.85839844 ,  0.977539062 SigReg: 25.3575668
std: 1.76464844 ,  1.05664062 SigReg: 25.7009125
std: 1.66113281 ,  0.884277344 SigReg: 25.7009125
std: 1.70507812 ,  1.00976562 SigReg: 29.3155861
std: 1.45800781 ,  0.930664062 SigReg: 29.3155861
std: 1.45703125 ,  0.820800781 SigReg: 22.391674
std: 1.65136719 ,  0.957519531 SigReg: 22.391674
std: 1.6796875 ,  0.970214844 SigReg: 20.3396149
std: 1.79882812 ,  1.03808594 SigReg: 20.3396149
std: 1.83496094 ,  0.95703125 SigReg: 16.8538704
std: 1.84277344 ,  1.17089844 SigReg: 16.8538704
std: 1.69921875 ,  1.01660156 SigReg: 18.3855953
std: 1.7734375 ,  1.17089844 SigReg: 18.3855953
std: 1.87695312 ,  1.09375 SigReg: 19.4117
std: 1.84570312 ,  1.00878906 SigReg: 19.4117
std: 1.7265625 ,  0.921386719 SigReg: 17.3436737
std: 1.84765625 ,  1.08300781 SigReg: 17.3436737
std: 1.69238281 ,  1.05273438 SigReg: 21.4220428
std: 1.9921875 ,  1.05957031 SigReg: 21.4220428
std: 1.83984375 ,  1.06054688 SigReg: 20.6295033
std: 1.80175781 ,  1.06347656 SigReg: 20.6295033
std: 1.875 ,  1.06640625 SigReg: 19.1994057
std: 1.7578125 ,  1.09472656 SigReg: 19.1994057
std: 1.85839844 ,  1.09277344 SigReg: 20.0927353
std: 1.92578125 ,  1.12207031 SigReg: 20.0927353
std: 1.77246094 ,  1.19726562 SigReg: 19.0031376
std: 1.98925781 ,  1.23535156 SigReg: 19.0031376
std: 1.94726562 ,  1.19628906 SigReg: 22.1632118
std: 1.63085938 ,  1.34765625 SigReg: 22.1632118
std: 1.66796875 ,  1.30371094 SigReg: 21.8486176
std: 1.77441406 ,  1.18359375 SigReg: 21.8486176
std: 1.9140625 ,  1.42871094 SigReg: 22.288929
std: 1.83300781 ,  1.38085938 SigReg: 22.288929
std: 1.67675781 ,  1.06152344 SigReg: 19.9390011
std: 1.78417969 ,  1.2578125 SigReg: 19.9390011
std: 1.61425781 ,  1.28027344 SigReg: 20.1242943
std: 1.80761719 ,  1.39355469 SigReg: 20.1242943
std: 1.63476562 ,  1.20214844 SigReg: 18.6287861
std: 1.77539062 ,  1.28613281 SigReg: 18.6287861
std: 1.65722656 ,  1.02636719 SigReg: 18.4808693
std: 1.63769531 ,  1.15820312 SigReg: 18.4808693
std: 1.6875 ,  1.34179688 SigReg: 21.5893211
std: 1.48339844 ,  1.27246094 SigReg: 21.5893211
std: 1.74023438 ,  1.2421875 SigReg: 19.1889534
std: 1.59570312 ,  1.23046875 SigReg: 19.1889534
std: 1.70605469 ,  1.31152344 SigReg: 19.8849602
std: 1.57617188 ,  1.24414062 SigReg: 19.8849602
std: 1.88476562 ,  1.44921875 SigReg: 19.9983292
std: 1.87988281 ,  1.37890625 SigReg: 19.9983292
std: 1.66210938 ,  1.39941406 SigReg: 19.4258461
std: 1.63085938 ,  1.26269531 SigReg: 19.4258461
std: 1.65332031 ,  1.24804688 SigReg: 16.2293034
std: 1.50097656 ,  1.33691406 SigReg: 16.2293034
std: 1.61621094 ,  1.15332031 SigReg: 26.7342186
std: 1.65917969 ,  1.10839844 SigReg: 26.7342186
std: 1.83984375 ,  1.29492188 SigReg: 24.4591808
std: 1.47460938 ,  1.2265625 SigReg: 24.4591808
std: 1.80078125 ,  1.40625 SigReg: 25.4198208
std: 1.70117188 ,  1.36621094 SigReg: 25.4198208
std: 1.52929688 ,  1.4453125 SigReg: 20.9730854
std: 1.7109375 ,  1.31445312 SigReg: 20.9730854
std: 1.73242188 ,  1.22558594 SigReg: 20.5458336
std: 1.72167969 ,  1.40820312 SigReg: 20.5458336
std: 1.54003906 ,  1.07910156 SigReg: 24.2567024
std: 1.77539062 ,  1.07324219 SigReg: 24.2567024
std: 1.55859375 ,  1.1953125 SigReg: 20.6477432
std: 1.63476562 ,  1.23144531 SigReg: 20.6477432
std: 1.52246094 ,  1.00292969 SigReg: 17.4566746
std: 1.46289062 ,  1.21875 SigReg: 17.4566746
std: 1.7109375 ,  1.33984375 SigReg: 20.2614269
std: 1.55273438 ,  1.19824219 SigReg: 20.2614269
std: 1.75390625 ,  1.26855469 SigReg: 18.9180374
std: 1.64355469 ,  1.30664062 SigReg: 18.9180374
std: 1.63671875 ,  1.27636719 SigReg: 18.7550964
std: 1.59863281 ,  1.30664062 SigReg: 18.7550964
std: 1.58398438 ,  0.971679688 SigReg: 19.564497
std: 1.35351562 ,  1.11132812 SigReg: 19.564497
std: 1.75976562 ,  1.32617188 SigReg: 18.0101242
std: 1.66796875 ,  1.21972656 SigReg: 18.0101242
std: 1.59570312 ,  1.30175781 SigReg: 20.9967728
std: 1.50292969 ,  1.28222656 SigReg: 20.9967728
std: 1.68652344 ,  1.15722656 SigReg: 19.4195518
std: 1.6875 ,  1.15625 SigReg: 19.4195518
std: 1.46582031 ,  1.09863281 SigReg: 21.6314526
std: 1.57519531 ,  1.23925781 SigReg: 21.6314526
std: 1.78320312 ,  1.24023438 SigReg: 22.2274246
std: 1.73046875 ,  1.453125 SigReg: 22.2274246
std: 1.59472656 ,  1.14453125 SigReg: 19.2946873
std: 1.66113281 ,  1.41503906 SigReg: 19.2946873
  Step 100: Backbone Loss = 2.1080, SIGReg Loss = 19.2947 Probe Loss = 182.0110, Acc = 0.5038
std: 1.59179688 ,  1.28320312 SigReg: 16.1825924
std: 1.67285156 ,  1.35742188 SigReg: 16.1825924
std: 1.68164062 ,  1.44433594 SigReg: 19.7041473
std: 1.87304688 ,  1.48339844 SigReg: 19.7041473
std: 1.63671875 ,  1.42773438 SigReg: 17.5257702
std: 2.04101562 ,  1.2578125 SigReg: 17.5257702
std: 1.28515625 ,  1.04199219 SigReg: 18.5203362
std: 1.85546875 ,  1.37988281 SigReg: 18.5203362
std: 1.69238281 ,  1.02832031 SigReg: 16.6504364
std: 1.76171875 ,  1.07421875 SigReg: 16.6504364
std: 1.88769531 ,  1.20898438 SigReg: 18.3319283
std: 1.95214844 ,  1.14355469 SigReg: 18.3319283
std: 1.55371094 ,  1.18457031 SigReg: 18.272213
std: 1.77734375 ,  1.15039062 SigReg: 18.272213
std: 1.71875 ,  1.06738281 SigReg: 18.8888988
std: 1.50488281 ,  0.937988281 SigReg: 18.8888988
std: 1.5859375 ,  0.911132812 SigReg: 26.5321465
std: 1.81933594 ,  1.13671875 SigReg: 26.5321465
std: 1.90820312 ,  1.16699219 SigReg: 16.3715954
std: 1.50097656 ,  1.12109375 SigReg: 16.3715954
std: 1.8046875 ,  1.11035156 SigReg: 17.9153519
std: 1.59375 ,  1.00683594 SigReg: 17.9153519
std: 1.84667969 ,  1.19824219 SigReg: 16.9897804
std: 1.61328125 ,  1.125 SigReg: 16.9897804
std: 1.65917969 ,  0.910644531 SigReg: 15.1923018
std: 1.68652344 ,  1.12304688 SigReg: 15.1923018
std: 1.67578125 ,  1.19335938 SigReg: 18.1926022
std: 1.70800781 ,  1.08300781 SigReg: 18.1926022
std: 1.70605469 ,  1.15527344 SigReg: 17.8708763
std: 1.72558594 ,  1.15722656 SigReg: 17.8708763
std: 1.73925781 ,  1.14355469 SigReg: 15.7582703
std: 1.74023438 ,  1.01367188 SigReg: 15.7582703
std: 1.69824219 ,  1.13769531 SigReg: 15.3960075
std: 1.80371094 ,  1.14648438 SigReg: 15.3960075
std: 1.77832031 ,  1.140625 SigReg: 16.7214661
std: 1.68847656 ,  1.05273438 SigReg: 16.7214661
std: 1.75292969 ,  1.28710938 SigReg: 17.7480812
std: 1.62109375 ,  1.23828125 SigReg: 17.7480812
std: 1.83007812 ,  1.34472656 SigReg: 17.9351883
std: 1.5234375 ,  1.23339844 SigReg: 17.9351883
std: 1.49121094 ,  1.05957031 SigReg: 19.5891113
std: 1.59765625 ,  1.31835938 SigReg: 19.5891113
std: 1.45703125 ,  1.12695312 SigReg: 18.3171577
std: 1.55371094 ,  1.19726562 SigReg: 18.3171577
std: 1.38574219 ,  1.17871094 SigReg: 19.4631329
std: 1.48730469 ,  1.05175781 SigReg: 19.4631329
std: 1.36816406 ,  1.06054688 SigReg: 17.6829205
std: 1.3515625 ,  1.1328125 SigReg: 17.6829205
std: 1.3828125 ,  1.34667969 SigReg: 20.2318916
std: 1.22265625 ,  1.09472656 SigReg: 20.2318916
std: 1.46679688 ,  1.08105469 SigReg: 18.1855354
std: 1.42480469 ,  1.15332031 SigReg: 18.1855354
std: 1.25390625 ,  1.22851562 SigReg: 16.5072441
std: 1.32128906 ,  1.04394531 SigReg: 16.5072441
std: 1.30566406 ,  1.04296875 SigReg: 18.4153442
std: 1.12207031 ,  1.05664062 SigReg: 18.4153442
std: 1.33496094 ,  1.10644531 SigReg: 19.599308
std: 1.20800781 ,  1.0234375 SigReg: 19.599308
std: 1.34960938 ,  1.10058594 SigReg: 20.2385674
std: 1.31933594 ,  1.12207031 SigReg: 20.2385674
std: 1.39550781 ,  1.18261719 SigReg: 20.2678223
std: 1.28125 ,  1.1875 SigReg: 20.2678223
std: 1.25097656 ,  1.11132812 SigReg: 17.7745705
std: 1.43164062 ,  1.29101562 SigReg: 17.7745705
std: 1.51660156 ,  1.13671875 SigReg: 17.4207687
std: 1.234375 ,  1.05273438 SigReg: 17.4207687
std: 1.09472656 ,  1.01367188 SigReg: 22.5830345
std: 1.203125 ,  1.10351562 SigReg: 22.5830345
std: 1.22949219 ,  1.09375 SigReg: 17.6965446
std: 1.42089844 ,  1.09375 SigReg: 17.6965446
std: 1.27929688 ,  1.13769531 SigReg: 20.5878677
std: 1.5234375 ,  1.328125 SigReg: 20.5878677
std: 1.41796875 ,  1.00976562 SigReg: 23.9927826
std: 1.51660156 ,  1.34179688 SigReg: 23.9927826
std: 1.29589844 ,  1.20214844 SigReg: 22.6718159
std: 1.21875 ,  1.08789062 SigReg: 22.6718159
std: 1.33007812 ,  1.19628906 SigReg: 20.4131355
std: 1.390625 ,  1.19238281 SigReg: 20.4131355
std: 1.29296875 ,  1.06445312 SigReg: 20.043108
std: 1.20214844 ,  1.10839844 SigReg: 20.043108
std: 1.36621094 ,  1.19628906 SigReg: 20.1347446
std: 1.52539062 ,  1.17773438 SigReg: 20.1347446
std: 1.390625 ,  1.19433594 SigReg: 20.555479
std: 1.39941406 ,  1.28515625 SigReg: 20.555479
std: 1.48925781 ,  1.16894531 SigReg: 17.7071896
std: 1.4375 ,  1.2265625 SigReg: 17.7071896
std: 1.03808594 ,  0.822265625 SigReg: 21.3766727
std: 1.20410156 ,  1.015625 SigReg: 21.3766727
std: 1.38085938 ,  1.08105469 SigReg: 20.2829056
std: 1.16113281 ,  0.977050781 SigReg: 20.2829056
std: 1.06933594 ,  0.90234375 SigReg: 22.6201019
std: 1.19042969 ,  0.859863281 SigReg: 22.6201019
std: 1.10644531 ,  0.872558594 SigReg: 22.8794689
std: 1.19824219 ,  0.932128906 SigReg: 22.8794689
std: 1.22070312 ,  1.00585938 SigReg: 20.944622
std: 1.19921875 ,  0.943847656 SigReg: 20.944622
std: 1.26367188 ,  0.884277344 SigReg: 18.7593155
std: 1.60351562 ,  1.01855469 SigReg: 18.7593155
std: 1.46777344 ,  0.884277344 SigReg: 17.2168846
std: 1.54199219 ,  0.995605469 SigReg: 17.2168846
  Step 150: Backbone Loss = 1.9749, SIGReg Loss = 17.2169 Probe Loss = 197.2106, Acc = 0.5162
std: 1.60644531 ,  1.02929688 SigReg: 20.7230682
std: 1.68066406 ,  1.08789062 SigReg: 20.7230682
std: 1.56542969 ,  0.958496094 SigReg: 20.0831432
std: 1.484375 ,  0.881347656 SigReg: 20.0831432
std: 1.39648438 ,  1.04882812 SigReg: 17.2503433
std: 1.48925781 ,  0.924316406 SigReg: 17.2503433
std: 1.56152344 ,  1.04394531 SigReg: 15.6320705
std: 1.51660156 ,  0.97265625 SigReg: 15.6320705
std: 1.54492188 ,  0.884277344 SigReg: 15.8652763
std: 1.50292969 ,  1.00097656 SigReg: 15.8652763
std: 1.50292969 ,  1.04101562 SigReg: 20.7322388
std: 1.53125 ,  0.983398438 SigReg: 20.7322388
std: 1.52734375 ,  1.08203125 SigReg: 18.6801052
std: 1.58105469 ,  1.13183594 SigReg: 18.6801052
std: 1.29980469 ,  1.00097656 SigReg: 17.6113
std: 1.41992188 ,  1.0546875 SigReg: 17.6113
std: 1.328125 ,  1.06738281 SigReg: 16.0480804
std: 1.49511719 ,  1.06054688 SigReg: 16.0480804
std: 1.33691406 ,  1.11621094 SigReg: 18.070509
std: 1.43847656 ,  1.00585938 SigReg: 18.070509
std: 1.47167969 ,  0.91015625 SigReg: 17.6222191
std: 1.40722656 ,  0.952148438 SigReg: 17.6222191
std: 1.42089844 ,  1.07519531 SigReg: 19.8420181
std: 1.40136719 ,  1.15332031 SigReg: 19.8420181
std: 1.32226562 ,  1.05371094 SigReg: 27.3811684
std: 1.11425781 ,  0.9296875 SigReg: 27.3811684
std: 1.27246094 ,  1.01171875 SigReg: 16.7608433
std: 1.40234375 ,  1.03027344 SigReg: 16.7608433
std: 1.54101562 ,  1.20605469 SigReg: 16.1729622
std: 1.34765625 ,  1.08300781 SigReg: 16.1729622
std: 1.53417969 ,  1.16503906 SigReg: 23.2455349
std: 1.65527344 ,  1.25390625 SigReg: 23.2455349
std: 1.22363281 ,  0.944335938 SigReg: 20.0146084
std: 1.52734375 ,  1.05761719 SigReg: 20.0146084
std: 1.46484375 ,  1.05175781 SigReg: 24.9954281
std: 1.55078125 ,  1.0703125 SigReg: 24.9954281
std: 1.37109375 ,  0.987304688 SigReg: 18.238081
std: 1.68652344 ,  1.22558594 SigReg: 18.238081
std: 1.52636719 ,  1.16210938 SigReg: 17.640131
std: 1.1640625 ,  0.956542969 SigReg: 17.640131
std: 1.74609375 ,  1.30859375 SigReg: 17.6711178
std: 1.48339844 ,  1.04101562 SigReg: 17.6711178
std: 1.37402344 ,  0.96484375 SigReg: 16.5553455
std: 1.41796875 ,  1.02539062 SigReg: 16.5553455
std: 1.31542969 ,  0.963378906 SigReg: 19.5645447
std: 1.23339844 ,  0.862304688 SigReg: 19.5645447
std: 1.12109375 ,  0.984375 SigReg: 21.4384193
std: 1.34765625 ,  0.953613281 SigReg: 21.4384193
std: 1.32128906 ,  1.01757812 SigReg: 21.6336975
std: 1.4140625 ,  1.09277344 SigReg: 21.6336975
std: 1.25683594 ,  1.0234375 SigReg: 18.6033878
std: 1.328125 ,  1.0546875 SigReg: 18.6033878
std: 1.16210938 ,  0.934082031 SigReg: 18.8043
std: 1.00195312 ,  0.881835938 SigReg: 18.8043
std: 1.30664062 ,  0.984863281 SigReg: 18.9698467
std: 1.07128906 ,  0.830566406 SigReg: 18.9698467
std: 1.34960938 ,  1.12988281 SigReg: 19.7432251
std: 1.06640625 ,  0.8515625 SigReg: 19.7432251
std: 1.27246094 ,  0.928222656 SigReg: 18.8328915
std: 1.4453125 ,  1.10449219 SigReg: 18.8328915
std: 1.2265625 ,  0.826171875 SigReg: 17.8034744
std: 1.30859375 ,  1.00585938 SigReg: 17.8034744
std: 1.33886719 ,  1.04882812 SigReg: 16.8985214
std: 1.22851562 ,  0.959960938 SigReg: 16.8985214
std: 1.34082031 ,  0.998535156 SigReg: 17.9156628
std: 1.29785156 ,  1.04003906 SigReg: 17.9156628
std: 1.32324219 ,  1.04785156 SigReg: 16.3748398
std: 1.29101562 ,  0.944335938 SigReg: 16.3748398
std: 1.49707031 ,  1.05566406 SigReg: 18.328186
std: 1.46484375 ,  1.109375 SigReg: 18.328186
std: 1.29101562 ,  1.04394531 SigReg: 20.6548843
std: 1.44042969 ,  0.950683594 SigReg: 20.6548843
std: 1.17578125 ,  0.953125 SigReg: 16.6794205
std: 1.4921875 ,  1.11230469 SigReg: 16.6794205
std: 1.43847656 ,  1.11621094 SigReg: 19.6596088
std: 1.20996094 ,  0.921875 SigReg: 19.6596088
std: 1.19824219 ,  1.046875 SigReg: 19.4417
std: 1.49707031 ,  1.2890625 SigReg: 19.4417
std: 1.42578125 ,  1.10839844 SigReg: 19.9326801
std: 1.41015625 ,  1.03515625 SigReg: 19.9326801
std: 1.46386719 ,  1.19140625 SigReg: 17.0123692
std: 1.4140625 ,  1.109375 SigReg: 17.0123692
std: 1.25195312 ,  0.979492188 SigReg: 16.1900864
std: 1.42480469 ,  1.02441406 SigReg: 16.1900864
std: 1.50683594 ,  1.11328125 SigReg: 19.0952015
std: 1.24023438 ,  1.09667969 SigReg: 19.0952015
std: 1.41601562 ,  1.26074219 SigReg: 16.3670349
std: 1.16894531 ,  1.10058594 SigReg: 16.3670349
std: 1.2109375 ,  1.13574219 SigReg: 17.8948479
std: 1.21875 ,  1.12109375 SigReg: 17.8948479
std: 1.38671875 ,  1.15527344 SigReg: 23.045887
std: 1.51660156 ,  1.15820312 SigReg: 23.045887
std: 1.30078125 ,  1.13574219 SigReg: 17.5925484
std: 1.30761719 ,  1.03125 SigReg: 17.5925484
std: 1.37402344 ,  1.02050781 SigReg: 20.1577721
std: 1.36621094 ,  1.09667969 SigReg: 20.1577721
std: 1.375 ,  1.08203125 SigReg: 20.4757214
std: 1.21386719 ,  0.958496094 SigReg: 20.4757214
std: 1.35546875 ,  0.995117188 SigReg: 25.2853127
std: 1.24804688 ,  0.940917969 SigReg: 25.2853127
  Step 200: Backbone Loss = 2.3633, SIGReg Loss = 25.2853 Probe Loss = 156.7420, Acc = 0.5024
Error loading spectrogram/audioset/balanced_train_segments/VfB-AtrY-dY_1.npy: 'size' must be a 1-D Tensor of 2 elements: new_height, new_width
Skipping visualization due to error during visualization at step 200: Exception encountered when calling layer 'vi_t__ti' (type ViT_Ti).

{{function_node __wrapped__Reshape_device_/job:localhost/replica:0/task:0/device:GPU:0}} Input to reshape is a tensor with 18948096 values, but the requested shape requires a multiple of 393216 [Op:Reshape]

Call arguments received by layer 'vi_t__ti' (type ViT_Ti):
  • x=tf.Tensor(shape=(48, 8, 256, 256, 2), dtype=float16)
  • training=False
std: 1.33984375 ,  1.06835938 SigReg: 24.0050545
std: 1.25 ,  0.973632812 SigReg: 24.0050545
std: 1.13964844 ,  0.923828125 SigReg: 19.1936665
std: 1.24511719 ,  0.974121094 SigReg: 19.1936665
std: 1.04882812 ,  1.00195312 SigReg: 28.420784
std: 1.39941406 ,  0.921386719 SigReg: 28.420784
std: 1.375 ,  0.860839844 SigReg: 19.9081154
std: 1.53125 ,  0.973632812 SigReg: 19.9081154
std: 1.51660156 ,  1.25195312 SigReg: 17.811821
std: 1.29199219 ,  0.869140625 SigReg: 17.811821
std: 1.30761719 ,  1.19824219 SigReg: 25.6325836
std: 1.51171875 ,  1.16113281 SigReg: 25.6325836
std: 1.28710938 ,  1.08300781 SigReg: 18.5203075
std: 1.33105469 ,  1.16699219 SigReg: 18.5203075
std: 1.30664062 ,  1.15429688 SigReg: 25.9780273
std: 1.20507812 ,  0.949707031 SigReg: 25.9780273
std: 1.30078125 ,  1.171875 SigReg: 28.5597496
std: 1.09667969 ,  1.15625 SigReg: 28.5597496
std: 1.20703125 ,  0.997558594 SigReg: 23.3190155
std: 1.20019531 ,  1.11230469 SigReg: 23.3190155
std: 1.29003906 ,  1.1328125 SigReg: 20.006916
std: 1.32128906 ,  1.09570312 SigReg: 20.006916
std: 1.33105469 ,  1.22558594 SigReg: 22.4084854
std: 1.32226562 ,  1.19335938 SigReg: 22.4084854
std: 1.18359375 ,  1.21679688 SigReg: 18.6746368
std: 1.20019531 ,  1.27246094 SigReg: 18.6746368
std: 1.30371094 ,  1.07128906 SigReg: 17.1004734
std: 1.28417969 ,  1.33105469 SigReg: 17.1004734
std: 1.29296875 ,  1.09472656 SigReg: 15.777379
std: 1.31445312 ,  1.21386719 SigReg: 15.777379
std: 1.1875 ,  1.11035156 SigReg: 15.5045147
std: 1.19921875 ,  1.23144531 SigReg: 15.5045147
std: 1.33496094 ,  1.22558594 SigReg: 17.8096294
std: 1.0859375 ,  1.04101562 SigReg: 17.8096294
std: 1.20507812 ,  1.10546875 SigReg: 19.3677311
std: 1.12402344 ,  1.1015625 SigReg: 19.3677311
std: 1.02636719 ,  0.826660156 SigReg: 20.7444897
std: 1.18652344 ,  1.06933594 SigReg: 20.7444897
std: 1.04003906 ,  1.05859375 SigReg: 17.7724113
std: 1.00585938 ,  0.996582031 SigReg: 17.7724113
std: 0.934570312 ,  0.882324219 SigReg: 15.1828537
std: 1.15527344 ,  1.12597656 SigReg: 15.1828537
std: 1.203125 ,  1.0859375 SigReg: 13.9462261
std: 1.23144531 ,  1.03320312 SigReg: 13.9462261
std: 1.14160156 ,  0.966796875 SigReg: 17.8836861
std: 0.955078125 ,  0.938964844 SigReg: 17.8836861
std: 1.15332031 ,  0.958984375 SigReg: 18.2006683
std: 1.0234375 ,  0.973632812 SigReg: 18.2006683
std: 1.23339844 ,  0.946777344 SigReg: 15.2943144
std: 1.24121094 ,  1.12402344 SigReg: 15.2943144
std: 1.16796875 ,  1.08398438 SigReg: 18.2277336
std: 1.08984375 ,  0.887695312 SigReg: 18.2277336
std: 1.11035156 ,  1.09082031 SigReg: 17.300705
std: 1.17578125 ,  1.2265625 SigReg: 17.300705
std: 1.07617188 ,  1.16796875 SigReg: 17.6498337
std: 0.978027344 ,  1.20214844 SigReg: 17.6498337
std: 1.234375 ,  1.08691406 SigReg: 17.493679
std: 1.1015625 ,  1.17871094 SigReg: 17.493679
std: 1.01855469 ,  0.807617188 SigReg: 16.7651863
std: 1.18945312 ,  1.18261719 SigReg: 16.7651863
std: 1.16796875 ,  1.04589844 SigReg: 13.9756966
std: 1.0703125 ,  1.01464844 SigReg: 13.9756966
std: 0.999023438 ,  0.928222656 SigReg: 16.9200611
std: 1.11914062 ,  0.976074219 SigReg: 16.9200611
std: 1.12695312 ,  0.987304688 SigReg: 16.1407928
std: 1.04199219 ,  1.07617188 SigReg: 16.1407928
std: 1.22460938 ,  1.14355469 SigReg: 15.8176804
std: 1.1875 ,  0.986816406 SigReg: 15.8176804
std: 1.11328125 ,  0.938476562 SigReg: 16.0613861
std: 1.28222656 ,  1.05371094 SigReg: 16.0613861
std: 1.08398438 ,  1.04394531 SigReg: 16.7353611
std: 1.17773438 ,  1.0234375 SigReg: 16.7353611
std: 1.06152344 ,  0.819335938 SigReg: 20.9556541
std: 1.01953125 ,  0.75 SigReg: 20.9556541
std: 1.14746094 ,  1.06347656 SigReg: 19.1935043
std: 1.03613281 ,  1.04296875 SigReg: 19.1935043
std: 0.984375 ,  0.893554688 SigReg: 16.6484661
std: 1.05566406 ,  0.952148438 SigReg: 16.6484661
std: 1.08984375 ,  0.778808594 SigReg: 17.9339218
std: 1.18457031 ,  1.12890625 SigReg: 17.9339218
std: 1.14160156 ,  0.908203125 SigReg: 15.8527527
std: 1.00976562 ,  0.852539062 SigReg: 15.8527527
std: 1.06933594 ,  0.809082031 SigReg: 17.4068642
std: 1.01464844 ,  0.887207031 SigReg: 17.4068642
std: 1.21386719 ,  0.915527344 SigReg: 17.7398224
std: 1.14355469 ,  0.73828125 SigReg: 17.7398224
std: 1.11816406 ,  0.788574219 SigReg: 19.6710625
std: 1.1328125 ,  0.704101562 SigReg: 19.6710625
std: 1.1796875 ,  0.958984375 SigReg: 16.0536442
std: 1.09570312 ,  0.782714844 SigReg: 16.0536442
std: 1.04199219 ,  0.817871094 SigReg: 16.1304436
std: 0.9453125 ,  0.612792969 SigReg: 16.1304436
std: 1.01953125 ,  0.76171875 SigReg: 15.8460751
std: 1.00585938 ,  0.992675781 SigReg: 15.8460751
std: 1.08300781 ,  0.765136719 SigReg: 17.8837605
std: 1.109375 ,  0.849609375 SigReg: 17.8837605
std: 0.903320312 ,  0.659179688 SigReg: 17.4993382
std: 1.00390625 ,  0.871582031 SigReg: 17.4993382
std: 1.05371094 ,  0.862304688 SigReg: 16.168417
std: 1.02539062 ,  0.971191406 SigReg: 16.168417
  Step 250: Backbone Loss = 1.9251, SIGReg Loss = 16.1684 Probe Loss = 164.0210, Acc = 0.4995
std: 0.909179688 ,  0.713867188 SigReg: 21.8764343
std: 1.08886719 ,  0.864257812 SigReg: 21.8764343
std: 0.922363281 ,  0.780273438 SigReg: 19.6272488
std: 0.983886719 ,  0.853515625 SigReg: 19.6272488
std: 0.928222656 ,  0.766601562 SigReg: 16.8490944
std: 1.16113281 ,  0.940429688 SigReg: 16.8490944
std: 0.905761719 ,  0.774902344 SigReg: 16.7968102
std: 0.936523438 ,  0.729980469 SigReg: 16.7968102
std: 1.05371094 ,  0.909179688 SigReg: 14.5154362
std: 0.943847656 ,  0.824707031 SigReg: 14.5154362
std: 1.05175781 ,  0.904785156 SigReg: 16.1098862
std: 1.07617188 ,  0.840332031 SigReg: 16.1098862
std: 0.963867188 ,  0.854003906 SigReg: 19.06567
std: 0.959960938 ,  0.859375 SigReg: 19.06567
std: 0.873535156 ,  0.747558594 SigReg: 18.1474857
std: 0.879394531 ,  0.872070312 SigReg: 18.1474857
std: 0.784179688 ,  0.804199219 SigReg: 17.8584747
std: 0.829589844 ,  0.785644531 SigReg: 17.8584747
std: 0.887207031 ,  1.00390625 SigReg: 17.4954166
std: 0.881835938 ,  0.708007812 SigReg: 17.4954166
std: 0.931152344 ,  0.819335938 SigReg: 19.4949493
std: 0.739257812 ,  0.737792969 SigReg: 19.4949493
std: 0.892089844 ,  0.747558594 SigReg: 17.958622
std: 0.842285156 ,  0.797363281 SigReg: 17.958622
std: 0.996582031 ,  0.89453125 SigReg: 17.2326069
std: 1.06054688 ,  0.726074219 SigReg: 17.2326069
std: 0.974609375 ,  0.925292969 SigReg: 20.6287384
std: 1.10644531 ,  0.866699219 SigReg: 20.6287384
std: 1.11230469 ,  0.85546875 SigReg: 16.9211559
std: 0.937011719 ,  0.972167969 SigReg: 16.9211559
std: 1.0234375 ,  0.938964844 SigReg: 18.6236839
std: 1.140625 ,  0.881835938 SigReg: 18.6236839
std: 1.04882812 ,  0.973144531 SigReg: 16.880085
std: 0.921875 ,  0.846679688 SigReg: 16.880085
std: 1.08203125 ,  0.896484375 SigReg: 17.5942402
std: 1.17871094 ,  0.982910156 SigReg: 17.5942402
std: 1.04492188 ,  1.0234375 SigReg: 15.6945229
std: 1.09082031 ,  1.08496094 SigReg: 15.6945229
std: 1.08398438 ,  1.04492188 SigReg: 14.5135984
std: 0.961425781 ,  0.916992188 SigReg: 14.5135984
std: 0.977050781 ,  1.07519531 SigReg: 18.8685265
std: 1.12597656 ,  1.08398438 SigReg: 18.8685265
std: 1.06640625 ,  1.07128906 SigReg: 20.269268
std: 1.20117188 ,  1.07421875 SigReg: 20.269268
std: 1.11425781 ,  0.9609375 SigReg: 18.7442493
std: 1.09082031 ,  1.00878906 SigReg: 18.7442493
std: 1.00488281 ,  0.739746094 SigReg: 19.4476414
std: 1.11230469 ,  1.02734375 SigReg: 19.4476414
std: 0.983398438 ,  1.03320312 SigReg: 20.8535
std: 1.04785156 ,  0.923339844 SigReg: 20.8535
std: 1.01953125 ,  1.00488281 SigReg: 19.9098225
std: 1.0546875 ,  1.03515625 SigReg: 19.9098225
std: 0.99609375 ,  0.86328125 SigReg: 18.5902538
std: 1.01855469 ,  0.961425781 SigReg: 18.5902538
std: 0.939941406 ,  0.812988281 SigReg: 19.8098
std: 0.948730469 ,  1.02539062 SigReg: 19.8098
std: 0.940917969 ,  0.977050781 SigReg: 20.848238
std: 1.02148438 ,  0.945800781 SigReg: 20.848238
std: 0.946777344 ,  0.723632812 SigReg: 20.8884335
std: 0.865722656 ,  0.856445312 SigReg: 20.8884335
std: 0.89453125 ,  0.905273438 SigReg: 17.8479805
std: 0.833496094 ,  0.783203125 SigReg: 17.8479805
std: 0.916015625 ,  0.846191406 SigReg: 15.3282642
std: 0.975585938 ,  0.965820312 SigReg: 15.3282642
std: 0.855957031 ,  0.875 SigReg: 16.8473854
std: 0.947753906 ,  0.809082031 SigReg: 16.8473854
std: 1.0078125 ,  0.815429688 SigReg: 16.2211189
std: 1.04003906 ,  0.939453125 SigReg: 16.2211189
std: 1.00390625 ,  0.869140625 SigReg: 18.6125298
std: 0.899414062 ,  0.856445312 SigReg: 18.6125298
std: 0.958984375 ,  0.895507812 SigReg: 17.8330021
std: 0.89453125 ,  0.985351562 SigReg: 17.8330021
std: 1.0078125 ,  1.01269531 SigReg: 19.8911686
std: 0.966308594 ,  0.833984375 SigReg: 19.8911686
std: 1.03320312 ,  1.02246094 SigReg: 17.98522
std: 0.9609375 ,  1.09863281 SigReg: 17.98522
std: 1.05078125 ,  1.07617188 SigReg: 18.6446781
std: 0.943847656 ,  0.87890625 SigReg: 18.6446781
std: 0.900878906 ,  0.955566406 SigReg: 17.633585
std: 0.908203125 ,  0.700195312 SigReg: 17.633585
std: 0.856445312 ,  0.830078125 SigReg: 17.0833035
std: 1.07714844 ,  0.936035156 SigReg: 17.0833035
std: 0.860351562 ,  0.974121094 SigReg: 19.8547821
std: 1.02050781 ,  0.966796875 SigReg: 19.8547821
std: 0.875488281 ,  1.05175781 SigReg: 14.8230019
std: 0.919921875 ,  0.96875 SigReg: 14.8230019
std: 0.820800781 ,  0.928710938 SigReg: 16.3890076
std: 0.969726562 ,  1.05664062 SigReg: 16.3890076
std: 0.885742188 ,  1.0390625 SigReg: 18.5041256
std: 0.9375 ,  0.831542969 SigReg: 18.5041256
std: 0.809082031 ,  0.854492188 SigReg: 22.9797478
std: 0.994140625 ,  0.998046875 SigReg: 22.9797478
std: 0.825195312 ,  0.9921875 SigReg: 17.1019325
std: 0.87890625 ,  1.23046875 SigReg: 17.1019325
std: 0.843261719 ,  0.803222656 SigReg: 19.2214661
std: 0.828125 ,  1.02832031 SigReg: 19.2214661
std: 0.811523438 ,  0.878417969 SigReg: 18.0423737
std: 0.907226562 ,  1.04101562 SigReg: 18.0423737
std: 0.905761719 ,  0.952148438 SigReg: 17.6796341
std: 0.789550781 ,  0.946289062 SigReg: 17.6796341
  Step 300: Backbone Loss = 1.9869, SIGReg Loss = 17.6796 Probe Loss = 177.2202, Acc = 0.4980
std: 0.888671875 ,  0.877929688 SigReg: 19.1998558
std: 0.919433594 ,  0.957519531 SigReg: 19.1998558
std: 0.842285156 ,  0.872070312 SigReg: 15.416151
std: 0.862792969 ,  0.806640625 SigReg: 15.416151
std: 0.80078125 ,  0.936523438 SigReg: 18.5949917
std: 0.779296875 ,  0.732421875 SigReg: 18.5949917
std: 0.913085938 ,  0.87890625 SigReg: 15.5751562
std: 0.852050781 ,  0.921386719 SigReg: 15.5751562
std: 0.765136719 ,  0.90625 SigReg: 16.2310696
std: 0.878417969 ,  0.77734375 SigReg: 16.2310696
std: 0.775390625 ,  0.781738281 SigReg: 16.6934338
std: 0.932128906 ,  0.762695312 SigReg: 16.6934338
Epoch 8 finished in 264.48s.
  Avg Backbone Loss: 2.0745
  Avg Probe Loss:    180.3881
  Avg Probe Accuracy: 0.5039

Epoch 9/100
std: 0.884277344 ,  0.680664062 SigReg: 20.8179474
std: 0.800292969 ,  0.705078125 SigReg: 20.8179474
  Step 0: Backbone Loss = 2.1866, SIGReg Loss = 20.8179 Probe Loss = 175.8435, Acc = 0.5013
std: 0.916992188 ,  0.7265625 SigReg: 22.1996059
std: 0.836425781 ,  0.778320312 SigReg: 22.1996059
std: 0.850097656 ,  0.762695312 SigReg: 19.9359226
std: 0.83984375 ,  0.675292969 SigReg: 19.9359226
std: 0.9296875 ,  0.607421875 SigReg: 15.1173887
std: 0.936035156 ,  0.65625 SigReg: 15.1173887
std: 0.612304688 ,  0.642089844 SigReg: 19.314558
std: 0.971191406 ,  0.668945312 SigReg: 19.314558
std: 0.959472656 ,  0.669921875 SigReg: 19.8984737
std: 0.848144531 ,  0.697265625 SigReg: 19.8984737
std: 0.817382812 ,  0.697265625 SigReg: 21.9157143
std: 1.13085938 ,  0.631835938 SigReg: 21.9157143
std: 1.05664062 ,  0.763671875 SigReg: 15.5243616
std: 1.01660156 ,  0.644042969 SigReg: 15.5243616
std: 1.09667969 ,  0.62890625 SigReg: 15.6630507
std: 1.09667969 ,  0.626464844 SigReg: 15.6630507
std: 1.00585938 ,  0.796386719 SigReg: 17.8464584
std: 0.925292969 ,  0.703125 SigReg: 17.8464584
std: 1.20605469 ,  0.814453125 SigReg: 19.0373707
std: 0.950683594 ,  0.765625 SigReg: 19.0373707
std: 0.971679688 ,  0.797851562 SigReg: 19.0988426
std: 0.860839844 ,  0.774902344 SigReg: 19.0988426
std: 0.904296875 ,  0.788574219 SigReg: 17.3179531
std: 0.874511719 ,  0.85546875 SigReg: 17.3179531
std: 0.833984375 ,  0.944824219 SigReg: 16.0887203
std: 0.975097656 ,  0.827148438 SigReg: 16.0887203
std: 1.07421875 ,  0.888183594 SigReg: 16.5272427
std: 1.11328125 ,  1.03710938 SigReg: 16.5272427
std: 0.945800781 ,  0.636230469 SigReg: 14.2025852
std: 0.9921875 ,  0.829101562 SigReg: 14.2025852
std: 0.854492188 ,  0.706542969 SigReg: 14.698966
std: 0.806640625 ,  0.642089844 SigReg: 14.698966
std: 0.994140625 ,  0.957519531 SigReg: 19.4931717
std: 0.858398438 ,  0.72265625 SigReg: 19.4931717
std: 0.921386719 ,  0.750488281 SigReg: 15.8066988
std: 0.94140625 ,  0.786621094 SigReg: 15.8066988
std: 0.997558594 ,  0.788085938 SigReg: 19.8673935
std: 0.943847656 ,  0.864257812 SigReg: 19.8673935
std: 0.967285156 ,  0.73828125 SigReg: 18.1132927
std: 0.940917969 ,  0.802246094 SigReg: 18.1132927
std: 1.00097656 ,  0.706054688 SigReg: 22.606205
std: 0.949707031 ,  0.688964844 SigReg: 22.606205
std: 0.941894531 ,  0.685546875 SigReg: 15.9345436
std: 1.02734375 ,  0.634277344 SigReg: 15.9345436
std: 1.06640625 ,  0.759277344 SigReg: 24.8986931
std: 1.01171875 ,  0.697265625 SigReg: 24.8986931
std: 1.00488281 ,  0.764648438 SigReg: 19.3116951
std: 0.865722656 ,  0.713378906 SigReg: 19.3116951
std: 0.826171875 ,  0.683105469 SigReg: 19.0872307
std: 0.786621094 ,  0.653320312 SigReg: 19.0872307
std: 0.875976562 ,  0.599609375 SigReg: 19.5333138
std: 0.927734375 ,  0.818847656 SigReg: 19.5333138
std: 0.931640625 ,  0.723144531 SigReg: 23.287735
std: 0.948242188 ,  0.731933594 SigReg: 23.287735
std: 1.03027344 ,  0.629394531 SigReg: 18.8775749
std: 0.814941406 ,  0.642578125 SigReg: 18.8775749
std: 0.971679688 ,  0.770996094 SigReg: 19.3929272
std: 1.00683594 ,  0.705566406 SigReg: 19.3929272
std: 0.927734375 ,  0.745117188 SigReg: 17.5840816
std: 1.08886719 ,  0.678710938 SigReg: 17.5840816
std: 0.995605469 ,  0.762207031 SigReg: 23.1679688
std: 1.00292969 ,  0.844238281 SigReg: 23.1679688
std: 0.904296875 ,  0.812011719 SigReg: 18.8915863
std: 0.89453125 ,  0.738769531 SigReg: 18.8915863
std: 0.91796875 ,  0.791503906 SigReg: 17.4286499
std: 0.912109375 ,  0.745605469 SigReg: 17.4286499
std: 1.0078125 ,  0.806640625 SigReg: 17.8708515
std: 0.766601562 ,  0.69921875 SigReg: 17.8708515
std: 1.10449219 ,  0.691894531 SigReg: 15.27108
std: 0.954589844 ,  0.749511719 SigReg: 15.27108
std: 0.888671875 ,  0.722167969 SigReg: 18.0560379
std: 0.804199219 ,  0.650878906 SigReg: 18.0560379
std: 0.958007812 ,  0.625976562 SigReg: 18.3482533
std: 0.832519531 ,  0.68359375 SigReg: 18.3482533
std: 0.852050781 ,  0.654296875 SigReg: 18.5881119
std: 0.917480469 ,  0.603515625 SigReg: 18.5881119
std: 0.890136719 ,  0.676757812 SigReg: 22.2787666
std: 0.916015625 ,  0.645507812 SigReg: 22.2787666
std: 0.791503906 ,  0.613769531 SigReg: 22.0277367
std: 0.910644531 ,  0.5546875 SigReg: 22.0277367
std: 0.847167969 ,  0.636230469 SigReg: 18.3653164
std: 0.950195312 ,  0.600097656 SigReg: 18.3653164
std: 0.867675781 ,  0.621582031 SigReg: 19.6092682
std: 0.909667969 ,  0.522460938 SigReg: 19.6092682
std: 0.819824219 ,  0.577148438 SigReg: 15.8606205
std: 0.946777344 ,  0.637207031 SigReg: 15.8606205
std: 0.717285156 ,  0.796386719 SigReg: 17.2809639
std: 1.09082031 ,  0.56640625 SigReg: 17.2809639
std: 0.9296875 ,  0.715332031 SigReg: 20.2255859
std: 0.921386719 ,  0.648925781 SigReg: 20.2255859
std: 0.970703125 ,  0.669921875 SigReg: 20.8972683
std: 0.887207031 ,  0.6875 SigReg: 20.8972683
std: 0.914550781 ,  0.608398438 SigReg: 18.1254578
std: 0.879882812 ,  0.657714844 SigReg: 18.1254578
std: 0.896484375 ,  0.775390625 SigReg: 14.9591131
std: 0.738769531 ,  0.69140625 SigReg: 14.9591131
std: 1.00390625 ,  0.740722656 SigReg: 18.6620827
std: 0.977539062 ,  0.64453125 SigReg: 18.6620827
std: 0.877441406 ,  0.773925781 SigReg: 22.5628586
std: 0.895996094 ,  0.579589844 SigReg: 22.5628586
  Step 50: Backbone Loss = 2.2344, SIGReg Loss = 22.5629 Probe Loss = 203.8137, Acc = 0.5104
std: 0.954101562 ,  0.652832031 SigReg: 23.7747211
std: 0.767578125 ,  0.760742188 SigReg: 23.7747211
std: 0.905761719 ,  0.616699219 SigReg: 26.7755394
std: 0.846679688 ,  0.710449219 SigReg: 26.7755394
std: 0.991210938 ,  0.831542969 SigReg: 16.788805
std: 0.923828125 ,  0.852050781 SigReg: 16.788805
std: 0.977539062 ,  0.75 SigReg: 16.545145
std: 0.893554688 ,  0.69140625 SigReg: 16.545145
std: 1.04003906 ,  0.751464844 SigReg: 15.8664026
std: 0.987792969 ,  0.770996094 SigReg: 15.8664026
std: 0.78125 ,  0.861816406 SigReg: 19.5653667
std: 0.90234375 ,  0.779296875 SigReg: 19.5653667
std: 0.820800781 ,  0.829101562 SigReg: 17.9436474
std: 0.830566406 ,  0.802246094 SigReg: 17.9436474
std: 0.895019531 ,  0.831542969 SigReg: 23.3449898
std: 0.786132812 ,  0.875976562 SigReg: 23.3449898
std: 1.08691406 ,  0.6640625 SigReg: 19.8212147
std: 0.970703125 ,  0.767578125 SigReg: 19.8212147
std: 0.767578125 ,  0.891113281 SigReg: 19.9788857
std: 1.04003906 ,  0.734375 SigReg: 19.9788857
std: 0.791015625 ,  0.763183594 SigReg: 22.3444901
std: 0.892089844 ,  0.862792969 SigReg: 22.3444901
std: 1.02246094 ,  0.830566406 SigReg: 18.0544949
std: 0.852539062 ,  0.952636719 SigReg: 18.0544949
std: 0.967773438 ,  0.779296875 SigReg: 17.5371857
std: 0.826171875 ,  0.700683594 SigReg: 17.5371857
std: 1.18652344 ,  0.759277344 SigReg: 18.1021919
std: 0.879882812 ,  0.713867188 SigReg: 18.1021919
std: 1.18359375 ,  0.712402344 SigReg: 20.7827625
std: 1.02636719 ,  0.799316406 SigReg: 20.7827625
std: 0.924316406 ,  0.680664062 SigReg: 18.8474426
std: 1.11523438 ,  0.595214844 SigReg: 18.8474426
std: 1.10546875 ,  0.700195312 SigReg: 17.6169968
std: 0.9921875 ,  0.629882812 SigReg: 17.6169968
std: 1.08105469 ,  0.5703125 SigReg: 17.1495819
std: 0.94921875 ,  0.679199219 SigReg: 17.1495819
std: 1.16601562 ,  0.618164062 SigReg: 15.1332436
std: 1.01953125 ,  0.587402344 SigReg: 15.1332436
std: 1.14648438 ,  0.657714844 SigReg: 17.474081
std: 1.15332031 ,  0.626464844 SigReg: 17.474081
std: 0.966308594 ,  0.611816406 SigReg: 20.1004791
std: 1.08984375 ,  0.601074219 SigReg: 20.1004791
std: 1.03222656 ,  0.703613281 SigReg: 17.5068684
std: 1.17578125 ,  0.668457031 SigReg: 17.5068684
std: 0.881835938 ,  0.648925781 SigReg: 18.6746292
std: 0.965332031 ,  0.69140625 SigReg: 18.6746292
std: 0.931640625 ,  0.662109375 SigReg: 17.4021149
std: 0.884765625 ,  0.658691406 SigReg: 17.4021149
std: 1.01660156 ,  0.737792969 SigReg: 17.0734272
std: 0.95703125 ,  0.786132812 SigReg: 17.0734272
std: 0.982421875 ,  0.696289062 SigReg: 15.996933
std: 1.06640625 ,  0.728515625 SigReg: 15.996933
std: 0.825683594 ,  0.702636719 SigReg: 16.2107811
std: 1.15429688 ,  0.65234375 SigReg: 16.2107811
std: 0.965820312 ,  0.692871094 SigReg: 16.0578041
std: 0.965820312 ,  0.694824219 SigReg: 16.0578041
std: 0.787109375 ,  0.6953125 SigReg: 19.8034401
std: 0.977050781 ,  0.719238281 SigReg: 19.8034401
std: 0.875 ,  0.826660156 SigReg: 15.9597359
std: 0.987792969 ,  0.649902344 SigReg: 15.9597359
std: 0.939453125 ,  0.814453125 SigReg: 19.1437721
std: 0.941894531 ,  0.611816406 SigReg: 19.1437721
std: 1.04003906 ,  0.638671875 SigReg: 22.3257847
std: 1.02832031 ,  0.804199219 SigReg: 22.3257847
std: 1.12988281 ,  0.703125 SigReg: 18.6510181
std: 0.997070312 ,  0.76171875 SigReg: 18.6510181
std: 1.06835938 ,  0.674804688 SigReg: 19.4435234
std: 1.01074219 ,  0.711425781 SigReg: 19.4435234
std: 0.9140625 ,  0.756835938 SigReg: 16.0366135
std: 0.967773438 ,  0.732910156 SigReg: 16.0366135
std: 0.888183594 ,  0.773925781 SigReg: 20.581028
std: 0.921386719 ,  0.799316406 SigReg: 20.581028
std: 0.758300781 ,  0.6953125 SigReg: 17.0976048
std: 0.918457031 ,  0.725097656 SigReg: 17.0976048
std: 0.989746094 ,  0.706542969 SigReg: 19.9248199
std: 0.859863281 ,  0.5859375 SigReg: 19.9248199
std: 1.11328125 ,  0.694824219 SigReg: 19.0103779
std: 0.861328125 ,  0.640136719 SigReg: 19.0103779
std: 0.924804688 ,  0.66015625 SigReg: 15.775156
std: 0.847167969 ,  0.723144531 SigReg: 15.775156
std: 0.866210938 ,  0.608398438 SigReg: 16.8064117
std: 1.04199219 ,  0.602050781 SigReg: 16.8064117
std: 0.918945312 ,  0.631347656 SigReg: 16.34729
std: 0.797363281 ,  0.5625 SigReg: 16.34729
std: 0.735351562 ,  0.550292969 SigReg: 15.2281399
std: 0.872558594 ,  0.728027344 SigReg: 15.2281399
std: 1.0078125 ,  0.613769531 SigReg: 17.4605198
std: 0.788085938 ,  0.651367188 SigReg: 17.4605198
std: 0.87890625 ,  0.634277344 SigReg: 19.6286
std: 0.811035156 ,  0.668457031 SigReg: 19.6286
std: 0.774414062 ,  0.696289062 SigReg: 16.9958439
std: 0.784179688 ,  0.764648438 SigReg: 16.9958439
std: 0.825195312 ,  0.7265625 SigReg: 20.2966747
std: 0.879882812 ,  0.658691406 SigReg: 20.2966747
std: 0.794433594 ,  0.680175781 SigReg: 21.2179832
std: 0.911621094 ,  0.625976562 SigReg: 21.2179832
std: 0.867675781 ,  0.596679688 SigReg: 18.4325504
std: 1.01171875 ,  0.597167969 SigReg: 18.4325504
std: 0.774902344 ,  0.596191406 SigReg: 17.2446861
std: 1.01171875 ,  0.717285156 SigReg: 17.2446861
  Step 100: Backbone Loss = 1.9947, SIGReg Loss = 17.2447 Probe Loss = 149.6923, Acc = 0.5027
std: 0.9296875 ,  0.574707031 SigReg: 15.6845856
std: 1.00878906 ,  0.665527344 SigReg: 15.6845856
std: 0.84765625 ,  0.838867188 SigReg: 20.1972084
std: 0.903808594 ,  0.805664062 SigReg: 20.1972084
std: 0.871582031 ,  0.71875 SigReg: 17.459013
std: 0.873535156 ,  0.844726562 SigReg: 17.459013
std: 0.950195312 ,  0.793945312 SigReg: 18.8114624
std: 0.886230469 ,  0.759765625 SigReg: 18.8114624
std: 0.89453125 ,  0.707519531 SigReg: 15.3416653
std: 0.849609375 ,  0.653320312 SigReg: 15.3416653
std: 0.903320312 ,  0.712402344 SigReg: 18.6271591
std: 0.823730469 ,  0.668945312 SigReg: 18.6271591
std: 0.856445312 ,  0.728027344 SigReg: 17.5146
std: 0.8984375 ,  0.731445312 SigReg: 17.5146
std: 0.888671875 ,  0.767578125 SigReg: 15.6158476
std: 0.848144531 ,  0.778808594 SigReg: 15.6158476
std: 0.938476562 ,  0.790039062 SigReg: 16.8907795
std: 0.912597656 ,  0.751464844 SigReg: 16.8907795
std: 0.94921875 ,  0.731445312 SigReg: 15.8278713
std: 0.793945312 ,  0.650878906 SigReg: 15.8278713
std: 0.856445312 ,  0.751464844 SigReg: 17.0308056
std: 0.946289062 ,  0.815429688 SigReg: 17.0308056
std: 1 ,  0.815429688 SigReg: 16.839119
std: 0.927734375 ,  0.715820312 SigReg: 16.839119
std: 0.974121094 ,  0.768554688 SigReg: 14.447258
std: 1.02929688 ,  0.757324219 SigReg: 14.447258
std: 0.897460938 ,  0.768554688 SigReg: 18.8360252
std: 0.869628906 ,  0.765136719 SigReg: 18.8360252
std: 0.789550781 ,  0.644042969 SigReg: 17.9496174
std: 0.791503906 ,  0.754394531 SigReg: 17.9496174
std: 0.876464844 ,  0.671386719 SigReg: 18.3696327
std: 0.759277344 ,  0.670410156 SigReg: 18.3696327
std: 0.791992188 ,  0.6015625 SigReg: 18.2660255
std: 0.78515625 ,  0.713867188 SigReg: 18.2660255
std: 0.734375 ,  0.619140625 SigReg: 18.3929062
std: 0.805664062 ,  0.698242188 SigReg: 18.3929062
std: 0.816894531 ,  0.664550781 SigReg: 19.7308445
std: 0.784667969 ,  0.634765625 SigReg: 19.7308445
std: 0.715820312 ,  0.570800781 SigReg: 24.2038403
std: 0.829589844 ,  0.583984375 SigReg: 24.2038403
std: 0.866699219 ,  0.673339844 SigReg: 24.5324383
std: 0.782714844 ,  0.612792969 SigReg: 24.5324383
std: 0.813476562 ,  0.7109375 SigReg: 22.3310204
std: 0.879394531 ,  0.644042969 SigReg: 22.3310204
std: 0.819824219 ,  0.666015625 SigReg: 18.6310101
std: 0.833496094 ,  0.577636719 SigReg: 18.6310101
std: 0.7421875 ,  0.657714844 SigReg: 19.2731209
std: 0.864257812 ,  0.568847656 SigReg: 19.2731209
std: 0.830078125 ,  0.620605469 SigReg: 18.1041412
std: 0.700683594 ,  0.682617188 SigReg: 18.1041412
std: 0.688964844 ,  0.578613281 SigReg: 22.424118
std: 0.729980469 ,  0.610351562 SigReg: 22.424118
std: 0.631835938 ,  0.664550781 SigReg: 18.2459145
std: 0.713867188 ,  0.734375 SigReg: 18.2459145
std: 0.767578125 ,  0.627441406 SigReg: 18.2147598
std: 0.569824219 ,  0.701171875 SigReg: 18.2147598
std: 0.6796875 ,  0.681152344 SigReg: 15.7116146
std: 0.769042969 ,  0.650390625 SigReg: 15.7116146
std: 0.803222656 ,  0.715820312 SigReg: 15.9270859
std: 0.69140625 ,  0.741699219 SigReg: 15.9270859
std: 0.641601562 ,  0.772949219 SigReg: 17.8062134
std: 0.681640625 ,  0.79296875 SigReg: 17.8062134
std: 0.750488281 ,  0.62890625 SigReg: 17.6097679
std: 0.6953125 ,  0.775390625 SigReg: 17.6097679
std: 0.668945312 ,  0.718261719 SigReg: 17.4174271
std: 0.673828125 ,  0.763183594 SigReg: 17.4174271
std: 0.61328125 ,  0.697753906 SigReg: 20.3738651
std: 0.64453125 ,  0.702636719 SigReg: 20.3738651
std: 0.707519531 ,  0.903320312 SigReg: 17.6979847
std: 0.658691406 ,  0.817382812 SigReg: 17.6979847
std: 0.678710938 ,  0.765625 SigReg: 18.0591774
std: 0.578125 ,  0.657714844 SigReg: 18.0591774
std: 0.619140625 ,  0.809570312 SigReg: 17.9233437
std: 0.615234375 ,  0.738769531 SigReg: 17.9233437
std: 0.592285156 ,  0.75 SigReg: 17.6733665
std: 0.646484375 ,  0.769042969 SigReg: 17.6733665
std: 0.55078125 ,  0.768554688 SigReg: 18.2878551
std: 0.624023438 ,  0.826660156 SigReg: 18.2878551
std: 0.588378906 ,  0.778808594 SigReg: 14.591157
std: 0.63671875 ,  0.7421875 SigReg: 14.591157
std: 0.569335938 ,  0.791015625 SigReg: 16.2257633
std: 0.605957031 ,  0.889648438 SigReg: 16.2257633
std: 0.646484375 ,  0.816894531 SigReg: 17.6233883
std: 0.522460938 ,  0.708984375 SigReg: 17.6233883
std: 0.637207031 ,  0.859863281 SigReg: 18.8812561
std: 0.631835938 ,  0.854003906 SigReg: 18.8812561
std: 0.698730469 ,  0.821777344 SigReg: 16.8203812
std: 0.685546875 ,  0.812988281 SigReg: 16.8203812
std: 0.623535156 ,  0.693359375 SigReg: 17.7050114
std: 0.723632812 ,  0.795898438 SigReg: 17.7050114
std: 0.702636719 ,  0.813476562 SigReg: 20.4744873
std: 0.64453125 ,  0.722167969 SigReg: 20.4744873
std: 0.649902344 ,  0.686035156 SigReg: 18.7913074
std: 0.623046875 ,  0.729003906 SigReg: 18.7913074
std: 0.558105469 ,  0.770996094 SigReg: 17.766016
std: 0.595214844 ,  0.727050781 SigReg: 17.766016
std: 0.58984375 ,  0.771972656 SigReg: 16.8294601
std: 0.64453125 ,  0.638671875 SigReg: 16.8294601
std: 0.57421875 ,  0.687011719 SigReg: 18.0244827
std: 0.586914062 ,  0.750488281 SigReg: 18.0244827
  Step 150: Backbone Loss = 2.0347, SIGReg Loss = 18.0245 Probe Loss = 135.4602, Acc = 0.4998
std: 0.588867188 ,  0.849121094 SigReg: 15.3755617
std: 0.598632812 ,  0.668945312 SigReg: 15.3755617
std: 0.55859375 ,  0.807617188 SigReg: 18.886692
std: 0.514160156 ,  0.689941406 SigReg: 18.886692
std: 0.645507812 ,  0.823242188 SigReg: 15.736145
std: 0.65234375 ,  0.721191406 SigReg: 15.736145
std: 0.59375 ,  0.650878906 SigReg: 14.1162643
std: 0.465332031 ,  0.711425781 SigReg: 14.1162643
std: 0.608398438 ,  0.676269531 SigReg: 15.861536
std: 0.606445312 ,  0.72265625 SigReg: 15.861536
std: 0.571777344 ,  0.696289062 SigReg: 17.5072441
std: 0.657714844 ,  0.708984375 SigReg: 17.5072441
std: 0.646484375 ,  0.729980469 SigReg: 16.1155682
std: 0.541992188 ,  0.687011719 SigReg: 16.1155682
std: 0.606933594 ,  0.603027344 SigReg: 14.0028257
std: 0.647949219 ,  0.6171875 SigReg: 14.0028257
std: 0.567871094 ,  0.519042969 SigReg: 21.3992195
std: 0.583984375 ,  0.525390625 SigReg: 21.3992195
std: 0.602539062 ,  0.585449219 SigReg: 18.6696815
std: 0.621582031 ,  0.585449219 SigReg: 18.6696815
std: 0.540527344 ,  0.567382812 SigReg: 18.1765633
std: 0.631347656 ,  0.616699219 SigReg: 18.1765633
std: 0.564453125 ,  0.479248047 SigReg: 15.9170151
std: 0.656738281 ,  0.545410156 SigReg: 15.9170151
std: 0.634765625 ,  0.602539062 SigReg: 13.9605827
std: 0.630859375 ,  0.651855469 SigReg: 13.9605827
std: 0.653320312 ,  0.576171875 SigReg: 13.4798174
std: 0.633789062 ,  0.695800781 SigReg: 13.4798174
std: 0.705566406 ,  0.599121094 SigReg: 15.1350079
std: 0.654785156 ,  0.616699219 SigReg: 15.1350079
std: 0.710449219 ,  0.645507812 SigReg: 16.9541759
std: 0.584960938 ,  0.608886719 SigReg: 16.9541759
std: 0.677246094 ,  0.638183594 SigReg: 19.7744026
std: 0.582519531 ,  0.659667969 SigReg: 19.7744026
std: 0.743164062 ,  0.713867188 SigReg: 17.1942825
std: 0.631835938 ,  0.587402344 SigReg: 17.1942825
std: 0.710449219 ,  0.629394531 SigReg: 17.7842808
std: 0.632324219 ,  0.6796875 SigReg: 17.7842808
std: 0.72265625 ,  0.611816406 SigReg: 20.0957222
std: 0.604492188 ,  0.602050781 SigReg: 20.0957222
std: 0.720214844 ,  0.619140625 SigReg: 16.9163723
std: 0.604980469 ,  0.738769531 SigReg: 16.9163723
std: 0.637207031 ,  0.730957031 SigReg: 14.8997755
std: 0.711425781 ,  0.666992188 SigReg: 14.8997755
std: 0.751953125 ,  0.780761719 SigReg: 19.2728939
std: 0.750976562 ,  0.66796875 SigReg: 19.2728939
std: 0.780761719 ,  0.613769531 SigReg: 17.402832
std: 0.685058594 ,  0.711425781 SigReg: 17.402832
std: 0.754394531 ,  0.588867188 SigReg: 18.1092567
std: 0.768554688 ,  0.59765625 SigReg: 18.1092567
std: 0.837890625 ,  0.553710938 SigReg: 16.797575
std: 0.683105469 ,  0.6171875 SigReg: 16.797575
std: 0.791503906 ,  0.671386719 SigReg: 15.6150217
std: 0.807128906 ,  0.630859375 SigReg: 15.6150217
std: 0.879882812 ,  0.662109375 SigReg: 15.1725082
std: 0.829589844 ,  0.650390625 SigReg: 15.1725082
std: 0.733398438 ,  0.706542969 SigReg: 15.8978615
std: 0.83203125 ,  0.7734375 SigReg: 15.8978615
std: 0.666015625 ,  0.635253906 SigReg: 19.5258789
std: 0.867675781 ,  0.774414062 SigReg: 19.5258789
std: 0.646484375 ,  0.697753906 SigReg: 24.2053452
std: 0.622070312 ,  0.68359375 SigReg: 24.2053452
std: 0.595214844 ,  0.741210938 SigReg: 17.2636261
std: 0.850585938 ,  0.765625 SigReg: 17.2636261
std: 0.650878906 ,  0.720703125 SigReg: 15.663538
std: 0.641113281 ,  0.55078125 SigReg: 15.663538
std: 0.770019531 ,  0.647460938 SigReg: 15.8074703
std: 0.772949219 ,  0.666992188 SigReg: 15.8074703
std: 0.720703125 ,  0.797851562 SigReg: 17.2295437
std: 0.635253906 ,  0.681640625 SigReg: 17.2295437
std: 0.529785156 ,  0.558105469 SigReg: 17.6581116
std: 0.686035156 ,  0.603515625 SigReg: 17.6581116
std: 0.648925781 ,  0.744628906 SigReg: 19.9236183
std: 0.954101562 ,  0.577148438 SigReg: 19.9236183
std: 0.644042969 ,  0.6328125 SigReg: 17.8561459
std: 0.771484375 ,  0.686523438 SigReg: 17.8561459
std: 0.764648438 ,  0.572753906 SigReg: 17.6130314
std: 0.827148438 ,  0.587890625 SigReg: 17.6130314
std: 0.646972656 ,  0.585449219 SigReg: 19.0597496
std: 0.775390625 ,  0.485107422 SigReg: 19.0597496
std: 0.908203125 ,  0.533691406 SigReg: 18.9136105
std: 0.780761719 ,  0.563964844 SigReg: 18.9136105
std: 0.779785156 ,  0.611328125 SigReg: 17.5546627
std: 0.979492188 ,  0.703125 SigReg: 17.5546627
std: 0.974121094 ,  0.560546875 SigReg: 18.2522964
std: 0.966796875 ,  0.467529297 SigReg: 18.2522964
std: 0.765625 ,  0.546875 SigReg: 16.202774
std: 0.838378906 ,  0.583984375 SigReg: 16.202774
std: 0.966308594 ,  0.636230469 SigReg: 17.1910534
std: 0.836914062 ,  0.657714844 SigReg: 17.1910534
std: 0.986328125 ,  0.629882812 SigReg: 17.2071095
std: 0.856445312 ,  0.794433594 SigReg: 17.2071095
std: 0.833984375 ,  0.650390625 SigReg: 15.0900621
std: 0.867675781 ,  0.648925781 SigReg: 15.0900621
std: 1.04589844 ,  0.638183594 SigReg: 16.7780762
std: 1.02539062 ,  0.663574219 SigReg: 16.7780762
std: 0.90234375 ,  0.704101562 SigReg: 16.7778187
std: 0.772949219 ,  0.771484375 SigReg: 16.7778187
std: 0.915527344 ,  0.739746094 SigReg: 15.8879108
std: 0.802246094 ,  0.620117188 SigReg: 15.8879108
  Step 200: Backbone Loss = 1.8506, SIGReg Loss = 15.8879 Probe Loss = 168.3153, Acc = 0.4952
std: 0.813964844 ,  0.783203125 SigReg: 15.5886307
std: 0.859375 ,  0.762695312 SigReg: 15.5886307
std: 0.982910156 ,  0.725097656 SigReg: 18.5316772
std: 1.12695312 ,  0.696289062 SigReg: 18.5316772
std: 0.928710938 ,  0.595214844 SigReg: 16.6086445
std: 0.959472656 ,  0.654785156 SigReg: 16.6086445
std: 0.986328125 ,  0.639648438 SigReg: 14.6386909
std: 1.14257812 ,  0.537109375 SigReg: 14.6386909
std: 1.09863281 ,  0.618164062 SigReg: 16.178978
std: 0.922851562 ,  0.568359375 SigReg: 16.178978
std: 0.873535156 ,  0.645507812 SigReg: 16.0607853
std: 0.958496094 ,  0.643554688 SigReg: 16.0607853
std: 0.814453125 ,  0.711425781 SigReg: 16.5029163
std: 1.05371094 ,  0.682617188 SigReg: 16.5029163
std: 0.966796875 ,  0.75390625 SigReg: 14.5631514
std: 0.965332031 ,  0.696289062 SigReg: 14.5631514
std: 1.07714844 ,  0.779296875 SigReg: 18.5952835
std: 0.852050781 ,  0.821289062 SigReg: 18.5952835
std: 0.801757812 ,  0.715820312 SigReg: 16.5342522
std: 0.943847656 ,  0.808105469 SigReg: 16.5342522
std: 1.078125 ,  0.631835938 SigReg: 17.1536236
std: 0.935058594 ,  0.821289062 SigReg: 17.1536236
std: 1.08496094 ,  0.697753906 SigReg: 19.4384155
std: 0.8671875 ,  0.772949219 SigReg: 19.4384155
std: 0.929199219 ,  0.690917969 SigReg: 17.288002
std: 0.824707031 ,  0.717285156 SigReg: 17.288002
std: 1 ,  0.735839844 SigReg: 16.2632732
std: 1.16699219 ,  0.716308594 SigReg: 16.2632732
std: 0.841308594 ,  0.729980469 SigReg: 15.0773296
std: 0.946777344 ,  0.821289062 SigReg: 15.0773296
std: 0.951660156 ,  0.788085938 SigReg: 13.9562521
std: 1.08203125 ,  0.62109375 SigReg: 13.9562521
std: 1.00488281 ,  0.774414062 SigReg: 16.1057682
std: 1.00683594 ,  0.71484375 SigReg: 16.1057682
std: 0.934082031 ,  0.727539062 SigReg: 22.6184
std: 0.73828125 ,  0.658691406 SigReg: 22.6184
std: 0.944824219 ,  0.765136719 SigReg: 15.3756733
std: 0.875488281 ,  0.734375 SigReg: 15.3756733
std: 0.814941406 ,  0.915039062 SigReg: 15.7296524
std: 1.02734375 ,  0.701171875 SigReg: 15.7296524
std: 0.975097656 ,  0.703125 SigReg: 19.2923908
std: 0.928222656 ,  0.801269531 SigReg: 19.2923908
std: 0.805175781 ,  0.816894531 SigReg: 19.0220757
std: 0.848632812 ,  0.815917969 SigReg: 19.0220757
std: 0.764160156 ,  0.789550781 SigReg: 16.4659214
std: 0.93359375 ,  0.79296875 SigReg: 16.4659214
std: 0.830566406 ,  0.793457031 SigReg: 12.6710052
std: 0.868652344 ,  0.791015625 SigReg: 12.6710052
std: 1.0390625 ,  0.815429688 SigReg: 15.3513174
std: 0.915039062 ,  0.768066406 SigReg: 15.3513174
std: 1.00195312 ,  0.794433594 SigReg: 14.8558874
std: 0.977539062 ,  0.964355469 SigReg: 14.8558874
std: 0.899902344 ,  0.829589844 SigReg: 16.3533058
std: 0.954589844 ,  0.874511719 SigReg: 16.3533058
std: 0.995605469 ,  0.895507812 SigReg: 15.3927612
std: 1.00292969 ,  0.793457031 SigReg: 15.3927612
std: 0.948730469 ,  0.704101562 SigReg: 16.0662231
std: 0.805664062 ,  0.873535156 SigReg: 16.0662231
std: 0.880371094 ,  0.700195312 SigReg: 14.8193035
std: 0.84375 ,  0.900390625 SigReg: 14.8193035
std: 0.837890625 ,  0.824707031 SigReg: 14.9606543
std: 0.881347656 ,  0.776367188 SigReg: 14.9606543
std: 0.984375 ,  0.755371094 SigReg: 13.9248066
std: 0.874511719 ,  0.899414062 SigReg: 13.9248066
std: 1.171875 ,  0.688476562 SigReg: 15.4275169
std: 1.01171875 ,  0.687011719 SigReg: 15.4275169
std: 1.046875 ,  0.782714844 SigReg: 15.6362505
std: 0.9609375 ,  0.740234375 SigReg: 15.6362505
std: 1.1640625 ,  0.685546875 SigReg: 15.9111137
std: 1.10839844 ,  0.719238281 SigReg: 15.9111137
std: 1.24804688 ,  0.672851562 SigReg: 15.3807831
std: 1.16113281 ,  0.663574219 SigReg: 15.3807831
std: 1.15136719 ,  0.611816406 SigReg: 15.4399185
std: 1.2421875 ,  0.712890625 SigReg: 15.4399185
std: 1.01171875 ,  0.645996094 SigReg: 14.1311846
std: 1.171875 ,  0.682617188 SigReg: 14.1311846
std: 1.16210938 ,  0.623046875 SigReg: 15.4071741
std: 1.08203125 ,  0.671386719 SigReg: 15.4071741
std: 0.989746094 ,  0.673828125 SigReg: 13.9010792
std: 1.13574219 ,  0.639648438 SigReg: 13.9010792
std: 0.905761719 ,  0.649902344 SigReg: 16.8662872
std: 1.07421875 ,  0.655761719 SigReg: 16.8662872
std: 0.934570312 ,  0.76171875 SigReg: 17.5926609
std: 0.970703125 ,  0.747558594 SigReg: 17.5926609
std: 0.851074219 ,  0.735351562 SigReg: 19.6710892
std: 0.942871094 ,  0.791992188 SigReg: 19.6710892
std: 1.05175781 ,  0.632324219 SigReg: 19.5553799
std: 0.626464844 ,  0.940429688 SigReg: 19.5553799
std: 0.69140625 ,  0.803710938 SigReg: 17.9527092
std: 0.766113281 ,  0.900878906 SigReg: 17.9527092
std: 0.771484375 ,  0.760742188 SigReg: 17.3514023
std: 0.733886719 ,  0.777832031 SigReg: 17.3514023
std: 0.71484375 ,  0.863769531 SigReg: 19.2657013
std: 0.82421875 ,  0.845703125 SigReg: 19.2657013
std: 0.716308594 ,  0.802734375 SigReg: 19.9012775
std: 0.746582031 ,  0.763183594 SigReg: 19.9012775
std: 0.753417969 ,  0.790039062 SigReg: 15.0327263
std: 0.822265625 ,  0.76171875 SigReg: 15.0327263
std: 0.979980469 ,  0.758300781 SigReg: 15.6606197
std: 0.671386719 ,  0.90625 SigReg: 15.6606197
  Step 250: Backbone Loss = 1.8981, SIGReg Loss = 15.6606 Probe Loss = 140.5184, Acc = 0.5004
std: 0.822753906 ,  0.747558594 SigReg: 17.112751
std: 0.876953125 ,  0.797851562 SigReg: 17.112751
std: 0.887695312 ,  0.848144531 SigReg: 15.9908352
std: 0.793945312 ,  0.803710938 SigReg: 15.9908352
std: 0.734375 ,  0.774902344 SigReg: 21.3853836
std: 0.950683594 ,  0.663085938 SigReg: 21.3853836
std: 0.852539062 ,  0.817382812 SigReg: 20.2932034
std: 0.7734375 ,  0.979003906 SigReg: 20.2932034
std: 0.831054688 ,  0.745605469 SigReg: 18.630146
std: 0.86328125 ,  0.808105469 SigReg: 18.630146
std: 0.677246094 ,  0.796875 SigReg: 17.2029705
std: 0.640136719 ,  0.778808594 SigReg: 17.2029705
std: 0.761230469 ,  0.757324219 SigReg: 16.7228432
std: 0.629882812 ,  0.753417969 SigReg: 16.7228432
std: 0.766113281 ,  0.712402344 SigReg: 17.1061974
std: 0.6796875 ,  0.702148438 SigReg: 17.1061974
std: 0.763671875 ,  0.666992188 SigReg: 17.57234
std: 0.745605469 ,  0.640625 SigReg: 17.57234
std: 0.912597656 ,  0.720214844 SigReg: 17.8976173
std: 0.68359375 ,  0.674316406 SigReg: 17.8976173
std: 0.767578125 ,  0.539550781 SigReg: 15.0783215
std: 1.02734375 ,  0.692382812 SigReg: 15.0783215
std: 1.0546875 ,  0.541992188 SigReg: 17.1908588
std: 0.864257812 ,  0.663085938 SigReg: 17.1908588
std: 1.15820312 ,  0.641113281 SigReg: 16.3991222
std: 0.866699219 ,  0.770019531 SigReg: 16.3991222
std: 0.729980469 ,  0.821289062 SigReg: 14.2690849
std: 0.891113281 ,  0.702636719 SigReg: 14.2690849
std: 0.91015625 ,  0.798828125 SigReg: 17.5653839
std: 1.06542969 ,  0.727539062 SigReg: 17.5653839
std: 1.10351562 ,  0.6796875 SigReg: 21.6603909
std: 0.826171875 ,  0.888671875 SigReg: 21.6603909
std: 1.140625 ,  0.752929688 SigReg: 17.201107
std: 0.999511719 ,  0.771484375 SigReg: 17.201107
std: 1.24121094 ,  0.727539062 SigReg: 15.1506224
std: 1.12109375 ,  0.799316406 SigReg: 15.1506224
std: 1.10058594 ,  0.791503906 SigReg: 14.8517275
std: 1.21191406 ,  0.79296875 SigReg: 14.8517275
std: 1.04785156 ,  0.859863281 SigReg: 17.087965
std: 1.17871094 ,  0.880371094 SigReg: 17.087965
std: 1.28710938 ,  0.821289062 SigReg: 15.9067249
std: 0.9609375 ,  0.959472656 SigReg: 15.9067249
std: 1.02539062 ,  0.849609375 SigReg: 15.3251905
std: 1.26855469 ,  1.00292969 SigReg: 15.3251905
std: 1.2265625 ,  0.801757812 SigReg: 15.5149727
std: 1.32714844 ,  0.977539062 SigReg: 15.5149727
std: 1.06542969 ,  0.770019531 SigReg: 16.9308853
std: 1.27636719 ,  0.742675781 SigReg: 16.9308853
std: 1.375 ,  0.799316406 SigReg: 16.3331318
std: 1.44921875 ,  0.88671875 SigReg: 16.3331318
std: 1.2734375 ,  0.848144531 SigReg: 16.4610596
std: 1.31347656 ,  0.922851562 SigReg: 16.4610596
std: 1.44726562 ,  0.875976562 SigReg: 18.4864807
std: 1.25488281 ,  0.837890625 SigReg: 18.4864807
std: 1.07714844 ,  0.904785156 SigReg: 16.6692867
std: 1.03613281 ,  0.934082031 SigReg: 16.6692867
std: 1.11230469 ,  0.872558594 SigReg: 20.4139671
std: 0.993164062 ,  0.926269531 SigReg: 20.4139671
std: 0.994140625 ,  0.962890625 SigReg: 15.8410406
std: 0.936523438 ,  0.96875 SigReg: 15.8410406
std: 0.922363281 ,  0.997558594 SigReg: 14.0329628
std: 1.00390625 ,  1.01171875 SigReg: 14.0329628
std: 1.10742188 ,  0.955566406 SigReg: 16.3310261
std: 0.941894531 ,  1.02734375 SigReg: 16.3310261
std: 0.853027344 ,  0.995605469 SigReg: 13.5780783
std: 1.12988281 ,  0.910644531 SigReg: 13.5780783
std: 1.11816406 ,  0.818847656 SigReg: 14.7971573
std: 0.86328125 ,  1.06542969 SigReg: 14.7971573
std: 0.770996094 ,  1.06542969 SigReg: 14.8820181
std: 1.01953125 ,  1.02636719 SigReg: 14.8820181
std: 0.995117188 ,  0.835449219 SigReg: 13.7724886
std: 0.966796875 ,  0.940917969 SigReg: 13.7724886
std: 0.870117188 ,  1.00292969 SigReg: 23.2025318
std: 0.936523438 ,  0.952636719 SigReg: 23.2025318
std: 0.765625 ,  1.04003906 SigReg: 17.7786026
std: 0.810546875 ,  0.9296875 SigReg: 17.7786026
std: 0.988769531 ,  1.05664062 SigReg: 19.4172153
std: 1.03710938 ,  0.986328125 SigReg: 19.4172153
std: 1.05957031 ,  0.958007812 SigReg: 15.0735273
std: 0.962890625 ,  0.948730469 SigReg: 15.0735273
std: 0.852050781 ,  1.04296875 SigReg: 19.7697945
std: 0.952636719 ,  0.953613281 SigReg: 19.7697945
std: 0.919433594 ,  0.931152344 SigReg: 20.3828831
std: 0.8359375 ,  0.930664062 SigReg: 20.3828831
std: 0.723144531 ,  0.841796875 SigReg: 21.5527592
std: 0.94921875 ,  0.895507812 SigReg: 21.5527592
std: 0.887695312 ,  0.843261719 SigReg: 18.1473827
std: 0.665527344 ,  0.879394531 SigReg: 18.1473827
std: 0.702148438 ,  0.8828125 SigReg: 20.2922039
std: 0.833007812 ,  0.926269531 SigReg: 20.2922039
std: 0.657714844 ,  1.01367188 SigReg: 23.8994
std: 0.77734375 ,  0.918945312 SigReg: 23.8994
std: 0.686523438 ,  1.10839844 SigReg: 26.3181057
std: 0.873535156 ,  1.07421875 SigReg: 26.3181057
std: 0.66015625 ,  1.01367188 SigReg: 21.6980858
std: 0.608398438 ,  1.15234375 SigReg: 21.6980858
std: 0.672363281 ,  1.01953125 SigReg: 19.5567055
std: 0.710449219 ,  1.1328125 SigReg: 19.5567055
std: 0.625976562 ,  1.1015625 SigReg: 20.9859982
std: 0.775878906 ,  1.13964844 SigReg: 20.9859982
  Step 300: Backbone Loss = 2.2277, SIGReg Loss = 20.9860 Probe Loss = 167.6100, Acc = 0.5123
std: 0.637695312 ,  1.09863281 SigReg: 21.1423588
std: 0.63671875 ,  1.07226562 SigReg: 21.1423588
std: 0.735839844 ,  1.07324219 SigReg: 19.7625809
std: 0.715332031 ,  1.11132812 SigReg: 19.7625809
std: 0.598144531 ,  1.09960938 SigReg: 19.8768749
std: 0.746582031 ,  1.125 SigReg: 19.8768749
std: 0.754394531 ,  1.08203125 SigReg: 18.7530212
std: 0.659179688 ,  1.08007812 SigReg: 18.7530212
std: 0.8125 ,  0.786132812 SigReg: 20.7539177
std: 0.915527344 ,  0.943847656 SigReg: 20.7539177
std: 0.781738281 ,  0.967773438 SigReg: 17.2376213
std: 0.795898438 ,  1.11523438 SigReg: 17.2376213
Epoch 9 finished in 247.07s.
  Avg Backbone Loss: 1.9895
  Avg Probe Loss:    172.8140
  Avg Probe Accuracy: 0.5042

Epoch 10/100
std: 0.817871094 ,  0.910644531 SigReg: 15.6826401
std: 0.926757812 ,  0.985839844 SigReg: 15.6826401
  Step 0: Backbone Loss = 1.8961, SIGReg Loss = 15.6826 Probe Loss = 161.5463, Acc = 0.5036
std: 0.892089844 ,  0.747558594 SigReg: 16.4412
std: 0.841796875 ,  0.953613281 SigReg: 16.4412
std: 0.904785156 ,  0.898925781 SigReg: 15.5479355
std: 0.705566406 ,  0.775878906 SigReg: 15.5479355
std: 0.726074219 ,  0.653808594 SigReg: 17.5394135
std: 0.697753906 ,  0.810058594 SigReg: 17.5394135
std: 0.677246094 ,  0.802734375 SigReg: 17.013607
std: 0.780273438 ,  0.728027344 SigReg: 17.013607
std: 0.838867188 ,  0.784179688 SigReg: 13.9829178
std: 0.682128906 ,  0.858886719 SigReg: 13.9829178
std: 0.817382812 ,  0.795898438 SigReg: 14.5354214
std: 0.721191406 ,  0.879394531 SigReg: 14.5354214
std: 0.714355469 ,  0.837890625 SigReg: 14.6868305
std: 0.780761719 ,  0.926269531 SigReg: 14.6868305
std: 0.680664062 ,  0.812988281 SigReg: 15.4975615
std: 0.825195312 ,  0.881347656 SigReg: 15.4975615
std: 0.849609375 ,  0.812988281 SigReg: 17.0775738
std: 1.03222656 ,  0.819824219 SigReg: 17.0775738
std: 0.785644531 ,  0.851074219 SigReg: 13.0863276
std: 1.06640625 ,  0.867675781 SigReg: 13.0863276
std: 0.990722656 ,  0.844726562 SigReg: 13.1291971
std: 0.87109375 ,  0.916015625 SigReg: 13.1291971
std: 0.686035156 ,  0.979980469 SigReg: 16.8209324
std: 0.783203125 ,  0.934082031 SigReg: 16.8209324
std: 0.938964844 ,  0.897949219 SigReg: 19.3583221
std: 0.791992188 ,  0.952148438 SigReg: 19.3583221
std: 0.821289062 ,  0.927734375 SigReg: 15.5469475
std: 0.91015625 ,  0.828125 SigReg: 15.5469475
std: 0.595703125 ,  0.852539062 SigReg: 15.8401833
std: 0.772949219 ,  0.836914062 SigReg: 15.8401833
std: 0.756835938 ,  0.823730469 SigReg: 16.0315266
std: 0.907714844 ,  0.909179688 SigReg: 16.0315266
std: 1.01171875 ,  0.910644531 SigReg: 15.043539
std: 0.861816406 ,  0.810546875 SigReg: 15.043539
std: 0.727539062 ,  0.79296875 SigReg: 16.851469
std: 0.900878906 ,  0.8203125 SigReg: 16.851469
std: 0.85546875 ,  0.935546875 SigReg: 16.7979431
std: 0.799804688 ,  0.815429688 SigReg: 16.7979431
std: 0.959960938 ,  0.782714844 SigReg: 17.1681423
std: 0.859375 ,  0.913574219 SigReg: 17.1681423
std: 0.979980469 ,  0.775390625 SigReg: 17.7476234
std: 1.07128906 ,  0.790039062 SigReg: 17.7476234
std: 0.806640625 ,  0.830566406 SigReg: 20.7647305
std: 0.758300781 ,  0.736816406 SigReg: 20.7647305
std: 0.975097656 ,  0.783203125 SigReg: 16.9826698
std: 0.862304688 ,  0.836425781 SigReg: 16.9826698
std: 0.871582031 ,  0.842773438 SigReg: 16.9272652
std: 0.817382812 ,  0.90625 SigReg: 16.9272652
std: 0.928710938 ,  0.833496094 SigReg: 16.4823875
std: 0.887695312 ,  0.803222656 SigReg: 16.4823875
std: 0.69140625 ,  0.874511719 SigReg: 16.1114159
std: 0.927734375 ,  0.819335938 SigReg: 16.1114159
std: 0.660644531 ,  0.841308594 SigReg: 17.3792095
std: 0.762207031 ,  0.800292969 SigReg: 17.3792095
std: 0.571777344 ,  0.904296875 SigReg: 15.818572
std: 0.629882812 ,  0.850097656 SigReg: 15.818572
std: 0.73828125 ,  0.759277344 SigReg: 14.8644066
std: 0.717285156 ,  0.92578125 SigReg: 14.8644066
std: 0.5703125 ,  0.970214844 SigReg: 14.6011858
std: 0.713378906 ,  0.840332031 SigReg: 14.6011858
std: 0.715332031 ,  0.859863281 SigReg: 16.892271
std: 0.753417969 ,  0.853027344 SigReg: 16.892271
std: 0.584960938 ,  0.797851562 SigReg: 13.4961224
std: 0.555664062 ,  1.01855469 SigReg: 13.4961224
std: 0.882324219 ,  0.81640625 SigReg: 16.2049046
std: 0.892089844 ,  0.863769531 SigReg: 16.2049046
std: 0.74609375 ,  0.850585938 SigReg: 14.4866562
std: 0.713378906 ,  0.961914062 SigReg: 14.4866562
std: 0.578125 ,  0.801269531 SigReg: 16.7965126
std: 0.816894531 ,  0.840332031 SigReg: 16.7965126
std: 0.719726562 ,  0.766601562 SigReg: 15.6693392
std: 0.756347656 ,  0.820800781 SigReg: 15.6693392
std: 0.796386719 ,  0.872070312 SigReg: 15.023859
std: 0.691894531 ,  0.850585938 SigReg: 15.023859
std: 0.571289062 ,  0.797851562 SigReg: 16.8671398
std: 0.492675781 ,  0.868164062 SigReg: 16.8671398
std: 0.532226562 ,  0.773925781 SigReg: 16.4791012
std: 0.86328125 ,  0.764160156 SigReg: 16.4791012
std: 0.59765625 ,  0.827148438 SigReg: 17.4123802
std: 0.65234375 ,  0.755371094 SigReg: 17.4123802
std: 0.718261719 ,  0.742675781 SigReg: 19.8308144
std: 0.621582031 ,  0.795410156 SigReg: 19.8308144
std: 0.740722656 ,  0.717285156 SigReg: 20.0064487
std: 0.640136719 ,  0.781738281 SigReg: 20.0064487
std: 0.597167969 ,  0.828125 SigReg: 16.1127987
std: 0.763183594 ,  0.645019531 SigReg: 16.1127987
std: 0.8203125 ,  0.708007812 SigReg: 14.5184
std: 0.790527344 ,  0.719238281 SigReg: 14.5184
std: 0.887207031 ,  0.657226562 SigReg: 14.349143
std: 0.858886719 ,  0.702636719 SigReg: 14.349143
std: 0.796386719 ,  0.807128906 SigReg: 15.7314663
std: 0.912109375 ,  0.824707031 SigReg: 15.7314663
std: 0.788574219 ,  0.680664062 SigReg: 16.848938
std: 0.921875 ,  0.675292969 SigReg: 16.848938
std: 0.780761719 ,  0.678222656 SigReg: 18.4007034
std: 0.74609375 ,  0.71875 SigReg: 18.4007034
std: 0.676757812 ,  0.739257812 SigReg: 27.516531
std: 0.594726562 ,  0.763671875 SigReg: 27.516531
std: 0.63671875 ,  0.685058594 SigReg: 21.9782
std: 0.868652344 ,  0.694335938 SigReg: 21.9782
  Step 50: Backbone Loss = 2.1494, SIGReg Loss = 21.9782 Probe Loss = 158.9240, Acc = 0.5040
std: 0.746582031 ,  0.6953125 SigReg: 16.6886902
std: 0.799804688 ,  0.69140625 SigReg: 16.6886902
std: 0.756347656 ,  0.643554688 SigReg: 18.4249191
std: 0.759765625 ,  0.713867188 SigReg: 18.4249191
std: 0.795410156 ,  0.759277344 SigReg: 21.3779106
std: 0.80859375 ,  0.708984375 SigReg: 21.3779106
std: 0.827636719 ,  0.705078125 SigReg: 18.751091
std: 0.569824219 ,  0.748535156 SigReg: 18.751091
std: 0.466308594 ,  0.834960938 SigReg: 17.5675201
std: 0.393554688 ,  0.746582031 SigReg: 17.5675201
std: 0.628417969 ,  0.778320312 SigReg: 16.6133709
std: 0.668945312 ,  0.703125 SigReg: 16.6133709
std: 0.661621094 ,  0.767578125 SigReg: 18.4876804
std: 0.54296875 ,  0.775390625 SigReg: 18.4876804
std: 0.614257812 ,  0.760742188 SigReg: 15.1858101
std: 0.639648438 ,  0.727050781 SigReg: 15.1858101
std: 0.701171875 ,  0.815917969 SigReg: 14.157712
std: 0.668945312 ,  0.765625 SigReg: 14.157712
std: 0.7109375 ,  0.729980469 SigReg: 15.3112116
std: 0.729003906 ,  0.758789062 SigReg: 15.3112116
std: 0.958496094 ,  0.754882812 SigReg: 16.7896843
std: 0.680664062 ,  0.853515625 SigReg: 16.7896843
std: 0.908691406 ,  0.845703125 SigReg: 13.6836863
std: 0.774902344 ,  0.726074219 SigReg: 13.6836863
std: 0.6796875 ,  0.780273438 SigReg: 19.1593742
std: 0.720214844 ,  0.890625 SigReg: 19.1593742
std: 0.898925781 ,  0.890625 SigReg: 14.9501781
std: 0.913085938 ,  0.802734375 SigReg: 14.9501781
std: 0.822265625 ,  0.788085938 SigReg: 16.8558846
std: 1.08691406 ,  0.815917969 SigReg: 16.8558846
std: 0.766601562 ,  0.944335938 SigReg: 16.4993858
std: 0.740722656 ,  0.878417969 SigReg: 16.4993858
std: 0.602539062 ,  0.800292969 SigReg: 16.049818
std: 0.876464844 ,  0.847167969 SigReg: 16.049818
std: 0.715820312 ,  0.843261719 SigReg: 17.3304424
std: 0.880371094 ,  0.930664062 SigReg: 17.3304424
std: 0.797851562 ,  0.9765625 SigReg: 19.392437
std: 0.786621094 ,  0.794433594 SigReg: 19.392437
std: 0.662597656 ,  0.877441406 SigReg: 17.5868835
std: 0.706054688 ,  0.953613281 SigReg: 17.5868835
std: 0.583984375 ,  1.00878906 SigReg: 16.477705
std: 0.714355469 ,  0.961425781 SigReg: 16.477705
std: 0.764160156 ,  0.875488281 SigReg: 16.5235424
std: 0.791992188 ,  0.874023438 SigReg: 16.5235424
std: 0.71484375 ,  0.929199219 SigReg: 17.0044193
std: 0.573730469 ,  0.940917969 SigReg: 17.0044193
std: 0.837890625 ,  1.00292969 SigReg: 14.7244911
std: 0.712402344 ,  0.905761719 SigReg: 14.7244911
std: 0.858886719 ,  0.795898438 SigReg: 15.2835636
std: 0.912597656 ,  0.857910156 SigReg: 15.2835636
std: 0.91015625 ,  0.879394531 SigReg: 16.567379
std: 0.795410156 ,  0.984375 SigReg: 16.567379
std: 0.943359375 ,  0.997070312 SigReg: 16.1040573
std: 0.939453125 ,  0.885253906 SigReg: 16.1040573
std: 0.772949219 ,  0.775878906 SigReg: 16.8909416
std: 0.879882812 ,  0.922851562 SigReg: 16.8909416
std: 0.6796875 ,  0.860839844 SigReg: 14.7346697
std: 0.958496094 ,  0.949707031 SigReg: 14.7346697
std: 0.733398438 ,  0.878417969 SigReg: 17.6140842
std: 0.822265625 ,  0.806640625 SigReg: 17.6140842
std: 0.648925781 ,  0.810058594 SigReg: 15.3325462
std: 0.800292969 ,  0.944335938 SigReg: 15.3325462
std: 0.759277344 ,  0.879394531 SigReg: 15.499299
std: 0.763671875 ,  0.905761719 SigReg: 15.499299
std: 0.534667969 ,  0.661132812 SigReg: 17.0514717
std: 0.633300781 ,  0.781738281 SigReg: 17.0514717
std: 0.625488281 ,  0.859863281 SigReg: 16.7118931
std: 0.763183594 ,  0.867675781 SigReg: 16.7118931
std: 0.598144531 ,  0.868652344 SigReg: 19.4394989
std: 0.846191406 ,  0.992675781 SigReg: 19.4394989
std: 0.69921875 ,  0.854980469 SigReg: 15.3150616
std: 0.502929688 ,  0.939941406 SigReg: 15.3150616
std: 0.802734375 ,  0.96484375 SigReg: 15.5047932
std: 0.974609375 ,  0.770507812 SigReg: 15.5047932
std: 0.769042969 ,  0.925292969 SigReg: 14.3823595
std: 0.794433594 ,  0.965332031 SigReg: 14.3823595
std: 0.932128906 ,  1.03320312 SigReg: 16.5559769
std: 0.991699219 ,  0.949707031 SigReg: 16.5559769
std: 0.850097656 ,  0.884765625 SigReg: 15.1805401
std: 0.876953125 ,  0.952636719 SigReg: 15.1805401
std: 0.957519531 ,  0.906738281 SigReg: 14.8480206
std: 1.02148438 ,  0.933105469 SigReg: 14.8480206
std: 0.853515625 ,  0.993164062 SigReg: 13.933073
std: 0.850097656 ,  0.859863281 SigReg: 13.933073
std: 0.738769531 ,  0.889160156 SigReg: 15.168829
std: 0.811523438 ,  0.91796875 SigReg: 15.168829
std: 0.541503906 ,  0.98046875 SigReg: 19.0100746
std: 0.778808594 ,  0.955078125 SigReg: 19.0100746
std: 0.808105469 ,  0.896972656 SigReg: 15.697176
std: 0.876464844 ,  0.947265625 SigReg: 15.697176
std: 0.706542969 ,  0.908203125 SigReg: 17.7964516
std: 1.01953125 ,  0.891601562 SigReg: 17.7964516
std: 1.0703125 ,  0.910644531 SigReg: 17.1672935
std: 1.09960938 ,  0.940429688 SigReg: 17.1672935
std: 0.90625 ,  0.849609375 SigReg: 18.1002903
std: 1.09863281 ,  0.854492188 SigReg: 18.1002903
std: 0.952636719 ,  0.841796875 SigReg: 15.8286724
std: 0.931152344 ,  0.939941406 SigReg: 15.8286724
std: 0.770019531 ,  1.00976562 SigReg: 15.6080914
std: 0.754394531 ,  0.888671875 SigReg: 15.6080914
  Step 100: Backbone Loss = 1.8496, SIGReg Loss = 15.6081 Probe Loss = 156.7280, Acc = 0.5083
std: 0.753417969 ,  0.946289062 SigReg: 17.6644859
std: 0.801269531 ,  1.02832031 SigReg: 17.6644859
std: 0.805175781 ,  0.952148438 SigReg: 20.842844
std: 0.887207031 ,  1.02636719 SigReg: 20.842844
std: 0.624511719 ,  1.04101562 SigReg: 16.6482334
std: 0.740722656 ,  1.00488281 SigReg: 16.6482334
std: 0.833984375 ,  1.07226562 SigReg: 15.3932877
std: 0.84375 ,  1.07910156 SigReg: 15.3932877
std: 0.755371094 ,  1.16015625 SigReg: 13.4563532
std: 0.798828125 ,  0.959472656 SigReg: 13.4563532
std: 0.732421875 ,  0.924804688 SigReg: 16.6167564
std: 0.73828125 ,  1.09570312 SigReg: 16.6167564
std: 0.77734375 ,  1.08691406 SigReg: 15.4598541
std: 0.76953125 ,  1.00683594 SigReg: 15.4598541
std: 0.781738281 ,  1.10058594 SigReg: 17.9923325
std: 0.866210938 ,  0.992675781 SigReg: 17.9923325
std: 0.70703125 ,  1.06835938 SigReg: 18.6131325
std: 0.642578125 ,  0.991210938 SigReg: 18.6131325
std: 0.813476562 ,  1.08984375 SigReg: 17.2220478
std: 0.719238281 ,  1.17871094 SigReg: 17.2220478
std: 0.806640625 ,  1.06933594 SigReg: 14.8908262
std: 0.581054688 ,  1.19726562 SigReg: 14.8908262
std: 0.760253906 ,  1.13183594 SigReg: 16.6287651
std: 0.711425781 ,  1.19238281 SigReg: 16.6287651
std: 0.587402344 ,  1.09960938 SigReg: 18.1666508
std: 0.764648438 ,  1.1171875 SigReg: 18.1666508
std: 0.783203125 ,  1.18554688 SigReg: 21.471035
std: 0.556152344 ,  0.939453125 SigReg: 21.471035
std: 0.834960938 ,  0.977539062 SigReg: 17.5064259
std: 0.663574219 ,  1.07421875 SigReg: 17.5064259
std: 0.664550781 ,  1.03320312 SigReg: 20.9929523
std: 0.765136719 ,  1.046875 SigReg: 20.9929523
std: 0.666992188 ,  1.02148438 SigReg: 21.1449986
std: 0.663574219 ,  0.987304688 SigReg: 21.1449986
std: 0.641113281 ,  0.97265625 SigReg: 21.2493534
std: 0.752929688 ,  0.999023438 SigReg: 21.2493534
std: 0.708007812 ,  1.0703125 SigReg: 23.9764595
std: 0.672363281 ,  1 SigReg: 23.9764595
std: 0.528808594 ,  0.99609375 SigReg: 22.0435219
std: 0.700195312 ,  0.934082031 SigReg: 22.0435219
std: 0.664550781 ,  1.02734375 SigReg: 18.4284477
std: 0.560546875 ,  1.0546875 SigReg: 18.4284477
std: 0.758300781 ,  1.00878906 SigReg: 16.5363
std: 0.736328125 ,  0.98046875 SigReg: 16.5363
std: 0.731445312 ,  0.94140625 SigReg: 16.6398754
std: 0.760742188 ,  0.984375 SigReg: 16.6398754
std: 0.620605469 ,  1.04492188 SigReg: 14.7876616
std: 0.735351562 ,  1.03417969 SigReg: 14.7876616
std: 0.705566406 ,  1.02050781 SigReg: 19.4118423
std: 0.537597656 ,  0.953613281 SigReg: 19.4118423
std: 0.584472656 ,  1.01757812 SigReg: 19.3822517
std: 0.538085938 ,  1.0234375 SigReg: 19.3822517
std: 0.68359375 ,  1.15332031 SigReg: 19.4005394
std: 0.720703125 ,  1.12597656 SigReg: 19.4005394
std: 0.646972656 ,  1.10546875 SigReg: 14.8261862
std: 0.657226562 ,  1.140625 SigReg: 14.8261862
std: 0.794433594 ,  1.08984375 SigReg: 15.5217113
std: 0.808105469 ,  0.895019531 SigReg: 15.5217113
std: 0.639648438 ,  1.078125 SigReg: 18.2272
std: 0.695800781 ,  1.11328125 SigReg: 18.2272
std: 0.822753906 ,  1.03417969 SigReg: 15.0291739
std: 0.760253906 ,  1.07910156 SigReg: 15.0291739
std: 0.821289062 ,  1.09863281 SigReg: 12.8335676
std: 0.674316406 ,  1.0859375 SigReg: 12.8335676
std: 0.982910156 ,  0.806152344 SigReg: 16.1548157
std: 0.820800781 ,  1.11816406 SigReg: 16.1548157
std: 0.817382812 ,  1.125 SigReg: 14.6801701
std: 0.937988281 ,  0.845214844 SigReg: 14.6801701
std: 0.675292969 ,  1.02832031 SigReg: 14.2874794
std: 0.946777344 ,  1.06445312 SigReg: 14.2874794
std: 0.809082031 ,  1.1796875 SigReg: 15.9191818
std: 0.729003906 ,  1.27929688 SigReg: 15.9191818
std: 0.833496094 ,  0.933105469 SigReg: 14.8792858
std: 0.905761719 ,  1.18164062 SigReg: 14.8792858
std: 0.861328125 ,  0.818847656 SigReg: 15.6477928
std: 0.923828125 ,  1.06542969 SigReg: 15.6477928
std: 0.680175781 ,  1.03515625 SigReg: 16.0313
std: 0.810058594 ,  1.109375 SigReg: 16.0313
std: 0.687011719 ,  1.09960938 SigReg: 17.7138157
std: 0.940429688 ,  1.10449219 SigReg: 17.7138157
std: 0.76171875 ,  1.08984375 SigReg: 14.8013744
std: 0.889648438 ,  1.07714844 SigReg: 14.8013744
std: 0.743652344 ,  1.07128906 SigReg: 13.6763124
std: 0.95703125 ,  0.817382812 SigReg: 13.6763124
std: 0.893066406 ,  0.918457031 SigReg: 13.7430811
std: 0.821777344 ,  1.05371094 SigReg: 13.7430811
std: 0.927246094 ,  1.12792969 SigReg: 16.3104286
std: 0.913085938 ,  1.09960938 SigReg: 16.3104286
std: 0.729003906 ,  1.11425781 SigReg: 13.792532
std: 0.717773438 ,  1.12988281 SigReg: 13.792532
std: 0.735351562 ,  1.13183594 SigReg: 15.0208044
std: 0.757324219 ,  1.09472656 SigReg: 15.0208044
std: 0.728027344 ,  1.03125 SigReg: 15.0885696
std: 0.737304688 ,  1.0078125 SigReg: 15.0885696
std: 0.637207031 ,  0.964355469 SigReg: 15.4804287
std: 0.709960938 ,  1.00292969 SigReg: 15.4804287
std: 0.757324219 ,  1.10742188 SigReg: 12.7197094
std: 0.743652344 ,  1.00195312 SigReg: 12.7197094
std: 0.895019531 ,  0.849121094 SigReg: 17.1459427
std: 0.769042969 ,  1.01269531 SigReg: 17.1459427
  Step 150: Backbone Loss = 1.9534, SIGReg Loss = 17.1459 Probe Loss = 138.8526, Acc = 0.5029
std: 0.900390625 ,  1.06152344 SigReg: 14.0880289
std: 0.881347656 ,  1.11035156 SigReg: 14.0880289
std: 0.916503906 ,  0.896972656 SigReg: 14.8285398
std: 0.918945312 ,  0.840332031 SigReg: 14.8285398
std: 0.830078125 ,  0.991699219 SigReg: 15.3855305
std: 0.838867188 ,  1.08300781 SigReg: 15.3855305
std: 0.953125 ,  1.03417969 SigReg: 13.8240423
std: 0.887695312 ,  1.02539062 SigReg: 13.8240423
std: 0.827148438 ,  0.999511719 SigReg: 16.2890625
std: 0.739746094 ,  1.05957031 SigReg: 16.2890625
std: 0.736328125 ,  0.974121094 SigReg: 17.2571831
std: 0.756347656 ,  1.00097656 SigReg: 17.2571831
std: 0.80078125 ,  1.03125 SigReg: 18.633461
std: 0.755859375 ,  1.02050781 SigReg: 18.633461
std: 0.645996094 ,  0.995605469 SigReg: 16.8221664
std: 0.683105469 ,  0.796875 SigReg: 16.8221664
std: 0.830566406 ,  0.891601562 SigReg: 16.7615566
std: 0.718261719 ,  0.854492188 SigReg: 16.7615566
std: 0.750488281 ,  0.895019531 SigReg: 17.3509331
std: 0.694335938 ,  0.81640625 SigReg: 17.3509331
std: 0.901855469 ,  0.81640625 SigReg: 14.1207933
std: 0.772949219 ,  0.721191406 SigReg: 14.1207933
std: 0.919433594 ,  0.694335938 SigReg: 18.0739269
std: 0.881347656 ,  0.817382812 SigReg: 18.0739269
std: 0.818847656 ,  0.664550781 SigReg: 16.0458565
std: 1.05371094 ,  0.752441406 SigReg: 16.0458565
std: 0.909179688 ,  0.738769531 SigReg: 19.6983089
std: 0.979980469 ,  0.761230469 SigReg: 19.6983089
std: 1.20605469 ,  0.654785156 SigReg: 18.5072727
std: 1.03515625 ,  0.735839844 SigReg: 18.5072727
std: 0.967773438 ,  0.743652344 SigReg: 15.1165829
std: 1 ,  0.687011719 SigReg: 15.1165829
std: 1.01757812 ,  0.674804688 SigReg: 16.5856724
std: 0.940917969 ,  0.708984375 SigReg: 16.5856724
std: 0.998535156 ,  0.633300781 SigReg: 15.1300087
std: 1.20703125 ,  0.602050781 SigReg: 15.1300087
std: 1.11621094 ,  0.785644531 SigReg: 15.2103863
std: 1.04003906 ,  0.705566406 SigReg: 15.2103863
std: 1.01367188 ,  0.697753906 SigReg: 17.9214516
std: 1.05078125 ,  0.725097656 SigReg: 17.9214516
std: 1.09863281 ,  0.616210938 SigReg: 15.2450361
std: 0.888671875 ,  0.735839844 SigReg: 15.2450361
std: 1.01269531 ,  0.796875 SigReg: 15.1605682
std: 1.046875 ,  0.731445312 SigReg: 15.1605682
std: 0.821777344 ,  0.7421875 SigReg: 14.8807478
std: 0.884765625 ,  0.708496094 SigReg: 14.8807478
std: 0.877929688 ,  0.799316406 SigReg: 16.5442886
std: 0.922363281 ,  0.6875 SigReg: 16.5442886
std: 0.985351562 ,  0.708496094 SigReg: 15.4315796
std: 1.0390625 ,  0.750488281 SigReg: 15.4315796
std: 0.948242188 ,  0.70703125 SigReg: 13.9306889
std: 0.862792969 ,  0.841796875 SigReg: 13.9306889
std: 1.01074219 ,  0.710449219 SigReg: 13.9911146
std: 0.843261719 ,  0.753417969 SigReg: 13.9911146
std: 0.880859375 ,  0.755859375 SigReg: 12.3956337
std: 0.855957031 ,  0.729003906 SigReg: 12.3956337
std: 0.936523438 ,  0.809082031 SigReg: 14.9078617
std: 0.80859375 ,  0.742675781 SigReg: 14.9078617
std: 0.757324219 ,  0.815917969 SigReg: 16.3447399
std: 0.90234375 ,  0.802734375 SigReg: 16.3447399
std: 0.858886719 ,  0.760742188 SigReg: 15.9131145
std: 0.657226562 ,  0.751953125 SigReg: 15.9131145
std: 0.791992188 ,  0.709960938 SigReg: 17.3128223
std: 0.686523438 ,  0.745117188 SigReg: 17.3128223
std: 0.912597656 ,  0.693359375 SigReg: 14.3937159
std: 0.829101562 ,  0.75 SigReg: 14.3937159
std: 0.890136719 ,  0.751464844 SigReg: 15.6499672
std: 0.920410156 ,  0.7578125 SigReg: 15.6499672
std: 0.869140625 ,  0.831542969 SigReg: 14.2134438
std: 0.774902344 ,  0.79296875 SigReg: 14.2134438
std: 0.808105469 ,  0.862792969 SigReg: 15.7349081
std: 0.655273438 ,  0.8203125 SigReg: 15.7349081
std: 0.697753906 ,  0.881347656 SigReg: 15.7786179
std: 0.773925781 ,  0.932617188 SigReg: 15.7786179
std: 0.864257812 ,  0.853027344 SigReg: 15.724535
std: 0.816894531 ,  0.813476562 SigReg: 15.724535
std: 1.00683594 ,  0.795410156 SigReg: 17.4897861
std: 0.957519531 ,  0.911621094 SigReg: 17.4897861
std: 0.924316406 ,  0.884277344 SigReg: 20.7293835
std: 0.873535156 ,  0.795410156 SigReg: 20.7293835
std: 0.816894531 ,  0.865234375 SigReg: 17.5597191
std: 0.959472656 ,  0.8125 SigReg: 17.5597191
std: 1.0234375 ,  0.924804688 SigReg: 14.9569063
std: 0.927734375 ,  0.959960938 SigReg: 14.9569063
std: 1.04003906 ,  0.831054688 SigReg: 14.975915
std: 0.842773438 ,  0.921386719 SigReg: 14.975915
std: 0.924804688 ,  1.00585938 SigReg: 18.5612659
std: 1.01855469 ,  0.899902344 SigReg: 18.5612659
std: 0.874511719 ,  0.881347656 SigReg: 17.4417725
std: 0.930175781 ,  0.924316406 SigReg: 17.4417725
std: 0.819824219 ,  0.986328125 SigReg: 17.0760632
std: 0.85546875 ,  0.924316406 SigReg: 17.0760632
std: 0.736816406 ,  0.916015625 SigReg: 16.170063
std: 0.953125 ,  0.981933594 SigReg: 16.170063
std: 0.802734375 ,  1.02246094 SigReg: 16.8306274
std: 0.900878906 ,  1.0703125 SigReg: 16.8306274
std: 0.864746094 ,  0.922363281 SigReg: 17.3008575
std: 0.961914062 ,  0.865234375 SigReg: 17.3008575
std: 1.09863281 ,  0.877929688 SigReg: 16.4409332
std: 0.899902344 ,  0.971191406 SigReg: 16.4409332
  Step 200: Backbone Loss = 1.8550, SIGReg Loss = 16.4409 Probe Loss = 150.7124, Acc = 0.5094
std: 1.04296875 ,  0.942382812 SigReg: 15.589035
std: 0.873535156 ,  0.907714844 SigReg: 15.589035
std: 0.989746094 ,  0.941894531 SigReg: 13.6477232
std: 1.09765625 ,  0.936523438 SigReg: 13.6477232
std: 0.913574219 ,  0.904785156 SigReg: 18.7501926
std: 1.16113281 ,  0.958984375 SigReg: 18.7501926
std: 0.947753906 ,  0.96484375 SigReg: 16.1787109
std: 0.940917969 ,  0.897460938 SigReg: 16.1787109
std: 1.015625 ,  0.934570312 SigReg: 15.2272644
std: 0.864746094 ,  0.887695312 SigReg: 15.2272644
std: 1.015625 ,  1.02050781 SigReg: 14.6180983
std: 0.916503906 ,  1.01074219 SigReg: 14.6180983
std: 1.07421875 ,  0.877929688 SigReg: 14.9201069
std: 0.918945312 ,  0.823242188 SigReg: 14.9201069
std: 0.945800781 ,  0.910644531 SigReg: 14.5895596
std: 0.946777344 ,  0.913574219 SigReg: 14.5895596
std: 1.06933594 ,  1.01953125 SigReg: 13.6061239
std: 0.899414062 ,  0.857910156 SigReg: 13.6061239
std: 1.18457031 ,  0.912597656 SigReg: 14.4593773
std: 1.16992188 ,  0.901855469 SigReg: 14.4593773
std: 1.14941406 ,  0.921875 SigReg: 12.9474335
std: 1.03125 ,  0.907714844 SigReg: 12.9474335
std: 0.950683594 ,  0.809082031 SigReg: 15.6362476
std: 1.02929688 ,  0.972167969 SigReg: 15.6362476
std: 1.10058594 ,  0.899902344 SigReg: 14.7676859
std: 1.18457031 ,  0.911132812 SigReg: 14.7676859
std: 1.31542969 ,  0.803222656 SigReg: 16.4482441
std: 1.23535156 ,  0.828125 SigReg: 16.4482441
std: 1.31054688 ,  0.857910156 SigReg: 15.671217
std: 1.25488281 ,  0.900878906 SigReg: 15.671217
std: 1.13769531 ,  0.826660156 SigReg: 15.6702061
std: 1.37890625 ,  0.859375 SigReg: 15.6702061
std: 0.959960938 ,  0.915527344 SigReg: 15.1032295
std: 1.17675781 ,  0.867675781 SigReg: 15.1032295
std: 1.01953125 ,  0.744628906 SigReg: 15.5789261
std: 0.887207031 ,  0.702148438 SigReg: 15.5789261
std: 0.830566406 ,  0.933105469 SigReg: 14.9584637
std: 1 ,  0.810546875 SigReg: 14.9584637
std: 0.884277344 ,  0.883789062 SigReg: 12.9812078
std: 0.911621094 ,  0.848632812 SigReg: 12.9812078
std: 0.913574219 ,  0.776367188 SigReg: 13.8298893
std: 0.822753906 ,  0.88671875 SigReg: 13.8298893
std: 0.862792969 ,  0.826660156 SigReg: 13.327
std: 0.884765625 ,  0.72265625 SigReg: 13.327
std: 0.790527344 ,  0.795410156 SigReg: 13.8021355
std: 0.939453125 ,  0.76171875 SigReg: 13.8021355
std: 0.873046875 ,  0.715820312 SigReg: 15.6363716
std: 0.973144531 ,  0.874023438 SigReg: 15.6363716
std: 0.924316406 ,  0.800292969 SigReg: 15.6384468
std: 0.95703125 ,  0.7578125 SigReg: 15.6384468
std: 1.06835938 ,  0.671875 SigReg: 16.8116493
std: 1.06835938 ,  0.783203125 SigReg: 16.8116493
std: 1.06152344 ,  0.75390625 SigReg: 17.27285
std: 0.952636719 ,  0.745605469 SigReg: 17.27285
std: 1.08691406 ,  0.744628906 SigReg: 15.2081051
std: 0.921875 ,  0.748535156 SigReg: 15.2081051
std: 1.00292969 ,  0.809082031 SigReg: 14.3011065
std: 0.915039062 ,  0.810546875 SigReg: 14.3011065
std: 0.85546875 ,  0.905273438 SigReg: 15.447298
std: 0.999511719 ,  0.809082031 SigReg: 15.447298
std: 1.1171875 ,  0.780273438 SigReg: 14.7423096
std: 1.04589844 ,  0.746582031 SigReg: 14.7423096
std: 1.08496094 ,  0.71484375 SigReg: 14.6848745
std: 0.9921875 ,  0.789550781 SigReg: 14.6848745
std: 0.958007812 ,  0.934082031 SigReg: 14.0482903
std: 0.867675781 ,  0.846679688 SigReg: 14.0482903
std: 1.08300781 ,  0.798828125 SigReg: 15.2353144
std: 1.046875 ,  0.668945312 SigReg: 15.2353144
std: 1.06835938 ,  0.840820312 SigReg: 14.0335817
std: 1.01074219 ,  0.783203125 SigReg: 14.0335817
std: 1.24902344 ,  0.737792969 SigReg: 14.7903166
std: 1.18457031 ,  0.717285156 SigReg: 14.7903166
std: 1.05273438 ,  0.811523438 SigReg: 16.9619331
std: 1.0546875 ,  0.745605469 SigReg: 16.9619331
std: 1.1171875 ,  0.815429688 SigReg: 16.9918289
std: 1.02832031 ,  0.8671875 SigReg: 16.9918289
std: 1.12988281 ,  0.792480469 SigReg: 18.5727386
std: 1.15136719 ,  0.720214844 SigReg: 18.5727386
std: 1.07910156 ,  0.814453125 SigReg: 15.1248808
std: 1.07617188 ,  0.784179688 SigReg: 15.1248808
std: 0.888183594 ,  0.719238281 SigReg: 16.7224789
std: 1.2109375 ,  0.607910156 SigReg: 16.7224789
std: 1.32714844 ,  0.694824219 SigReg: 16.794775
std: 1.32128906 ,  0.647460938 SigReg: 16.794775
std: 1.25390625 ,  0.731933594 SigReg: 15.9741306
std: 1.37792969 ,  0.580566406 SigReg: 15.9741306
std: 1.42089844 ,  0.65234375 SigReg: 22.9548092
std: 1.44335938 ,  0.661621094 SigReg: 22.9548092
std: 1.2578125 ,  0.712890625 SigReg: 16.8368683
std: 1.29296875 ,  0.611816406 SigReg: 16.8368683
std: 1.3828125 ,  0.574707031 SigReg: 17.3607922
std: 1.41699219 ,  0.608886719 SigReg: 17.3607922
std: 1.09179688 ,  0.718261719 SigReg: 17.691679
std: 1.05175781 ,  0.703125 SigReg: 17.691679
std: 1.28125 ,  0.752929688 SigReg: 14.8916473
std: 1.14355469 ,  0.653808594 SigReg: 14.8916473
std: 1.12207031 ,  0.676757812 SigReg: 15.9241695
std: 1.16015625 ,  0.687988281 SigReg: 15.9241695
std: 0.864746094 ,  0.689941406 SigReg: 15.0826788
std: 1.03808594 ,  0.601074219 SigReg: 15.0826788
  Step 250: Backbone Loss = 1.8478, SIGReg Loss = 15.0827 Probe Loss = 166.2034, Acc = 0.5037
std: 1.04492188 ,  0.651855469 SigReg: 14.632803
std: 1.0703125 ,  0.745605469 SigReg: 14.632803
std: 0.954589844 ,  0.677246094 SigReg: 15.7599201
std: 0.924804688 ,  0.715332031 SigReg: 15.7599201
std: 1.10839844 ,  0.622070312 SigReg: 17.9240665
std: 0.903320312 ,  0.795410156 SigReg: 17.9240665
std: 1.04980469 ,  0.77734375 SigReg: 14.4434204
std: 0.99609375 ,  0.6484375 SigReg: 14.4434204
std: 0.858886719 ,  0.709472656 SigReg: 13.1118469
std: 1.1796875 ,  0.600097656 SigReg: 13.1118469
std: 0.84765625 ,  0.720214844 SigReg: 14.3558846
std: 0.875976562 ,  0.853027344 SigReg: 14.3558846
std: 0.907714844 ,  0.806640625 SigReg: 14.1480417
std: 0.732421875 ,  0.758789062 SigReg: 14.1480417
std: 0.815917969 ,  0.739746094 SigReg: 16.1937389
std: 0.782714844 ,  0.797363281 SigReg: 16.1937389
std: 0.9296875 ,  0.713378906 SigReg: 15.3328228
std: 0.884765625 ,  0.731445312 SigReg: 15.3328228
std: 0.853515625 ,  0.715820312 SigReg: 14.5889072
std: 0.868164062 ,  0.796875 SigReg: 14.5889072
std: 0.848144531 ,  0.680664062 SigReg: 18.9414482
std: 0.93359375 ,  0.706542969 SigReg: 18.9414482
std: 0.90234375 ,  0.688476562 SigReg: 16.0949669
std: 0.930664062 ,  0.685058594 SigReg: 16.0949669
std: 0.932128906 ,  0.587402344 SigReg: 16.9614964
std: 0.890625 ,  0.819335938 SigReg: 16.9614964
std: 0.953125 ,  0.856445312 SigReg: 15.4600439
std: 0.916015625 ,  0.71484375 SigReg: 15.4600439
std: 0.825683594 ,  0.684570312 SigReg: 16.9492798
std: 0.9375 ,  0.720703125 SigReg: 16.9492798
std: 0.87109375 ,  0.614746094 SigReg: 15.1408281
std: 0.9921875 ,  0.693359375 SigReg: 15.1408281
std: 1.01953125 ,  0.71484375 SigReg: 13.339653
std: 0.98046875 ,  0.635253906 SigReg: 13.339653
std: 0.78515625 ,  0.701660156 SigReg: 15.0827351
std: 0.926757812 ,  0.742675781 SigReg: 15.0827351
std: 0.942871094 ,  0.749511719 SigReg: 13.9154701
std: 0.818847656 ,  0.85546875 SigReg: 13.9154701
std: 0.893066406 ,  0.737792969 SigReg: 13.7503099
std: 0.962890625 ,  0.659667969 SigReg: 13.7503099
std: 0.937011719 ,  0.678710938 SigReg: 13.9415417
std: 1.00195312 ,  0.56640625 SigReg: 13.9415417
std: 0.970703125 ,  0.750488281 SigReg: 15.4400759
std: 1.17480469 ,  0.719238281 SigReg: 15.4400759
std: 1.00195312 ,  0.630859375 SigReg: 16.3068905
std: 0.933105469 ,  0.650878906 SigReg: 16.3068905
std: 1.03222656 ,  0.715820312 SigReg: 14.7069454
std: 0.909667969 ,  0.836425781 SigReg: 14.7069454
std: 0.810546875 ,  0.731933594 SigReg: 14.4248695
std: 0.890136719 ,  0.731445312 SigReg: 14.4248695
std: 0.91015625 ,  0.680664062 SigReg: 14.3685789
std: 0.752441406 ,  0.721191406 SigReg: 14.3685789
std: 0.804199219 ,  0.6015625 SigReg: 15.0633078
std: 0.845214844 ,  0.695800781 SigReg: 15.0633078
std: 0.846679688 ,  0.680175781 SigReg: 13.1348772
std: 0.833007812 ,  0.614746094 SigReg: 13.1348772
std: 0.936035156 ,  0.555175781 SigReg: 15.3558331
std: 0.875488281 ,  0.659179688 SigReg: 15.3558331
std: 0.779296875 ,  0.525878906 SigReg: 14.0358505
std: 0.836425781 ,  0.666015625 SigReg: 14.0358505
std: 0.909667969 ,  0.58203125 SigReg: 17.2946186
std: 0.775878906 ,  0.681640625 SigReg: 17.2946186
std: 0.726074219 ,  0.687011719 SigReg: 15.1921396
std: 0.696289062 ,  0.573730469 SigReg: 15.1921396
std: 0.689941406 ,  0.637207031 SigReg: 15.7926607
std: 0.614746094 ,  0.66796875 SigReg: 15.7926607
std: 0.728027344 ,  0.689453125 SigReg: 16.4507
std: 0.73828125 ,  0.547851562 SigReg: 16.4507
std: 0.834472656 ,  0.597167969 SigReg: 15.0811481
std: 0.889160156 ,  0.502929688 SigReg: 15.0811481
std: 0.662109375 ,  0.6875 SigReg: 17.29562
std: 0.725585938 ,  0.567871094 SigReg: 17.29562
std: 0.852050781 ,  0.673828125 SigReg: 13.2132483
std: 0.835449219 ,  0.601074219 SigReg: 13.2132483
std: 0.820800781 ,  0.662109375 SigReg: 13.8357391
std: 0.813476562 ,  0.573242188 SigReg: 13.8357391
std: 0.979003906 ,  0.72265625 SigReg: 17.5691605
std: 0.786132812 ,  0.653320312 SigReg: 17.5691605
std: 0.903808594 ,  0.693847656 SigReg: 14.9611807
std: 0.795898438 ,  0.701171875 SigReg: 14.9611807
std: 0.887695312 ,  0.739257812 SigReg: 19.2391262
std: 0.810058594 ,  0.650390625 SigReg: 19.2391262
std: 0.870605469 ,  0.684082031 SigReg: 18.1127377
std: 0.827148438 ,  0.662597656 SigReg: 18.1127377
std: 0.770019531 ,  0.728515625 SigReg: 16.6640091
std: 0.886230469 ,  0.635253906 SigReg: 16.6640091
std: 0.797851562 ,  0.604003906 SigReg: 16.3921661
std: 0.813476562 ,  0.752441406 SigReg: 16.3921661
std: 0.752441406 ,  0.740722656 SigReg: 14.3164349
std: 1.01464844 ,  0.586425781 SigReg: 14.3164349
std: 1.0078125 ,  0.605957031 SigReg: 15.823946
std: 1.04589844 ,  0.749023438 SigReg: 15.823946
std: 0.888671875 ,  0.627929688 SigReg: 15.467165
std: 0.935546875 ,  0.68359375 SigReg: 15.467165
std: 1.16503906 ,  0.6015625 SigReg: 15.0581121
std: 0.941894531 ,  0.595214844 SigReg: 15.0581121
std: 1.12109375 ,  0.666015625 SigReg: 14.0549631
std: 1.08886719 ,  0.543457031 SigReg: 14.0549631
std: 0.958984375 ,  0.706542969 SigReg: 14.037466
std: 0.945800781 ,  0.634765625 SigReg: 14.037466
  Step 300: Backbone Loss = 1.7976, SIGReg Loss = 14.0375 Probe Loss = 159.4091, Acc = 0.5155
std: 0.98828125 ,  0.649902344 SigReg: 14.7045078
std: 0.952148438 ,  0.600585938 SigReg: 14.7045078
std: 1.03125 ,  0.519042969 SigReg: 14.685256
std: 0.950683594 ,  0.516601562 SigReg: 14.685256
std: 0.867675781 ,  0.754394531 SigReg: 13.5537643
std: 0.955078125 ,  0.576660156 SigReg: 13.5537643
std: 1.03027344 ,  0.624023438 SigReg: 14.4339781
std: 1.02929688 ,  0.611328125 SigReg: 14.4339781
std: 1.06152344 ,  0.560546875 SigReg: 15.7027054
std: 1.11816406 ,  0.609375 SigReg: 15.7027054
std: 1.09570312 ,  0.575683594 SigReg: 16.0113621
std: 1.19726562 ,  0.654296875 SigReg: 16.0113621
Epoch 10 finished in 248.73s.
  Avg Backbone Loss: 1.8881
  Avg Probe Loss:    151.0559
  Avg Probe Accuracy: 0.5049

Epoch 11/100
std: 1.01953125 ,  0.591308594 SigReg: 14.6597538
std: 0.953125 ,  0.53515625 SigReg: 14.6597538
  Step 0: Backbone Loss = 1.7949, SIGReg Loss = 14.6598 Probe Loss = 157.2853, Acc = 0.5015
std: 1.05664062 ,  0.560058594 SigReg: 13.7857246
std: 1.16699219 ,  0.643066406 SigReg: 13.7857246
std: 1.02148438 ,  0.696777344 SigReg: 14.4934721
std: 1.16210938 ,  0.60546875 SigReg: 14.4934721
std: 0.873535156 ,  0.673828125 SigReg: 13.7751493
std: 1.0625 ,  0.525390625 SigReg: 13.7751493
std: 0.907714844 ,  0.554199219 SigReg: 15.7973709
std: 1.08203125 ,  0.692871094 SigReg: 15.7973709
std: 1.02929688 ,  0.580566406 SigReg: 15.314393
std: 1.078125 ,  0.509765625 SigReg: 15.314393
std: 0.976074219 ,  0.477783203 SigReg: 17.0428143
std: 0.838867188 ,  0.697265625 SigReg: 17.0428143
std: 1.05175781 ,  0.639160156 SigReg: 14.7171593
std: 0.967773438 ,  0.6484375 SigReg: 14.7171593
std: 1.06542969 ,  0.642578125 SigReg: 14.4538164
std: 0.886230469 ,  0.604980469 SigReg: 14.4538164
std: 0.83203125 ,  0.53515625 SigReg: 18.9011765
std: 0.988769531 ,  0.645507812 SigReg: 18.9011765
std: 1.07324219 ,  0.603027344 SigReg: 16.839159
std: 0.825683594 ,  0.658203125 SigReg: 16.839159
std: 0.84765625 ,  0.668457031 SigReg: 15.2450275
std: 0.881347656 ,  0.642578125 SigReg: 15.2450275
std: 0.958496094 ,  0.716796875 SigReg: 16.3643475
std: 1.07714844 ,  0.613769531 SigReg: 16.3643475
std: 0.963378906 ,  0.567871094 SigReg: 13.8157654
std: 0.830078125 ,  0.534667969 SigReg: 13.8157654
std: 1.00097656 ,  0.697265625 SigReg: 13.7268887
std: 0.956542969 ,  0.671386719 SigReg: 13.7268887
std: 0.967285156 ,  0.687011719 SigReg: 14.7267303
std: 0.96484375 ,  0.611816406 SigReg: 14.7267303
std: 1.06542969 ,  0.623535156 SigReg: 18.6770782
std: 1.0390625 ,  0.78515625 SigReg: 18.6770782
std: 1.09863281 ,  0.790527344 SigReg: 16.9753933
std: 1.08105469 ,  0.631835938 SigReg: 16.9753933
std: 1.0625 ,  0.686035156 SigReg: 14.3192635
std: 1.29296875 ,  0.503417969 SigReg: 14.3192635
std: 1.00585938 ,  0.66015625 SigReg: 15.4253311
std: 1.00976562 ,  0.665527344 SigReg: 15.4253311
std: 1.13085938 ,  0.508789062 SigReg: 15.997448
std: 0.9375 ,  0.674804688 SigReg: 15.997448
std: 1.07617188 ,  0.590332031 SigReg: 18.482193
std: 1.12109375 ,  0.494873047 SigReg: 18.482193
std: 1.1875 ,  0.561523438 SigReg: 19.1058311
std: 0.92578125 ,  0.551757812 SigReg: 19.1058311
std: 1.09277344 ,  0.6328125 SigReg: 16.8325291
std: 1.12011719 ,  0.62890625 SigReg: 16.8325291
std: 1.18652344 ,  0.572753906 SigReg: 17.5245609
std: 1.13964844 ,  0.649902344 SigReg: 17.5245609
std: 1.08886719 ,  0.595703125 SigReg: 15.5602102
std: 0.973632812 ,  0.590332031 SigReg: 15.5602102
std: 1.08886719 ,  0.536132812 SigReg: 16.4362621
std: 1.1171875 ,  0.606933594 SigReg: 16.4362621
std: 0.987792969 ,  0.658691406 SigReg: 15.5473537
std: 1.06054688 ,  0.5390625 SigReg: 15.5473537
std: 1.14550781 ,  0.527832031 SigReg: 16.2308769
std: 1.07714844 ,  0.665039062 SigReg: 16.2308769
std: 1.10449219 ,  0.750488281 SigReg: 17.6795979
std: 1.09472656 ,  0.636230469 SigReg: 17.6795979
std: 1.07421875 ,  0.613769531 SigReg: 15.9494247
std: 1.09863281 ,  0.612304688 SigReg: 15.9494247
std: 0.971679688 ,  0.709960938 SigReg: 15.6178246
std: 1.12695312 ,  0.666992188 SigReg: 15.6178246
std: 1.15625 ,  0.604980469 SigReg: 14.466629
std: 0.888183594 ,  0.629882812 SigReg: 14.466629
std: 0.850097656 ,  0.723632812 SigReg: 17.8087826
std: 0.937988281 ,  0.638183594 SigReg: 17.8087826
std: 0.900878906 ,  0.661132812 SigReg: 16.5544701
std: 0.875488281 ,  0.705078125 SigReg: 16.5544701
std: 0.739746094 ,  0.659667969 SigReg: 16.1347466
std: 0.764648438 ,  0.814453125 SigReg: 16.1347466
std: 0.909667969 ,  0.719238281 SigReg: 14.6926804
std: 0.842773438 ,  0.671875 SigReg: 14.6926804
std: 0.857910156 ,  0.841308594 SigReg: 15.3500824
std: 0.998535156 ,  0.6796875 SigReg: 15.3500824
std: 0.841796875 ,  0.77734375 SigReg: 15.0162373
std: 0.869628906 ,  0.7578125 SigReg: 15.0162373
std: 0.745605469 ,  0.706542969 SigReg: 13.8380852
std: 0.677246094 ,  0.755859375 SigReg: 13.8380852
std: 0.841796875 ,  0.792480469 SigReg: 16.3948917
std: 0.828125 ,  0.774902344 SigReg: 16.3948917
std: 0.806152344 ,  0.733398438 SigReg: 14.1031408
std: 0.848632812 ,  0.862304688 SigReg: 14.1031408
std: 0.745605469 ,  0.849609375 SigReg: 14.3423309
std: 0.8203125 ,  0.799316406 SigReg: 14.3423309
std: 0.853027344 ,  0.746582031 SigReg: 21.2967968
std: 0.831054688 ,  0.720214844 SigReg: 21.2967968
std: 0.88671875 ,  0.779296875 SigReg: 14.3807926
std: 0.852539062 ,  0.776855469 SigReg: 14.3807926
std: 0.831542969 ,  0.683105469 SigReg: 16.5714264
std: 0.693847656 ,  0.785644531 SigReg: 16.5714264
std: 0.849609375 ,  0.715820312 SigReg: 16.9625168
std: 0.698242188 ,  0.796875 SigReg: 16.9625168
std: 0.748535156 ,  0.79296875 SigReg: 15.7391682
std: 0.83984375 ,  0.73828125 SigReg: 15.7391682
std: 0.740722656 ,  0.755371094 SigReg: 17.0891
std: 0.694335938 ,  0.653808594 SigReg: 17.0891
std: 0.738769531 ,  0.765625 SigReg: 14.564497
std: 0.851074219 ,  0.791015625 SigReg: 14.564497
std: 0.740722656 ,  0.908203125 SigReg: 15.1377878
std: 0.721679688 ,  0.764648438 SigReg: 15.1377878
  Step 50: Backbone Loss = 1.8338, SIGReg Loss = 15.1378 Probe Loss = 108.4165, Acc = 0.5030
std: 0.707519531 ,  0.720214844 SigReg: 14.2165298
std: 0.794921875 ,  0.743652344 SigReg: 14.2165298
std: 0.757324219 ,  0.795898438 SigReg: 14.3471289
std: 0.756347656 ,  0.77734375 SigReg: 14.3471289
std: 0.725097656 ,  0.761230469 SigReg: 15.0583019
std: 0.699707031 ,  0.71875 SigReg: 15.0583019
std: 0.845214844 ,  0.611328125 SigReg: 18.4224129
std: 0.683105469 ,  0.745605469 SigReg: 18.4224129
std: 0.776367188 ,  0.719726562 SigReg: 16.9185181
std: 0.770019531 ,  0.817382812 SigReg: 16.9185181
std: 0.671875 ,  0.722167969 SigReg: 13.416152
std: 0.728027344 ,  0.739746094 SigReg: 13.416152
std: 0.687011719 ,  0.746582031 SigReg: 14.5894699
std: 0.785644531 ,  0.698730469 SigReg: 14.5894699
std: 0.811035156 ,  0.716308594 SigReg: 13.8418083
std: 0.824707031 ,  0.713867188 SigReg: 13.8418083
std: 0.905761719 ,  0.55859375 SigReg: 16.1069279
std: 0.771972656 ,  0.544921875 SigReg: 16.1069279
std: 0.912597656 ,  0.60546875 SigReg: 16.5282211
std: 0.962890625 ,  0.65625 SigReg: 16.5282211
std: 0.791015625 ,  0.53515625 SigReg: 20.7713108
std: 1.04003906 ,  0.558105469 SigReg: 20.7713108
std: 0.841308594 ,  0.612304688 SigReg: 16.4133053
std: 0.762695312 ,  0.672363281 SigReg: 16.4133053
std: 0.928222656 ,  0.65234375 SigReg: 15.1206951
std: 0.879882812 ,  0.713867188 SigReg: 15.1206951
std: 0.989746094 ,  0.677246094 SigReg: 16.9507637
std: 0.837402344 ,  0.694335938 SigReg: 16.9507637
std: 0.830566406 ,  0.606933594 SigReg: 17.1970901
std: 0.990234375 ,  0.696289062 SigReg: 17.1970901
std: 0.797363281 ,  0.672363281 SigReg: 15.2183094
std: 0.936035156 ,  0.713378906 SigReg: 15.2183094
std: 0.798339844 ,  0.604980469 SigReg: 16.9957867
std: 0.908691406 ,  0.631347656 SigReg: 16.9957867
std: 0.830078125 ,  0.883789062 SigReg: 17.6043415
std: 0.756347656 ,  0.801269531 SigReg: 17.6043415
std: 0.958007812 ,  0.631835938 SigReg: 24.3173561
std: 0.842773438 ,  0.649414062 SigReg: 24.3173561
std: 0.980957031 ,  0.77734375 SigReg: 17.8551559
std: 0.973144531 ,  0.737304688 SigReg: 17.8551559
std: 1.04199219 ,  0.644042969 SigReg: 16.9543362
std: 1.03125 ,  0.603515625 SigReg: 16.9543362
std: 0.886230469 ,  0.669921875 SigReg: 14.6203289
std: 0.955078125 ,  0.701171875 SigReg: 14.6203289
std: 0.941894531 ,  0.600585938 SigReg: 16.1112061
std: 0.970214844 ,  0.630371094 SigReg: 16.1112061
std: 0.838378906 ,  0.671386719 SigReg: 14.3732319
std: 0.893554688 ,  0.626953125 SigReg: 14.3732319
std: 0.913574219 ,  0.547851562 SigReg: 14.2070131
std: 0.834960938 ,  0.657714844 SigReg: 14.2070131
std: 0.848144531 ,  0.755371094 SigReg: 16.095377
std: 0.979980469 ,  0.650390625 SigReg: 16.095377
std: 0.83984375 ,  0.700195312 SigReg: 14.100338
std: 0.872070312 ,  0.651855469 SigReg: 14.100338
std: 0.855957031 ,  0.681640625 SigReg: 18.3218269
std: 0.844238281 ,  0.639648438 SigReg: 18.3218269
std: 0.704589844 ,  0.67578125 SigReg: 13.341898
std: 0.864746094 ,  0.543457031 SigReg: 13.341898
std: 0.864746094 ,  0.714355469 SigReg: 15.0083437
std: 0.834472656 ,  0.750976562 SigReg: 15.0083437
std: 0.938964844 ,  0.528320312 SigReg: 14.2070637
std: 0.793457031 ,  0.712402344 SigReg: 14.2070637
std: 0.812988281 ,  0.724121094 SigReg: 13.3309307
std: 0.920898438 ,  0.718261719 SigReg: 13.3309307
std: 0.778320312 ,  0.728027344 SigReg: 14.4547291
std: 0.94921875 ,  0.662597656 SigReg: 14.4547291
std: 0.830566406 ,  0.673339844 SigReg: 14.8390293
std: 0.893554688 ,  0.663085938 SigReg: 14.8390293
std: 0.74609375 ,  0.674804688 SigReg: 19.6911278
std: 0.718261719 ,  0.615722656 SigReg: 19.6911278
std: 0.857910156 ,  0.672363281 SigReg: 14.4085522
std: 0.783691406 ,  0.713378906 SigReg: 14.4085522
std: 0.855957031 ,  0.69921875 SigReg: 12.6930723
std: 0.622070312 ,  0.702148438 SigReg: 12.6930723
std: 0.829101562 ,  0.695800781 SigReg: 14.1257963
std: 0.645019531 ,  0.715820312 SigReg: 14.1257963
std: 0.688476562 ,  0.708007812 SigReg: 13.8599529
std: 0.811035156 ,  0.727050781 SigReg: 13.8599529
std: 0.829589844 ,  0.758300781 SigReg: 14.6834669
std: 0.751464844 ,  0.822265625 SigReg: 14.6834669
std: 0.76171875 ,  0.697753906 SigReg: 15.6382675
std: 0.767089844 ,  0.640625 SigReg: 15.6382675
std: 0.838378906 ,  0.65625 SigReg: 14.8653908
std: 0.737304688 ,  0.848144531 SigReg: 14.8653908
std: 0.853027344 ,  0.729003906 SigReg: 13.8947849
std: 0.794433594 ,  0.644042969 SigReg: 13.8947849
std: 0.844238281 ,  0.698242188 SigReg: 15.625865
std: 0.698242188 ,  0.813964844 SigReg: 15.625865
std: 0.939453125 ,  0.789550781 SigReg: 19.6966896
std: 0.832519531 ,  0.698242188 SigReg: 19.6966896
std: 0.833984375 ,  0.638183594 SigReg: 19.2125378
std: 0.782714844 ,  0.6796875 SigReg: 19.2125378
std: 0.8984375 ,  0.754882812 SigReg: 18.6821957
std: 1.03320312 ,  0.611816406 SigReg: 18.6821957
std: 0.752929688 ,  0.631347656 SigReg: 15.4827271
std: 0.76953125 ,  0.687988281 SigReg: 15.4827271
std: 0.882324219 ,  0.755371094 SigReg: 15.7996635
std: 0.897949219 ,  0.681152344 SigReg: 15.7996635
std: 0.725097656 ,  0.736328125 SigReg: 15.0264473
std: 0.744628906 ,  0.700195312 SigReg: 15.0264473
  Step 100: Backbone Loss = 1.8347, SIGReg Loss = 15.0264 Probe Loss = 132.0071, Acc = 0.5003
std: 0.652832031 ,  0.741699219 SigReg: 15.2813835
std: 0.799316406 ,  0.7890625 SigReg: 15.2813835
std: 0.661132812 ,  0.66796875 SigReg: 15.4624
std: 0.808105469 ,  0.692871094 SigReg: 15.4624
std: 0.867675781 ,  0.678222656 SigReg: 13.3711128
std: 0.727050781 ,  0.6875 SigReg: 13.3711128
std: 0.809082031 ,  0.786621094 SigReg: 14.8005772
std: 0.869628906 ,  0.742675781 SigReg: 14.8005772
std: 0.883300781 ,  0.718261719 SigReg: 13.9656477
std: 0.842773438 ,  0.704101562 SigReg: 13.9656477
std: 0.838867188 ,  0.73046875 SigReg: 17.9003658
std: 0.958007812 ,  0.743652344 SigReg: 17.9003658
std: 0.876464844 ,  0.706542969 SigReg: 14.3042812
std: 0.814453125 ,  0.729003906 SigReg: 14.3042812
std: 0.886230469 ,  0.562011719 SigReg: 13.2848787
std: 0.8984375 ,  0.706542969 SigReg: 13.2848787
std: 0.772949219 ,  0.76171875 SigReg: 14.8941917
std: 0.994140625 ,  0.784179688 SigReg: 14.8941917
std: 0.889160156 ,  0.578125 SigReg: 15.5054893
std: 0.963867188 ,  0.555175781 SigReg: 15.5054893
std: 0.875488281 ,  0.713867188 SigReg: 13.755785
std: 0.973144531 ,  0.646484375 SigReg: 13.755785
std: 0.893554688 ,  0.576660156 SigReg: 12.4957485
std: 0.890625 ,  0.635742188 SigReg: 12.4957485
std: 0.927734375 ,  0.703125 SigReg: 14.2336435
std: 0.856445312 ,  0.587890625 SigReg: 14.2336435
std: 0.890136719 ,  0.625 SigReg: 13.3742466
std: 0.904296875 ,  0.737304688 SigReg: 13.3742466
std: 0.818847656 ,  0.630859375 SigReg: 13.5756168
std: 0.786621094 ,  0.655273438 SigReg: 13.5756168
std: 0.903320312 ,  0.677246094 SigReg: 15.668478
std: 0.868164062 ,  0.731933594 SigReg: 15.668478
std: 1.00195312 ,  0.5859375 SigReg: 13.741785
std: 0.9296875 ,  0.645019531 SigReg: 13.741785
std: 0.833984375 ,  0.687988281 SigReg: 15.3709726
std: 1.0546875 ,  0.565917969 SigReg: 15.3709726
std: 0.969238281 ,  0.637695312 SigReg: 16.2554703
std: 1.0625 ,  0.5859375 SigReg: 16.2554703
std: 0.966796875 ,  0.631835938 SigReg: 15.199645
std: 0.966308594 ,  0.533203125 SigReg: 15.199645
std: 0.840820312 ,  0.649902344 SigReg: 14.6045399
std: 1.01855469 ,  0.5703125 SigReg: 14.6045399
std: 0.948730469 ,  0.648925781 SigReg: 14.0008736
std: 0.985839844 ,  0.6328125 SigReg: 14.0008736
std: 0.948242188 ,  0.67578125 SigReg: 14.631381
std: 0.938476562 ,  0.545898438 SigReg: 14.631381
std: 0.924804688 ,  0.647460938 SigReg: 13.8736992
std: 1.046875 ,  0.570800781 SigReg: 13.8736992
std: 0.907714844 ,  0.615234375 SigReg: 12.4476023
std: 0.952148438 ,  0.685058594 SigReg: 12.4476023
std: 0.833007812 ,  0.514160156 SigReg: 15.5125694
std: 0.826660156 ,  0.559082031 SigReg: 15.5125694
std: 0.794433594 ,  0.651855469 SigReg: 13.049531
std: 0.864257812 ,  0.719238281 SigReg: 13.049531
std: 0.745605469 ,  0.636230469 SigReg: 13.7205448
std: 0.833984375 ,  0.598144531 SigReg: 13.7205448
std: 1.01660156 ,  0.587890625 SigReg: 13.863059
std: 0.822265625 ,  0.626464844 SigReg: 13.863059
std: 0.970214844 ,  0.673339844 SigReg: 13.8889341
std: 0.900390625 ,  0.564941406 SigReg: 13.8889341
std: 0.881835938 ,  0.568359375 SigReg: 16.5882854
std: 0.797851562 ,  0.65234375 SigReg: 16.5882854
std: 0.87890625 ,  0.587402344 SigReg: 13.3462391
std: 0.825683594 ,  0.541503906 SigReg: 13.3462391
std: 0.779785156 ,  0.683105469 SigReg: 14.1412487
std: 0.870117188 ,  0.612792969 SigReg: 14.1412487
std: 0.812988281 ,  0.588378906 SigReg: 15.895874
std: 0.897949219 ,  0.560058594 SigReg: 15.895874
std: 0.794433594 ,  0.661621094 SigReg: 13.5277939
std: 0.939453125 ,  0.575195312 SigReg: 13.5277939
std: 0.858398438 ,  0.637207031 SigReg: 12.4269333
std: 0.841796875 ,  0.653808594 SigReg: 12.4269333
std: 0.887695312 ,  0.740722656 SigReg: 13.2585449
std: 0.922363281 ,  0.657226562 SigReg: 13.2585449
std: 0.752441406 ,  0.638671875 SigReg: 12.8736734
std: 0.944824219 ,  0.620117188 SigReg: 12.8736734
std: 0.856445312 ,  0.537109375 SigReg: 13.5618505
std: 0.921875 ,  0.575195312 SigReg: 13.5618505
std: 0.85546875 ,  0.650878906 SigReg: 14.7941332
std: 1.015625 ,  0.586914062 SigReg: 14.7941332
std: 1.01855469 ,  0.529296875 SigReg: 12.537364
std: 0.7890625 ,  0.583984375 SigReg: 12.537364
std: 1.04003906 ,  0.560546875 SigReg: 12.7163982
std: 0.891601562 ,  0.453369141 SigReg: 12.7163982
std: 1.04980469 ,  0.500488281 SigReg: 13.4082994
std: 0.724609375 ,  0.529785156 SigReg: 13.4082994
std: 0.94921875 ,  0.561035156 SigReg: 14.2899017
std: 1.01953125 ,  0.492431641 SigReg: 14.2899017
std: 0.9765625 ,  0.596679688 SigReg: 14.3299513
std: 1.02050781 ,  0.711914062 SigReg: 14.3299513
std: 0.981933594 ,  0.595703125 SigReg: 14.5792198
std: 0.854980469 ,  0.52734375 SigReg: 14.5792198
std: 0.908203125 ,  0.569335938 SigReg: 12.4647636
std: 1.03125 ,  0.631347656 SigReg: 12.4647636
std: 0.92578125 ,  0.486328125 SigReg: 16.6531239
std: 0.971679688 ,  0.58203125 SigReg: 16.6531239
std: 0.708007812 ,  0.669921875 SigReg: 13.6128044
std: 0.984375 ,  0.571289062 SigReg: 13.6128044
std: 0.856445312 ,  0.587890625 SigReg: 12.7205954
std: 0.977050781 ,  0.585449219 SigReg: 12.7205954
  Step 150: Backbone Loss = 1.6902, SIGReg Loss = 12.7206 Probe Loss = 148.4298, Acc = 0.5003
std: 0.868652344 ,  0.651855469 SigReg: 13.0148916
std: 1.02441406 ,  0.681152344 SigReg: 13.0148916
std: 0.986816406 ,  0.524414062 SigReg: 14.8650188
std: 0.808105469 ,  0.590332031 SigReg: 14.8650188
std: 1.11816406 ,  0.616699219 SigReg: 12.6054325
std: 1.04394531 ,  0.596191406 SigReg: 12.6054325
std: 0.915039062 ,  0.586914062 SigReg: 14.584898
std: 0.819824219 ,  0.552246094 SigReg: 14.584898
std: 0.9765625 ,  0.556152344 SigReg: 14.9875431
std: 0.943847656 ,  0.670898438 SigReg: 14.9875431
std: 0.9921875 ,  0.608398438 SigReg: 13.1406431
std: 0.9140625 ,  0.546875 SigReg: 13.1406431
std: 0.898925781 ,  0.494628906 SigReg: 13.5399122
std: 1.05566406 ,  0.589355469 SigReg: 13.5399122
std: 0.946777344 ,  0.645507812 SigReg: 14.507144
std: 0.878417969 ,  0.608398438 SigReg: 14.507144
std: 0.953613281 ,  0.655761719 SigReg: 14.3429031
std: 0.994140625 ,  0.604980469 SigReg: 14.3429031
std: 1.01171875 ,  0.693359375 SigReg: 13.5068712
std: 0.830566406 ,  0.57421875 SigReg: 13.5068712
std: 0.910644531 ,  0.683105469 SigReg: 11.8684616
std: 0.96484375 ,  0.556640625 SigReg: 11.8684616
std: 0.977050781 ,  0.623535156 SigReg: 12.9641275
std: 1.00195312 ,  0.572753906 SigReg: 12.9641275
std: 1.05371094 ,  0.600097656 SigReg: 15.0597191
std: 0.875976562 ,  0.574707031 SigReg: 15.0597191
std: 0.824707031 ,  0.650878906 SigReg: 15.581933
std: 1.00292969 ,  0.566894531 SigReg: 15.581933
std: 1.20800781 ,  0.561523438 SigReg: 13.9480829
std: 1.04980469 ,  0.628417969 SigReg: 13.9480829
std: 1.109375 ,  0.692871094 SigReg: 14.2361412
std: 0.968261719 ,  0.7109375 SigReg: 14.2361412
std: 0.870117188 ,  0.578125 SigReg: 15.2811222
std: 0.887207031 ,  0.723144531 SigReg: 15.2811222
std: 1.03222656 ,  0.619140625 SigReg: 16.4402866
std: 0.889160156 ,  0.572753906 SigReg: 16.4402866
std: 1.00097656 ,  0.736328125 SigReg: 16.2731361
std: 0.913085938 ,  0.80078125 SigReg: 16.2731361
std: 0.994140625 ,  0.583984375 SigReg: 15.9212341
std: 0.834472656 ,  0.709960938 SigReg: 15.9212341
std: 0.866699219 ,  0.743164062 SigReg: 14.1875477
std: 0.837402344 ,  0.74609375 SigReg: 14.1875477
std: 0.892089844 ,  0.67578125 SigReg: 14.0414143
std: 1.04394531 ,  0.711425781 SigReg: 14.0414143
std: 1.02734375 ,  0.667480469 SigReg: 13.9634895
std: 0.979003906 ,  0.630859375 SigReg: 13.9634895
std: 0.979003906 ,  0.721679688 SigReg: 12.0519428
std: 0.893554688 ,  0.718261719 SigReg: 12.0519428
std: 0.742675781 ,  0.622558594 SigReg: 13.7876177
std: 1.00488281 ,  0.779296875 SigReg: 13.7876177
std: 1.01367188 ,  0.790039062 SigReg: 14.5775232
std: 0.851074219 ,  0.73828125 SigReg: 14.5775232
std: 0.862304688 ,  0.818847656 SigReg: 13.0619249
std: 0.970214844 ,  0.762695312 SigReg: 13.0619249
std: 0.944824219 ,  0.78515625 SigReg: 14.5441856
std: 0.884277344 ,  0.8046875 SigReg: 14.5441856
std: 0.783691406 ,  0.930175781 SigReg: 11.7250776
std: 0.778808594 ,  0.775390625 SigReg: 11.7250776
std: 0.942871094 ,  0.785644531 SigReg: 15.2953091
std: 0.817382812 ,  0.851074219 SigReg: 15.2953091
std: 0.833984375 ,  0.749511719 SigReg: 15.391655
std: 0.946777344 ,  0.763183594 SigReg: 15.391655
std: 0.875976562 ,  0.724609375 SigReg: 15.2756653
std: 0.920898438 ,  0.793457031 SigReg: 15.2756653
std: 0.899414062 ,  0.745605469 SigReg: 12.2068586
std: 0.811523438 ,  0.654785156 SigReg: 12.2068586
std: 0.838378906 ,  0.717773438 SigReg: 14.4919977
std: 0.8046875 ,  0.672363281 SigReg: 14.4919977
std: 0.928710938 ,  0.709960938 SigReg: 12.0103092
std: 0.98828125 ,  0.734375 SigReg: 12.0103092
std: 0.897949219 ,  0.59375 SigReg: 14.0046892
std: 0.937988281 ,  0.744140625 SigReg: 14.0046892
std: 0.895996094 ,  0.75 SigReg: 14.5894318
std: 0.888671875 ,  0.628417969 SigReg: 14.5894318
std: 0.828125 ,  0.7109375 SigReg: 19.0506611
std: 0.825683594 ,  0.669921875 SigReg: 19.0506611
std: 0.958007812 ,  0.672363281 SigReg: 14.9310493
std: 0.849121094 ,  0.698242188 SigReg: 14.9310493
std: 0.806640625 ,  0.6875 SigReg: 16.6524887
std: 0.896484375 ,  0.630371094 SigReg: 16.6524887
std: 0.879882812 ,  0.683105469 SigReg: 14.1589365
std: 0.861816406 ,  0.64453125 SigReg: 14.1589365
std: 0.791992188 ,  0.79296875 SigReg: 15.2028656
std: 0.844726562 ,  0.786621094 SigReg: 15.2028656
std: 0.848144531 ,  0.653320312 SigReg: 14.7380276
std: 0.698242188 ,  0.66015625 SigReg: 14.7380276
std: 0.938476562 ,  0.670898438 SigReg: 15.2573013
std: 1.01660156 ,  0.704589844 SigReg: 15.2573013
std: 0.837890625 ,  0.694335938 SigReg: 13.9988718
std: 0.858886719 ,  0.704589844 SigReg: 13.9988718
std: 0.990722656 ,  0.683105469 SigReg: 17.4563103
std: 0.919921875 ,  0.608398438 SigReg: 17.4563103
std: 0.811523438 ,  0.654296875 SigReg: 14.4330397
std: 0.9296875 ,  0.636230469 SigReg: 14.4330397
std: 0.765625 ,  0.685546875 SigReg: 14.6876621
std: 0.927246094 ,  0.720214844 SigReg: 14.6876621
std: 0.765625 ,  0.788574219 SigReg: 13.3510637
std: 0.748046875 ,  0.737304688 SigReg: 13.3510637
std: 0.891113281 ,  0.771484375 SigReg: 15.6239748
std: 1.06542969 ,  0.737304688 SigReg: 15.6239748
  Step 200: Backbone Loss = 1.8549, SIGReg Loss = 15.6240 Probe Loss = 141.8261, Acc = 0.4978
std: 1.03320312 ,  0.6875 SigReg: 13.8962297
std: 0.971191406 ,  0.697265625 SigReg: 13.8962297
std: 0.760253906 ,  0.616699219 SigReg: 12.4011917
std: 0.881347656 ,  0.584960938 SigReg: 12.4011917
std: 1.03808594 ,  0.694335938 SigReg: 14.199667
std: 1.12597656 ,  0.640625 SigReg: 14.199667
std: 1.15820312 ,  0.689941406 SigReg: 15.3241978
std: 0.900390625 ,  0.700683594 SigReg: 15.3241978
std: 0.908691406 ,  0.561035156 SigReg: 16.5144043
std: 0.994140625 ,  0.551269531 SigReg: 16.5144043
std: 0.82421875 ,  0.653320312 SigReg: 12.7668438
std: 0.971679688 ,  0.595214844 SigReg: 12.7668438
std: 0.762207031 ,  0.654785156 SigReg: 13.0071411
std: 0.966308594 ,  0.681152344 SigReg: 13.0071411
std: 0.813476562 ,  0.653808594 SigReg: 13.2293129
std: 1.00195312 ,  0.681152344 SigReg: 13.2293129
std: 0.829101562 ,  0.63671875 SigReg: 15.6156731
std: 0.88671875 ,  0.719726562 SigReg: 15.6156731
std: 0.9921875 ,  0.737304688 SigReg: 14.5510378
std: 0.918457031 ,  0.599121094 SigReg: 14.5510378
std: 0.844726562 ,  0.77734375 SigReg: 13.6002617
std: 0.83203125 ,  0.621582031 SigReg: 13.6002617
std: 0.635253906 ,  0.729980469 SigReg: 15.3592911
std: 0.770996094 ,  0.682128906 SigReg: 15.3592911
std: 0.783203125 ,  0.721679688 SigReg: 19.6831493
std: 0.791503906 ,  0.652832031 SigReg: 19.6831493
std: 0.988769531 ,  0.635253906 SigReg: 14.9131365
std: 0.888671875 ,  0.7109375 SigReg: 14.9131365
std: 0.91015625 ,  0.720214844 SigReg: 15.3974953
std: 0.865234375 ,  0.658691406 SigReg: 15.3974953
std: 0.916992188 ,  0.625 SigReg: 13.1573305
std: 0.875488281 ,  0.689941406 SigReg: 13.1573305
std: 0.854492188 ,  0.637207031 SigReg: 16.1186047
std: 0.97265625 ,  0.666992188 SigReg: 16.1186047
std: 0.861328125 ,  0.593261719 SigReg: 14.113287
std: 0.913574219 ,  0.70703125 SigReg: 14.113287
std: 0.825195312 ,  0.629882812 SigReg: 13.5504036
std: 0.749023438 ,  0.509277344 SigReg: 13.5504036
std: 0.842285156 ,  0.667480469 SigReg: 11.9553814
std: 0.888671875 ,  0.648925781 SigReg: 11.9553814
std: 0.87890625 ,  0.642578125 SigReg: 12.78335
std: 0.890625 ,  0.665527344 SigReg: 12.78335
std: 0.904296875 ,  0.5703125 SigReg: 12.6763868
std: 0.853515625 ,  0.703125 SigReg: 12.6763868
std: 0.778320312 ,  0.603515625 SigReg: 13.2542
std: 0.845703125 ,  0.661132812 SigReg: 13.2542
std: 0.747070312 ,  0.564941406 SigReg: 11.4854822
std: 0.845703125 ,  0.58203125 SigReg: 11.4854822
std: 0.8046875 ,  0.630859375 SigReg: 12.2985516
std: 0.791015625 ,  0.673828125 SigReg: 12.2985516
std: 0.801757812 ,  0.626464844 SigReg: 14.3830118
std: 0.887695312 ,  0.715332031 SigReg: 14.3830118
std: 0.779296875 ,  0.696777344 SigReg: 13.0755739
std: 0.81640625 ,  0.791992188 SigReg: 13.0755739
std: 0.870117188 ,  0.586425781 SigReg: 13.6085587
std: 0.828125 ,  0.673828125 SigReg: 13.6085587
std: 0.862792969 ,  0.600585938 SigReg: 13.7278252
std: 0.828125 ,  0.631347656 SigReg: 13.7278252
std: 0.953613281 ,  0.669921875 SigReg: 14.2703476
std: 0.856445312 ,  0.669921875 SigReg: 14.2703476
std: 0.806640625 ,  0.589355469 SigReg: 14.8538666
std: 0.780761719 ,  0.619140625 SigReg: 14.8538666
std: 0.834960938 ,  0.70703125 SigReg: 15.5861301
std: 1.04003906 ,  0.767089844 SigReg: 15.5861301
std: 0.946777344 ,  0.628417969 SigReg: 15.3468828
std: 0.92578125 ,  0.635253906 SigReg: 15.3468828
std: 0.912109375 ,  0.58984375 SigReg: 17.8043556
std: 0.919921875 ,  0.623046875 SigReg: 17.8043556
std: 1.01660156 ,  0.594238281 SigReg: 15.5486336
std: 0.847167969 ,  0.569335938 SigReg: 15.5486336
std: 0.999023438 ,  0.6015625 SigReg: 18.6682167
std: 1.16113281 ,  0.611816406 SigReg: 18.6682167
std: 0.952636719 ,  0.638183594 SigReg: 17.4443092
std: 0.979003906 ,  0.602050781 SigReg: 17.4443092
std: 0.96484375 ,  0.665527344 SigReg: 14.8740482
std: 0.9453125 ,  0.640136719 SigReg: 14.8740482
std: 1.01269531 ,  0.740722656 SigReg: 12.3736763
std: 0.98828125 ,  0.676757812 SigReg: 12.3736763
std: 0.946289062 ,  0.593261719 SigReg: 13.179781
std: 0.804199219 ,  0.69140625 SigReg: 13.179781
std: 0.966308594 ,  0.740722656 SigReg: 12.5755501
std: 0.833984375 ,  0.639160156 SigReg: 12.5755501
std: 0.624511719 ,  0.710449219 SigReg: 13.1670551
std: 0.847167969 ,  0.689941406 SigReg: 13.1670551
std: 0.890625 ,  0.559570312 SigReg: 12.9792404
std: 0.83203125 ,  0.756835938 SigReg: 12.9792404
std: 0.827636719 ,  0.754394531 SigReg: 12.8543854
std: 0.813964844 ,  0.618164062 SigReg: 12.8543854
std: 0.967285156 ,  0.561035156 SigReg: 12.1093664
std: 0.782714844 ,  0.662597656 SigReg: 12.1093664
std: 0.757324219 ,  0.625 SigReg: 13.7640228
std: 0.782714844 ,  0.680175781 SigReg: 13.7640228
std: 0.77734375 ,  0.767578125 SigReg: 12.3363914
std: 0.857910156 ,  0.71484375 SigReg: 12.3363914
std: 0.861328125 ,  0.694824219 SigReg: 14.326643
std: 0.897949219 ,  0.685058594 SigReg: 14.326643
std: 0.726074219 ,  0.677246094 SigReg: 13.9340744
std: 0.808105469 ,  0.660644531 SigReg: 13.9340744
std: 0.7734375 ,  0.734863281 SigReg: 14.0475016
std: 0.6796875 ,  0.639648438 SigReg: 14.0475016
  Step 250: Backbone Loss = 1.7464, SIGReg Loss = 14.0475 Probe Loss = 174.8029, Acc = 0.4916
std: 0.728515625 ,  0.805175781 SigReg: 14.4061193
std: 0.712890625 ,  0.685058594 SigReg: 14.4061193
std: 0.76953125 ,  0.666015625 SigReg: 13.6146936
std: 0.757324219 ,  0.671386719 SigReg: 13.6146936
std: 0.73828125 ,  0.770019531 SigReg: 18.2473793
std: 0.723144531 ,  0.729980469 SigReg: 18.2473793
std: 0.769042969 ,  0.661621094 SigReg: 15.6118517
std: 0.655273438 ,  0.763183594 SigReg: 15.6118517
std: 0.685546875 ,  0.859863281 SigReg: 18.1785583
std: 0.770019531 ,  0.804199219 SigReg: 18.1785583
std: 0.6328125 ,  0.799804688 SigReg: 13.3210115
std: 0.789550781 ,  0.618652344 SigReg: 13.3210115
std: 0.793945312 ,  0.65625 SigReg: 14.2097769
std: 0.754882812 ,  0.744628906 SigReg: 14.2097769
std: 0.764648438 ,  0.719726562 SigReg: 16.7356148
std: 0.682128906 ,  0.887207031 SigReg: 16.7356148
std: 0.742675781 ,  0.646484375 SigReg: 17.1334095
std: 0.638671875 ,  0.76171875 SigReg: 17.1334095
std: 0.786132812 ,  0.784667969 SigReg: 12.9483557
std: 0.6953125 ,  0.809082031 SigReg: 12.9483557
std: 0.770996094 ,  0.703613281 SigReg: 13.5579042
std: 0.912109375 ,  0.6796875 SigReg: 13.5579042
std: 0.693359375 ,  0.657714844 SigReg: 13.3873587
std: 0.73828125 ,  0.803710938 SigReg: 13.3873587
std: 0.703613281 ,  0.822753906 SigReg: 12.0042744
std: 0.712402344 ,  0.746582031 SigReg: 12.0042744
std: 0.59765625 ,  0.787597656 SigReg: 14.5445986
std: 0.674316406 ,  0.658691406 SigReg: 14.5445986
std: 0.609375 ,  0.707519531 SigReg: 12.03298
std: 0.764648438 ,  0.639648438 SigReg: 12.03298
std: 0.690917969 ,  0.73828125 SigReg: 12.8300381
std: 0.708984375 ,  0.831054688 SigReg: 12.8300381
std: 0.807617188 ,  0.751953125 SigReg: 13.4855366
std: 0.606933594 ,  0.915039062 SigReg: 13.4855366
std: 0.788085938 ,  0.6953125 SigReg: 13.1930542
std: 0.759277344 ,  0.780761719 SigReg: 13.1930542
std: 0.663574219 ,  0.808105469 SigReg: 13.8103857
std: 0.705078125 ,  0.610351562 SigReg: 13.8103857
std: 0.664550781 ,  0.744628906 SigReg: 12.0909119
std: 0.810546875 ,  0.700195312 SigReg: 12.0909119
std: 0.807617188 ,  0.622070312 SigReg: 15.8247852
std: 0.600585938 ,  0.798828125 SigReg: 15.8247852
std: 0.873046875 ,  0.905273438 SigReg: 16.3419704
std: 0.598632812 ,  0.691894531 SigReg: 16.3419704
std: 0.687011719 ,  0.676757812 SigReg: 15.372921
std: 0.6875 ,  0.715332031 SigReg: 15.372921
std: 0.634765625 ,  0.854980469 SigReg: 14.608222
std: 0.698730469 ,  0.688964844 SigReg: 14.608222
std: 0.6953125 ,  0.684082031 SigReg: 16.3265724
std: 0.705566406 ,  0.684082031 SigReg: 16.3265724
std: 0.682128906 ,  0.769042969 SigReg: 14.0722361
std: 0.721191406 ,  0.783203125 SigReg: 14.0722361
std: 0.684570312 ,  0.786621094 SigReg: 17.4644909
std: 0.647949219 ,  0.716796875 SigReg: 17.4644909
std: 0.673828125 ,  0.779785156 SigReg: 13.8766489
std: 0.684570312 ,  0.828125 SigReg: 13.8766489
std: 0.752441406 ,  0.833984375 SigReg: 14.9752808
std: 0.84765625 ,  0.695800781 SigReg: 14.9752808
std: 0.749511719 ,  0.72265625 SigReg: 16.7141914
std: 0.788574219 ,  0.734375 SigReg: 16.7141914
std: 0.717285156 ,  0.677246094 SigReg: 17.8519344
std: 0.689941406 ,  0.640625 SigReg: 17.8519344
std: 0.687988281 ,  0.655273438 SigReg: 16.0769958
std: 0.659179688 ,  0.71875 SigReg: 16.0769958
std: 0.674804688 ,  0.625 SigReg: 16.3303013
std: 0.633789062 ,  0.603027344 SigReg: 16.3303013
std: 0.695800781 ,  0.645507812 SigReg: 17.0194111
std: 0.690429688 ,  0.684082031 SigReg: 17.0194111
std: 0.542480469 ,  0.551269531 SigReg: 14.5702734
std: 0.641113281 ,  0.587890625 SigReg: 14.5702734
std: 0.654785156 ,  0.678222656 SigReg: 12.2274208
std: 0.726074219 ,  0.630859375 SigReg: 12.2274208
std: 0.810058594 ,  0.586914062 SigReg: 12.222826
std: 0.870117188 ,  0.657714844 SigReg: 12.222826
std: 0.873535156 ,  0.619140625 SigReg: 12.9610147
std: 0.774902344 ,  0.644042969 SigReg: 12.9610147
std: 0.822753906 ,  0.620117188 SigReg: 16.8035374
std: 0.857421875 ,  0.735839844 SigReg: 16.8035374
std: 0.746582031 ,  0.589355469 SigReg: 13.6461725
std: 0.750976562 ,  0.585449219 SigReg: 13.6461725
std: 0.876464844 ,  0.644042969 SigReg: 13.7465057
std: 0.901367188 ,  0.611816406 SigReg: 13.7465057
std: 0.941894531 ,  0.591796875 SigReg: 11.8664713
std: 0.909179688 ,  0.625976562 SigReg: 11.8664713
std: 0.935058594 ,  0.527832031 SigReg: 14.0760241
std: 1.09863281 ,  0.664550781 SigReg: 14.0760241
std: 0.978515625 ,  0.675292969 SigReg: 13.7185812
std: 1.03515625 ,  0.600585938 SigReg: 13.7185812
std: 1.02441406 ,  0.596191406 SigReg: 14.5318794
std: 1.02050781 ,  0.565917969 SigReg: 14.5318794
std: 1.06542969 ,  0.594238281 SigReg: 16.4214077
std: 0.781738281 ,  0.5546875 SigReg: 16.4214077
std: 1.04882812 ,  0.593261719 SigReg: 13.558485
std: 1.10058594 ,  0.673339844 SigReg: 13.558485
std: 1.01074219 ,  0.578125 SigReg: 13.2168598
std: 1.265625 ,  0.66015625 SigReg: 13.2168598
std: 0.977050781 ,  0.670410156 SigReg: 12.1718245
std: 1.17675781 ,  0.570800781 SigReg: 12.1718245
std: 0.881835938 ,  0.518554688 SigReg: 12.23703
std: 0.96484375 ,  0.588378906 SigReg: 12.23703
  Step 300: Backbone Loss = 1.7011, SIGReg Loss = 12.2370 Probe Loss = 170.6566, Acc = 0.5049
std: 1.00878906 ,  0.595214844 SigReg: 14.0385151
std: 0.983398438 ,  0.618652344 SigReg: 14.0385151
std: 1.01953125 ,  0.616210938 SigReg: 15.7493486
std: 1.13671875 ,  0.631347656 SigReg: 15.7493486
std: 1.02539062 ,  0.586425781 SigReg: 15.5747547
std: 0.894042969 ,  0.495849609 SigReg: 15.5747547
std: 0.957519531 ,  0.728027344 SigReg: 13.3312798
std: 0.959472656 ,  0.634765625 SigReg: 13.3312798
std: 1.05371094 ,  0.697753906 SigReg: 15.1729908
std: 1.0546875 ,  0.596679688 SigReg: 15.1729908
std: 1.015625 ,  0.671875 SigReg: 15.1722631
std: 1.08984375 ,  0.666503906 SigReg: 15.1722631
Epoch 11 finished in 248.84s.
  Avg Backbone Loss: 1.8061
  Avg Probe Loss:    156.7100
  Avg Probe Accuracy: 0.5039

Epoch 12/100
std: 0.866699219 ,  0.620605469 SigReg: 14.9228373
std: 0.806640625 ,  0.76171875 SigReg: 14.9228373
  Step 0: Backbone Loss = 1.8163, SIGReg Loss = 14.9228 Probe Loss = 146.8322, Acc = 0.5161
std: 0.927246094 ,  0.723144531 SigReg: 13.9242983
std: 0.811523438 ,  0.774902344 SigReg: 13.9242983
std: 0.963867188 ,  0.7265625 SigReg: 12.6881428
std: 0.946289062 ,  0.783203125 SigReg: 12.6881428
std: 0.842773438 ,  0.752929688 SigReg: 13.2938614
std: 0.941894531 ,  0.7421875 SigReg: 13.2938614
std: 0.881835938 ,  0.691894531 SigReg: 12.7535744
std: 0.76171875 ,  0.736816406 SigReg: 12.7535744
std: 0.706542969 ,  0.710449219 SigReg: 14.4612217
std: 0.859863281 ,  0.59375 SigReg: 14.4612217
std: 0.820800781 ,  0.698730469 SigReg: 13.3575897
std: 0.761230469 ,  0.770019531 SigReg: 13.3575897
std: 0.929199219 ,  0.737304688 SigReg: 13.8299961
std: 0.662597656 ,  0.643554688 SigReg: 13.8299961
std: 0.698242188 ,  0.727050781 SigReg: 12.9744453
std: 0.610351562 ,  0.698730469 SigReg: 12.9744453
std: 0.641601562 ,  0.813476562 SigReg: 12.8504543
std: 0.727539062 ,  0.669433594 SigReg: 12.8504543
std: 0.764648438 ,  0.704101562 SigReg: 13.7917
std: 0.914550781 ,  0.709472656 SigReg: 13.7917
std: 0.689941406 ,  0.852050781 SigReg: 14.9028654
std: 0.8671875 ,  0.694335938 SigReg: 14.9028654
std: 0.795410156 ,  0.673828125 SigReg: 14.8451443
std: 0.865722656 ,  0.704101562 SigReg: 14.8451443
std: 0.7265625 ,  0.825683594 SigReg: 13.9831619
std: 0.807128906 ,  0.743652344 SigReg: 13.9831619
std: 0.927734375 ,  0.627441406 SigReg: 15.7853956
std: 0.688476562 ,  0.719238281 SigReg: 15.7853956
std: 0.7265625 ,  0.737304688 SigReg: 12.9264994
std: 0.770019531 ,  0.883789062 SigReg: 12.9264994
std: 0.780761719 ,  0.77734375 SigReg: 11.8559685
std: 0.825683594 ,  0.822265625 SigReg: 11.8559685
std: 0.711425781 ,  0.737304688 SigReg: 12.5424776
std: 0.741699219 ,  0.751464844 SigReg: 12.5424776
std: 0.781738281 ,  0.634765625 SigReg: 15.6805487
std: 0.823242188 ,  0.779785156 SigReg: 15.6805487
std: 0.637695312 ,  0.761230469 SigReg: 14.5881987
std: 0.689941406 ,  0.694335938 SigReg: 14.5881987
std: 0.694335938 ,  0.676757812 SigReg: 14.6408567
std: 0.755371094 ,  0.815429688 SigReg: 14.6408567
std: 0.596191406 ,  0.747558594 SigReg: 14.5913162
std: 0.806640625 ,  0.828125 SigReg: 14.5913162
std: 0.685058594 ,  0.742675781 SigReg: 14.1142931
std: 0.633789062 ,  0.906738281 SigReg: 14.1142931
std: 0.758300781 ,  0.704589844 SigReg: 13.7295065
std: 0.631835938 ,  0.719238281 SigReg: 13.7295065
std: 0.610351562 ,  0.857910156 SigReg: 15.1901417
std: 0.697265625 ,  0.735351562 SigReg: 15.1901417
std: 0.760742188 ,  0.783691406 SigReg: 12.7583513
std: 0.600585938 ,  0.748535156 SigReg: 12.7583513
std: 0.775390625 ,  0.814941406 SigReg: 13.4818
std: 0.756347656 ,  0.726074219 SigReg: 13.4818
std: 0.707519531 ,  0.770507812 SigReg: 16.7826538
std: 0.842773438 ,  0.760253906 SigReg: 16.7826538
std: 0.827148438 ,  0.715820312 SigReg: 13.5320797
std: 0.825195312 ,  0.787597656 SigReg: 13.5320797
std: 0.711425781 ,  0.850097656 SigReg: 15.6285286
std: 0.620117188 ,  0.836914062 SigReg: 15.6285286
std: 0.870605469 ,  0.885253906 SigReg: 13.8117905
std: 0.796386719 ,  0.734863281 SigReg: 13.8117905
std: 0.762695312 ,  0.712402344 SigReg: 16.5543175
std: 0.802734375 ,  0.820800781 SigReg: 16.5543175
std: 0.938964844 ,  0.672363281 SigReg: 12.4540653
std: 0.844238281 ,  0.870117188 SigReg: 12.4540653
std: 0.646484375 ,  0.717285156 SigReg: 12.5657129
std: 0.821777344 ,  0.732421875 SigReg: 12.5657129
std: 0.752441406 ,  0.838378906 SigReg: 12.441411
std: 0.756347656 ,  0.696289062 SigReg: 12.441411
std: 0.735351562 ,  0.753417969 SigReg: 12.7257977
std: 0.6953125 ,  0.772949219 SigReg: 12.7257977
std: 0.802246094 ,  0.70703125 SigReg: 14.2805138
std: 0.765625 ,  0.833984375 SigReg: 14.2805138
std: 0.874023438 ,  0.68359375 SigReg: 14.6145477
std: 0.969726562 ,  0.685546875 SigReg: 14.6145477
std: 0.788085938 ,  0.583984375 SigReg: 14.6711483
std: 0.749511719 ,  0.721191406 SigReg: 14.6711483
std: 0.7109375 ,  0.782714844 SigReg: 14.1475229
std: 0.667480469 ,  0.75390625 SigReg: 14.1475229
std: 0.508300781 ,  0.816894531 SigReg: 16.6010227
std: 0.712402344 ,  0.757324219 SigReg: 16.6010227
std: 0.651367188 ,  0.770996094 SigReg: 12.4731112
std: 0.580566406 ,  0.740722656 SigReg: 12.4731112
std: 0.691894531 ,  0.693847656 SigReg: 15.4994259
std: 0.755371094 ,  0.806152344 SigReg: 15.4994259
std: 0.649414062 ,  0.635253906 SigReg: 16.9938869
std: 0.75390625 ,  0.7265625 SigReg: 16.9938869
std: 0.658691406 ,  0.66796875 SigReg: 18.272274
std: 0.786132812 ,  0.697753906 SigReg: 18.272274
std: 0.576660156 ,  0.629882812 SigReg: 14.6965008
std: 0.595214844 ,  0.6875 SigReg: 14.6965008
std: 0.686035156 ,  0.607910156 SigReg: 16.8454342
std: 0.630859375 ,  0.679199219 SigReg: 16.8454342
std: 0.677734375 ,  0.700195312 SigReg: 16.2830563
std: 0.650878906 ,  0.655761719 SigReg: 16.2830563
std: 0.777832031 ,  0.704589844 SigReg: 17.0079308
std: 0.556152344 ,  0.568847656 SigReg: 17.0079308
std: 0.717285156 ,  0.659179688 SigReg: 11.7214718
std: 0.690917969 ,  0.575683594 SigReg: 11.7214718
std: 0.845214844 ,  0.720703125 SigReg: 15.3989954
std: 0.895507812 ,  0.677246094 SigReg: 15.3989954
  Step 50: Backbone Loss = 1.8067, SIGReg Loss = 15.3990 Probe Loss = 142.3684, Acc = 0.5035
std: 0.724609375 ,  0.675292969 SigReg: 14.094326
std: 0.754882812 ,  0.721679688 SigReg: 14.094326
std: 0.766113281 ,  0.79296875 SigReg: 15.0603333
std: 0.6640625 ,  0.741699219 SigReg: 15.0603333
std: 0.817382812 ,  0.624511719 SigReg: 15.7953196
std: 0.798339844 ,  0.712402344 SigReg: 15.7953196
std: 0.874023438 ,  0.845214844 SigReg: 14.0438
std: 0.903808594 ,  0.546875 SigReg: 14.0438
std: 0.692871094 ,  0.620605469 SigReg: 13.766449
std: 0.889648438 ,  0.693847656 SigReg: 13.766449
std: 0.794921875 ,  0.638183594 SigReg: 13.2535114
std: 0.7421875 ,  0.713867188 SigReg: 13.2535114
std: 0.789550781 ,  0.542480469 SigReg: 11.2534637
std: 0.922363281 ,  0.77734375 SigReg: 11.2534637
std: 0.868652344 ,  0.628417969 SigReg: 13.700983
std: 0.814453125 ,  0.652832031 SigReg: 13.700983
std: 0.935546875 ,  0.615722656 SigReg: 13.2147865
std: 0.868164062 ,  0.687011719 SigReg: 13.2147865
std: 0.923828125 ,  0.728027344 SigReg: 13.1795845
std: 0.810058594 ,  0.5859375 SigReg: 13.1795845
std: 0.968261719 ,  0.770019531 SigReg: 13.5675373
std: 0.769042969 ,  0.744628906 SigReg: 13.5675373
std: 0.874023438 ,  0.653808594 SigReg: 11.2549534
std: 0.815429688 ,  0.671875 SigReg: 11.2549534
std: 0.726074219 ,  0.73046875 SigReg: 13.8733053
std: 0.829589844 ,  0.708984375 SigReg: 13.8733053
std: 0.890136719 ,  0.604492188 SigReg: 13.7564192
std: 0.822265625 ,  0.711425781 SigReg: 13.7564192
std: 0.767089844 ,  0.750976562 SigReg: 13.9176626
std: 0.693359375 ,  0.650878906 SigReg: 13.9176626
std: 0.833007812 ,  0.806640625 SigReg: 12.4890404
std: 0.764160156 ,  0.650390625 SigReg: 12.4890404
std: 0.826660156 ,  0.749511719 SigReg: 13.8569231
std: 0.989257812 ,  0.808105469 SigReg: 13.8569231
std: 0.836914062 ,  0.678222656 SigReg: 16.4666748
std: 0.836425781 ,  0.697753906 SigReg: 16.4666748
std: 0.737792969 ,  0.700683594 SigReg: 13.922678
std: 0.722167969 ,  0.644042969 SigReg: 13.922678
std: 0.905761719 ,  0.634277344 SigReg: 14.0064621
std: 0.889160156 ,  0.614257812 SigReg: 14.0064621
std: 0.770019531 ,  0.678710938 SigReg: 15.4008751
std: 0.783203125 ,  0.611816406 SigReg: 15.4008751
std: 0.938476562 ,  0.700683594 SigReg: 13.9457235
std: 0.799316406 ,  0.739746094 SigReg: 13.9457235
std: 0.708984375 ,  0.626953125 SigReg: 12.636384
std: 0.873535156 ,  0.575683594 SigReg: 12.636384
std: 0.875976562 ,  0.692382812 SigReg: 13.3071203
std: 0.712402344 ,  0.729003906 SigReg: 13.3071203
std: 0.840332031 ,  0.80859375 SigReg: 12.3440123
std: 0.961425781 ,  0.76171875 SigReg: 12.3440123
std: 0.878417969 ,  0.709472656 SigReg: 17.0813
std: 0.878417969 ,  0.618164062 SigReg: 17.0813
std: 0.782714844 ,  0.6484375 SigReg: 14.9901209
std: 0.910644531 ,  0.749511719 SigReg: 14.9901209
std: 0.988769531 ,  0.704589844 SigReg: 12.9592342
std: 0.848632812 ,  0.759277344 SigReg: 12.9592342
std: 0.999023438 ,  0.731933594 SigReg: 14.7522831
std: 0.84765625 ,  0.660644531 SigReg: 14.7522831
std: 0.907714844 ,  0.670410156 SigReg: 15.5258007
std: 0.906738281 ,  0.641601562 SigReg: 15.5258007
std: 0.971191406 ,  0.702148438 SigReg: 12.7802219
std: 0.947265625 ,  0.675292969 SigReg: 12.7802219
std: 1.00878906 ,  0.762695312 SigReg: 13.3857088
std: 0.984375 ,  0.596191406 SigReg: 13.3857088
std: 0.96484375 ,  0.656738281 SigReg: 12.7138643
std: 1.00292969 ,  0.752441406 SigReg: 12.7138643
std: 1.01171875 ,  0.7734375 SigReg: 12.3155041
std: 0.772949219 ,  0.621582031 SigReg: 12.3155041
std: 0.88671875 ,  0.747558594 SigReg: 12.23598
std: 0.883789062 ,  0.619140625 SigReg: 12.23598
std: 0.930175781 ,  0.642089844 SigReg: 11.6231136
std: 0.950195312 ,  0.67578125 SigReg: 11.6231136
std: 0.965820312 ,  0.678710938 SigReg: 13.2766457
std: 1.07910156 ,  0.764160156 SigReg: 13.2766457
std: 0.981445312 ,  0.663574219 SigReg: 15.3718348
std: 0.9609375 ,  0.736328125 SigReg: 15.3718348
std: 1.00683594 ,  0.592285156 SigReg: 14.0743961
std: 0.900390625 ,  0.85546875 SigReg: 14.0743961
std: 0.941894531 ,  0.721191406 SigReg: 14.5590811
std: 0.893066406 ,  0.672851562 SigReg: 14.5590811
std: 0.779785156 ,  0.676757812 SigReg: 17.937809
std: 0.994140625 ,  0.6953125 SigReg: 17.937809
std: 0.915039062 ,  0.724121094 SigReg: 13.8028507
std: 0.834960938 ,  0.80078125 SigReg: 13.8028507
std: 1.04882812 ,  0.674804688 SigReg: 12.2008781
std: 0.868652344 ,  0.757324219 SigReg: 12.2008781
std: 1.23242188 ,  0.797851562 SigReg: 13.8176174
std: 0.938476562 ,  0.805175781 SigReg: 13.8176174
std: 1.05664062 ,  0.610351562 SigReg: 15.6066523
std: 1.01855469 ,  0.698242188 SigReg: 15.6066523
std: 0.988769531 ,  0.661132812 SigReg: 13.8756323
std: 1.12792969 ,  0.730957031 SigReg: 13.8756323
std: 0.999023438 ,  0.669433594 SigReg: 13.9412165
std: 1.06640625 ,  0.586914062 SigReg: 13.9412165
std: 0.927246094 ,  0.653808594 SigReg: 12.9750528
std: 1.08789062 ,  0.622558594 SigReg: 12.9750528
std: 0.981445312 ,  0.645019531 SigReg: 13.0509281
std: 0.999023438 ,  0.660644531 SigReg: 13.0509281
std: 1.0078125 ,  0.641601562 SigReg: 13.6327286
std: 0.948730469 ,  0.586425781 SigReg: 13.6327286
  Step 100: Backbone Loss = 1.6952, SIGReg Loss = 13.6327 Probe Loss = 129.9941, Acc = 0.5040
std: 1.1484375 ,  0.731445312 SigReg: 13.0949593
std: 1.02832031 ,  0.648925781 SigReg: 13.0949593
std: 0.902832031 ,  0.62109375 SigReg: 11.7497272
std: 1.06835938 ,  0.6875 SigReg: 11.7497272
std: 0.996582031 ,  0.6953125 SigReg: 12.217556
std: 0.916015625 ,  0.631835938 SigReg: 12.217556
std: 0.913085938 ,  0.758300781 SigReg: 13.0178795
std: 0.831542969 ,  0.628417969 SigReg: 13.0178795
std: 0.734863281 ,  0.746582031 SigReg: 14.5779123
std: 0.844726562 ,  0.657226562 SigReg: 14.5779123
std: 0.693847656 ,  0.710449219 SigReg: 16.0545731
std: 0.844726562 ,  0.656738281 SigReg: 16.0545731
std: 0.8984375 ,  0.729980469 SigReg: 12.3025799
std: 0.899414062 ,  0.693359375 SigReg: 12.3025799
std: 0.726074219 ,  0.676269531 SigReg: 12.1062145
std: 0.825683594 ,  0.654785156 SigReg: 12.1062145
std: 0.679199219 ,  0.662109375 SigReg: 17.3630352
std: 0.618652344 ,  0.644042969 SigReg: 17.3630352
std: 0.860839844 ,  0.654785156 SigReg: 18.2615166
std: 0.91015625 ,  0.610351562 SigReg: 18.2615166
std: 0.817382812 ,  0.674316406 SigReg: 14.9845991
std: 0.862304688 ,  0.645019531 SigReg: 14.9845991
std: 0.663085938 ,  0.5859375 SigReg: 14.2444363
std: 0.835449219 ,  0.569824219 SigReg: 14.2444363
std: 0.796875 ,  0.66015625 SigReg: 13.0188532
std: 0.760253906 ,  0.711914062 SigReg: 13.0188532
std: 0.716308594 ,  0.627929688 SigReg: 14.299099
std: 0.778320312 ,  0.626464844 SigReg: 14.299099
std: 0.788574219 ,  0.546875 SigReg: 12.0712509
std: 0.769042969 ,  0.655273438 SigReg: 12.0712509
std: 0.701660156 ,  0.615234375 SigReg: 14.0619049
std: 0.819824219 ,  0.658691406 SigReg: 14.0619049
std: 0.822753906 ,  0.596679688 SigReg: 14.8117905
std: 0.955078125 ,  0.610351562 SigReg: 14.8117905
std: 0.81640625 ,  0.561035156 SigReg: 13.161027
std: 0.970214844 ,  0.621582031 SigReg: 13.161027
std: 1.05175781 ,  0.498046875 SigReg: 14.1635485
std: 0.911132812 ,  0.498779297 SigReg: 14.1635485
std: 0.858398438 ,  0.653320312 SigReg: 13.2539454
std: 0.848144531 ,  0.625 SigReg: 13.2539454
std: 0.892089844 ,  0.655273438 SigReg: 13.0455027
std: 1.08300781 ,  0.62109375 SigReg: 13.0455027
std: 1.03125 ,  0.626464844 SigReg: 14.5831861
std: 0.893066406 ,  0.515625 SigReg: 14.5831861
std: 0.729003906 ,  0.604003906 SigReg: 13.5131798
std: 0.73828125 ,  0.638671875 SigReg: 13.5131798
std: 0.816894531 ,  0.588867188 SigReg: 15.7378941
std: 0.79296875 ,  0.625488281 SigReg: 15.7378941
std: 0.708007812 ,  0.654785156 SigReg: 16.9254
std: 0.87890625 ,  0.585449219 SigReg: 16.9254
std: 0.892578125 ,  0.743652344 SigReg: 13.7485924
std: 0.727539062 ,  0.596191406 SigReg: 13.7485924
std: 0.727050781 ,  0.551757812 SigReg: 14.1842918
std: 0.786621094 ,  0.555664062 SigReg: 14.1842918
std: 0.669921875 ,  0.551269531 SigReg: 13.3138695
std: 0.581542969 ,  0.687011719 SigReg: 13.3138695
std: 0.84765625 ,  0.622070312 SigReg: 15.1276636
std: 0.750976562 ,  0.623046875 SigReg: 15.1276636
std: 0.802734375 ,  0.693847656 SigReg: 13.586957
std: 0.851074219 ,  0.673339844 SigReg: 13.586957
std: 0.773925781 ,  0.606933594 SigReg: 14.2600708
std: 0.825195312 ,  0.616210938 SigReg: 14.2600708
std: 0.80078125 ,  0.687011719 SigReg: 12.7910309
std: 0.802734375 ,  0.643554688 SigReg: 12.7910309
std: 0.787597656 ,  0.717285156 SigReg: 13.3926191
std: 0.884765625 ,  0.657226562 SigReg: 13.3926191
std: 0.775390625 ,  0.613769531 SigReg: 13.9530334
std: 0.896484375 ,  0.675292969 SigReg: 13.9530334
std: 0.7265625 ,  0.637207031 SigReg: 14.3970146
std: 0.986328125 ,  0.581054688 SigReg: 14.3970146
std: 0.753417969 ,  0.567871094 SigReg: 15.2885132
std: 0.793457031 ,  0.562011719 SigReg: 15.2885132
std: 0.852539062 ,  0.606933594 SigReg: 12.2729073
std: 0.846679688 ,  0.568847656 SigReg: 12.2729073
std: 0.892089844 ,  0.662597656 SigReg: 14.5188332
std: 0.966308594 ,  0.681152344 SigReg: 14.5188332
std: 0.965332031 ,  0.718261719 SigReg: 13.5457726
std: 1.0234375 ,  0.639160156 SigReg: 13.5457726
std: 1.00488281 ,  0.58203125 SigReg: 16.2057381
std: 1.08300781 ,  0.644042969 SigReg: 16.2057381
std: 1.09082031 ,  0.674316406 SigReg: 14.7250061
std: 1.13964844 ,  0.604492188 SigReg: 14.7250061
std: 0.903320312 ,  0.627929688 SigReg: 12.3315105
std: 1.05273438 ,  0.752441406 SigReg: 12.3315105
std: 1.00488281 ,  0.650878906 SigReg: 12.9336033
std: 0.983398438 ,  0.635742188 SigReg: 12.9336033
std: 0.842773438 ,  0.725585938 SigReg: 11.5944767
std: 0.948730469 ,  0.6796875 SigReg: 11.5944767
std: 0.801269531 ,  0.753417969 SigReg: 13.95823
std: 0.802734375 ,  0.801757812 SigReg: 13.95823
std: 0.894042969 ,  0.745605469 SigReg: 12.3493195
std: 0.798339844 ,  0.820800781 SigReg: 12.3493195
std: 0.827148438 ,  0.797363281 SigReg: 11.4252653
std: 1.109375 ,  0.892578125 SigReg: 11.4252653
std: 0.83203125 ,  0.873535156 SigReg: 12.3248491
std: 1.01464844 ,  0.849609375 SigReg: 12.3248491
std: 0.723632812 ,  0.768554688 SigReg: 13.521492
std: 0.78515625 ,  0.783691406 SigReg: 13.521492
std: 0.780273438 ,  0.745605469 SigReg: 12.693531
std: 0.770996094 ,  0.724609375 SigReg: 12.693531
  Step 150: Backbone Loss = 1.7691, SIGReg Loss = 12.6935 Probe Loss = 151.0000, Acc = 0.5030
std: 0.758789062 ,  0.811523438 SigReg: 11.0384216
std: 0.6875 ,  0.671875 SigReg: 11.0384216
std: 0.623046875 ,  0.632324219 SigReg: 12.8653107
std: 0.642578125 ,  0.692871094 SigReg: 12.8653107
std: 0.748046875 ,  0.725097656 SigReg: 12.5861139
std: 0.706054688 ,  0.737304688 SigReg: 12.5861139
std: 0.649902344 ,  0.610839844 SigReg: 13.8770227
std: 0.685546875 ,  0.701171875 SigReg: 13.8770227
std: 0.657714844 ,  0.708984375 SigReg: 12.9443073
std: 0.6875 ,  0.665527344 SigReg: 12.9443073
std: 0.649902344 ,  0.769042969 SigReg: 12.5472326
std: 0.517089844 ,  0.700195312 SigReg: 12.5472326
std: 0.620117188 ,  0.883789062 SigReg: 12.0050259
std: 0.705566406 ,  0.72265625 SigReg: 12.0050259
std: 0.606445312 ,  0.783203125 SigReg: 14.3290977
std: 0.676757812 ,  0.630859375 SigReg: 14.3290977
std: 0.70703125 ,  0.762207031 SigReg: 13.6312656
std: 0.753417969 ,  0.779785156 SigReg: 13.6312656
std: 0.692871094 ,  0.780761719 SigReg: 12.0146627
std: 0.648925781 ,  0.830078125 SigReg: 12.0146627
std: 0.864746094 ,  0.783203125 SigReg: 12.5568533
std: 0.65234375 ,  0.717285156 SigReg: 12.5568533
std: 0.780761719 ,  0.883300781 SigReg: 11.412899
std: 0.762695312 ,  0.715820312 SigReg: 11.412899
std: 0.767089844 ,  0.879882812 SigReg: 12.352993
std: 0.718261719 ,  0.919433594 SigReg: 12.352993
std: 0.922363281 ,  0.811523438 SigReg: 12.3354025
std: 0.77734375 ,  0.791503906 SigReg: 12.3354025
std: 0.892578125 ,  0.784179688 SigReg: 15.5316133
std: 0.744140625 ,  0.810546875 SigReg: 15.5316133
std: 0.668457031 ,  0.653320312 SigReg: 13.5601177
std: 0.829589844 ,  0.757324219 SigReg: 13.5601177
std: 0.845214844 ,  0.759765625 SigReg: 13.3567562
std: 0.844726562 ,  0.796386719 SigReg: 13.3567562
std: 0.822265625 ,  0.859863281 SigReg: 13.0209045
std: 0.868164062 ,  0.687011719 SigReg: 13.0209045
std: 0.861328125 ,  0.825195312 SigReg: 13.2311602
std: 0.835449219 ,  0.930175781 SigReg: 13.2311602
std: 0.751953125 ,  0.874511719 SigReg: 13.7428732
std: 0.850585938 ,  0.770019531 SigReg: 13.7428732
std: 0.939941406 ,  0.951660156 SigReg: 11.7915525
std: 0.677734375 ,  0.714355469 SigReg: 11.7915525
std: 0.801269531 ,  0.83984375 SigReg: 13.7292519
std: 0.744628906 ,  0.744628906 SigReg: 13.7292519
std: 0.852539062 ,  0.811523438 SigReg: 14.1430206
std: 0.763671875 ,  0.8515625 SigReg: 14.1430206
std: 0.854492188 ,  0.756835938 SigReg: 13.765111
std: 0.74609375 ,  0.799804688 SigReg: 13.765111
std: 0.905273438 ,  0.75390625 SigReg: 13.8410311
std: 0.921875 ,  0.699707031 SigReg: 13.8410311
std: 0.927734375 ,  0.684570312 SigReg: 13.3123131
std: 0.676269531 ,  0.501464844 SigReg: 13.3123131
std: 0.891113281 ,  0.797851562 SigReg: 13.1789351
std: 0.865234375 ,  0.707519531 SigReg: 13.1789351
std: 0.862792969 ,  0.560058594 SigReg: 13.5057755
std: 0.723632812 ,  0.5703125 SigReg: 13.5057755
std: 0.823730469 ,  0.649902344 SigReg: 14.112092
std: 0.7265625 ,  0.720214844 SigReg: 14.112092
std: 0.678222656 ,  0.550292969 SigReg: 14.6361694
std: 0.787597656 ,  0.623046875 SigReg: 14.6361694
std: 0.769042969 ,  0.728515625 SigReg: 12.4337788
std: 0.829101562 ,  0.642578125 SigReg: 12.4337788
std: 0.9140625 ,  0.725097656 SigReg: 14.386
std: 0.787597656 ,  0.664550781 SigReg: 14.386
std: 0.845214844 ,  0.619140625 SigReg: 12.1031456
std: 0.807128906 ,  0.657714844 SigReg: 12.1031456
std: 0.851074219 ,  0.723632812 SigReg: 13.3441944
std: 0.847167969 ,  0.6796875 SigReg: 13.3441944
std: 0.832519531 ,  0.6640625 SigReg: 12.6818075
std: 0.864257812 ,  0.633300781 SigReg: 12.6818075
std: 0.692871094 ,  0.719238281 SigReg: 12.7822342
std: 0.639160156 ,  0.702148438 SigReg: 12.7822342
std: 0.686035156 ,  0.576171875 SigReg: 13.3449469
std: 0.772460938 ,  0.729980469 SigReg: 13.3449469
std: 0.803222656 ,  0.598632812 SigReg: 11.5092506
std: 0.797363281 ,  0.756835938 SigReg: 11.5092506
std: 0.780761719 ,  0.742675781 SigReg: 11.7722883
std: 0.925292969 ,  0.754394531 SigReg: 11.7722883
std: 0.876464844 ,  0.658203125 SigReg: 14.5282536
std: 0.885742188 ,  0.669921875 SigReg: 14.5282536
std: 0.955566406 ,  0.762695312 SigReg: 13.6952276
std: 0.854003906 ,  0.5859375 SigReg: 13.6952276
std: 0.737792969 ,  0.625488281 SigReg: 13.1275291
std: 0.861328125 ,  0.6953125 SigReg: 13.1275291
std: 0.801757812 ,  0.643554688 SigReg: 11.0479136
std: 0.7890625 ,  0.689941406 SigReg: 11.0479136
std: 0.900390625 ,  0.751464844 SigReg: 12.9326248
std: 0.78515625 ,  0.740722656 SigReg: 12.9326248
std: 0.815429688 ,  0.743652344 SigReg: 11.6418076
std: 0.747070312 ,  0.705078125 SigReg: 11.6418076
std: 0.798339844 ,  0.754394531 SigReg: 13.0523062
std: 0.673828125 ,  0.655273438 SigReg: 13.0523062
std: 0.756835938 ,  0.6328125 SigReg: 10.9845848
std: 0.77734375 ,  0.692382812 SigReg: 10.9845848
std: 0.795898438 ,  0.759765625 SigReg: 11.3710861
std: 0.793457031 ,  0.624511719 SigReg: 11.3710861
std: 0.741699219 ,  0.666015625 SigReg: 12.7061424
std: 0.740234375 ,  0.812011719 SigReg: 12.7061424
std: 0.812988281 ,  0.572265625 SigReg: 10.4663372
std: 0.867675781 ,  0.735351562 SigReg: 10.4663372
  Step 200: Backbone Loss = 1.6012, SIGReg Loss = 10.4663 Probe Loss = 168.1003, Acc = 0.5082
std: 0.749023438 ,  0.662109375 SigReg: 11.5926046
std: 0.916015625 ,  0.710449219 SigReg: 11.5926046
std: 0.749511719 ,  0.662597656 SigReg: 14.7878771
std: 0.705078125 ,  0.6484375 SigReg: 14.7878771
std: 0.76953125 ,  0.729980469 SigReg: 14.1559668
std: 0.84765625 ,  0.690917969 SigReg: 14.1559668
std: 0.900390625 ,  0.664550781 SigReg: 13.3680573
std: 0.813476562 ,  0.590332031 SigReg: 13.3680573
std: 0.729003906 ,  0.633789062 SigReg: 12.5377054
std: 0.829101562 ,  0.623535156 SigReg: 12.5377054
std: 0.879882812 ,  0.604492188 SigReg: 16.4700413
std: 0.771484375 ,  0.7109375 SigReg: 16.4700413
std: 0.776855469 ,  0.668457031 SigReg: 14.8502378
std: 0.698242188 ,  0.698242188 SigReg: 14.8502378
std: 0.748535156 ,  0.775878906 SigReg: 12.3709192
std: 0.795410156 ,  0.666992188 SigReg: 12.3709192
std: 0.597167969 ,  0.693847656 SigReg: 13.0614901
std: 0.747558594 ,  0.897460938 SigReg: 13.0614901
std: 0.779296875 ,  0.728515625 SigReg: 15.195982
std: 0.709960938 ,  0.754394531 SigReg: 15.195982
std: 0.723144531 ,  0.754394531 SigReg: 12.9464188
std: 0.849121094 ,  0.784179688 SigReg: 12.9464188
std: 0.760253906 ,  0.776367188 SigReg: 11.6881275
std: 0.809082031 ,  0.809570312 SigReg: 11.6881275
std: 0.805175781 ,  0.719726562 SigReg: 12.5032053
std: 0.805175781 ,  0.640625 SigReg: 12.5032053
std: 0.788085938 ,  0.750488281 SigReg: 11.7377424
std: 0.862304688 ,  0.852539062 SigReg: 11.7377424
std: 0.701171875 ,  0.775878906 SigReg: 12.0821285
std: 0.859375 ,  0.899902344 SigReg: 12.0821285
std: 0.918457031 ,  0.920898438 SigReg: 12.4630337
std: 0.892089844 ,  0.886230469 SigReg: 12.4630337
std: 0.89453125 ,  0.875 SigReg: 12.364645
std: 0.989746094 ,  0.922851562 SigReg: 12.364645
std: 0.874511719 ,  0.871582031 SigReg: 15.2200327
std: 0.84765625 ,  0.915039062 SigReg: 15.2200327
std: 0.774414062 ,  0.899902344 SigReg: 14.0470867
std: 0.83984375 ,  0.878417969 SigReg: 14.0470867
std: 0.88671875 ,  0.980957031 SigReg: 11.9638977
std: 0.871582031 ,  0.88671875 SigReg: 11.9638977
std: 0.951171875 ,  0.819824219 SigReg: 13.344141
std: 0.616699219 ,  0.73828125 SigReg: 13.344141
std: 0.671386719 ,  0.915039062 SigReg: 15.2339249
std: 0.854980469 ,  0.779785156 SigReg: 15.2339249
std: 0.883300781 ,  0.830078125 SigReg: 18.655508
std: 0.897460938 ,  0.72265625 SigReg: 18.655508
std: 0.844726562 ,  0.6953125 SigReg: 16.7737217
std: 0.704589844 ,  0.614746094 SigReg: 16.7737217
std: 0.732421875 ,  0.723632812 SigReg: 13.9865808
std: 0.791503906 ,  0.790527344 SigReg: 13.9865808
std: 0.653808594 ,  0.804199219 SigReg: 14.0521526
std: 0.729980469 ,  0.700683594 SigReg: 14.0521526
std: 0.610351562 ,  0.713378906 SigReg: 14.5624208
std: 0.755371094 ,  0.706054688 SigReg: 14.5624208
std: 0.764648438 ,  0.664550781 SigReg: 16.4495811
std: 0.740722656 ,  0.768554688 SigReg: 16.4495811
std: 0.741699219 ,  0.743164062 SigReg: 13.801548
std: 0.711914062 ,  0.702148438 SigReg: 13.801548
std: 0.693359375 ,  0.740234375 SigReg: 12.1174536
std: 0.741699219 ,  0.716796875 SigReg: 12.1174536
std: 0.745605469 ,  0.58984375 SigReg: 13.3140535
std: 0.7890625 ,  0.728027344 SigReg: 13.3140535
std: 0.672363281 ,  0.746582031 SigReg: 14.7211285
std: 0.681152344 ,  0.685058594 SigReg: 14.7211285
std: 0.536621094 ,  0.6171875 SigReg: 14.2203493
std: 0.657226562 ,  0.6796875 SigReg: 14.2203493
std: 0.591796875 ,  0.696289062 SigReg: 13.4684877
std: 0.611816406 ,  0.636230469 SigReg: 13.4684877
std: 0.663085938 ,  0.69140625 SigReg: 12.9468212
std: 0.654296875 ,  0.686035156 SigReg: 12.9468212
std: 0.632324219 ,  0.640625 SigReg: 14.5461435
std: 0.633300781 ,  0.645507812 SigReg: 14.5461435
std: 0.651367188 ,  0.621582031 SigReg: 13.9720926
std: 0.640625 ,  0.550292969 SigReg: 13.9720926
std: 0.76171875 ,  0.65234375 SigReg: 16.4008484
std: 0.630371094 ,  0.740722656 SigReg: 16.4008484
std: 0.647949219 ,  0.611328125 SigReg: 14.3603344
std: 0.796875 ,  0.59765625 SigReg: 14.3603344
std: 0.813964844 ,  0.525878906 SigReg: 12.0605536
std: 0.634277344 ,  0.677734375 SigReg: 12.0605536
std: 0.553710938 ,  0.629882812 SigReg: 14.1329651
std: 0.57421875 ,  0.705078125 SigReg: 14.1329651
std: 0.478759766 ,  0.724609375 SigReg: 16.1111603
std: 0.829589844 ,  0.739746094 SigReg: 16.1111603
std: 0.855957031 ,  0.708496094 SigReg: 13.7685242
std: 0.698242188 ,  0.764648438 SigReg: 13.7685242
std: 0.671386719 ,  0.613769531 SigReg: 13.5609341
std: 0.825195312 ,  0.728515625 SigReg: 13.5609341
std: 0.786132812 ,  0.547363281 SigReg: 12.8632355
std: 0.818847656 ,  0.729492188 SigReg: 12.8632355
std: 0.931640625 ,  0.660644531 SigReg: 13.8712215
std: 0.742675781 ,  0.591796875 SigReg: 13.8712215
std: 0.579101562 ,  0.700683594 SigReg: 13.1368961
std: 0.827636719 ,  0.748535156 SigReg: 13.1368961
std: 0.794433594 ,  0.799316406 SigReg: 13.1068058
std: 0.826171875 ,  0.727050781 SigReg: 13.1068058
std: 0.783203125 ,  0.75 SigReg: 14.7909155
std: 0.859863281 ,  0.690429688 SigReg: 14.7909155
std: 0.890625 ,  0.636230469 SigReg: 12.6380386
std: 0.84375 ,  0.600585938 SigReg: 12.6380386
  Step 250: Backbone Loss = 1.6792, SIGReg Loss = 12.6380 Probe Loss = 156.7108, Acc = 0.4943
std: 0.6484375 ,  0.779296875 SigReg: 13.2983418
std: 0.688476562 ,  0.564941406 SigReg: 13.2983418
std: 0.802734375 ,  0.711914062 SigReg: 12.4930105
std: 0.875976562 ,  0.537109375 SigReg: 12.4930105
std: 0.69921875 ,  0.673339844 SigReg: 13.4073582
std: 0.825683594 ,  0.645019531 SigReg: 13.4073582
std: 0.649902344 ,  0.613769531 SigReg: 13.299902
std: 0.800292969 ,  0.6171875 SigReg: 13.299902
std: 0.780273438 ,  0.618164062 SigReg: 13.2351217
std: 0.771484375 ,  0.708984375 SigReg: 13.2351217
std: 0.738769531 ,  0.645996094 SigReg: 11.9960804
std: 0.688476562 ,  0.602050781 SigReg: 11.9960804
std: 0.742675781 ,  0.614746094 SigReg: 12.4886551
std: 0.737792969 ,  0.6015625 SigReg: 12.4886551
std: 0.69140625 ,  0.78515625 SigReg: 13.3008652
std: 0.674316406 ,  0.570800781 SigReg: 13.3008652
std: 0.581054688 ,  0.734375 SigReg: 14.2086525
std: 0.622558594 ,  0.71484375 SigReg: 14.2086525
std: 0.595214844 ,  0.6328125 SigReg: 14.6031647
std: 0.668945312 ,  0.654785156 SigReg: 14.6031647
std: 0.651855469 ,  0.694335938 SigReg: 12.3251562
std: 0.611816406 ,  0.711425781 SigReg: 12.3251562
std: 0.640625 ,  0.723632812 SigReg: 13.6301079
std: 0.642089844 ,  0.733398438 SigReg: 13.6301079
std: 0.661132812 ,  0.666015625 SigReg: 13.2632542
std: 0.540527344 ,  0.665527344 SigReg: 13.2632542
std: 0.544921875 ,  0.664550781 SigReg: 12.1471453
std: 0.703613281 ,  0.6953125 SigReg: 12.1471453
std: 0.718261719 ,  0.658203125 SigReg: 12.941946
std: 0.716796875 ,  0.715332031 SigReg: 12.941946
std: 0.654785156 ,  0.745605469 SigReg: 11.8342371
std: 0.708007812 ,  0.775390625 SigReg: 11.8342371
std: 0.657714844 ,  0.685058594 SigReg: 12.1442089
std: 0.762695312 ,  0.602050781 SigReg: 12.1442089
std: 0.583984375 ,  0.703613281 SigReg: 11.8077192
std: 0.607910156 ,  0.737304688 SigReg: 11.8077192
std: 0.610839844 ,  0.702148438 SigReg: 12.7323256
std: 0.580078125 ,  0.591796875 SigReg: 12.7323256
std: 0.594238281 ,  0.703613281 SigReg: 12.4498539
std: 0.726074219 ,  0.684082031 SigReg: 12.4498539
std: 0.693359375 ,  0.705566406 SigReg: 11.1666946
std: 0.673828125 ,  0.8203125 SigReg: 11.1666946
std: 0.705566406 ,  0.750488281 SigReg: 12.3677988
std: 0.575683594 ,  0.729003906 SigReg: 12.3677988
std: 0.711425781 ,  0.79296875 SigReg: 13.6859798
std: 0.731445312 ,  0.727050781 SigReg: 13.6859798
std: 0.848144531 ,  0.804199219 SigReg: 11.5739
std: 0.825195312 ,  0.724121094 SigReg: 11.5739
std: 0.730957031 ,  0.627929688 SigReg: 13.6373281
std: 0.724609375 ,  0.693359375 SigReg: 13.6373281
std: 0.69140625 ,  0.666992188 SigReg: 11.6945477
std: 0.748046875 ,  0.69140625 SigReg: 11.6945477
std: 0.873535156 ,  0.643066406 SigReg: 12.8798685
std: 0.70703125 ,  0.703125 SigReg: 12.8798685
std: 0.797363281 ,  0.756835938 SigReg: 14.7075176
std: 0.854003906 ,  0.72265625 SigReg: 14.7075176
std: 0.886230469 ,  0.642578125 SigReg: 14.879961
std: 0.830078125 ,  0.676757812 SigReg: 14.879961
std: 0.745117188 ,  0.712890625 SigReg: 13.042984
std: 0.766601562 ,  0.758789062 SigReg: 13.042984
std: 0.701171875 ,  0.689453125 SigReg: 12.7519941
std: 0.735351562 ,  0.556152344 SigReg: 12.7519941
std: 0.800292969 ,  0.666992188 SigReg: 13.2305
std: 0.705078125 ,  0.689941406 SigReg: 13.2305
std: 0.666015625 ,  0.713867188 SigReg: 14.5001564
std: 0.671875 ,  0.748046875 SigReg: 14.5001564
std: 0.695800781 ,  0.747558594 SigReg: 12.8031712
std: 0.752441406 ,  0.740722656 SigReg: 12.8031712
std: 0.647949219 ,  0.68359375 SigReg: 13.1353521
std: 0.599121094 ,  0.623046875 SigReg: 13.1353521
std: 0.552734375 ,  0.646972656 SigReg: 14.3048439
std: 0.587890625 ,  0.717285156 SigReg: 14.3048439
std: 0.645019531 ,  0.689453125 SigReg: 14.4895725
std: 0.592773438 ,  0.631835938 SigReg: 14.4895725
std: 0.572753906 ,  0.576660156 SigReg: 12.1845093
std: 0.510253906 ,  0.71484375 SigReg: 12.1845093
std: 0.592773438 ,  0.687011719 SigReg: 13.775362
std: 0.541992188 ,  0.663574219 SigReg: 13.775362
std: 0.598144531 ,  0.581054688 SigReg: 13.1610518
std: 0.643066406 ,  0.617675781 SigReg: 13.1610518
std: 0.638671875 ,  0.567871094 SigReg: 12.4994574
std: 0.561035156 ,  0.610351562 SigReg: 12.4994574
std: 0.661621094 ,  0.65625 SigReg: 13.7141685
std: 0.643554688 ,  0.607421875 SigReg: 13.7141685
std: 0.564453125 ,  0.662597656 SigReg: 13.8405724
std: 0.678710938 ,  0.570800781 SigReg: 13.8405724
std: 0.579589844 ,  0.62890625 SigReg: 13.5367661
std: 0.608886719 ,  0.735351562 SigReg: 13.5367661
std: 0.825683594 ,  0.631347656 SigReg: 11.6428204
std: 0.726074219 ,  0.649902344 SigReg: 11.6428204
std: 0.749023438 ,  0.634765625 SigReg: 12.3950157
std: 0.650878906 ,  0.582519531 SigReg: 12.3950157
std: 0.712890625 ,  0.521484375 SigReg: 12.5797644
std: 0.633300781 ,  0.557617188 SigReg: 12.5797644
std: 0.743164062 ,  0.621582031 SigReg: 11.513896
std: 0.849121094 ,  0.658203125 SigReg: 11.513896
std: 0.779785156 ,  0.626464844 SigReg: 11.7128296
std: 0.647460938 ,  0.630859375 SigReg: 11.7128296
std: 0.709960938 ,  0.662109375 SigReg: 14.0729494
std: 0.762695312 ,  0.620605469 SigReg: 14.0729494
  Step 300: Backbone Loss = 1.7148, SIGReg Loss = 14.0729 Probe Loss = 177.1836, Acc = 0.5050
std: 0.657714844 ,  0.558105469 SigReg: 13.0511932
std: 0.756347656 ,  0.62890625 SigReg: 13.0511932
std: 0.661621094 ,  0.68359375 SigReg: 13.3373299
std: 0.791992188 ,  0.672363281 SigReg: 13.3373299
std: 0.8046875 ,  0.613769531 SigReg: 17.7211266
std: 0.699707031 ,  0.62890625 SigReg: 17.7211266
std: 0.821289062 ,  0.629394531 SigReg: 13.1122341
std: 0.699707031 ,  0.569824219 SigReg: 13.1122341
std: 0.854003906 ,  0.62109375 SigReg: 13.3213272
std: 0.645019531 ,  0.686035156 SigReg: 13.3213272
std: 0.782714844 ,  0.710449219 SigReg: 13.3678761
std: 0.887695312 ,  0.619628906 SigReg: 13.3678761
Epoch 12 finished in 249.21s.
  Avg Backbone Loss: 1.7387
  Avg Probe Loss:    170.2351
  Avg Probe Accuracy: 0.5042

Epoch 13/100
std: 0.775390625 ,  0.638183594 SigReg: 13.9017735
std: 0.773925781 ,  0.621582031 SigReg: 13.9017735
  Step 0: Backbone Loss = 1.7351, SIGReg Loss = 13.9018 Probe Loss = 172.8215, Acc = 0.5097
std: 0.8828125 ,  0.603515625 SigReg: 13.0918951
std: 0.879882812 ,  0.676757812 SigReg: 13.0918951
std: 0.861328125 ,  0.59375 SigReg: 13.9286947
std: 0.780761719 ,  0.724609375 SigReg: 13.9286947
std: 0.73828125 ,  0.834960938 SigReg: 13.3489094
std: 0.787109375 ,  0.651855469 SigReg: 13.3489094
std: 0.690917969 ,  0.668945312 SigReg: 13.9447021
std: 0.78515625 ,  0.670898438 SigReg: 13.9447021
std: 0.775390625 ,  0.771972656 SigReg: 11.9941359
std: 0.79296875 ,  0.788574219 SigReg: 11.9941359
std: 0.764648438 ,  0.611816406 SigReg: 12.162734
std: 0.769042969 ,  0.692382812 SigReg: 12.162734
std: 0.918945312 ,  0.700195312 SigReg: 14.746027
std: 0.842773438 ,  0.695800781 SigReg: 14.746027
std: 0.829589844 ,  0.672851562 SigReg: 14.9752779
std: 0.874511719 ,  0.541503906 SigReg: 14.9752779
std: 0.826660156 ,  0.675292969 SigReg: 13.4784431
std: 0.7421875 ,  0.706542969 SigReg: 13.4784431
std: 0.752929688 ,  0.658691406 SigReg: 11.6153822
std: 0.874511719 ,  0.683105469 SigReg: 11.6153822
std: 0.803222656 ,  0.596191406 SigReg: 15.1327791
std: 0.731933594 ,  0.668457031 SigReg: 15.1327791
std: 0.66015625 ,  0.540039062 SigReg: 13.1787605
std: 0.843261719 ,  0.694335938 SigReg: 13.1787605
std: 0.708007812 ,  0.650878906 SigReg: 12.9159431
std: 0.692871094 ,  0.565917969 SigReg: 12.9159431
std: 0.809570312 ,  0.761230469 SigReg: 11.5821648
std: 0.790527344 ,  0.657226562 SigReg: 11.5821648
std: 0.837402344 ,  0.697265625 SigReg: 13.1565599
std: 0.696289062 ,  0.685058594 SigReg: 13.1565599
std: 0.78515625 ,  0.610839844 SigReg: 12.088335
std: 0.687011719 ,  0.665527344 SigReg: 12.088335
std: 0.737792969 ,  0.690917969 SigReg: 12.8511887
std: 0.796386719 ,  0.81640625 SigReg: 12.8511887
std: 0.655273438 ,  0.779296875 SigReg: 10.8811398
std: 0.828613281 ,  0.626464844 SigReg: 10.8811398
std: 0.817871094 ,  0.721191406 SigReg: 13.0224991
std: 0.668457031 ,  0.837890625 SigReg: 13.0224991
std: 0.676757812 ,  0.840332031 SigReg: 11.4926643
std: 0.670898438 ,  0.69140625 SigReg: 11.4926643
std: 0.836914062 ,  0.689941406 SigReg: 12.8070183
std: 0.684082031 ,  0.830078125 SigReg: 12.8070183
std: 0.576660156 ,  0.720214844 SigReg: 13.1121006
std: 0.928710938 ,  0.563964844 SigReg: 13.1121006
std: 0.749511719 ,  0.650390625 SigReg: 10.6326122
std: 0.705566406 ,  0.75 SigReg: 10.6326122
std: 0.563964844 ,  0.762207031 SigReg: 12.8619823
std: 0.654296875 ,  0.674804688 SigReg: 12.8619823
std: 0.474365234 ,  0.689453125 SigReg: 12.8929682
std: 0.668945312 ,  0.685546875 SigReg: 12.8929682
std: 0.716308594 ,  0.69140625 SigReg: 13.1726732
std: 0.666992188 ,  0.672363281 SigReg: 13.1726732
std: 0.709472656 ,  0.706054688 SigReg: 12.8918657
std: 0.59765625 ,  0.734375 SigReg: 12.8918657
std: 0.638183594 ,  0.806152344 SigReg: 11.9576197
std: 0.642578125 ,  0.755371094 SigReg: 11.9576197
std: 0.714355469 ,  0.580566406 SigReg: 14.9054499
std: 0.596679688 ,  0.673339844 SigReg: 14.9054499
std: 0.541015625 ,  0.875488281 SigReg: 12.851161
std: 0.528320312 ,  0.703125 SigReg: 12.851161
std: 0.556640625 ,  0.78515625 SigReg: 11.7010746
std: 0.630859375 ,  0.773925781 SigReg: 11.7010746
std: 0.668457031 ,  0.637695312 SigReg: 10.7492218
std: 0.698730469 ,  0.838378906 SigReg: 10.7492218
std: 0.757324219 ,  0.776367188 SigReg: 15.9170628
std: 0.666015625 ,  0.668457031 SigReg: 15.9170628
std: 0.643554688 ,  0.745605469 SigReg: 12.9358616
std: 0.623535156 ,  0.68359375 SigReg: 12.9358616
std: 0.5703125 ,  0.66796875 SigReg: 13.2585278
std: 0.561035156 ,  0.6796875 SigReg: 13.2585278
std: 0.622070312 ,  0.669921875 SigReg: 15.2767181
std: 0.561523438 ,  0.673339844 SigReg: 15.2767181
std: 0.6875 ,  0.609375 SigReg: 10.44629
std: 0.659667969 ,  0.690429688 SigReg: 10.44629
std: 0.673339844 ,  0.668945312 SigReg: 13.9641609
std: 0.672363281 ,  0.692382812 SigReg: 13.9641609
std: 0.646972656 ,  0.645507812 SigReg: 12.737113
std: 0.681640625 ,  0.643066406 SigReg: 12.737113
std: 0.776367188 ,  0.631347656 SigReg: 11.9674816
std: 0.672363281 ,  0.663085938 SigReg: 11.9674816
std: 0.651855469 ,  0.653808594 SigReg: 12.8424215
std: 0.716796875 ,  0.605957031 SigReg: 12.8424215
std: 0.65234375 ,  0.712402344 SigReg: 14.9937983
std: 0.672363281 ,  0.635253906 SigReg: 14.9937983
std: 0.672363281 ,  0.731933594 SigReg: 12.704669
std: 0.584960938 ,  0.619140625 SigReg: 12.704669
std: 0.702636719 ,  0.62890625 SigReg: 14.7585869
std: 0.648925781 ,  0.673339844 SigReg: 14.7585869
std: 0.666992188 ,  0.640625 SigReg: 12.299015
std: 0.698730469 ,  0.646972656 SigReg: 12.299015
std: 0.655761719 ,  0.747070312 SigReg: 13.6768513
std: 0.605957031 ,  0.627441406 SigReg: 13.6768513
std: 0.614746094 ,  0.585449219 SigReg: 19.2781677
std: 0.598144531 ,  0.505859375 SigReg: 19.2781677
std: 0.54296875 ,  0.754882812 SigReg: 15.3029366
std: 0.65625 ,  0.589355469 SigReg: 15.3029366
std: 0.543457031 ,  0.62890625 SigReg: 17.1081867
std: 0.733398438 ,  0.590820312 SigReg: 17.1081867
std: 0.595703125 ,  0.678222656 SigReg: 14.503684
std: 0.654785156 ,  0.658691406 SigReg: 14.503684
  Step 50: Backbone Loss = 1.8220, SIGReg Loss = 14.5037 Probe Loss = 222.9812, Acc = 0.5176
std: 0.558105469 ,  0.702636719 SigReg: 15.2396908
std: 0.649902344 ,  0.736816406 SigReg: 15.2396908
std: 0.624511719 ,  0.670898438 SigReg: 14.1512432
std: 0.721679688 ,  0.598632812 SigReg: 14.1512432
std: 0.704101562 ,  0.760742188 SigReg: 13.2879448
std: 0.671875 ,  0.768554688 SigReg: 13.2879448
std: 0.541015625 ,  0.724609375 SigReg: 13.309823
std: 0.608398438 ,  0.598144531 SigReg: 13.309823
std: 0.57421875 ,  0.711425781 SigReg: 14.7371235
std: 0.665039062 ,  0.765625 SigReg: 14.7371235
std: 0.622558594 ,  0.84765625 SigReg: 15.1536942
std: 0.584472656 ,  0.76953125 SigReg: 15.1536942
std: 0.640625 ,  0.829589844 SigReg: 13.1263437
std: 0.668457031 ,  0.738769531 SigReg: 13.1263437
std: 0.718261719 ,  0.783203125 SigReg: 11.9674568
std: 0.642578125 ,  0.867675781 SigReg: 11.9674568
std: 0.69921875 ,  0.712402344 SigReg: 14.2890444
std: 0.66796875 ,  0.96875 SigReg: 14.2890444
std: 0.66796875 ,  0.897460938 SigReg: 12.5324574
std: 0.831054688 ,  0.921875 SigReg: 12.5324574
std: 0.821289062 ,  0.881347656 SigReg: 13.6981525
std: 0.815429688 ,  0.781738281 SigReg: 13.6981525
std: 0.723632812 ,  0.658691406 SigReg: 13.7323446
std: 0.833496094 ,  0.982910156 SigReg: 13.7323446
std: 0.85546875 ,  0.842285156 SigReg: 11.2817163
std: 0.850585938 ,  0.689453125 SigReg: 11.2817163
std: 0.652832031 ,  0.784179688 SigReg: 11.6191216
std: 0.87890625 ,  0.7578125 SigReg: 11.6191216
std: 0.87890625 ,  0.856445312 SigReg: 10.7862377
std: 0.920410156 ,  0.797851562 SigReg: 10.7862377
std: 0.842285156 ,  0.818847656 SigReg: 12.4675007
std: 0.897949219 ,  0.841796875 SigReg: 12.4675007
std: 0.770019531 ,  0.606445312 SigReg: 11.8519115
std: 0.823730469 ,  0.827148438 SigReg: 11.8519115
std: 1.04394531 ,  0.718261719 SigReg: 14.072669
std: 0.910644531 ,  0.73828125 SigReg: 14.072669
std: 0.873046875 ,  0.650878906 SigReg: 11.4566278
std: 1.02734375 ,  0.76953125 SigReg: 11.4566278
std: 1.05859375 ,  0.564453125 SigReg: 13.00354
std: 0.757324219 ,  0.854980469 SigReg: 13.00354
std: 0.877929688 ,  0.706054688 SigReg: 12.9956493
std: 0.884277344 ,  0.799316406 SigReg: 12.9956493
std: 0.967285156 ,  0.637207031 SigReg: 11.8915873
std: 0.991210938 ,  0.874023438 SigReg: 11.8915873
std: 0.813476562 ,  0.829589844 SigReg: 13.5934305
std: 0.888671875 ,  0.757324219 SigReg: 13.5934305
std: 0.934570312 ,  0.857421875 SigReg: 14.505125
std: 0.859863281 ,  0.823730469 SigReg: 14.505125
std: 0.821777344 ,  0.862304688 SigReg: 13.4089289
std: 0.921386719 ,  0.825195312 SigReg: 13.4089289
std: 0.853027344 ,  0.860839844 SigReg: 12.9971218
std: 0.845703125 ,  0.743652344 SigReg: 12.9971218
std: 0.909179688 ,  0.725097656 SigReg: 12.7298765
std: 0.867675781 ,  0.808105469 SigReg: 12.7298765
std: 0.859863281 ,  0.884765625 SigReg: 12.1178265
std: 0.815429688 ,  0.875488281 SigReg: 12.1178265
std: 0.811035156 ,  0.885253906 SigReg: 13.2892771
std: 0.828125 ,  0.721191406 SigReg: 13.2892771
std: 0.884277344 ,  0.928222656 SigReg: 12.4379816
std: 0.919433594 ,  0.8125 SigReg: 12.4379816
std: 0.971679688 ,  0.9140625 SigReg: 13.0671902
std: 0.854492188 ,  0.734863281 SigReg: 13.0671902
std: 0.846191406 ,  0.826660156 SigReg: 11.2868071
std: 0.829589844 ,  0.877441406 SigReg: 11.2868071
std: 0.798339844 ,  0.61328125 SigReg: 13.3316345
std: 0.838378906 ,  0.866210938 SigReg: 13.3316345
std: 0.868164062 ,  0.83984375 SigReg: 11.6874676
std: 0.797851562 ,  0.875488281 SigReg: 11.6874676
std: 0.799316406 ,  0.759765625 SigReg: 13.2867565
std: 0.762695312 ,  0.832519531 SigReg: 13.2867565
std: 0.854003906 ,  0.765625 SigReg: 16.6066208
std: 0.734863281 ,  0.62890625 SigReg: 16.6066208
std: 0.804199219 ,  0.849609375 SigReg: 11.6675148
std: 0.781738281 ,  0.753417969 SigReg: 11.6675148
std: 0.842773438 ,  0.65234375 SigReg: 12.1594734
std: 0.83203125 ,  0.814453125 SigReg: 12.1594734
std: 0.828125 ,  0.765625 SigReg: 12.1942434
std: 0.962402344 ,  0.685546875 SigReg: 12.1942434
std: 0.889160156 ,  0.759277344 SigReg: 12.0363874
std: 0.926269531 ,  0.652832031 SigReg: 12.0363874
std: 0.939453125 ,  0.655761719 SigReg: 13.1433582
std: 1.00585938 ,  0.727539062 SigReg: 13.1433582
std: 0.971679688 ,  0.69921875 SigReg: 13.9277887
std: 0.799804688 ,  0.613769531 SigReg: 13.9277887
std: 0.876464844 ,  0.759277344 SigReg: 17.1228352
std: 0.802246094 ,  0.588378906 SigReg: 17.1228352
std: 0.810546875 ,  0.653808594 SigReg: 13.5746431
std: 0.834960938 ,  0.672851562 SigReg: 13.5746431
std: 0.821289062 ,  0.615722656 SigReg: 17.1171265
std: 0.845703125 ,  0.672363281 SigReg: 17.1171265
std: 0.638183594 ,  0.701660156 SigReg: 13.2415838
std: 0.857910156 ,  0.654296875 SigReg: 13.2415838
std: 0.777832031 ,  0.735351562 SigReg: 12.334734
std: 0.675292969 ,  0.808105469 SigReg: 12.334734
std: 0.802246094 ,  0.694824219 SigReg: 12.105772
std: 0.521972656 ,  0.729980469 SigReg: 12.105772
std: 0.73828125 ,  0.844238281 SigReg: 13.3176012
std: 0.713378906 ,  0.73828125 SigReg: 13.3176012
std: 0.684082031 ,  0.751953125 SigReg: 14.6454
std: 0.763671875 ,  0.703125 SigReg: 14.6454
  Step 100: Backbone Loss = 1.8331, SIGReg Loss = 14.6454 Probe Loss = 196.3458, Acc = 0.4994
std: 0.913574219 ,  0.7578125 SigReg: 12.7510891
std: 0.709960938 ,  0.751464844 SigReg: 12.7510891
std: 0.86328125 ,  0.694824219 SigReg: 10.9595947
std: 0.703613281 ,  0.825195312 SigReg: 10.9595947
std: 0.664550781 ,  0.657714844 SigReg: 12.9022
std: 0.805664062 ,  0.914550781 SigReg: 12.9022
std: 0.7109375 ,  0.815917969 SigReg: 12.6514
std: 0.841308594 ,  0.748535156 SigReg: 12.6514
std: 0.855957031 ,  0.731445312 SigReg: 15.0075016
std: 0.913085938 ,  0.806640625 SigReg: 15.0075016
std: 0.956542969 ,  0.848632812 SigReg: 11.468071
std: 0.847167969 ,  0.883789062 SigReg: 11.468071
std: 0.994628906 ,  0.724121094 SigReg: 12.026825
std: 0.773925781 ,  0.756835938 SigReg: 12.026825
std: 0.923339844 ,  0.884277344 SigReg: 13.6626892
std: 0.968261719 ,  0.839355469 SigReg: 13.6626892
std: 0.818359375 ,  0.871582031 SigReg: 12.5898218
std: 1.00683594 ,  0.823242188 SigReg: 12.5898218
std: 1.03125 ,  0.682617188 SigReg: 12.2184601
std: 0.950683594 ,  0.915527344 SigReg: 12.2184601
std: 1.05273438 ,  0.789550781 SigReg: 13.776495
std: 1.01367188 ,  0.794433594 SigReg: 13.776495
std: 0.91015625 ,  0.853027344 SigReg: 10.7852745
std: 1.0390625 ,  0.887695312 SigReg: 10.7852745
std: 1.03125 ,  0.643554688 SigReg: 11.6280289
std: 0.885253906 ,  0.788574219 SigReg: 11.6280289
std: 0.984375 ,  0.809570312 SigReg: 13.3185835
std: 0.973632812 ,  0.791015625 SigReg: 13.3185835
std: 0.744628906 ,  0.685058594 SigReg: 12.2360935
std: 0.728027344 ,  0.796875 SigReg: 12.2360935
std: 0.928710938 ,  0.735839844 SigReg: 12.2311516
std: 0.965332031 ,  0.749023438 SigReg: 12.2311516
std: 0.874511719 ,  0.731933594 SigReg: 12.51896
std: 0.841796875 ,  0.705566406 SigReg: 12.51896
std: 0.868164062 ,  0.716796875 SigReg: 12.3257027
std: 0.88671875 ,  0.821289062 SigReg: 12.3257027
std: 0.953125 ,  0.689941406 SigReg: 13.8953323
std: 0.773925781 ,  0.742675781 SigReg: 13.8953323
std: 0.864257812 ,  0.781738281 SigReg: 11.1724167
std: 0.761230469 ,  0.828125 SigReg: 11.1724167
std: 0.863769531 ,  0.810546875 SigReg: 11.5646257
std: 0.761230469 ,  0.748535156 SigReg: 11.5646257
std: 0.862792969 ,  0.748535156 SigReg: 12.4601469
std: 0.853027344 ,  0.658691406 SigReg: 12.4601469
std: 0.867675781 ,  0.6640625 SigReg: 14.0132885
std: 0.907714844 ,  0.719238281 SigReg: 14.0132885
std: 0.780761719 ,  0.736328125 SigReg: 14.7248888
std: 0.932128906 ,  0.684082031 SigReg: 14.7248888
std: 0.878417969 ,  0.703125 SigReg: 12.6694927
std: 0.75 ,  0.683105469 SigReg: 12.6694927
std: 0.819824219 ,  0.670410156 SigReg: 12.3980227
std: 0.922363281 ,  0.774414062 SigReg: 12.3980227
std: 0.92578125 ,  0.786621094 SigReg: 13.7213459
std: 0.723144531 ,  0.811035156 SigReg: 13.7213459
std: 0.862792969 ,  0.62890625 SigReg: 14.0206375
std: 0.915039062 ,  0.665039062 SigReg: 14.0206375
std: 1.01269531 ,  0.711425781 SigReg: 14.2872276
std: 0.898925781 ,  0.572753906 SigReg: 14.2872276
std: 0.888671875 ,  0.731445312 SigReg: 12.5969267
std: 1.00390625 ,  0.664550781 SigReg: 12.5969267
std: 0.839355469 ,  0.686523438 SigReg: 14.0575542
std: 0.815917969 ,  0.74609375 SigReg: 14.0575542
std: 0.936523438 ,  0.662597656 SigReg: 15.4113102
std: 0.772949219 ,  0.751464844 SigReg: 15.4113102
std: 0.895019531 ,  0.655273438 SigReg: 12.2350521
std: 0.845703125 ,  0.758789062 SigReg: 12.2350521
std: 0.939453125 ,  0.680175781 SigReg: 11.3075352
std: 0.884277344 ,  0.684570312 SigReg: 11.3075352
std: 0.785644531 ,  0.721191406 SigReg: 12.0441446
std: 0.862304688 ,  0.717285156 SigReg: 12.0441446
std: 0.796875 ,  0.663085938 SigReg: 11.4561701
std: 0.83984375 ,  0.801757812 SigReg: 11.4561701
std: 0.702148438 ,  0.736328125 SigReg: 13.1352644
std: 0.77734375 ,  0.786621094 SigReg: 13.1352644
std: 0.833984375 ,  0.787109375 SigReg: 10.6702318
std: 0.794921875 ,  0.829101562 SigReg: 10.6702318
std: 0.87890625 ,  0.826660156 SigReg: 11.5658531
std: 0.818847656 ,  0.743652344 SigReg: 11.5658531
std: 0.732910156 ,  0.895996094 SigReg: 10.9679375
std: 0.810058594 ,  0.670898438 SigReg: 10.9679375
std: 0.890136719 ,  0.739746094 SigReg: 11.1978264
std: 0.905273438 ,  0.750976562 SigReg: 11.1978264
std: 0.718261719 ,  0.815429688 SigReg: 9.81699276
std: 0.896972656 ,  0.91796875 SigReg: 9.81699276
std: 0.78515625 ,  0.734863281 SigReg: 9.90616703
std: 0.895507812 ,  0.848632812 SigReg: 9.90616703
std: 0.927246094 ,  0.744628906 SigReg: 11.372242
std: 0.821289062 ,  0.757324219 SigReg: 11.372242
std: 0.825195312 ,  0.683105469 SigReg: 12.7131271
std: 0.789550781 ,  0.786621094 SigReg: 12.7131271
std: 0.754394531 ,  0.788574219 SigReg: 10.1244755
std: 0.892089844 ,  0.646972656 SigReg: 10.1244755
std: 0.825683594 ,  0.821777344 SigReg: 10.022625
std: 0.762695312 ,  0.698242188 SigReg: 10.022625
std: 0.812988281 ,  0.759277344 SigReg: 10.2097015
std: 0.838378906 ,  0.786621094 SigReg: 10.2097015
std: 0.685058594 ,  0.829101562 SigReg: 12.5014191
std: 0.747558594 ,  0.916503906 SigReg: 12.5014191
std: 0.806640625 ,  0.78125 SigReg: 11.982254
std: 0.927246094 ,  0.805664062 SigReg: 11.982254
  Step 150: Backbone Loss = 1.6307, SIGReg Loss = 11.9823 Probe Loss = 176.2095, Acc = 0.5210
std: 0.625 ,  0.907226562 SigReg: 12.4949598
std: 0.77734375 ,  0.770996094 SigReg: 12.4949598
std: 0.897460938 ,  0.79296875 SigReg: 11.8210106
std: 0.791503906 ,  0.862792969 SigReg: 11.8210106
std: 0.83203125 ,  0.724609375 SigReg: 11.2633247
std: 0.867675781 ,  0.723632812 SigReg: 11.2633247
std: 0.885742188 ,  0.535644531 SigReg: 9.95186329
std: 1.0078125 ,  0.69921875 SigReg: 9.95186329
std: 0.790527344 ,  0.758300781 SigReg: 12.027627
std: 0.864257812 ,  0.655273438 SigReg: 12.027627
std: 0.80078125 ,  0.754882812 SigReg: 11.0092182
std: 0.97265625 ,  0.726074219 SigReg: 11.0092182
std: 0.899902344 ,  0.765625 SigReg: 11.7354832
std: 0.979003906 ,  0.697753906 SigReg: 11.7354832
std: 0.845214844 ,  0.903320312 SigReg: 12.0525103
std: 1.01660156 ,  0.7109375 SigReg: 12.0525103
std: 0.76171875 ,  0.771484375 SigReg: 11.6341372
std: 0.935058594 ,  0.672363281 SigReg: 11.6341372
std: 0.753417969 ,  0.811035156 SigReg: 10.6114693
std: 0.936035156 ,  0.625976562 SigReg: 10.6114693
std: 0.87109375 ,  0.77734375 SigReg: 11.1989803
std: 0.751464844 ,  0.76171875 SigReg: 11.1989803
std: 0.8671875 ,  0.786621094 SigReg: 13.6227074
std: 0.862304688 ,  0.566894531 SigReg: 13.6227074
std: 0.730957031 ,  0.812988281 SigReg: 12.1466599
std: 0.910644531 ,  0.743652344 SigReg: 12.1466599
std: 0.79296875 ,  0.827636719 SigReg: 13.0425587
std: 0.851074219 ,  0.715820312 SigReg: 13.0425587
std: 0.854492188 ,  0.770507812 SigReg: 10.6400928
std: 0.934570312 ,  0.925292969 SigReg: 10.6400928
std: 0.794433594 ,  0.811523438 SigReg: 9.73723412
std: 0.8359375 ,  0.855957031 SigReg: 9.73723412
std: 0.864746094 ,  0.779785156 SigReg: 12.3948164
std: 0.868652344 ,  0.760253906 SigReg: 12.3948164
std: 0.821289062 ,  0.939453125 SigReg: 10.110239
std: 0.842773438 ,  0.850585938 SigReg: 10.110239
std: 1.04394531 ,  0.881347656 SigReg: 12.6223822
std: 0.803222656 ,  0.82421875 SigReg: 12.6223822
std: 0.696777344 ,  0.895996094 SigReg: 12.6472979
std: 0.889160156 ,  1.01855469 SigReg: 12.6472979
std: 0.852050781 ,  1.00195312 SigReg: 11.4129896
std: 0.811035156 ,  0.887207031 SigReg: 11.4129896
std: 0.737792969 ,  0.922851562 SigReg: 11.1313305
std: 0.954589844 ,  1.02734375 SigReg: 11.1313305
std: 0.870605469 ,  0.853027344 SigReg: 12.4763145
std: 0.86328125 ,  0.922851562 SigReg: 12.4763145
std: 0.778320312 ,  0.98828125 SigReg: 11.514677
std: 0.95703125 ,  0.818847656 SigReg: 11.514677
std: 0.922851562 ,  0.737792969 SigReg: 11.4090424
std: 0.854003906 ,  0.803222656 SigReg: 11.4090424
std: 0.819335938 ,  0.825195312 SigReg: 10.8931742
std: 0.836425781 ,  0.739746094 SigReg: 10.8931742
std: 1.05859375 ,  0.786132812 SigReg: 10.780014
std: 0.695800781 ,  0.823730469 SigReg: 10.780014
std: 0.953613281 ,  0.919921875 SigReg: 9.75750828
std: 0.899902344 ,  0.860839844 SigReg: 9.75750828
std: 0.984375 ,  1.01269531 SigReg: 12.8037043
std: 0.822265625 ,  0.879882812 SigReg: 12.8037043
std: 0.829101562 ,  0.927246094 SigReg: 13.1050615
std: 0.882324219 ,  0.905761719 SigReg: 13.1050615
std: 0.77734375 ,  1.05078125 SigReg: 17.7584019
std: 0.861328125 ,  0.827148438 SigReg: 17.7584019
std: 0.956542969 ,  1.00585938 SigReg: 12.6701822
std: 1.01757812 ,  0.947753906 SigReg: 12.6701822
std: 1.06835938 ,  0.957519531 SigReg: 13.404356
std: 1.02148438 ,  0.988769531 SigReg: 13.404356
std: 1.0390625 ,  1.01757812 SigReg: 14.2165022
std: 0.971679688 ,  0.9453125 SigReg: 14.2165022
std: 0.961425781 ,  0.967285156 SigReg: 13.253067
std: 1.1640625 ,  0.965820312 SigReg: 13.253067
std: 0.920898438 ,  0.9609375 SigReg: 15.9437561
std: 1.01464844 ,  1.06542969 SigReg: 15.9437561
std: 0.983398438 ,  1.08203125 SigReg: 13.2228947
std: 1.21191406 ,  0.926269531 SigReg: 13.2228947
std: 1.11914062 ,  1.03710938 SigReg: 11.0757198
std: 1.06542969 ,  0.909667969 SigReg: 11.0757198
std: 0.911621094 ,  0.896972656 SigReg: 11.9005203
std: 0.948242188 ,  0.916992188 SigReg: 11.9005203
std: 0.859863281 ,  0.913085938 SigReg: 12.3967667
std: 0.918457031 ,  0.898925781 SigReg: 12.3967667
std: 1.04003906 ,  0.766601562 SigReg: 12.2700939
std: 0.890136719 ,  0.876953125 SigReg: 12.2700939
std: 0.872070312 ,  0.8671875 SigReg: 13.7175274
std: 1.08300781 ,  0.668457031 SigReg: 13.7175274
std: 0.903320312 ,  0.742675781 SigReg: 12.2044067
std: 1.01074219 ,  0.831054688 SigReg: 12.2044067
std: 0.96484375 ,  0.948730469 SigReg: 12.0279427
std: 0.973632812 ,  0.871582031 SigReg: 12.0279427
std: 0.754394531 ,  0.817382812 SigReg: 14.1653976
std: 1.03710938 ,  0.747558594 SigReg: 14.1653976
std: 0.791503906 ,  0.903320312 SigReg: 13.2212753
std: 1.04394531 ,  0.718261719 SigReg: 13.2212753
std: 0.860839844 ,  0.850585938 SigReg: 13.2795238
std: 1.02148438 ,  0.7578125 SigReg: 13.2795238
std: 0.803222656 ,  0.864257812 SigReg: 14.508563
std: 0.87890625 ,  0.896972656 SigReg: 14.508563
std: 0.890136719 ,  0.934082031 SigReg: 14.3218699
std: 0.87890625 ,  0.964355469 SigReg: 14.3218699
std: 0.805664062 ,  0.833496094 SigReg: 12.8109283
std: 0.721679688 ,  0.888671875 SigReg: 12.8109283
  Step 200: Backbone Loss = 1.7897, SIGReg Loss = 12.8109 Probe Loss = 124.6747, Acc = 0.4985
std: 0.735351562 ,  0.875488281 SigReg: 14.144186
std: 0.977050781 ,  0.713378906 SigReg: 14.144186
std: 0.724121094 ,  0.936035156 SigReg: 14.0178385
std: 0.752441406 ,  0.983886719 SigReg: 14.0178385
std: 0.86328125 ,  0.91015625 SigReg: 13.98592
std: 0.89453125 ,  0.807128906 SigReg: 13.98592
std: 0.857910156 ,  0.83984375 SigReg: 14.1966715
std: 0.874511719 ,  0.931640625 SigReg: 14.1966715
std: 0.949707031 ,  0.705078125 SigReg: 14.1663
std: 0.784179688 ,  0.913574219 SigReg: 14.1663
std: 0.784179688 ,  0.919433594 SigReg: 12.231267
std: 1.08496094 ,  0.746582031 SigReg: 12.231267
std: 0.912597656 ,  0.918457031 SigReg: 13.8770199
std: 0.979492188 ,  0.771972656 SigReg: 13.8770199
std: 0.932128906 ,  0.776367188 SigReg: 12.4095154
std: 1.00585938 ,  0.843261719 SigReg: 12.4095154
std: 0.973144531 ,  0.846191406 SigReg: 11.9310455
std: 0.946777344 ,  0.890136719 SigReg: 11.9310455
std: 1.01074219 ,  0.7578125 SigReg: 11.998579
std: 0.981933594 ,  0.83203125 SigReg: 11.998579
std: 0.852539062 ,  0.729492188 SigReg: 15.9547787
std: 0.805175781 ,  0.853027344 SigReg: 15.9547787
std: 0.770019531 ,  0.852539062 SigReg: 12.7853642
std: 0.971679688 ,  0.844238281 SigReg: 12.7853642
std: 0.938964844 ,  0.926269531 SigReg: 13.3954792
std: 0.905761719 ,  0.83984375 SigReg: 13.3954792
std: 0.870605469 ,  0.758300781 SigReg: 11.6825809
std: 1.04785156 ,  0.705566406 SigReg: 11.6825809
std: 1.07128906 ,  0.924804688 SigReg: 10.3345242
std: 0.905761719 ,  0.8828125 SigReg: 10.3345242
std: 0.929199219 ,  0.913574219 SigReg: 13.7502041
std: 0.966796875 ,  0.795898438 SigReg: 13.7502041
std: 0.913574219 ,  0.779785156 SigReg: 11.0972242
std: 1.02636719 ,  0.916015625 SigReg: 11.0972242
std: 0.961425781 ,  0.826171875 SigReg: 11.4785728
std: 0.882324219 ,  0.797851562 SigReg: 11.4785728
std: 0.897949219 ,  0.715820312 SigReg: 13.1685429
std: 1.01953125 ,  0.697265625 SigReg: 13.1685429
std: 1.04785156 ,  0.711914062 SigReg: 14.2400541
std: 0.974121094 ,  0.690917969 SigReg: 14.2400541
std: 0.919433594 ,  0.848144531 SigReg: 14.5559034
std: 1.05273438 ,  0.792480469 SigReg: 14.5559034
std: 1.109375 ,  0.789550781 SigReg: 12.7127724
std: 0.892089844 ,  0.731445312 SigReg: 12.7127724
std: 0.93359375 ,  0.827148438 SigReg: 14.8715553
std: 0.89453125 ,  0.879394531 SigReg: 14.8715553
std: 0.994628906 ,  0.883300781 SigReg: 14.9122
std: 0.898925781 ,  0.878417969 SigReg: 14.9122
std: 1.04785156 ,  0.727050781 SigReg: 12.0407248
std: 0.959960938 ,  0.860839844 SigReg: 12.0407248
std: 0.813476562 ,  0.782714844 SigReg: 13.0680246
std: 1.0546875 ,  0.807617188 SigReg: 13.0680246
std: 1.04199219 ,  0.778320312 SigReg: 13.5876608
std: 0.971191406 ,  0.767578125 SigReg: 13.5876608
std: 1.00683594 ,  0.899414062 SigReg: 13.089612
std: 1.04003906 ,  0.877929688 SigReg: 13.089612
std: 1.01464844 ,  0.892578125 SigReg: 14.1949062
std: 0.97265625 ,  0.788574219 SigReg: 14.1949062
std: 1.10644531 ,  0.907226562 SigReg: 11.5052557
std: 1.08496094 ,  0.86328125 SigReg: 11.5052557
std: 0.927734375 ,  0.873535156 SigReg: 12.1465588
std: 1.03027344 ,  0.911132812 SigReg: 12.1465588
std: 1.04296875 ,  0.872070312 SigReg: 13.4344225
std: 1.13769531 ,  0.944824219 SigReg: 13.4344225
std: 0.656738281 ,  1.03808594 SigReg: 18.579319
std: 0.890136719 ,  1.00585938 SigReg: 18.579319
std: 0.903808594 ,  0.959472656 SigReg: 12.044013
std: 0.972167969 ,  0.987792969 SigReg: 12.044013
std: 0.990722656 ,  0.820800781 SigReg: 12.4240685
std: 0.943847656 ,  0.991699219 SigReg: 12.4240685
std: 0.949707031 ,  0.727539062 SigReg: 13.3727608
std: 0.937988281 ,  1.02929688 SigReg: 13.3727608
std: 0.833496094 ,  0.969238281 SigReg: 14.1003971
std: 0.872070312 ,  0.878417969 SigReg: 14.1003971
std: 0.894042969 ,  1.00195312 SigReg: 13.2359629
std: 0.825195312 ,  0.891601562 SigReg: 13.2359629
std: 0.865722656 ,  0.8828125 SigReg: 14.5258732
std: 0.872558594 ,  0.920898438 SigReg: 14.5258732
std: 0.832519531 ,  0.965332031 SigReg: 13.6875725
std: 0.854003906 ,  0.711914062 SigReg: 13.6875725
std: 0.791015625 ,  0.936523438 SigReg: 11.0000429
std: 0.88671875 ,  0.956054688 SigReg: 11.0000429
std: 0.8515625 ,  0.9453125 SigReg: 13.2442303
std: 0.867675781 ,  0.936523438 SigReg: 13.2442303
std: 0.617675781 ,  0.865234375 SigReg: 11.5120144
std: 0.896484375 ,  0.90625 SigReg: 11.5120144
std: 0.785644531 ,  0.874511719 SigReg: 12.2083626
std: 0.7734375 ,  0.91015625 SigReg: 12.2083626
std: 0.9609375 ,  0.934082031 SigReg: 13.1625309
std: 0.858886719 ,  0.945800781 SigReg: 13.1625309
std: 0.94140625 ,  0.809570312 SigReg: 14.0031414
std: 0.98828125 ,  1.02636719 SigReg: 14.0031414
std: 0.994628906 ,  0.907226562 SigReg: 11.847147
std: 1.02636719 ,  0.869140625 SigReg: 11.847147
std: 1.00390625 ,  0.909667969 SigReg: 12.4004517
std: 0.893066406 ,  0.978515625 SigReg: 12.4004517
std: 1.12304688 ,  0.860839844 SigReg: 11.604248
std: 0.916992188 ,  0.918945312 SigReg: 11.604248
std: 0.879394531 ,  0.866699219 SigReg: 12.1858749
std: 0.951171875 ,  1.02148438 SigReg: 12.1858749
  Step 250: Backbone Loss = 1.6647, SIGReg Loss = 12.1859 Probe Loss = 145.3466, Acc = 0.5009
std: 0.927246094 ,  0.928222656 SigReg: 13.5082655
std: 0.998046875 ,  0.994628906 SigReg: 13.5082655
std: 0.993164062 ,  0.895996094 SigReg: 12.4455223
std: 0.895996094 ,  0.904785156 SigReg: 12.4455223
std: 1.05859375 ,  1.04492188 SigReg: 11.0737305
std: 1.03710938 ,  0.972167969 SigReg: 11.0737305
std: 1.00292969 ,  1.05957031 SigReg: 11.6110821
std: 1.09960938 ,  0.953613281 SigReg: 11.6110821
std: 1.01074219 ,  1.07714844 SigReg: 12.5451832
std: 1.03710938 ,  0.942382812 SigReg: 12.5451832
std: 0.991210938 ,  1.04394531 SigReg: 11.0461807
std: 0.932128906 ,  0.932617188 SigReg: 11.0461807
std: 1.04785156 ,  0.856445312 SigReg: 15.0078802
std: 0.985839844 ,  0.95703125 SigReg: 15.0078802
std: 0.91796875 ,  0.910644531 SigReg: 13.1390953
std: 1.02636719 ,  1.08789062 SigReg: 13.1390953
std: 0.925292969 ,  0.817871094 SigReg: 13.6692638
std: 0.975585938 ,  0.789550781 SigReg: 13.6692638
std: 0.852050781 ,  0.802246094 SigReg: 12.4204159
std: 0.866210938 ,  1.01269531 SigReg: 12.4204159
std: 0.922363281 ,  1.08300781 SigReg: 12.9419355
std: 0.731933594 ,  1.0859375 SigReg: 12.9419355
std: 0.903320312 ,  1.09082031 SigReg: 10.6507158
std: 1.01757812 ,  0.983886719 SigReg: 10.6507158
std: 0.867675781 ,  1.07128906 SigReg: 12.4519691
std: 0.909667969 ,  0.985839844 SigReg: 12.4519691
std: 0.676757812 ,  1.00390625 SigReg: 14.7570553
std: 0.835449219 ,  1.05664062 SigReg: 14.7570553
std: 0.872558594 ,  0.927734375 SigReg: 14.1166763
std: 0.927246094 ,  0.913085938 SigReg: 14.1166763
std: 0.761230469 ,  0.962402344 SigReg: 15.214818
std: 0.87109375 ,  1.05761719 SigReg: 15.214818
std: 0.943359375 ,  0.723632812 SigReg: 14.2218285
std: 0.882324219 ,  0.935058594 SigReg: 14.2218285
std: 0.909179688 ,  0.934570312 SigReg: 13.2544584
std: 0.953613281 ,  1.06933594 SigReg: 13.2544584
std: 0.972167969 ,  0.987304688 SigReg: 13.3313427
std: 0.8515625 ,  0.990722656 SigReg: 13.3313427
std: 0.939941406 ,  0.943359375 SigReg: 13.9352179
std: 0.971679688 ,  0.951660156 SigReg: 13.9352179
std: 1.01269531 ,  0.973632812 SigReg: 13.1086607
std: 0.924316406 ,  1.00878906 SigReg: 13.1086607
std: 1.03125 ,  0.937011719 SigReg: 10.526576
std: 0.995605469 ,  0.861816406 SigReg: 10.526576
std: 1.04394531 ,  0.944335938 SigReg: 11.0041838
std: 1.05859375 ,  0.708496094 SigReg: 11.0041838
std: 1.02441406 ,  0.869628906 SigReg: 11.1981611
std: 0.997558594 ,  0.881835938 SigReg: 11.1981611
std: 0.8984375 ,  0.920898438 SigReg: 11.8068953
std: 0.939453125 ,  0.849609375 SigReg: 11.8068953
std: 1.04101562 ,  0.848632812 SigReg: 11.7205439
std: 0.962890625 ,  0.796875 SigReg: 11.7205439
std: 0.943359375 ,  0.77734375 SigReg: 11.4390774
std: 1.02441406 ,  0.783203125 SigReg: 11.4390774
std: 0.970703125 ,  0.843261719 SigReg: 12.9051723
std: 1.015625 ,  0.90625 SigReg: 12.9051723
std: 1.05175781 ,  0.831054688 SigReg: 10.7179155
std: 0.993652344 ,  0.990722656 SigReg: 10.7179155
std: 0.776855469 ,  0.843261719 SigReg: 13.5798006
std: 0.936523438 ,  0.936523438 SigReg: 13.5798006
std: 0.928710938 ,  0.649902344 SigReg: 12.1416559
std: 1.02148438 ,  0.697753906 SigReg: 12.1416559
std: 1.08300781 ,  0.847167969 SigReg: 11.6637611
std: 1.09863281 ,  0.848144531 SigReg: 11.6637611
std: 0.892578125 ,  1.05371094 SigReg: 11.8881016
std: 0.985839844 ,  0.943359375 SigReg: 11.8881016
std: 0.924316406 ,  0.940429688 SigReg: 11.3922367
std: 0.999511719 ,  0.718261719 SigReg: 11.3922367
std: 1.04589844 ,  0.828125 SigReg: 11.6670837
std: 0.940917969 ,  0.820800781 SigReg: 11.6670837
std: 1.16015625 ,  0.757324219 SigReg: 11.3477774
std: 1.09179688 ,  0.789550781 SigReg: 11.3477774
std: 1.01367188 ,  0.844238281 SigReg: 11.2807178
std: 1.05175781 ,  0.849609375 SigReg: 11.2807178
std: 1.08007812 ,  0.94921875 SigReg: 10.2111969
std: 1.04101562 ,  0.753417969 SigReg: 10.2111969
std: 1.0390625 ,  0.92578125 SigReg: 14.31668
std: 1.109375 ,  0.887695312 SigReg: 14.31668
std: 0.95703125 ,  0.826660156 SigReg: 11.805728
std: 1.13378906 ,  0.800292969 SigReg: 11.805728
std: 0.909179688 ,  0.815429688 SigReg: 12.6931381
std: 1.0859375 ,  0.837890625 SigReg: 12.6931381
std: 0.768554688 ,  0.813476562 SigReg: 13.3867197
std: 1.11230469 ,  0.801757812 SigReg: 13.3867197
std: 0.756347656 ,  0.900390625 SigReg: 10.7983408
std: 0.929199219 ,  0.974121094 SigReg: 10.7983408
std: 0.924804688 ,  0.866210938 SigReg: 12.3224506
std: 1.02148438 ,  0.881835938 SigReg: 12.3224506
std: 0.749511719 ,  0.845214844 SigReg: 13.0034027
std: 0.796386719 ,  0.872070312 SigReg: 13.0034027
std: 0.889160156 ,  0.897949219 SigReg: 11.8062992
std: 0.928710938 ,  0.850097656 SigReg: 11.8062992
std: 0.857421875 ,  0.893066406 SigReg: 12.3013906
std: 1.07421875 ,  0.950195312 SigReg: 12.3013906
std: 0.902832031 ,  0.940429688 SigReg: 12.2227106
std: 0.82421875 ,  0.953125 SigReg: 12.2227106
std: 0.969238281 ,  0.688964844 SigReg: 10.8461409
std: 0.948730469 ,  0.886230469 SigReg: 10.8461409
std: 1.00195312 ,  0.942382812 SigReg: 11.2027445
std: 0.903320312 ,  0.952148438 SigReg: 11.2027445
  Step 300: Backbone Loss = 1.6251, SIGReg Loss = 11.2027 Probe Loss = 184.2061, Acc = 0.5076
std: 0.935546875 ,  0.827148438 SigReg: 12.8719254
std: 0.977539062 ,  0.985839844 SigReg: 12.8719254
std: 0.946777344 ,  0.822265625 SigReg: 11.708581
std: 1.11328125 ,  0.900390625 SigReg: 11.708581
std: 0.953613281 ,  0.890625 SigReg: 10.7084351
std: 0.814453125 ,  1.00292969 SigReg: 10.7084351
std: 0.90234375 ,  1.03125 SigReg: 12.2410126
std: 1.03125 ,  0.937011719 SigReg: 12.2410126
std: 1.01269531 ,  0.956054688 SigReg: 10.5207911
std: 0.864257812 ,  0.94140625 SigReg: 10.5207911
std: 0.965332031 ,  1.01074219 SigReg: 12.1864977
std: 0.946289062 ,  0.831054688 SigReg: 12.1864977
Epoch 13 finished in 250.47s.
  Avg Backbone Loss: 1.7059
  Avg Probe Loss:    174.2991
  Avg Probe Accuracy: 0.5034

Epoch 14/100
std: 0.890625 ,  1.07226562 SigReg: 12.1154947
std: 0.916992188 ,  1.046875 SigReg: 12.1154947
  Step 0: Backbone Loss = 1.7098, SIGReg Loss = 12.1155 Probe Loss = 198.5327, Acc = 0.5005
std: 0.866210938 ,  0.974121094 SigReg: 12.2918777
std: 0.944824219 ,  0.879394531 SigReg: 12.2918777
std: 0.909179688 ,  0.809082031 SigReg: 12.1331978
std: 0.922851562 ,  0.918945312 SigReg: 12.1331978
std: 0.977539062 ,  0.888671875 SigReg: 11.4111948
std: 1.04394531 ,  0.96484375 SigReg: 11.4111948
std: 0.990722656 ,  0.952636719 SigReg: 10.9057541
std: 1.00878906 ,  0.908203125 SigReg: 10.9057541
std: 0.984863281 ,  0.892089844 SigReg: 15.7148867
std: 1.00292969 ,  0.819824219 SigReg: 15.7148867
std: 0.991210938 ,  0.808105469 SigReg: 10.5110779
std: 1.03320312 ,  0.926269531 SigReg: 10.5110779
std: 0.972167969 ,  0.919921875 SigReg: 9.85056305
std: 0.991699219 ,  1.03417969 SigReg: 9.85056305
std: 0.995605469 ,  0.922851562 SigReg: 12.4719238
std: 1.00195312 ,  0.98046875 SigReg: 12.4719238
std: 0.95703125 ,  0.990722656 SigReg: 11.4862347
std: 0.98828125 ,  0.907226562 SigReg: 11.4862347
std: 1.09375 ,  0.82421875 SigReg: 10.6855364
std: 1.00976562 ,  0.878417969 SigReg: 10.6855364
std: 0.861328125 ,  0.817382812 SigReg: 12.6002131
std: 0.930664062 ,  0.736816406 SigReg: 12.6002131
std: 1.00585938 ,  0.669921875 SigReg: 14.9962626
std: 0.905273438 ,  0.777832031 SigReg: 14.9962626
std: 0.959472656 ,  0.931152344 SigReg: 11.6321964
std: 0.903320312 ,  0.789550781 SigReg: 11.6321964
std: 0.915527344 ,  0.872070312 SigReg: 12.9096575
std: 0.946289062 ,  0.65625 SigReg: 12.9096575
std: 1.01269531 ,  0.686035156 SigReg: 11.4208336
std: 0.981445312 ,  0.899902344 SigReg: 11.4208336
std: 1.01757812 ,  0.916015625 SigReg: 12.3883591
std: 1.03222656 ,  0.779296875 SigReg: 12.3883591
std: 0.991210938 ,  0.912597656 SigReg: 11.0785875
std: 1.09765625 ,  0.604980469 SigReg: 11.0785875
std: 0.976074219 ,  0.965332031 SigReg: 11.7416677
std: 0.936523438 ,  0.860351562 SigReg: 11.7416677
std: 1.01171875 ,  0.892089844 SigReg: 11.0275393
std: 0.913085938 ,  1.01464844 SigReg: 11.0275393
std: 1.02539062 ,  0.940917969 SigReg: 13.3007202
std: 1.078125 ,  0.872070312 SigReg: 13.3007202
std: 0.984863281 ,  0.924316406 SigReg: 13.1307564
std: 0.8984375 ,  1.02734375 SigReg: 13.1307564
std: 0.965820312 ,  0.9765625 SigReg: 11.8165
std: 0.952148438 ,  0.870605469 SigReg: 11.8165
std: 0.881835938 ,  0.924804688 SigReg: 11.2504473
std: 1.015625 ,  0.973632812 SigReg: 11.2504473
std: 1 ,  0.870605469 SigReg: 12.215661
std: 0.964355469 ,  0.88671875 SigReg: 12.215661
std: 0.892578125 ,  1.08300781 SigReg: 13.1292191
std: 0.844726562 ,  1.03027344 SigReg: 13.1292191
std: 0.91015625 ,  0.799316406 SigReg: 14.0501394
std: 0.778808594 ,  0.983886719 SigReg: 14.0501394
std: 0.886230469 ,  0.94140625 SigReg: 10.7934923
std: 0.8984375 ,  0.861816406 SigReg: 10.7934923
std: 0.938476562 ,  0.974609375 SigReg: 12.3471241
std: 1.02050781 ,  1.04589844 SigReg: 12.3471241
std: 0.866699219 ,  1.02636719 SigReg: 10.1919584
std: 0.98046875 ,  0.986816406 SigReg: 10.1919584
std: 1.02636719 ,  1.1171875 SigReg: 10.9926338
std: 0.791992188 ,  1.09277344 SigReg: 10.9926338
std: 0.802734375 ,  1.10742188 SigReg: 12.8192244
std: 0.866210938 ,  0.984375 SigReg: 12.8192244
std: 0.8359375 ,  1.10546875 SigReg: 12.5826807
std: 0.801269531 ,  0.966308594 SigReg: 12.5826807
std: 0.837890625 ,  1.05566406 SigReg: 11.2879782
std: 0.930664062 ,  0.899414062 SigReg: 11.2879782
std: 0.916015625 ,  0.8203125 SigReg: 11.4039135
std: 0.783203125 ,  1.08007812 SigReg: 11.4039135
std: 1 ,  0.843261719 SigReg: 11.9972706
std: 0.667480469 ,  0.852050781 SigReg: 11.9972706
std: 0.857910156 ,  1.046875 SigReg: 15.7552433
std: 0.871582031 ,  1.00878906 SigReg: 15.7552433
std: 0.794433594 ,  0.915039062 SigReg: 11.8153305
std: 0.8984375 ,  1.10253906 SigReg: 11.8153305
std: 0.833984375 ,  1.06835938 SigReg: 14.1799297
std: 1.0390625 ,  0.91796875 SigReg: 14.1799297
std: 0.891601562 ,  0.979980469 SigReg: 13.4913511
std: 0.832519531 ,  1.05664062 SigReg: 13.4913511
std: 0.888183594 ,  0.973632812 SigReg: 12.5008411
std: 0.773925781 ,  0.939453125 SigReg: 12.5008411
std: 0.782714844 ,  1.11523438 SigReg: 13.0870924
std: 0.788574219 ,  0.922851562 SigReg: 13.0870924
std: 0.738769531 ,  0.942871094 SigReg: 13.9120808
std: 0.849121094 ,  1.17480469 SigReg: 13.9120808
std: 0.846191406 ,  0.887695312 SigReg: 11.3705311
std: 0.747070312 ,  0.96484375 SigReg: 11.3705311
std: 0.948242188 ,  0.880371094 SigReg: 9.54595566
std: 0.881347656 ,  0.930175781 SigReg: 9.54595566
std: 0.819824219 ,  1.08105469 SigReg: 10.9779158
std: 0.849121094 ,  1.05664062 SigReg: 10.9779158
std: 0.914550781 ,  0.953125 SigReg: 12.8506012
std: 0.846679688 ,  0.959472656 SigReg: 12.8506012
std: 0.948730469 ,  1.02148438 SigReg: 10.1814899
std: 0.825195312 ,  1.08984375 SigReg: 10.1814899
std: 0.917480469 ,  1.13574219 SigReg: 10.6354198
std: 1.07421875 ,  0.966796875 SigReg: 10.6354198
std: 0.856445312 ,  1.01953125 SigReg: 10.7555027
std: 0.862792969 ,  1.15722656 SigReg: 10.7555027
std: 0.860839844 ,  0.965332031 SigReg: 12.4837
std: 1.00292969 ,  0.979980469 SigReg: 12.4837
  Step 50: Backbone Loss = 1.6928, SIGReg Loss = 12.4837 Probe Loss = 137.3067, Acc = 0.5004
std: 0.868652344 ,  0.834960938 SigReg: 12.792695
std: 0.949707031 ,  1.01953125 SigReg: 12.792695
std: 0.796875 ,  1.05566406 SigReg: 10.3696833
std: 0.84765625 ,  1.046875 SigReg: 10.3696833
std: 0.895507812 ,  0.876464844 SigReg: 12.3300047
std: 1.03125 ,  0.967773438 SigReg: 12.3300047
std: 0.901367188 ,  0.79296875 SigReg: 13.611063
std: 0.91015625 ,  1.01269531 SigReg: 13.611063
std: 0.975585938 ,  1.03808594 SigReg: 12.3036184
std: 0.979003906 ,  1.01464844 SigReg: 12.3036184
std: 0.904296875 ,  1.15820312 SigReg: 11.0437393
std: 0.973144531 ,  1.0625 SigReg: 11.0437393
std: 0.83203125 ,  1.05664062 SigReg: 10.9869814
std: 0.887207031 ,  1.1640625 SigReg: 10.9869814
std: 0.831542969 ,  1.01171875 SigReg: 12.6460829
std: 0.895507812 ,  0.96875 SigReg: 12.6460829
std: 0.747070312 ,  0.969726562 SigReg: 13.3027134
std: 0.969726562 ,  1.01367188 SigReg: 13.3027134
std: 0.874023438 ,  1.14550781 SigReg: 12.6870832
std: 0.832519531 ,  1.09960938 SigReg: 12.6870832
std: 0.916015625 ,  1.04589844 SigReg: 11.738204
std: 0.91015625 ,  0.98828125 SigReg: 11.738204
std: 0.844726562 ,  1.16699219 SigReg: 12.5479746
std: 1.00976562 ,  1.11816406 SigReg: 12.5479746
std: 0.877929688 ,  1.00878906 SigReg: 12.7333946
std: 0.873535156 ,  1.15625 SigReg: 12.7333946
std: 0.940917969 ,  1.20996094 SigReg: 12.7540216
std: 0.932128906 ,  1.12109375 SigReg: 12.7540216
std: 1.05371094 ,  1.09082031 SigReg: 12.8164501
std: 0.990234375 ,  1.07714844 SigReg: 12.8164501
std: 0.909667969 ,  1.14941406 SigReg: 11.6505871
std: 0.880859375 ,  0.921875 SigReg: 11.6505871
std: 0.742675781 ,  1.18261719 SigReg: 12.5346565
std: 0.948730469 ,  1.22363281 SigReg: 12.5346565
std: 1.00976562 ,  1.02929688 SigReg: 11.0745478
std: 0.975097656 ,  0.929199219 SigReg: 11.0745478
std: 1.0078125 ,  0.984863281 SigReg: 10.4225769
std: 1.05078125 ,  0.848632812 SigReg: 10.4225769
std: 0.939453125 ,  0.99609375 SigReg: 11.4352341
std: 0.904296875 ,  0.907226562 SigReg: 11.4352341
std: 0.895996094 ,  0.994140625 SigReg: 11.6390247
std: 0.913574219 ,  1.03027344 SigReg: 11.6390247
std: 0.977050781 ,  1.12304688 SigReg: 13.7591314
std: 0.971679688 ,  0.943847656 SigReg: 13.7591314
std: 0.857910156 ,  0.937011719 SigReg: 11.3040266
std: 0.930175781 ,  1.06445312 SigReg: 11.3040266
std: 1.00488281 ,  1.02734375 SigReg: 10.6119394
std: 1.0078125 ,  1.05957031 SigReg: 10.6119394
std: 1.0390625 ,  1.00878906 SigReg: 10.1815453
std: 1.0078125 ,  1.03027344 SigReg: 10.1815453
std: 1.03710938 ,  0.954589844 SigReg: 12.4146366
std: 0.9765625 ,  0.83203125 SigReg: 12.4146366
std: 0.859863281 ,  1.08789062 SigReg: 11.5216703
std: 1.01367188 ,  0.933105469 SigReg: 11.5216703
std: 0.998535156 ,  0.886230469 SigReg: 12.4247723
std: 0.950195312 ,  0.903320312 SigReg: 12.4247723
std: 0.933105469 ,  0.959472656 SigReg: 10.5700712
std: 0.972167969 ,  0.987304688 SigReg: 10.5700712
std: 0.895507812 ,  1.01171875 SigReg: 12.3958254
std: 0.822753906 ,  0.980957031 SigReg: 12.3958254
std: 0.954589844 ,  0.964355469 SigReg: 11.0557432
std: 0.899902344 ,  1.05371094 SigReg: 11.0557432
std: 0.935546875 ,  0.800292969 SigReg: 12.0742073
std: 0.926757812 ,  0.853027344 SigReg: 12.0742073
std: 1.1015625 ,  0.981933594 SigReg: 11.3528242
std: 1.05371094 ,  1.06347656 SigReg: 11.3528242
std: 1.08691406 ,  0.953125 SigReg: 9.98928452
std: 0.91796875 ,  1.015625 SigReg: 9.98928452
std: 0.983398438 ,  1.00390625 SigReg: 10.9902811
std: 1.05664062 ,  1.10253906 SigReg: 10.9902811
std: 0.907714844 ,  0.847167969 SigReg: 12.5808325
std: 1.10351562 ,  1.02636719 SigReg: 12.5808325
std: 0.886230469 ,  1.05761719 SigReg: 11.9764357
std: 0.959472656 ,  1.08496094 SigReg: 11.9764357
std: 1.06445312 ,  1.05371094 SigReg: 11.1287537
std: 1.09375 ,  1.015625 SigReg: 11.1287537
std: 0.919921875 ,  1.0703125 SigReg: 12.8991289
std: 1.04394531 ,  1.05175781 SigReg: 12.8991289
std: 0.9296875 ,  0.981445312 SigReg: 9.91351318
std: 1.078125 ,  0.982910156 SigReg: 9.91351318
std: 1.00585938 ,  1.15039062 SigReg: 12.0887117
std: 1.12695312 ,  1.04980469 SigReg: 12.0887117
std: 1.02441406 ,  0.966308594 SigReg: 12.1545944
std: 0.864746094 ,  0.834472656 SigReg: 12.1545944
std: 1.16210938 ,  1.10839844 SigReg: 11.8005066
std: 1.00390625 ,  0.932617188 SigReg: 11.8005066
std: 1.12402344 ,  0.949707031 SigReg: 11.2773476
std: 0.876464844 ,  0.893066406 SigReg: 11.2773476
std: 1.11328125 ,  1.02050781 SigReg: 11.6793537
std: 1.07128906 ,  1.015625 SigReg: 11.6793537
std: 1.16113281 ,  0.985351562 SigReg: 10.2637405
std: 1.12011719 ,  1.05761719 SigReg: 10.2637405
std: 1.01953125 ,  0.999023438 SigReg: 9.84530354
std: 1.30175781 ,  0.951171875 SigReg: 9.84530354
std: 1.078125 ,  1.125 SigReg: 12.4516773
std: 1.171875 ,  1.07421875 SigReg: 12.4516773
std: 1.015625 ,  1.03027344 SigReg: 12.1539879
std: 1.07519531 ,  0.980957031 SigReg: 12.1539879
std: 0.946777344 ,  1.01855469 SigReg: 11.5699253
std: 0.9921875 ,  1.03417969 SigReg: 11.5699253
  Step 100: Backbone Loss = 1.6733, SIGReg Loss = 11.5699 Probe Loss = 146.3726, Acc = 0.5067
std: 0.990722656 ,  1.02148438 SigReg: 13.414731
std: 1.05078125 ,  1.07128906 SigReg: 13.414731
std: 1.140625 ,  0.9609375 SigReg: 11.9442692
std: 1.13867188 ,  0.765136719 SigReg: 11.9442692
std: 1.07617188 ,  1.22460938 SigReg: 11.4953718
std: 0.989257812 ,  1.16015625 SigReg: 11.4953718
std: 1.22949219 ,  1.0234375 SigReg: 13.3044081
std: 1.01269531 ,  1.16210938 SigReg: 13.3044081
std: 1.00976562 ,  1.10449219 SigReg: 10.7420721
std: 1.09570312 ,  1.14941406 SigReg: 10.7420721
std: 1.12304688 ,  1.07617188 SigReg: 10.8111782
std: 1.00585938 ,  1.20703125 SigReg: 10.8111782
std: 0.924316406 ,  1.12597656 SigReg: 11.3750372
std: 1.08789062 ,  1.18066406 SigReg: 11.3750372
std: 1.13964844 ,  1.14941406 SigReg: 11.7240562
std: 1.1875 ,  1.32519531 SigReg: 11.7240562
std: 1.19726562 ,  1.00585938 SigReg: 10.5211954
std: 1.10058594 ,  1.15234375 SigReg: 10.5211954
std: 1.12402344 ,  1.05859375 SigReg: 10.1508608
std: 0.993164062 ,  1.01953125 SigReg: 10.1508608
std: 0.889648438 ,  1.18457031 SigReg: 13.8490705
std: 1.01757812 ,  1.12207031 SigReg: 13.8490705
std: 1.21386719 ,  1.0625 SigReg: 11.0712357
std: 0.997558594 ,  1.07519531 SigReg: 11.0712357
std: 1.06152344 ,  1.08789062 SigReg: 10.8479443
std: 0.799316406 ,  1.0625 SigReg: 10.8479443
std: 0.996582031 ,  1.17675781 SigReg: 10.4379416
std: 1.30273438 ,  1.00976562 SigReg: 10.4379416
std: 0.886230469 ,  0.939941406 SigReg: 13.8115311
std: 1.14550781 ,  1.10644531 SigReg: 13.8115311
std: 1.09960938 ,  0.914550781 SigReg: 13.7216949
std: 1.16308594 ,  0.766601562 SigReg: 13.7216949
std: 1.0625 ,  0.895996094 SigReg: 13.2098255
std: 1.17089844 ,  1.08300781 SigReg: 13.2098255
std: 1.13476562 ,  1.01171875 SigReg: 12.4934578
std: 1.30566406 ,  1.00488281 SigReg: 12.4934578
std: 1.11914062 ,  1.13574219 SigReg: 11.7499704
std: 1.14941406 ,  0.919433594 SigReg: 11.7499704
std: 1.17382812 ,  1.04199219 SigReg: 11.2799702
std: 1.28125 ,  1.06054688 SigReg: 11.2799702
std: 1.24707031 ,  0.911132812 SigReg: 11.7230263
std: 1.16503906 ,  1.04882812 SigReg: 11.7230263
std: 0.954589844 ,  0.8359375 SigReg: 12.1665649
std: 1.08984375 ,  1.26367188 SigReg: 12.1665649
std: 1.22363281 ,  0.990722656 SigReg: 13.027379
std: 0.956542969 ,  0.928222656 SigReg: 13.027379
std: 1.2109375 ,  1.04296875 SigReg: 13.1657581
std: 1.09472656 ,  0.947265625 SigReg: 13.1657581
std: 0.87109375 ,  1.17089844 SigReg: 12.9043827
std: 1.1015625 ,  1.07226562 SigReg: 12.9043827
std: 0.993164062 ,  0.817382812 SigReg: 12.6083117
std: 0.984863281 ,  1.109375 SigReg: 12.6083117
std: 1.19238281 ,  0.747070312 SigReg: 11.2161198
std: 1.08300781 ,  0.942871094 SigReg: 11.2161198
std: 1.04199219 ,  1.21679688 SigReg: 12.4144688
std: 1.03320312 ,  0.901855469 SigReg: 12.4144688
std: 1.08984375 ,  0.956542969 SigReg: 10.6319351
std: 1.15722656 ,  0.859863281 SigReg: 10.6319351
std: 1.05566406 ,  0.931152344 SigReg: 11.016819
std: 1.05566406 ,  0.885253906 SigReg: 11.016819
std: 1.09667969 ,  1.21386719 SigReg: 11.6071911
std: 1.03808594 ,  0.941894531 SigReg: 11.6071911
std: 1.21484375 ,  1.01953125 SigReg: 10.8973007
std: 0.963867188 ,  1.02734375 SigReg: 10.8973007
std: 1.09375 ,  1.2578125 SigReg: 11.0132942
std: 1.17285156 ,  0.9296875 SigReg: 11.0132942
std: 1.11425781 ,  1.01855469 SigReg: 10.4332066
std: 1.17382812 ,  0.887695312 SigReg: 10.4332066
std: 1.05175781 ,  1.14550781 SigReg: 11.2543325
std: 1.06347656 ,  0.988769531 SigReg: 11.2543325
std: 1.16699219 ,  1.21289062 SigReg: 9.94457722
std: 0.993652344 ,  1.015625 SigReg: 9.94457722
std: 0.993652344 ,  1.09667969 SigReg: 11.9987936
std: 1.05371094 ,  1.20507812 SigReg: 11.9987936
std: 0.999511719 ,  0.868164062 SigReg: 10.3594666
std: 1.09277344 ,  0.944335938 SigReg: 10.3594666
std: 1.203125 ,  1.12695312 SigReg: 11.4594746
std: 1.1796875 ,  1.06835938 SigReg: 11.4594746
std: 1.19433594 ,  1.13671875 SigReg: 10.7696247
std: 1.04785156 ,  1.00878906 SigReg: 10.7696247
std: 1.0625 ,  1.05566406 SigReg: 9.409235
std: 1.05566406 ,  1.08398438 SigReg: 9.409235
std: 1.17578125 ,  1.02441406 SigReg: 11.495862
std: 1.203125 ,  1.05566406 SigReg: 11.495862
std: 1.06445312 ,  0.947265625 SigReg: 9.85505867
std: 1.09375 ,  1.08496094 SigReg: 9.85505867
std: 1.19335938 ,  0.936035156 SigReg: 10.3573055
std: 1.02050781 ,  1.18457031 SigReg: 10.3573055
std: 1.12890625 ,  0.875976562 SigReg: 11.2715931
std: 1.09179688 ,  0.840820312 SigReg: 11.2715931
std: 1.1328125 ,  1.13574219 SigReg: 9.93453693
std: 0.928710938 ,  1.09277344 SigReg: 9.93453693
std: 0.932617188 ,  0.967773438 SigReg: 11.2955484
std: 1.02832031 ,  1.09863281 SigReg: 11.2955484
std: 1.15136719 ,  1.02246094 SigReg: 10.1772957
std: 1.05957031 ,  1.06640625 SigReg: 10.1772957
std: 0.990722656 ,  1.03808594 SigReg: 10.4264431
std: 1.00292969 ,  1.109375 SigReg: 10.4264431
std: 1.0625 ,  1.08300781 SigReg: 10.4520273
std: 0.948242188 ,  0.956542969 SigReg: 10.4520273
  Step 150: Backbone Loss = 1.5883, SIGReg Loss = 10.4520 Probe Loss = 173.6586, Acc = 0.4981
std: 1.09667969 ,  0.899414062 SigReg: 11.6905155
std: 1.04394531 ,  1.21289062 SigReg: 11.6905155
std: 0.982910156 ,  0.966308594 SigReg: 10.817482
std: 1.04980469 ,  0.995117188 SigReg: 10.817482
std: 0.87890625 ,  1.07324219 SigReg: 13.6621952
std: 0.866699219 ,  1.03613281 SigReg: 13.6621952
std: 0.904296875 ,  0.954101562 SigReg: 10.9136524
std: 0.897460938 ,  1.11816406 SigReg: 10.9136524
std: 0.83203125 ,  1.07128906 SigReg: 11.0129948
std: 1.01757812 ,  1.12890625 SigReg: 11.0129948
std: 0.886230469 ,  1.00390625 SigReg: 13.1752939
std: 0.756835938 ,  0.959960938 SigReg: 13.1752939
std: 0.895019531 ,  1.13769531 SigReg: 10.4070282
std: 1.02441406 ,  1.06152344 SigReg: 10.4070282
std: 1.00292969 ,  1.03222656 SigReg: 9.59512711
std: 1.15136719 ,  1.17382812 SigReg: 9.59512711
std: 0.945800781 ,  1.15136719 SigReg: 10.7643929
std: 1 ,  1.23828125 SigReg: 10.7643929
std: 0.872558594 ,  1.07617188 SigReg: 11.6683121
std: 0.949707031 ,  1.23828125 SigReg: 11.6683121
std: 1.10644531 ,  1.02148438 SigReg: 10.5279541
std: 1.03125 ,  1.12988281 SigReg: 10.5279541
std: 1.00585938 ,  1.10644531 SigReg: 10.7682571
std: 0.816894531 ,  1.1953125 SigReg: 10.7682571
std: 1.1171875 ,  0.981445312 SigReg: 9.65156555
std: 0.993164062 ,  1.20703125 SigReg: 9.65156555
std: 0.963867188 ,  1.05078125 SigReg: 12.1532068
std: 0.897949219 ,  1.00585938 SigReg: 12.1532068
std: 0.890625 ,  1.02148438 SigReg: 10.5029621
std: 1.03027344 ,  1.05175781 SigReg: 10.5029621
std: 0.935058594 ,  1.32226562 SigReg: 10.3229141
std: 1.14355469 ,  1.00195312 SigReg: 10.3229141
std: 0.914550781 ,  1.08691406 SigReg: 11.8402977
std: 0.915039062 ,  1.17480469 SigReg: 11.8402977
std: 0.885742188 ,  1.02441406 SigReg: 12.4138594
std: 0.983886719 ,  0.913574219 SigReg: 12.4138594
std: 1.13964844 ,  1.28613281 SigReg: 10.1596766
std: 1.03710938 ,  1.15039062 SigReg: 10.1596766
std: 0.95703125 ,  1.05761719 SigReg: 11.4815016
std: 1.10449219 ,  0.924316406 SigReg: 11.4815016
std: 0.918945312 ,  0.919433594 SigReg: 11.814949
std: 0.887695312 ,  0.873535156 SigReg: 11.814949
std: 1.11328125 ,  0.891113281 SigReg: 12.0745373
std: 1.29296875 ,  0.875976562 SigReg: 12.0745373
std: 1.05371094 ,  1.16113281 SigReg: 10.6743317
std: 0.958496094 ,  1.03710938 SigReg: 10.6743317
std: 0.873535156 ,  0.975585938 SigReg: 11.1398315
std: 1.00878906 ,  0.937988281 SigReg: 11.1398315
std: 1.06445312 ,  0.862304688 SigReg: 10.8160315
std: 1.21972656 ,  1.07128906 SigReg: 10.8160315
std: 1.11523438 ,  0.806152344 SigReg: 16.5176716
std: 0.978515625 ,  0.97265625 SigReg: 16.5176716
std: 1.18554688 ,  0.865722656 SigReg: 14.8640823
std: 1.12695312 ,  0.841308594 SigReg: 14.8640823
std: 1.00585938 ,  1.05566406 SigReg: 12.3725147
std: 1.10742188 ,  0.895019531 SigReg: 12.3725147
std: 1.00390625 ,  0.953613281 SigReg: 13.5218201
std: 1.16601562 ,  0.818359375 SigReg: 13.5218201
std: 1.06542969 ,  0.927246094 SigReg: 15.0097446
std: 0.84765625 ,  0.991699219 SigReg: 15.0097446
std: 0.975097656 ,  0.823730469 SigReg: 17.6443691
std: 0.856445312 ,  0.868652344 SigReg: 17.6443691
std: 0.914550781 ,  0.877929688 SigReg: 17.5786247
std: 0.892089844 ,  0.986328125 SigReg: 17.5786247
std: 0.940917969 ,  0.616699219 SigReg: 12.6928663
std: 0.924804688 ,  0.893554688 SigReg: 12.6928663
std: 1.17089844 ,  0.905273438 SigReg: 11.9548988
std: 1.05078125 ,  0.908691406 SigReg: 11.9548988
std: 1.02246094 ,  0.986816406 SigReg: 11.4386597
std: 0.987304688 ,  0.939453125 SigReg: 11.4386597
std: 0.982910156 ,  0.96875 SigReg: 12.9525375
std: 0.822753906 ,  1.03222656 SigReg: 12.9525375
std: 1.33105469 ,  0.964355469 SigReg: 13.4500237
std: 0.997558594 ,  1.04394531 SigReg: 13.4500237
std: 1.16699219 ,  1.00488281 SigReg: 12.6897726
std: 0.983398438 ,  1.18066406 SigReg: 12.6897726
std: 1.28320312 ,  0.943359375 SigReg: 11.9022665
std: 1.10351562 ,  0.994140625 SigReg: 11.9022665
std: 1.06640625 ,  0.837890625 SigReg: 11.2435207
std: 0.946777344 ,  0.969238281 SigReg: 11.2435207
std: 1.04101562 ,  1.29003906 SigReg: 11.8250256
std: 1.01464844 ,  1.09375 SigReg: 11.8250256
std: 0.993652344 ,  1.02441406 SigReg: 10.8314638
std: 1.01367188 ,  1.08789062 SigReg: 10.8314638
std: 1.08398438 ,  1.01757812 SigReg: 12.2339516
std: 0.8984375 ,  1.14257812 SigReg: 12.2339516
std: 1.08105469 ,  0.900390625 SigReg: 13.0933151
std: 0.985351562 ,  1.10351562 SigReg: 13.0933151
std: 1.09082031 ,  1.07421875 SigReg: 12.2699375
std: 0.977050781 ,  0.865234375 SigReg: 12.2699375
std: 1.11132812 ,  1.0078125 SigReg: 13.8368387
std: 0.904785156 ,  1.08984375 SigReg: 13.8368387
std: 1.13671875 ,  1.17871094 SigReg: 12.4813061
std: 1.10253906 ,  0.88671875 SigReg: 12.4813061
std: 0.970703125 ,  0.999511719 SigReg: 11.4743242
std: 1.15527344 ,  1.1328125 SigReg: 11.4743242
std: 1.08203125 ,  0.995605469 SigReg: 12.7274313
std: 1.17773438 ,  1.05664062 SigReg: 12.7274313
std: 1.1328125 ,  0.964355469 SigReg: 14.8499012
std: 1.11523438 ,  1.05273438 SigReg: 14.8499012
  Step 200: Backbone Loss = 1.8310, SIGReg Loss = 14.8499 Probe Loss = 184.2171, Acc = 0.5019
std: 1.16210938 ,  0.9375 SigReg: 11.4394407
std: 1.16210938 ,  0.932617188 SigReg: 11.4394407
std: 1.05175781 ,  1.18945312 SigReg: 11.7372303
std: 1.30664062 ,  1.00097656 SigReg: 11.7372303
std: 1.13085938 ,  0.951171875 SigReg: 9.9031086
std: 1.09570312 ,  1.11230469 SigReg: 9.9031086
std: 1.19433594 ,  1.0859375 SigReg: 12.5613775
std: 1.18945312 ,  1.015625 SigReg: 12.5613775
std: 1.00195312 ,  1.24316406 SigReg: 11.459116
std: 1.04296875 ,  1.24121094 SigReg: 11.459116
std: 1.10742188 ,  1.28808594 SigReg: 12.661727
std: 1.27441406 ,  0.909667969 SigReg: 12.661727
std: 1.13183594 ,  0.956542969 SigReg: 10.2660627
std: 1.20019531 ,  1.15527344 SigReg: 10.2660627
std: 1.05371094 ,  1.19140625 SigReg: 10.2242184
std: 1.16503906 ,  1.12011719 SigReg: 10.2242184
std: 1.11230469 ,  1.09765625 SigReg: 11.6123714
std: 1.14941406 ,  1.22265625 SigReg: 11.6123714
std: 1.17578125 ,  1.27734375 SigReg: 11.1988277
std: 0.9375 ,  1.23535156 SigReg: 11.1988277
std: 1.03613281 ,  1.01757812 SigReg: 12.2180386
std: 1.13183594 ,  1.12304688 SigReg: 12.2180386
std: 1.06640625 ,  1.0859375 SigReg: 11.4264793
std: 1.12011719 ,  1.11035156 SigReg: 11.4264793
std: 1.01171875 ,  1.23242188 SigReg: 11.5955877
std: 1.08300781 ,  1.125 SigReg: 11.5955877
std: 1.20410156 ,  1.17675781 SigReg: 13.2817478
std: 0.947265625 ,  1.11035156 SigReg: 13.2817478
std: 1.02441406 ,  0.979003906 SigReg: 10.8140354
std: 1.08203125 ,  1.03320312 SigReg: 10.8140354
std: 1.06152344 ,  1.26269531 SigReg: 12.3609209
std: 1.09277344 ,  0.845214844 SigReg: 12.3609209
std: 1.13769531 ,  1.109375 SigReg: 12.0732212
std: 0.987304688 ,  0.867675781 SigReg: 12.0732212
std: 1.15917969 ,  0.97265625 SigReg: 12.6207447
std: 1.18359375 ,  1.08886719 SigReg: 12.6207447
std: 0.913085938 ,  1.09082031 SigReg: 10.9456472
std: 1.04492188 ,  0.876953125 SigReg: 10.9456472
std: 1.19335938 ,  1.07519531 SigReg: 11.3524733
std: 1.39550781 ,  0.951660156 SigReg: 11.3524733
std: 0.947753906 ,  1.03125 SigReg: 11.0928049
std: 1.03320312 ,  1.17675781 SigReg: 11.0928049
std: 0.951171875 ,  1.06347656 SigReg: 11.636241
std: 1.22851562 ,  1.09082031 SigReg: 11.636241
std: 1.0625 ,  1.11425781 SigReg: 10.7830572
std: 0.967773438 ,  0.949707031 SigReg: 10.7830572
std: 1.05078125 ,  0.965332031 SigReg: 11.9687061
std: 1.1796875 ,  1.05859375 SigReg: 11.9687061
std: 1.24023438 ,  1.1015625 SigReg: 12.1749973
std: 1.10058594 ,  0.916503906 SigReg: 12.1749973
std: 1.03125 ,  0.989257812 SigReg: 12.7850895
std: 1.14648438 ,  1.07910156 SigReg: 12.7850895
std: 1.13476562 ,  1.13867188 SigReg: 10.9702053
std: 1.046875 ,  1.05371094 SigReg: 10.9702053
std: 1.07324219 ,  1.00292969 SigReg: 12.3713303
std: 1.20507812 ,  1.00683594 SigReg: 12.3713303
std: 1.11914062 ,  1.0859375 SigReg: 11.8615656
std: 1.17089844 ,  0.798339844 SigReg: 11.8615656
std: 0.963867188 ,  0.997070312 SigReg: 11.5554085
std: 1.22070312 ,  1.20898438 SigReg: 11.5554085
std: 1.05859375 ,  0.954101562 SigReg: 10.9459429
std: 1.14160156 ,  1.01074219 SigReg: 10.9459429
std: 1.1953125 ,  1.171875 SigReg: 11.3742762
std: 1.3203125 ,  0.933105469 SigReg: 11.3742762
std: 0.9609375 ,  1.09960938 SigReg: 11.934618
std: 1.02832031 ,  1.18066406 SigReg: 11.934618
std: 1.03027344 ,  0.997070312 SigReg: 10.5115271
std: 1.0625 ,  0.922363281 SigReg: 10.5115271
std: 1.23730469 ,  0.9140625 SigReg: 10.0349302
std: 1.20019531 ,  1.02734375 SigReg: 10.0349302
std: 1.10058594 ,  0.818359375 SigReg: 11.0540066
std: 1.02929688 ,  0.905273438 SigReg: 11.0540066
std: 1.02636719 ,  0.877929688 SigReg: 9.51355648
std: 1.06835938 ,  1.11425781 SigReg: 9.51355648
std: 0.934082031 ,  1.0546875 SigReg: 10.8158875
std: 0.805664062 ,  1.08007812 SigReg: 10.8158875
std: 1.19921875 ,  0.825195312 SigReg: 10.9966984
std: 0.959472656 ,  1.02734375 SigReg: 10.9966984
std: 0.992675781 ,  0.878417969 SigReg: 10.5193233
std: 1.078125 ,  0.990234375 SigReg: 10.5193233
std: 1.06738281 ,  0.973632812 SigReg: 10.3439341
std: 1.03222656 ,  1.00097656 SigReg: 10.3439341
std: 1.26660156 ,  1.04492188 SigReg: 10.0245419
std: 1.18652344 ,  1.14257812 SigReg: 10.0245419
std: 1.30273438 ,  0.952636719 SigReg: 10.2588739
std: 1.12695312 ,  0.846191406 SigReg: 10.2588739
std: 1.1875 ,  1.28027344 SigReg: 10.2091875
std: 1.16210938 ,  1.08398438 SigReg: 10.2091875
std: 1.27441406 ,  1.06933594 SigReg: 11.8704395
std: 1.32324219 ,  1.13183594 SigReg: 11.8704395
std: 1.27441406 ,  0.961914062 SigReg: 12.8861656
std: 1.265625 ,  1.125 SigReg: 12.8861656
std: 0.979980469 ,  1.1328125 SigReg: 11.5916471
std: 1.15722656 ,  0.954101562 SigReg: 11.5916471
std: 1.00976562 ,  0.9453125 SigReg: 16.2590027
std: 1.09472656 ,  1.12988281 SigReg: 16.2590027
std: 1.24023438 ,  0.958984375 SigReg: 13.8502426
std: 1.10058594 ,  1.05273438 SigReg: 13.8502426
std: 1.16308594 ,  1.00976562 SigReg: 11.0308256
std: 1.1171875 ,  1.20703125 SigReg: 11.0308256
  Step 250: Backbone Loss = 1.5832, SIGReg Loss = 11.0308 Probe Loss = 139.3871, Acc = 0.5087
std: 1.28125 ,  1.01367188 SigReg: 10.1578169
std: 1.109375 ,  1.03222656 SigReg: 10.1578169
std: 0.9765625 ,  1.19726562 SigReg: 10.7620707
std: 1.1953125 ,  1.0078125 SigReg: 10.7620707
std: 1.05371094 ,  1.30761719 SigReg: 13.0918627
std: 1.11621094 ,  1.12890625 SigReg: 13.0918627
std: 0.912597656 ,  0.901855469 SigReg: 10.5630579
std: 1.09082031 ,  1.04980469 SigReg: 10.5630579
std: 1.15234375 ,  1.22070312 SigReg: 12.4301367
std: 1.14160156 ,  0.9140625 SigReg: 12.4301367
std: 1.08105469 ,  1.30664062 SigReg: 12.745945
std: 1.13085938 ,  1.09765625 SigReg: 12.745945
std: 1.07714844 ,  1.14355469 SigReg: 10.6492214
std: 0.994628906 ,  1.12792969 SigReg: 10.6492214
std: 1.16992188 ,  1.078125 SigReg: 10.4781933
std: 0.963378906 ,  1.26855469 SigReg: 10.4781933
std: 1.03417969 ,  1.19824219 SigReg: 11.8707256
std: 0.957519531 ,  1.1796875 SigReg: 11.8707256
std: 0.986816406 ,  1.15820312 SigReg: 10.5852709
std: 1.13183594 ,  1.05664062 SigReg: 10.5852709
std: 1.02148438 ,  1.19628906 SigReg: 9.77167511
std: 1.08886719 ,  1.06054688 SigReg: 9.77167511
std: 1.12890625 ,  1.05371094 SigReg: 11.5514536
std: 1.04589844 ,  1.21679688 SigReg: 11.5514536
std: 1.08886719 ,  1.07617188 SigReg: 11.1931353
std: 1.05273438 ,  1.1171875 SigReg: 11.1931353
std: 1.00683594 ,  1.2109375 SigReg: 9.71538448
std: 1.01660156 ,  0.997558594 SigReg: 9.71538448
std: 1.00195312 ,  1.07714844 SigReg: 11.5769892
std: 1.01757812 ,  1.13574219 SigReg: 11.5769892
std: 1.11035156 ,  0.848144531 SigReg: 11.9596033
std: 0.961425781 ,  0.984375 SigReg: 11.9596033
std: 1.13964844 ,  0.956542969 SigReg: 10.076458
std: 1.21386719 ,  1.08496094 SigReg: 10.076458
std: 1.0546875 ,  1.12207031 SigReg: 10.664257
std: 1.12109375 ,  1.08007812 SigReg: 10.664257
std: 1.16992188 ,  1.09375 SigReg: 10.9358387
std: 1.24707031 ,  1.09863281 SigReg: 10.9358387
std: 1.09863281 ,  1.13476562 SigReg: 8.83522606
std: 1.20410156 ,  1.18847656 SigReg: 8.83522606
std: 1.03125 ,  1.24804688 SigReg: 9.82599354
std: 1.10058594 ,  1.26757812 SigReg: 9.82599354
std: 1.11816406 ,  1.09863281 SigReg: 10.1777811
std: 1.16308594 ,  1.26660156 SigReg: 10.1777811
std: 1.23144531 ,  1.21484375 SigReg: 9.5673275
std: 1.08300781 ,  1.20703125 SigReg: 9.5673275
std: 1.1875 ,  1.1171875 SigReg: 11.6451015
std: 1.08300781 ,  1.22070312 SigReg: 11.6451015
std: 1.08105469 ,  1.12890625 SigReg: 12.3339825
std: 1.20507812 ,  1.109375 SigReg: 12.3339825
std: 1.0390625 ,  1.03613281 SigReg: 11.2745695
std: 1.05175781 ,  0.984863281 SigReg: 11.2745695
std: 0.954589844 ,  1.0390625 SigReg: 11.713418
std: 1.03125 ,  1.19921875 SigReg: 11.713418
std: 0.995605469 ,  0.884765625 SigReg: 11.737009
std: 1.12304688 ,  0.986328125 SigReg: 11.737009
std: 1.04394531 ,  1.03125 SigReg: 10.5184746
std: 1.08105469 ,  1.12402344 SigReg: 10.5184746
std: 0.959960938 ,  1.14550781 SigReg: 10.9475918
std: 1.08300781 ,  0.941894531 SigReg: 10.9475918
std: 1.22753906 ,  1.32324219 SigReg: 10.4204397
std: 1.12402344 ,  1.04980469 SigReg: 10.4204397
std: 1.20507812 ,  1.13769531 SigReg: 12.9043312
std: 1.22363281 ,  1.16503906 SigReg: 12.9043312
std: 1.0390625 ,  1.34960938 SigReg: 10.5261106
std: 1.19433594 ,  1.20996094 SigReg: 10.5261106
std: 1.00195312 ,  1.234375 SigReg: 11.8654623
std: 1.06445312 ,  1.16796875 SigReg: 11.8654623
std: 1.29003906 ,  1.16699219 SigReg: 9.93695545
std: 1.04589844 ,  1.13378906 SigReg: 9.93695545
std: 1.01171875 ,  1.03125 SigReg: 13.2498131
std: 1.06445312 ,  1.24023438 SigReg: 13.2498131
std: 1.0703125 ,  1.12109375 SigReg: 10.2889452
std: 1.19921875 ,  1.23046875 SigReg: 10.2889452
std: 1.00390625 ,  1.28808594 SigReg: 10.4054298
std: 1.03808594 ,  1.23535156 SigReg: 10.4054298
std: 1.19140625 ,  1.41796875 SigReg: 11.3323231
std: 0.997558594 ,  1.12011719 SigReg: 11.3323231
std: 1.18359375 ,  1.09667969 SigReg: 10.1116962
std: 1.16992188 ,  1.21582031 SigReg: 10.1116962
std: 1.24804688 ,  1.29394531 SigReg: 10.8159542
std: 1.29785156 ,  1.21191406 SigReg: 10.8159542
std: 1.13769531 ,  1.17089844 SigReg: 9.86317825
std: 1.00683594 ,  1.15722656 SigReg: 9.86317825
std: 0.984375 ,  1.07617188 SigReg: 11.7641163
std: 1.09277344 ,  1.28125 SigReg: 11.7641163
std: 0.953613281 ,  1.28125 SigReg: 14.8983917
std: 0.896484375 ,  1.07519531 SigReg: 14.8983917
std: 1.125 ,  1.25585938 SigReg: 12.7633152
std: 1.0625 ,  1.1640625 SigReg: 12.7633152
std: 1.14257812 ,  1.08789062 SigReg: 9.73989487
std: 1.05078125 ,  1.1796875 SigReg: 9.73989487
std: 1.16894531 ,  1.20703125 SigReg: 10.9710655
std: 1.06347656 ,  1.13867188 SigReg: 10.9710655
std: 1.01367188 ,  1.234375 SigReg: 10.5628157
std: 1.0703125 ,  0.991210938 SigReg: 10.5628157
std: 1.06445312 ,  1.17480469 SigReg: 11.973053
std: 1.1640625 ,  1.01953125 SigReg: 11.973053
std: 1.11523438 ,  1.05371094 SigReg: 12.2928753
std: 1.16503906 ,  1.18652344 SigReg: 12.2928753
  Step 300: Backbone Loss = 1.6792, SIGReg Loss = 12.2929 Probe Loss = 151.8702, Acc = 0.4988
std: 1.23828125 ,  1.10253906 SigReg: 10.9651642
std: 1.18847656 ,  1.07617188 SigReg: 10.9651642
std: 1.07617188 ,  1.32714844 SigReg: 13.8949118
std: 1.23242188 ,  1.21777344 SigReg: 13.8949118
std: 1.14355469 ,  1.33398438 SigReg: 9.78768253
std: 1.05957031 ,  1.05664062 SigReg: 9.78768253
std: 1.13671875 ,  1.08496094 SigReg: 13.3170776
std: 1.23046875 ,  1.26660156 SigReg: 13.3170776
std: 0.904785156 ,  1.30761719 SigReg: 11.5318108
std: 0.952636719 ,  1.03125 SigReg: 11.5318108
std: 1.06835938 ,  1.12207031 SigReg: 9.98837852
std: 1.00097656 ,  1.07617188 SigReg: 9.98837852
Epoch 14 finished in 249.27s.
  Avg Backbone Loss: 1.6487
  Avg Probe Loss:    169.3130
  Avg Probe Accuracy: 0.5020

Epoch 15/100
std: 1.33105469 ,  1.140625 SigReg: 10.4357491
std: 0.994140625 ,  0.875488281 SigReg: 10.4357491
  Step 0: Backbone Loss = 1.5727, SIGReg Loss = 10.4357 Probe Loss = 196.9262, Acc = 0.5001
std: 0.911621094 ,  1.08300781 SigReg: 10.1258097
std: 1.04589844 ,  1.33789062 SigReg: 10.1258097
std: 1.08691406 ,  1.28613281 SigReg: 11.006567
std: 1.06542969 ,  1.10351562 SigReg: 11.006567
std: 1.13574219 ,  1.0703125 SigReg: 11.2762556
std: 1.11425781 ,  0.892089844 SigReg: 11.2762556
std: 1.23632812 ,  0.91796875 SigReg: 11.8084784
std: 1.1015625 ,  0.991699219 SigReg: 11.8084784
std: 1.0703125 ,  0.963378906 SigReg: 11.5622063
std: 0.810546875 ,  1.12597656 SigReg: 11.5622063
std: 1.03710938 ,  1.12011719 SigReg: 13.8277092
std: 0.889648438 ,  1.01953125 SigReg: 13.8277092
std: 1.02246094 ,  1.06347656 SigReg: 11.7754622
std: 0.948242188 ,  1.1875 SigReg: 11.7754622
std: 0.92578125 ,  1.046875 SigReg: 10.3973503
std: 0.979492188 ,  1.26367188 SigReg: 10.3973503
std: 1.015625 ,  1.24414062 SigReg: 10.3500919
std: 0.922851562 ,  1.18261719 SigReg: 10.3500919
std: 0.847167969 ,  0.993652344 SigReg: 10.0243549
std: 0.953125 ,  1.06347656 SigReg: 10.0243549
std: 1.02246094 ,  1.09277344 SigReg: 11.3665285
std: 1.0546875 ,  1.10253906 SigReg: 11.3665285
std: 1.06933594 ,  1.08984375 SigReg: 10.4508028
std: 1.00292969 ,  1.16113281 SigReg: 10.4508028
std: 1.07519531 ,  1.14453125 SigReg: 10.9138737
std: 1.0703125 ,  1.20996094 SigReg: 10.9138737
std: 1.10546875 ,  0.990722656 SigReg: 11.9974146
std: 0.979003906 ,  1.10351562 SigReg: 11.9974146
std: 0.802734375 ,  0.977539062 SigReg: 13.1457348
std: 0.991210938 ,  1.00195312 SigReg: 13.1457348
std: 0.982421875 ,  1.07128906 SigReg: 10.0824862
std: 0.8984375 ,  1.10351562 SigReg: 10.0824862
std: 1.0390625 ,  1.27636719 SigReg: 12.4539156
std: 0.950195312 ,  1.20800781 SigReg: 12.4539156
std: 1.02636719 ,  1.21875 SigReg: 12.1331711
std: 0.875976562 ,  1.0703125 SigReg: 12.1331711
std: 1.05273438 ,  1.17675781 SigReg: 10.7980785
std: 1.04785156 ,  1.25292969 SigReg: 10.7980785
std: 1.08300781 ,  1.22949219 SigReg: 9.97326088
std: 1.04980469 ,  1.33984375 SigReg: 9.97326088
std: 1.05273438 ,  1.04492188 SigReg: 10.5132465
std: 0.98046875 ,  0.996582031 SigReg: 10.5132465
std: 1.07421875 ,  1.07226562 SigReg: 9.85020351
std: 0.985839844 ,  1.39648438 SigReg: 9.85020351
std: 1.10742188 ,  1.16699219 SigReg: 9.99445248
std: 1.10351562 ,  1.22753906 SigReg: 9.99445248
std: 1.05761719 ,  0.978515625 SigReg: 10.6022625
std: 1.0546875 ,  1.10742188 SigReg: 10.6022625
std: 1.14746094 ,  1.33105469 SigReg: 9.44530106
std: 1.01171875 ,  1.33300781 SigReg: 9.44530106
std: 1.10742188 ,  1.25097656 SigReg: 11.4175844
std: 1.03710938 ,  1.06738281 SigReg: 11.4175844
std: 1.01269531 ,  1.38378906 SigReg: 12.8130217
std: 1.04980469 ,  1.2109375 SigReg: 12.8130217
std: 1.23632812 ,  1.25292969 SigReg: 10.2153778
std: 1.07324219 ,  1.10546875 SigReg: 10.2153778
std: 1.10742188 ,  1.21679688 SigReg: 11.2825623
std: 0.984863281 ,  1.17382812 SigReg: 11.2825623
std: 1.12011719 ,  1.20703125 SigReg: 10.2778749
std: 1.16015625 ,  1.23828125 SigReg: 10.2778749
std: 0.963867188 ,  1.05566406 SigReg: 12.5656824
std: 1.078125 ,  1.22167969 SigReg: 12.5656824
std: 0.998046875 ,  1.22851562 SigReg: 11.942853
std: 0.954101562 ,  1.11816406 SigReg: 11.942853
std: 1.04101562 ,  1.30175781 SigReg: 9.96551704
std: 1.02832031 ,  1.36328125 SigReg: 9.96551704
std: 0.985351562 ,  1.09863281 SigReg: 11.1248398
std: 0.956054688 ,  1.29296875 SigReg: 11.1248398
std: 1.03808594 ,  1.33398438 SigReg: 11.0891867
std: 1.0390625 ,  1.27539062 SigReg: 11.0891867
std: 1.0859375 ,  1.07421875 SigReg: 10.5899982
std: 1.05566406 ,  1.19433594 SigReg: 10.5899982
std: 1.0859375 ,  1.07617188 SigReg: 9.84115314
std: 0.85546875 ,  1.16894531 SigReg: 9.84115314
std: 0.947265625 ,  1.25488281 SigReg: 11.8393278
std: 0.958984375 ,  1.27441406 SigReg: 11.8393278
std: 0.8125 ,  1.27636719 SigReg: 13.1787281
std: 0.913574219 ,  1.27441406 SigReg: 13.1787281
std: 0.873535156 ,  1.10742188 SigReg: 10.0139179
std: 0.858886719 ,  1.15722656 SigReg: 10.0139179
std: 0.868652344 ,  1.11523438 SigReg: 12.5068245
std: 0.976074219 ,  1.04394531 SigReg: 12.5068245
std: 1.06152344 ,  1.234375 SigReg: 11.6895638
std: 0.955078125 ,  1.24414062 SigReg: 11.6895638
std: 0.995117188 ,  1.07324219 SigReg: 10.7219219
std: 0.982421875 ,  1.12988281 SigReg: 10.7219219
std: 1.10742188 ,  1.15429688 SigReg: 8.84128571
std: 0.799804688 ,  1.13574219 SigReg: 8.84128571
std: 0.907226562 ,  1.28710938 SigReg: 10.7048244
std: 0.997070312 ,  0.90234375 SigReg: 10.7048244
std: 0.813476562 ,  1.08300781 SigReg: 9.96499825
std: 0.83984375 ,  1.3828125 SigReg: 9.96499825
std: 0.999511719 ,  1.10253906 SigReg: 10.3150749
std: 0.753417969 ,  1.43847656 SigReg: 10.3150749
std: 1.06054688 ,  1.17871094 SigReg: 10.0722246
std: 0.940429688 ,  1.29003906 SigReg: 10.0722246
std: 0.946777344 ,  1.28515625 SigReg: 10.3612881
std: 0.90234375 ,  1.31738281 SigReg: 10.3612881
std: 0.958984375 ,  1.07617188 SigReg: 10.8975086
std: 0.966796875 ,  1.43261719 SigReg: 10.8975086
  Step 50: Backbone Loss = 1.5986, SIGReg Loss = 10.8975 Probe Loss = 156.1705, Acc = 0.4985
std: 0.952636719 ,  1.27246094 SigReg: 15.5295191
std: 0.897949219 ,  1.70117188 SigReg: 15.5295191
std: 1.05371094 ,  1.36621094 SigReg: 10.6766186
std: 0.893554688 ,  1.13964844 SigReg: 10.6766186
std: 1.01855469 ,  1.33398438 SigReg: 10.9476709
std: 1.04296875 ,  1.23144531 SigReg: 10.9476709
std: 0.889160156 ,  1.47070312 SigReg: 11.2379589
std: 1.05566406 ,  1.39648438 SigReg: 11.2379589
std: 1.0390625 ,  1.32421875 SigReg: 10.5643101
std: 1.04980469 ,  1.19335938 SigReg: 10.5643101
std: 1.03710938 ,  1.28417969 SigReg: 12.6175318
std: 1.03808594 ,  1.22363281 SigReg: 12.6175318
std: 0.902832031 ,  1.61523438 SigReg: 9.79595566
std: 1.0078125 ,  1.46289062 SigReg: 9.79595566
std: 0.935058594 ,  1.39648438 SigReg: 10.4622459
std: 1.07617188 ,  1.16503906 SigReg: 10.4622459
std: 1.02929688 ,  1.47949219 SigReg: 9.58369732
std: 0.872558594 ,  1.11328125 SigReg: 9.58369732
std: 0.783203125 ,  1.40722656 SigReg: 9.8181057
std: 0.900390625 ,  1.47460938 SigReg: 9.8181057
std: 0.843261719 ,  1.38671875 SigReg: 10.9667597
std: 0.969238281 ,  1.35449219 SigReg: 10.9667597
std: 1.01269531 ,  1.44335938 SigReg: 12.8369942
std: 1.06835938 ,  1.171875 SigReg: 12.8369942
std: 0.956542969 ,  1.1875 SigReg: 10.8651
std: 1.0390625 ,  1.14355469 SigReg: 10.8651
std: 0.990722656 ,  1.09179688 SigReg: 13.1155262
std: 0.944824219 ,  1.26464844 SigReg: 13.1155262
std: 0.997070312 ,  1.06640625 SigReg: 10.6073494
std: 0.984863281 ,  1.38867188 SigReg: 10.6073494
std: 1.07324219 ,  1.11914062 SigReg: 10.6721897
std: 0.941894531 ,  1.20214844 SigReg: 10.6721897
std: 0.979980469 ,  1.12109375 SigReg: 10.4964466
std: 1.02832031 ,  1.17480469 SigReg: 10.4964466
std: 1.0234375 ,  1.07421875 SigReg: 12.4073782
std: 0.946777344 ,  1.09570312 SigReg: 12.4073782
std: 1.08398438 ,  1.24023438 SigReg: 12.0939693
std: 0.924316406 ,  1.0078125 SigReg: 12.0939693
std: 1.22167969 ,  0.983886719 SigReg: 10.2399178
std: 0.970214844 ,  1.16992188 SigReg: 10.2399178
std: 1.02441406 ,  1.18945312 SigReg: 12.5663052
std: 0.916015625 ,  1.20800781 SigReg: 12.5663052
std: 1.109375 ,  1.04101562 SigReg: 8.65369225
std: 0.957519531 ,  0.954589844 SigReg: 8.65369225
std: 0.970214844 ,  0.875976562 SigReg: 10.8520021
std: 0.844726562 ,  1.10253906 SigReg: 10.8520021
std: 1.14648438 ,  0.950683594 SigReg: 9.66421509
std: 0.859863281 ,  0.900878906 SigReg: 9.66421509
std: 1.00683594 ,  1.07226562 SigReg: 10.3760099
std: 0.984375 ,  1.10546875 SigReg: 10.3760099
std: 1.03320312 ,  0.935546875 SigReg: 12.4671392
std: 1.00292969 ,  1.13574219 SigReg: 12.4671392
std: 1.06640625 ,  0.933105469 SigReg: 10.7717514
std: 0.947753906 ,  0.938476562 SigReg: 10.7717514
std: 1.07519531 ,  0.956054688 SigReg: 10.0209131
std: 0.880859375 ,  1.04199219 SigReg: 10.0209131
std: 0.995117188 ,  1.03027344 SigReg: 10.1775055
std: 0.940917969 ,  1.04101562 SigReg: 10.1775055
std: 0.884765625 ,  1.00683594 SigReg: 9.94544125
std: 0.95703125 ,  1.13574219 SigReg: 9.94544125
std: 1.0078125 ,  0.962402344 SigReg: 11.2752485
std: 1.08203125 ,  0.901855469 SigReg: 11.2752485
std: 1.00683594 ,  0.821289062 SigReg: 10.983592
std: 0.915527344 ,  0.963867188 SigReg: 10.983592
std: 0.829101562 ,  1.09375 SigReg: 13.5105906
std: 1.04199219 ,  0.958007812 SigReg: 13.5105906
std: 1.00292969 ,  1.11914062 SigReg: 12.417942
std: 0.954101562 ,  1.00195312 SigReg: 12.417942
std: 0.944335938 ,  0.995605469 SigReg: 9.19913387
std: 0.975585938 ,  1.01171875 SigReg: 9.19913387
std: 0.820800781 ,  1.27929688 SigReg: 11.0321169
std: 0.823242188 ,  1 SigReg: 11.0321169
std: 0.883300781 ,  1.02441406 SigReg: 11.8452606
std: 0.751464844 ,  1.05566406 SigReg: 11.8452606
std: 0.901855469 ,  1.28320312 SigReg: 10.9422207
std: 0.726074219 ,  1.08496094 SigReg: 10.9422207
std: 0.887207031 ,  1.03125 SigReg: 9.76377583
std: 0.913574219 ,  1.09375 SigReg: 9.76377583
std: 0.867675781 ,  1.06933594 SigReg: 10.6554193
std: 0.863769531 ,  1.04101562 SigReg: 10.6554193
std: 0.88671875 ,  1.14550781 SigReg: 9.94425774
std: 1.01855469 ,  1.05566406 SigReg: 9.94425774
std: 0.804199219 ,  0.966308594 SigReg: 11.5871325
std: 0.891113281 ,  1.05078125 SigReg: 11.5871325
std: 0.912597656 ,  1.15917969 SigReg: 11.2138805
std: 0.849121094 ,  1.05957031 SigReg: 11.2138805
std: 0.919921875 ,  1.11230469 SigReg: 10.1152706
std: 0.823730469 ,  1.10742188 SigReg: 10.1152706
std: 0.896484375 ,  1.08984375 SigReg: 10.1315699
std: 0.940429688 ,  1.01855469 SigReg: 10.1315699
std: 0.873535156 ,  0.918945312 SigReg: 11.2444983
std: 0.939941406 ,  1.0234375 SigReg: 11.2444983
std: 0.780273438 ,  1.09863281 SigReg: 13.2600622
std: 0.888671875 ,  1.02929688 SigReg: 13.2600622
std: 0.946289062 ,  1.078125 SigReg: 14.5947866
std: 0.729980469 ,  0.94140625 SigReg: 14.5947866
std: 0.923828125 ,  0.989257812 SigReg: 11.5822191
std: 0.786621094 ,  1.06347656 SigReg: 11.5822191
std: 0.90234375 ,  1.13378906 SigReg: 12.8556099
std: 0.938964844 ,  0.944335938 SigReg: 12.8556099
  Step 100: Backbone Loss = 1.6848, SIGReg Loss = 12.8556 Probe Loss = 201.5095, Acc = 0.5248
std: 0.8203125 ,  1.02636719 SigReg: 11.0483551
std: 0.805175781 ,  1.35253906 SigReg: 11.0483551
std: 0.708984375 ,  1.15917969 SigReg: 13.8284979
std: 0.845214844 ,  1.12792969 SigReg: 13.8284979
std: 0.873535156 ,  0.946289062 SigReg: 13.6484995
std: 0.78125 ,  1.28808594 SigReg: 13.6484995
std: 0.946289062 ,  1.17089844 SigReg: 13.1479177
std: 0.865234375 ,  1.11425781 SigReg: 13.1479177
std: 0.874511719 ,  1.29003906 SigReg: 10.9129324
std: 0.91015625 ,  1.08203125 SigReg: 10.9129324
std: 0.791992188 ,  1.44335938 SigReg: 11.8891821
std: 0.838378906 ,  1.3046875 SigReg: 11.8891821
std: 0.801757812 ,  1.1328125 SigReg: 11.1316347
std: 0.890136719 ,  1.14550781 SigReg: 11.1316347
std: 1.01660156 ,  1.27636719 SigReg: 11.771368
std: 0.998535156 ,  1.21289062 SigReg: 11.771368
std: 0.862792969 ,  1.1796875 SigReg: 10.0209589
std: 0.954101562 ,  1.08398438 SigReg: 10.0209589
std: 1.015625 ,  0.987304688 SigReg: 9.88242626
std: 0.95703125 ,  1.24316406 SigReg: 9.88242626
std: 0.930664062 ,  1.17773438 SigReg: 11.4100819
std: 0.967773438 ,  1.28125 SigReg: 11.4100819
std: 0.818359375 ,  1.13867188 SigReg: 10.4944
std: 0.891601562 ,  1.1015625 SigReg: 10.4944
std: 1.19140625 ,  1.03613281 SigReg: 9.86988068
std: 0.950195312 ,  1.06933594 SigReg: 9.86988068
std: 0.845703125 ,  1.05371094 SigReg: 11.4065466
std: 1.12109375 ,  1.06835938 SigReg: 11.4065466
std: 0.931640625 ,  1.25585938 SigReg: 12.4194336
std: 0.916992188 ,  1.08300781 SigReg: 12.4194336
std: 0.923828125 ,  1.20214844 SigReg: 10.3315754
std: 1.03808594 ,  0.874023438 SigReg: 10.3315754
std: 1.01660156 ,  1.16796875 SigReg: 10.7982082
std: 1.03222656 ,  1.03222656 SigReg: 10.7982082
std: 0.987304688 ,  0.907714844 SigReg: 10.1666918
std: 0.983398438 ,  1.10546875 SigReg: 10.1666918
std: 0.933105469 ,  0.917480469 SigReg: 10.2675877
std: 0.983886719 ,  0.930664062 SigReg: 10.2675877
std: 1.07128906 ,  1.06347656 SigReg: 9.26690197
std: 0.92578125 ,  1.13085938 SigReg: 9.26690197
std: 0.946777344 ,  1.02246094 SigReg: 10.5811682
std: 0.884765625 ,  1.1484375 SigReg: 10.5811682
std: 1.02246094 ,  1.03808594 SigReg: 9.73070526
std: 0.968261719 ,  0.998046875 SigReg: 9.73070526
std: 0.92578125 ,  0.998046875 SigReg: 10.2981052
std: 0.993652344 ,  1.17773438 SigReg: 10.2981052
std: 1.00195312 ,  1.11132812 SigReg: 10.6820316
std: 0.991699219 ,  1.16308594 SigReg: 10.6820316
std: 0.9921875 ,  1.12402344 SigReg: 11.5606937
std: 1.06054688 ,  1.17675781 SigReg: 11.5606937
std: 1.06738281 ,  0.981445312 SigReg: 11.1902676
std: 0.9453125 ,  1.03808594 SigReg: 11.1902676
std: 1.10839844 ,  0.837402344 SigReg: 11.2249012
std: 1.15917969 ,  0.999023438 SigReg: 11.2249012
std: 1.15527344 ,  1.0859375 SigReg: 12.2657537
std: 0.969726562 ,  0.920410156 SigReg: 12.2657537
std: 1.12011719 ,  1.13964844 SigReg: 11.6698112
std: 0.991699219 ,  1.11230469 SigReg: 11.6698112
std: 1.02050781 ,  1.12792969 SigReg: 12.5820131
std: 0.940429688 ,  1.3359375 SigReg: 12.5820131
std: 1.00195312 ,  1.32617188 SigReg: 11.7423439
std: 0.981445312 ,  1.16796875 SigReg: 11.7423439
std: 0.851074219 ,  1.13964844 SigReg: 10.8147707
std: 0.951660156 ,  1.17480469 SigReg: 10.8147707
std: 0.844726562 ,  1.25976562 SigReg: 11.1574984
std: 0.891113281 ,  1.22265625 SigReg: 11.1574984
std: 0.900390625 ,  1.20605469 SigReg: 12.3076925
std: 0.912109375 ,  1.15234375 SigReg: 12.3076925
std: 0.836425781 ,  1.16601562 SigReg: 9.88678169
std: 0.831542969 ,  0.955078125 SigReg: 9.88678169
std: 0.87890625 ,  1.16894531 SigReg: 11.1419611
std: 0.918457031 ,  1.2734375 SigReg: 11.1419611
std: 0.808105469 ,  1.28222656 SigReg: 12.4692822
std: 0.841308594 ,  1.15039062 SigReg: 12.4692822
std: 1 ,  1.1640625 SigReg: 13.021637
std: 0.872070312 ,  1.20214844 SigReg: 13.021637
std: 0.837402344 ,  1.203125 SigReg: 11.4978542
std: 0.9296875 ,  1.11035156 SigReg: 11.4978542
std: 0.956542969 ,  0.9765625 SigReg: 16.9032536
std: 0.961425781 ,  1.11816406 SigReg: 16.9032536
std: 1.02148438 ,  0.843261719 SigReg: 15.7141676
std: 0.977050781 ,  0.963867188 SigReg: 15.7141676
std: 0.927246094 ,  0.982421875 SigReg: 12.0098667
std: 0.847167969 ,  0.934082031 SigReg: 12.0098667
std: 0.875488281 ,  0.997558594 SigReg: 12.9353724
std: 0.902832031 ,  0.985351562 SigReg: 12.9353724
std: 0.876464844 ,  0.947753906 SigReg: 12.3840046
std: 0.853027344 ,  0.971191406 SigReg: 12.3840046
std: 0.893066406 ,  0.983886719 SigReg: 14.6605482
std: 0.968261719 ,  0.954589844 SigReg: 14.6605482
std: 0.878417969 ,  0.929199219 SigReg: 13.6411619
std: 0.931640625 ,  1.140625 SigReg: 13.6411619
std: 0.987304688 ,  0.993652344 SigReg: 16.0431538
std: 0.895507812 ,  1.05371094 SigReg: 16.0431538
std: 0.8984375 ,  1.06835938 SigReg: 19.5147915
std: 0.973144531 ,  1.03222656 SigReg: 19.5147915
std: 0.943359375 ,  1.10058594 SigReg: 15.8483305
std: 0.931152344 ,  1.0390625 SigReg: 15.8483305
std: 0.892578125 ,  1.0625 SigReg: 10.8726044
std: 0.864746094 ,  1.08105469 SigReg: 10.8726044
  Step 150: Backbone Loss = 1.6533, SIGReg Loss = 10.8726 Probe Loss = 123.8481, Acc = 0.5068
std: 0.923828125 ,  0.989746094 SigReg: 12.0213957
std: 0.915527344 ,  1.0625 SigReg: 12.0213957
std: 0.932617188 ,  0.970703125 SigReg: 12.1422577
std: 0.869628906 ,  0.967773438 SigReg: 12.1422577
std: 0.840820312 ,  0.951660156 SigReg: 11.3347254
std: 0.956054688 ,  1.03125 SigReg: 11.3347254
std: 0.912109375 ,  0.898925781 SigReg: 12.8961029
std: 0.9609375 ,  0.930664062 SigReg: 12.8961029
std: 0.994140625 ,  0.920898438 SigReg: 12.1819286
std: 0.878417969 ,  0.934082031 SigReg: 12.1819286
std: 0.997558594 ,  0.899902344 SigReg: 11.949934
std: 0.955078125 ,  0.985351562 SigReg: 11.949934
std: 0.952148438 ,  0.869140625 SigReg: 12.2483215
std: 0.883789062 ,  0.991699219 SigReg: 12.2483215
std: 0.841308594 ,  0.979492188 SigReg: 14.6182327
std: 0.804199219 ,  0.934082031 SigReg: 14.6182327
std: 0.97265625 ,  0.905761719 SigReg: 11.9330931
std: 0.998535156 ,  1.03613281 SigReg: 11.9330931
std: 0.916503906 ,  0.995117188 SigReg: 13.2560043
std: 1 ,  1.17773438 SigReg: 13.2560043
std: 1.0546875 ,  0.883789062 SigReg: 10.4512262
std: 0.926269531 ,  1.19628906 SigReg: 10.4512262
std: 1.03027344 ,  1.13378906 SigReg: 11.4501162
std: 0.999023438 ,  1.00976562 SigReg: 11.4501162
std: 0.838867188 ,  1.34765625 SigReg: 11.0501242
std: 0.952636719 ,  1.25878906 SigReg: 11.0501242
std: 1.01074219 ,  1.16308594 SigReg: 11.4416265
std: 1.05566406 ,  1.26953125 SigReg: 11.4416265
std: 0.943847656 ,  1.19726562 SigReg: 10.0493708
std: 1.15625 ,  1.2734375 SigReg: 10.0493708
std: 0.916015625 ,  1.15234375 SigReg: 11.1373386
std: 1.14648438 ,  1.25390625 SigReg: 11.1373386
std: 0.938964844 ,  1.3046875 SigReg: 10.6099043
std: 1.05371094 ,  1.09375 SigReg: 10.6099043
std: 1.02441406 ,  1.13769531 SigReg: 11.6050606
std: 1.00195312 ,  1.20019531 SigReg: 11.6050606
std: 1.10644531 ,  1.34960938 SigReg: 10.9713278
std: 1.08300781 ,  1.25390625 SigReg: 10.9713278
std: 0.885742188 ,  1.20703125 SigReg: 11.7858534
std: 1.05859375 ,  1.27539062 SigReg: 11.7858534
std: 0.904785156 ,  1.47949219 SigReg: 10.8950138
std: 0.899414062 ,  1.30859375 SigReg: 10.8950138
std: 1.078125 ,  1.31835938 SigReg: 11.3945456
std: 1.05371094 ,  1.0390625 SigReg: 11.3945456
std: 0.977539062 ,  1.19628906 SigReg: 10.8098783
std: 1.12109375 ,  1.28222656 SigReg: 10.8098783
std: 1.07910156 ,  1.24707031 SigReg: 11.244278
std: 0.973144531 ,  1.47363281 SigReg: 11.244278
std: 1.02734375 ,  1.36230469 SigReg: 12.3677006
std: 1.05175781 ,  1.41699219 SigReg: 12.3677006
std: 0.977050781 ,  1.25488281 SigReg: 13.0732441
std: 0.940917969 ,  1.28027344 SigReg: 13.0732441
std: 0.8671875 ,  1.23339844 SigReg: 10.443656
std: 1.00976562 ,  1.57519531 SigReg: 10.443656
std: 1.00097656 ,  1.31445312 SigReg: 11.2069216
std: 1.00195312 ,  1.36914062 SigReg: 11.2069216
std: 0.829589844 ,  1.27246094 SigReg: 9.27933407
std: 1.01757812 ,  1.21679688 SigReg: 9.27933407
std: 1.01855469 ,  1.41601562 SigReg: 10.1473255
std: 0.92578125 ,  1.31835938 SigReg: 10.1473255
std: 0.944824219 ,  1.36621094 SigReg: 10.387104
std: 0.969726562 ,  1.328125 SigReg: 10.387104
std: 0.93359375 ,  1.55664062 SigReg: 11.8036375
std: 1.0078125 ,  1.34277344 SigReg: 11.8036375
std: 0.913574219 ,  1.24707031 SigReg: 10.0269241
std: 0.904785156 ,  1.25390625 SigReg: 10.0269241
std: 0.973632812 ,  1.1484375 SigReg: 11.9360256
std: 0.978515625 ,  1.30957031 SigReg: 11.9360256
std: 0.990722656 ,  1.32226562 SigReg: 11.0377741
std: 0.999023438 ,  1.24609375 SigReg: 11.0377741
std: 1.03808594 ,  1.16503906 SigReg: 11.1274223
std: 1.10449219 ,  1.44238281 SigReg: 11.1274223
std: 1.10644531 ,  1.25878906 SigReg: 10.3303661
std: 1.06640625 ,  1.26953125 SigReg: 10.3303661
std: 0.903808594 ,  1.2265625 SigReg: 12.2165937
std: 0.958984375 ,  1.20019531 SigReg: 12.2165937
std: 1.08300781 ,  1.24609375 SigReg: 10.0010309
std: 0.87890625 ,  1.265625 SigReg: 10.0010309
std: 0.952148438 ,  1.27050781 SigReg: 10.0332785
std: 1.06542969 ,  1.16992188 SigReg: 10.0332785
std: 0.952148438 ,  1.2890625 SigReg: 10.7380943
std: 1.09375 ,  1.10644531 SigReg: 10.7380943
std: 0.872070312 ,  1.03710938 SigReg: 11.379015
std: 0.939941406 ,  1.22070312 SigReg: 11.379015
std: 1.06152344 ,  1.28027344 SigReg: 10.1129971
std: 0.868164062 ,  1.39550781 SigReg: 10.1129971
std: 1.09667969 ,  1.15234375 SigReg: 9.80246
std: 0.888183594 ,  1.04882812 SigReg: 9.80246
std: 0.975097656 ,  1.16894531 SigReg: 9.09745789
std: 0.987792969 ,  1.06640625 SigReg: 9.09745789
std: 1.12207031 ,  1.23339844 SigReg: 10.3583736
std: 1.03613281 ,  1.13183594 SigReg: 10.3583736
std: 1.10644531 ,  1.03613281 SigReg: 9.94560432
std: 0.975585938 ,  1.30175781 SigReg: 9.94560432
std: 1.05175781 ,  1.01855469 SigReg: 10.330451
std: 0.969726562 ,  1.14746094 SigReg: 10.330451
std: 0.978027344 ,  1.22265625 SigReg: 9.10828209
std: 1.08886719 ,  1.15429688 SigReg: 9.10828209
std: 1.05273438 ,  1.11523438 SigReg: 10.2195988
std: 1.00683594 ,  1.26953125 SigReg: 10.2195988
  Step 200: Backbone Loss = 1.5523, SIGReg Loss = 10.2196 Probe Loss = 165.0555, Acc = 0.4992
std: 1.02246094 ,  1.21289062 SigReg: 11.6608896
std: 1.09570312 ,  1.0625 SigReg: 11.6608896
std: 1.02636719 ,  1.17089844 SigReg: 10.1259012
std: 1.14746094 ,  1.24804688 SigReg: 10.1259012
std: 0.910644531 ,  1.27832031 SigReg: 11.0769806
std: 1.07617188 ,  1.25390625 SigReg: 11.0769806
std: 1.18945312 ,  1.08203125 SigReg: 10.8584471
std: 1.13964844 ,  1.06542969 SigReg: 10.8584471
std: 1.0625 ,  1.00585938 SigReg: 11.3792839
std: 1.09863281 ,  1.15332031 SigReg: 11.3792839
std: 1.00878906 ,  1.30273438 SigReg: 11.38239
std: 1.06738281 ,  1.30859375 SigReg: 11.38239
std: 1.23828125 ,  1.09277344 SigReg: 13.4121952
std: 1.25195312 ,  1.1640625 SigReg: 13.4121952
std: 1.16699219 ,  1.36425781 SigReg: 13.1409283
std: 1.22363281 ,  1.20703125 SigReg: 13.1409283
std: 1.15625 ,  1.14648438 SigReg: 10.4942284
std: 1.25 ,  1.0703125 SigReg: 10.4942284
std: 1.16796875 ,  1.12890625 SigReg: 11.309411
std: 1.19921875 ,  0.936523438 SigReg: 11.309411
std: 1.11132812 ,  1.12304688 SigReg: 11.3009367
std: 1.14160156 ,  1.28417969 SigReg: 11.3009367
std: 1.17675781 ,  1.00097656 SigReg: 15.2044182
std: 1.14648438 ,  1.30175781 SigReg: 15.2044182
std: 1.11621094 ,  0.998046875 SigReg: 16.5539722
std: 0.981445312 ,  1.15722656 SigReg: 16.5539722
std: 1.06054688 ,  1.08300781 SigReg: 11.9592714
std: 1.30566406 ,  1.20898438 SigReg: 11.9592714
std: 1.12890625 ,  1.04101562 SigReg: 10.9467325
std: 1.22753906 ,  1.15429688 SigReg: 10.9467325
std: 1.15527344 ,  1.09863281 SigReg: 11.2774067
std: 1.08886719 ,  1.16210938 SigReg: 11.2774067
std: 1.17675781 ,  1.11816406 SigReg: 12.8860054
std: 1.08691406 ,  1.11425781 SigReg: 12.8860054
std: 1.02636719 ,  1.07128906 SigReg: 11.9828978
std: 1.07910156 ,  1.07421875 SigReg: 11.9828978
std: 1.0625 ,  1.09472656 SigReg: 12.5250225
std: 1.06054688 ,  1.24707031 SigReg: 12.5250225
std: 1.14355469 ,  1.26074219 SigReg: 11.8172588
std: 1.16796875 ,  1.15625 SigReg: 11.8172588
std: 0.995605469 ,  1.19824219 SigReg: 13.941679
std: 1.15429688 ,  0.989257812 SigReg: 13.941679
std: 1.28320312 ,  1.1796875 SigReg: 10.4494028
std: 1.16113281 ,  1.33007812 SigReg: 10.4494028
std: 1.18164062 ,  1.3046875 SigReg: 11.7363491
std: 1.11230469 ,  1.24023438 SigReg: 11.7363491
std: 0.969726562 ,  1.13574219 SigReg: 12.2079144
std: 1.27734375 ,  1.42773438 SigReg: 12.2079144
std: 1.21582031 ,  1.27636719 SigReg: 13.4237547
std: 1.17382812 ,  1.12695312 SigReg: 13.4237547
std: 1.16699219 ,  1.22070312 SigReg: 12.4779348
std: 1.16601562 ,  1.05664062 SigReg: 12.4779348
std: 1.30371094 ,  1.14355469 SigReg: 10.8731022
std: 1.00585938 ,  1.46484375 SigReg: 10.8731022
std: 1.10351562 ,  1.34277344 SigReg: 11.0587187
std: 0.962890625 ,  1.44335938 SigReg: 11.0587187
std: 1.32617188 ,  1.30761719 SigReg: 10.0734386
std: 1.05761719 ,  1.421875 SigReg: 10.0734386
std: 1.03222656 ,  1.28417969 SigReg: 12.1553402
std: 1.15136719 ,  1.11816406 SigReg: 12.1553402
std: 1.04589844 ,  1.23828125 SigReg: 10.5072556
std: 1.15429688 ,  1.31738281 SigReg: 10.5072556
std: 1.26660156 ,  1.12304688 SigReg: 11.3755684
std: 1.10839844 ,  1.1171875 SigReg: 11.3755684
std: 1.06152344 ,  1.23828125 SigReg: 12.1571121
std: 1.19042969 ,  0.983886719 SigReg: 12.1571121
std: 1.11816406 ,  1.21386719 SigReg: 10.9751348
std: 1.15136719 ,  1.234375 SigReg: 10.9751348
std: 1.06933594 ,  1.06347656 SigReg: 12.4687891
std: 1.17675781 ,  1.02636719 SigReg: 12.4687891
std: 1.06542969 ,  1.140625 SigReg: 9.60988235
std: 1.09375 ,  1.09472656 SigReg: 9.60988235
std: 1.09082031 ,  1.13085938 SigReg: 11.6774597
std: 1.06933594 ,  1.1484375 SigReg: 11.6774597
std: 1.03125 ,  1.01953125 SigReg: 11.662446
std: 1.03125 ,  1.11621094 SigReg: 11.662446
std: 1.02441406 ,  1.24707031 SigReg: 12.2398348
std: 0.964355469 ,  0.923828125 SigReg: 12.2398348
std: 1.07421875 ,  1.04785156 SigReg: 12.397337
std: 1.07714844 ,  1.02148438 SigReg: 12.397337
std: 0.934570312 ,  0.970214844 SigReg: 11.6138821
std: 1.02539062 ,  1.05761719 SigReg: 11.6138821
std: 1.01953125 ,  1.0703125 SigReg: 10.949008
std: 0.929199219 ,  0.939941406 SigReg: 10.949008
std: 0.970214844 ,  1.10351562 SigReg: 10.4732552
std: 1.04296875 ,  1.04980469 SigReg: 10.4732552
std: 1.03320312 ,  1.02050781 SigReg: 11.6921291
std: 0.989257812 ,  0.909667969 SigReg: 11.6921291
std: 1.00488281 ,  1.01464844 SigReg: 11.2840033
std: 0.928710938 ,  0.932617188 SigReg: 11.2840033
std: 1.05859375 ,  1.1015625 SigReg: 11.1517019
std: 0.839355469 ,  0.989257812 SigReg: 11.1517019
std: 0.983398438 ,  1.20996094 SigReg: 10.8534527
std: 1.0390625 ,  1.15917969 SigReg: 10.8534527
std: 1.04394531 ,  0.983886719 SigReg: 10.0177994
std: 0.979003906 ,  1.17578125 SigReg: 10.0177994
std: 1.06542969 ,  0.977050781 SigReg: 9.43981647
std: 0.980957031 ,  1.12890625 SigReg: 9.43981647
std: 0.922363281 ,  1.12597656 SigReg: 11.2686348
std: 0.942871094 ,  1.0625 SigReg: 11.2686348
  Step 250: Backbone Loss = 1.6256, SIGReg Loss = 11.2686 Probe Loss = 167.0788, Acc = 0.4958
std: 0.897460938 ,  1.1484375 SigReg: 13.3518829
std: 1.03417969 ,  1.12304688 SigReg: 13.3518829
std: 0.903808594 ,  1.09179688 SigReg: 12.0280361
std: 0.846679688 ,  1.30664062 SigReg: 12.0280361
std: 0.888183594 ,  1.20214844 SigReg: 13.7673321
std: 0.775390625 ,  1.16601562 SigReg: 13.7673321
std: 0.802734375 ,  1.21679688 SigReg: 12.005969
std: 0.939453125 ,  1.29980469 SigReg: 12.005969
std: 0.913085938 ,  1.30957031 SigReg: 11.8729458
std: 0.96484375 ,  1.26269531 SigReg: 11.8729458
std: 1.04492188 ,  1.19238281 SigReg: 14.0625591
std: 0.829101562 ,  1.22070312 SigReg: 14.0625591
std: 0.911132812 ,  1.06738281 SigReg: 12.0889549
std: 0.845703125 ,  1.3203125 SigReg: 12.0889549
std: 0.841796875 ,  1.12890625 SigReg: 11.682065
std: 0.79296875 ,  1.34277344 SigReg: 11.682065
std: 0.8359375 ,  1.09667969 SigReg: 11.8299103
std: 0.810546875 ,  1.0234375 SigReg: 11.8299103
std: 0.829589844 ,  1.24414062 SigReg: 11.0807743
std: 0.86328125 ,  1.21484375 SigReg: 11.0807743
std: 0.910644531 ,  0.96875 SigReg: 12.4778919
std: 0.869140625 ,  0.922851562 SigReg: 12.4778919
std: 0.791015625 ,  0.957519531 SigReg: 11.3384209
std: 0.947265625 ,  1.05761719 SigReg: 11.3384209
std: 0.779296875 ,  0.990234375 SigReg: 11.2453289
std: 0.835449219 ,  1.04492188 SigReg: 11.2453289
std: 0.75390625 ,  1.03125 SigReg: 10.7598724
std: 0.833496094 ,  0.969238281 SigReg: 10.7598724
std: 0.830566406 ,  0.962402344 SigReg: 10.9773808
std: 0.919433594 ,  0.923828125 SigReg: 10.9773808
std: 0.776367188 ,  1.125 SigReg: 12.2738876
std: 0.979492188 ,  1.06835938 SigReg: 12.2738876
std: 0.984375 ,  1.09960938 SigReg: 10.1722546
std: 0.997070312 ,  1.0625 SigReg: 10.1722546
std: 0.984375 ,  0.974121094 SigReg: 12.3787394
std: 0.887695312 ,  0.968261719 SigReg: 12.3787394
std: 0.850585938 ,  1.015625 SigReg: 13.3446188
std: 0.83203125 ,  0.93359375 SigReg: 13.3446188
std: 1.05664062 ,  0.83203125 SigReg: 12.0442352
std: 0.935058594 ,  0.9921875 SigReg: 12.0442352
std: 0.887695312 ,  1.125 SigReg: 13.7778988
std: 1.03515625 ,  0.848632812 SigReg: 13.7778988
std: 0.961425781 ,  0.90625 SigReg: 11.1516695
std: 1.01757812 ,  0.958984375 SigReg: 11.1516695
std: 0.744628906 ,  1.12988281 SigReg: 13.1194382
std: 0.991699219 ,  0.987304688 SigReg: 13.1194382
std: 0.9765625 ,  1.08398438 SigReg: 11.1800556
std: 1.05078125 ,  0.989257812 SigReg: 11.1800556
std: 0.864257812 ,  0.926269531 SigReg: 12.7717104
std: 0.98828125 ,  1.00878906 SigReg: 12.7717104
std: 0.939941406 ,  1.20996094 SigReg: 11.3101721
std: 1.19921875 ,  0.899902344 SigReg: 11.3101721
std: 0.916015625 ,  0.991699219 SigReg: 10.6608953
std: 0.934570312 ,  0.942871094 SigReg: 10.6608953
std: 1.03613281 ,  1.1640625 SigReg: 10.3512239
std: 0.982421875 ,  1.03027344 SigReg: 10.3512239
std: 0.922851562 ,  0.904785156 SigReg: 10.4194164
std: 1.05859375 ,  0.907714844 SigReg: 10.4194164
std: 0.921386719 ,  0.988769531 SigReg: 12.3397169
std: 0.899414062 ,  0.94140625 SigReg: 12.3397169
std: 0.979980469 ,  1.02441406 SigReg: 12.8637047
std: 1.20703125 ,  0.928710938 SigReg: 12.8637047
std: 1.02929688 ,  1.16308594 SigReg: 12.1104145
std: 1.046875 ,  1.12792969 SigReg: 12.1104145
std: 1.12304688 ,  1.05078125 SigReg: 11.6926346
std: 1.02929688 ,  1.16503906 SigReg: 11.6926346
std: 0.942871094 ,  0.954589844 SigReg: 10.0340881
std: 0.879394531 ,  1.27734375 SigReg: 10.0340881
std: 1.01953125 ,  1.09472656 SigReg: 12.4237022
std: 0.93359375 ,  1.02929688 SigReg: 12.4237022
std: 1.08984375 ,  1.23144531 SigReg: 12.4752483
std: 0.969238281 ,  1.07714844 SigReg: 12.4752483
std: 1.02734375 ,  1.16113281 SigReg: 11.8081245
std: 0.963867188 ,  1.09277344 SigReg: 11.8081245
std: 0.993652344 ,  1.13964844 SigReg: 10.4393129
std: 1.13574219 ,  0.991699219 SigReg: 10.4393129
std: 1.078125 ,  1.04296875 SigReg: 12.1120844
std: 1.01269531 ,  0.942382812 SigReg: 12.1120844
std: 0.900390625 ,  1.05273438 SigReg: 11.3933525
std: 1.09863281 ,  1.12402344 SigReg: 11.3933525
std: 1.08691406 ,  1.15820312 SigReg: 10.7998753
std: 1.03417969 ,  1.10449219 SigReg: 10.7998753
std: 0.959960938 ,  1.16308594 SigReg: 10.1904764
std: 1.18945312 ,  1.05078125 SigReg: 10.1904764
std: 1.06542969 ,  1.08007812 SigReg: 10.5651731
std: 0.939453125 ,  1.13574219 SigReg: 10.5651731
std: 1.13085938 ,  1.05273438 SigReg: 10.6570044
std: 1.03125 ,  1.33300781 SigReg: 10.6570044
std: 0.944824219 ,  1.04296875 SigReg: 9.61449242
std: 0.918945312 ,  1.09277344 SigReg: 9.61449242
std: 1.02246094 ,  1.14648438 SigReg: 9.93169785
std: 0.951660156 ,  1.21582031 SigReg: 9.93169785
std: 1.1328125 ,  1 SigReg: 10.3259478
std: 1.20800781 ,  1.14355469 SigReg: 10.3259478
std: 1.0703125 ,  1.07324219 SigReg: 10.6436453
std: 1.0546875 ,  1.00097656 SigReg: 10.6436453
std: 1.0703125 ,  1.09863281 SigReg: 12.1437883
std: 1.00976562 ,  1.14746094 SigReg: 12.1437883
std: 0.951171875 ,  0.935058594 SigReg: 11.4762077
std: 1.04589844 ,  1.10449219 SigReg: 11.4762077
  Step 300: Backbone Loss = 1.5780, SIGReg Loss = 11.4762 Probe Loss = 189.1740, Acc = 0.4935
std: 0.969726562 ,  1.23242188 SigReg: 12.4926033
std: 0.872558594 ,  1.02636719 SigReg: 12.4926033
std: 0.93359375 ,  1.13671875 SigReg: 10.9662533
std: 0.995117188 ,  1.15332031 SigReg: 10.9662533
std: 1.02929688 ,  0.937988281 SigReg: 10.6973209
std: 0.974609375 ,  1.02441406 SigReg: 10.6973209
std: 1.078125 ,  1.01074219 SigReg: 9.27483463
std: 0.904785156 ,  1.06835938 SigReg: 9.27483463
std: 0.980957031 ,  0.905273438 SigReg: 11.6607237
std: 0.961425781 ,  0.923828125 SigReg: 11.6607237
std: 0.862304688 ,  0.938476562 SigReg: 10.9427118
std: 0.947753906 ,  0.947753906 SigReg: 10.9427118
Epoch 15 finished in 251.18s.
  Avg Backbone Loss: 1.6386
  Avg Probe Loss:    169.7694
  Avg Probe Accuracy: 0.5017

Epoch 16/100
std: 0.983398438 ,  1.07421875 SigReg: 10.2232342
std: 1.12207031 ,  1.12695312 SigReg: 10.2232342
  Step 0: Backbone Loss = 1.6231, SIGReg Loss = 10.2232 Probe Loss = 200.3236, Acc = 0.4902
std: 1.07714844 ,  1.12890625 SigReg: 12.9785833
std: 0.979003906 ,  0.90625 SigReg: 12.9785833
std: 0.946289062 ,  1.11035156 SigReg: 10.1835051
std: 1.125 ,  1.10839844 SigReg: 10.1835051
std: 1.0078125 ,  1.06445312 SigReg: 10.4379225
std: 1.01171875 ,  1.46484375 SigReg: 10.4379225
std: 0.943847656 ,  1.27929688 SigReg: 14.8537102
std: 0.963378906 ,  1.15136719 SigReg: 14.8537102
std: 1.01953125 ,  1.24609375 SigReg: 10.3301754
std: 1.10058594 ,  1.171875 SigReg: 10.3301754
std: 1.046875 ,  1.0625 SigReg: 12.5265856
std: 1.00292969 ,  1.23828125 SigReg: 12.5265856
std: 0.895507812 ,  1.08984375 SigReg: 10.3865395
std: 0.85546875 ,  1.21191406 SigReg: 10.3865395
std: 0.959472656 ,  1.16894531 SigReg: 11.7947512
std: 0.94921875 ,  1.18359375 SigReg: 11.7947512
std: 0.897460938 ,  0.967285156 SigReg: 11.2421141
std: 1.01464844 ,  1.0703125 SigReg: 11.2421141
std: 0.942871094 ,  1.06933594 SigReg: 11.6941299
std: 0.987304688 ,  1.05761719 SigReg: 11.6941299
std: 0.877929688 ,  1.28125 SigReg: 10.7576056
std: 0.924804688 ,  1.10742188 SigReg: 10.7576056
std: 1.04785156 ,  1.14550781 SigReg: 11.3573542
std: 1.015625 ,  0.993652344 SigReg: 11.3573542
std: 0.847167969 ,  1.01757812 SigReg: 10.0277739
std: 1.06347656 ,  1.24511719 SigReg: 10.0277739
std: 1.05078125 ,  1.02734375 SigReg: 11.7718554
std: 1.04394531 ,  1.05859375 SigReg: 11.7718554
std: 1.02832031 ,  1.06054688 SigReg: 9.35123539
std: 1.09667969 ,  1.25585938 SigReg: 9.35123539
std: 0.949707031 ,  0.954101562 SigReg: 10.9406919
std: 0.990722656 ,  0.984375 SigReg: 10.9406919
std: 0.963867188 ,  1.03710938 SigReg: 11.5212717
std: 0.906738281 ,  1.04296875 SigReg: 11.5212717
std: 0.98828125 ,  1.15820312 SigReg: 10.088975
std: 0.982421875 ,  1.11328125 SigReg: 10.088975
std: 1.01464844 ,  0.947265625 SigReg: 12.5999699
std: 1.0625 ,  0.912109375 SigReg: 12.5999699
std: 1.015625 ,  1.01953125 SigReg: 9.22240353
std: 0.925292969 ,  1.07519531 SigReg: 9.22240353
std: 0.942382812 ,  1.14160156 SigReg: 10.3631706
std: 0.987304688 ,  1.01367188 SigReg: 10.3631706
std: 1.05371094 ,  1.10742188 SigReg: 9.78623772
std: 0.879394531 ,  1.34667969 SigReg: 9.78623772
std: 0.898925781 ,  1.2578125 SigReg: 8.6866045
std: 0.953613281 ,  1.09765625 SigReg: 8.6866045
std: 1.1015625 ,  1.15527344 SigReg: 10.9937878
std: 1.03710938 ,  1.01757812 SigReg: 10.9937878
std: 1.02441406 ,  1.03222656 SigReg: 8.9286871
std: 0.94140625 ,  1.11035156 SigReg: 8.9286871
std: 0.905273438 ,  1.04199219 SigReg: 10.4969521
std: 0.947753906 ,  1.12304688 SigReg: 10.4969521
std: 0.978515625 ,  1.22851562 SigReg: 8.50621414
std: 0.91796875 ,  1.28613281 SigReg: 8.50621414
std: 1.05371094 ,  1.08496094 SigReg: 9.23153687
std: 0.97265625 ,  1.26464844 SigReg: 9.23153687
std: 0.983398438 ,  1.22265625 SigReg: 11.839983
std: 1.05566406 ,  0.927734375 SigReg: 11.839983
std: 0.965820312 ,  1.22070312 SigReg: 10.3594151
std: 0.939453125 ,  1.38964844 SigReg: 10.3594151
std: 1.11523438 ,  1.06640625 SigReg: 11.6611729
std: 1.04492188 ,  1.01269531 SigReg: 11.6611729
std: 1.02832031 ,  1.13574219 SigReg: 11.9237404
std: 1.08300781 ,  1.24609375 SigReg: 11.9237404
std: 1.0703125 ,  1.0546875 SigReg: 9.51139164
std: 0.981933594 ,  1.11914062 SigReg: 9.51139164
std: 1.1484375 ,  1.18359375 SigReg: 9.47930717
std: 1.00292969 ,  1.07324219 SigReg: 9.47930717
std: 1.02636719 ,  0.993652344 SigReg: 11.3521976
std: 1.1171875 ,  0.938964844 SigReg: 11.3521976
std: 0.988769531 ,  1.07421875 SigReg: 9.92193
std: 1.04296875 ,  0.964355469 SigReg: 9.92193
std: 0.913085938 ,  1.10644531 SigReg: 10.1870899
std: 0.932128906 ,  1.05273438 SigReg: 10.1870899
std: 0.966308594 ,  0.983886719 SigReg: 9.54591
std: 1.18261719 ,  1.10253906 SigReg: 9.54591
std: 0.987792969 ,  1.03417969 SigReg: 10.5919971
std: 1.16992188 ,  0.885253906 SigReg: 10.5919971
std: 1.15820312 ,  1.02441406 SigReg: 12.9513655
std: 1.05371094 ,  1.11132812 SigReg: 12.9513655
std: 1.00097656 ,  1.04492188 SigReg: 9.5748806
std: 0.971191406 ,  1.09863281 SigReg: 9.5748806
std: 0.929199219 ,  1.05175781 SigReg: 11.2568264
std: 1.1796875 ,  0.990234375 SigReg: 11.2568264
std: 0.959472656 ,  0.990234375 SigReg: 9.28531361
std: 1.09082031 ,  1.12890625 SigReg: 9.28531361
std: 0.807128906 ,  1.20214844 SigReg: 10.0213165
std: 1.03613281 ,  1.08300781 SigReg: 10.0213165
std: 0.965820312 ,  1.13769531 SigReg: 9.27051926
std: 0.939941406 ,  1.11425781 SigReg: 9.27051926
std: 1.0234375 ,  1.20214844 SigReg: 8.81541252
std: 0.862792969 ,  1.08007812 SigReg: 8.81541252
std: 1.03320312 ,  1.11523438 SigReg: 9.66265488
std: 0.873535156 ,  1.14355469 SigReg: 9.66265488
std: 0.98828125 ,  1.17773438 SigReg: 10.6836205
std: 0.971191406 ,  1.14648438 SigReg: 10.6836205
std: 0.823730469 ,  1.2421875 SigReg: 11.6048365
std: 0.952148438 ,  1.21191406 SigReg: 11.6048365
std: 0.887207031 ,  1.20410156 SigReg: 13.9941025
std: 0.893554688 ,  1.2578125 SigReg: 13.9941025
  Step 50: Backbone Loss = 1.7295, SIGReg Loss = 13.9941 Probe Loss = 127.3014, Acc = 0.5011
std: 0.958984375 ,  1.23925781 SigReg: 12.3238497
std: 0.83203125 ,  1.22167969 SigReg: 12.3238497
std: 0.944824219 ,  1.07128906 SigReg: 10.9146976
std: 0.833496094 ,  1.15917969 SigReg: 10.9146976
std: 0.80078125 ,  1.20410156 SigReg: 10.2247105
std: 0.977050781 ,  1.09277344 SigReg: 10.2247105
std: 0.8828125 ,  1.03710938 SigReg: 11.956583
std: 0.864257812 ,  1.10546875 SigReg: 11.956583
std: 0.854980469 ,  0.921875 SigReg: 10.5904465
std: 0.872558594 ,  1.04394531 SigReg: 10.5904465
std: 0.912597656 ,  0.990234375 SigReg: 10.4719305
std: 0.775390625 ,  0.920410156 SigReg: 10.4719305
std: 0.802734375 ,  0.786132812 SigReg: 9.86751175
std: 0.754882812 ,  0.8515625 SigReg: 9.86751175
std: 0.913574219 ,  0.824707031 SigReg: 11.2495689
std: 0.752441406 ,  0.815429688 SigReg: 11.2495689
std: 0.974609375 ,  0.931640625 SigReg: 12.0131083
std: 0.748535156 ,  0.858886719 SigReg: 12.0131083
std: 0.768554688 ,  1.02929688 SigReg: 10.744544
std: 0.911132812 ,  1.0078125 SigReg: 10.744544
std: 0.994140625 ,  1.00976562 SigReg: 9.88022232
std: 0.896972656 ,  0.853027344 SigReg: 9.88022232
std: 1.01269531 ,  0.978515625 SigReg: 11.2848644
std: 0.990234375 ,  0.884765625 SigReg: 11.2848644
std: 0.930175781 ,  0.876464844 SigReg: 11.5732841
std: 0.957519531 ,  0.955078125 SigReg: 11.5732841
std: 0.997558594 ,  1.1015625 SigReg: 10.3378849
std: 0.997558594 ,  0.931640625 SigReg: 10.3378849
std: 0.973144531 ,  1.03417969 SigReg: 10.2906694
std: 0.857421875 ,  0.947265625 SigReg: 10.2906694
std: 1.06542969 ,  1.18457031 SigReg: 11.0817881
std: 1.08886719 ,  0.998535156 SigReg: 11.0817881
std: 0.945800781 ,  0.939453125 SigReg: 12.3802395
std: 0.913574219 ,  1.18261719 SigReg: 12.3802395
std: 1.02734375 ,  1.11914062 SigReg: 11.5516138
std: 1.00390625 ,  1.1796875 SigReg: 11.5516138
std: 1.0703125 ,  1.01269531 SigReg: 10.675416
std: 1.02929688 ,  1.06738281 SigReg: 10.675416
std: 0.872558594 ,  1.25195312 SigReg: 9.54455566
std: 1.18261719 ,  1.08984375 SigReg: 9.54455566
std: 1.14746094 ,  1.08203125 SigReg: 10.7941685
std: 1.171875 ,  1.20507812 SigReg: 10.7941685
std: 1.17089844 ,  1.14746094 SigReg: 10.2688713
std: 1.13867188 ,  1.03125 SigReg: 10.2688713
std: 1.17382812 ,  1.21679688 SigReg: 10.361846
std: 0.99609375 ,  1.18457031 SigReg: 10.361846
std: 1.14355469 ,  1.21386719 SigReg: 9.57739544
std: 1.29101562 ,  1.07421875 SigReg: 9.57739544
std: 1.19335938 ,  1.0703125 SigReg: 9.93793678
std: 1.08105469 ,  1.15820312 SigReg: 9.93793678
std: 1.16699219 ,  1.16015625 SigReg: 10.3583021
std: 1.32128906 ,  1.1171875 SigReg: 10.3583021
std: 1.14648438 ,  1.25878906 SigReg: 11.2396793
std: 1.06445312 ,  1.0390625 SigReg: 11.2396793
std: 1.18945312 ,  1 SigReg: 9.24479198
std: 1.12304688 ,  1.20410156 SigReg: 9.24479198
std: 1.02929688 ,  1.24414062 SigReg: 9.82056
std: 1.11816406 ,  0.915039062 SigReg: 9.82056
std: 1.04296875 ,  1.05566406 SigReg: 11.586504
std: 1.00878906 ,  0.940917969 SigReg: 11.586504
std: 1.04394531 ,  1.19042969 SigReg: 10.5633554
std: 0.961914062 ,  1.09375 SigReg: 10.5633554
std: 0.938964844 ,  1.12402344 SigReg: 10.0272522
std: 1.14550781 ,  1.00195312 SigReg: 10.0272522
std: 1.14648438 ,  1.18554688 SigReg: 11.3239994
std: 1.125 ,  1.24316406 SigReg: 11.3239994
std: 1.00390625 ,  1.25292969 SigReg: 11.6675587
std: 1.00390625 ,  1.14453125 SigReg: 11.6675587
std: 1.078125 ,  0.949707031 SigReg: 11.5091333
std: 1.13574219 ,  1.15332031 SigReg: 11.5091333
std: 1.10546875 ,  1.0703125 SigReg: 11.9817
std: 1.15625 ,  1.01855469 SigReg: 11.9817
std: 1.03710938 ,  1.04394531 SigReg: 10.9503765
std: 1.00976562 ,  1.16308594 SigReg: 10.9503765
std: 0.944335938 ,  0.908691406 SigReg: 11.959219
std: 1.07519531 ,  1.0078125 SigReg: 11.959219
std: 0.938476562 ,  1.01660156 SigReg: 11.7818098
std: 0.975585938 ,  1.11328125 SigReg: 11.7818098
std: 0.901855469 ,  1.03613281 SigReg: 10.1067991
std: 0.939453125 ,  1.09960938 SigReg: 10.1067991
std: 1.0546875 ,  1 SigReg: 9.0275631
std: 0.9375 ,  1.06152344 SigReg: 9.0275631
std: 1.09375 ,  0.919433594 SigReg: 9.47579765
std: 1.06054688 ,  0.856445312 SigReg: 9.47579765
std: 0.998046875 ,  1.01367188 SigReg: 11.0640173
std: 0.90625 ,  1.03320312 SigReg: 11.0640173
std: 0.912597656 ,  0.927246094 SigReg: 9.75988
std: 0.829101562 ,  1.08203125 SigReg: 9.75988
std: 0.999511719 ,  0.853027344 SigReg: 9.52964115
std: 0.91796875 ,  0.897949219 SigReg: 9.52964115
std: 0.834960938 ,  0.950195312 SigReg: 9.2116251
std: 0.991210938 ,  0.862792969 SigReg: 9.2116251
std: 0.909667969 ,  1.01367188 SigReg: 9.99585915
std: 0.8984375 ,  0.920410156 SigReg: 9.99585915
std: 0.959960938 ,  0.943359375 SigReg: 9.13364315
std: 0.916015625 ,  0.90234375 SigReg: 9.13364315
std: 0.997558594 ,  0.90625 SigReg: 11.7653122
std: 0.896484375 ,  0.89453125 SigReg: 11.7653122
std: 0.946777344 ,  0.8984375 SigReg: 12.3811016
std: 1.04199219 ,  0.938476562 SigReg: 12.3811016
  Step 100: Backbone Loss = 1.6796, SIGReg Loss = 12.3811 Probe Loss = 138.0869, Acc = 0.5004
std: 0.96484375 ,  1.03027344 SigReg: 10.9844303
std: 1.02734375 ,  1.05761719 SigReg: 10.9844303
std: 1.00683594 ,  0.962402344 SigReg: 9.20014477
std: 0.909667969 ,  0.912597656 SigReg: 9.20014477
std: 0.9921875 ,  0.884765625 SigReg: 11.5023689
std: 1.0625 ,  0.953125 SigReg: 11.5023689
std: 1.04394531 ,  0.834472656 SigReg: 10.1321983
std: 1.04980469 ,  0.8984375 SigReg: 10.1321983
std: 1.07128906 ,  0.991210938 SigReg: 12.1352148
std: 1.00390625 ,  1.06835938 SigReg: 12.1352148
std: 0.939941406 ,  0.999511719 SigReg: 11.8667202
std: 0.832519531 ,  0.940917969 SigReg: 11.8667202
std: 0.884277344 ,  0.820800781 SigReg: 16.118742
std: 0.859375 ,  0.975585938 SigReg: 16.118742
std: 0.799804688 ,  0.880859375 SigReg: 12.5669861
std: 0.909179688 ,  0.948730469 SigReg: 12.5669861
std: 0.814453125 ,  0.800292969 SigReg: 13.1309319
std: 0.876464844 ,  0.756347656 SigReg: 13.1309319
std: 0.990234375 ,  0.819335938 SigReg: 12.0737391
std: 0.909667969 ,  0.809570312 SigReg: 12.0737391
std: 0.915527344 ,  0.937988281 SigReg: 11.137845
std: 0.886230469 ,  0.80859375 SigReg: 11.137845
std: 0.941894531 ,  0.871582031 SigReg: 10.688303
std: 1.0703125 ,  0.966308594 SigReg: 10.688303
std: 0.907714844 ,  0.847167969 SigReg: 12.2297783
std: 0.760253906 ,  0.95703125 SigReg: 12.2297783
std: 1.02636719 ,  1.03515625 SigReg: 12.2308712
std: 0.873535156 ,  0.880371094 SigReg: 12.2308712
std: 0.865234375 ,  0.998046875 SigReg: 9.74478149
std: 0.846191406 ,  1.0703125 SigReg: 9.74478149
std: 1.1015625 ,  0.909179688 SigReg: 14.8111658
std: 0.943359375 ,  1.00390625 SigReg: 14.8111658
std: 1.04296875 ,  0.89453125 SigReg: 11.7794218
std: 1.06054688 ,  0.819824219 SigReg: 11.7794218
std: 0.856445312 ,  0.984863281 SigReg: 9.80425739
std: 1.06347656 ,  1.07324219 SigReg: 9.80425739
std: 0.868652344 ,  0.99609375 SigReg: 10.0115623
std: 0.991699219 ,  1.08691406 SigReg: 10.0115623
std: 0.971679688 ,  0.95703125 SigReg: 10.3954496
std: 1.12011719 ,  0.875976562 SigReg: 10.3954496
std: 1.06152344 ,  1.03125 SigReg: 10.3120613
std: 1.0234375 ,  0.891601562 SigReg: 10.3120613
std: 1.07128906 ,  1.05175781 SigReg: 10.383131
std: 0.932128906 ,  0.976074219 SigReg: 10.383131
std: 1.13378906 ,  0.855957031 SigReg: 10.4744892
std: 1.05371094 ,  0.951171875 SigReg: 10.4744892
std: 1.10742188 ,  0.94140625 SigReg: 10.3666124
std: 0.918457031 ,  0.885742188 SigReg: 10.3666124
std: 0.922851562 ,  0.957519531 SigReg: 9.70102882
std: 1.17285156 ,  0.990234375 SigReg: 9.70102882
std: 0.909179688 ,  1.10058594 SigReg: 10.5465097
std: 1.07910156 ,  0.838378906 SigReg: 10.5465097
std: 1.00488281 ,  0.861328125 SigReg: 9.120965
std: 1.03417969 ,  0.94140625 SigReg: 9.120965
std: 0.984863281 ,  0.833496094 SigReg: 10.9298916
std: 0.892578125 ,  0.879882812 SigReg: 10.9298916
std: 0.987304688 ,  1.01171875 SigReg: 13.7005072
std: 1.13378906 ,  0.771484375 SigReg: 13.7005072
std: 0.916503906 ,  1.01464844 SigReg: 12.74751
std: 0.907226562 ,  0.893066406 SigReg: 12.74751
std: 0.969238281 ,  0.971679688 SigReg: 9.86909103
std: 1.10058594 ,  1.04296875 SigReg: 9.86909103
std: 1.02636719 ,  0.848632812 SigReg: 13.0576057
std: 0.930664062 ,  0.954589844 SigReg: 13.0576057
std: 1.03320312 ,  0.859863281 SigReg: 12.0801191
std: 0.996582031 ,  0.96484375 SigReg: 12.0801191
std: 0.978515625 ,  0.921875 SigReg: 12.6144495
std: 0.973144531 ,  0.904785156 SigReg: 12.6144495
std: 0.918945312 ,  1.04785156 SigReg: 12.319869
std: 1.13476562 ,  1.00878906 SigReg: 12.319869
std: 0.798339844 ,  0.950195312 SigReg: 12.7722445
std: 1.02832031 ,  1.02050781 SigReg: 12.7722445
std: 0.979980469 ,  1.13574219 SigReg: 14.6320057
std: 0.82421875 ,  1.00097656 SigReg: 14.6320057
std: 0.979003906 ,  1.16308594 SigReg: 11.4235687
std: 0.892089844 ,  1.05664062 SigReg: 11.4235687
std: 1.04492188 ,  0.86328125 SigReg: 12.0469112
std: 0.904296875 ,  1.19726562 SigReg: 12.0469112
std: 0.897460938 ,  1.03125 SigReg: 12.8454103
std: 0.883789062 ,  1.09179688 SigReg: 12.8454103
std: 0.931640625 ,  0.99609375 SigReg: 9.54587364
std: 0.801757812 ,  1.1640625 SigReg: 9.54587364
std: 0.942382812 ,  1.08886719 SigReg: 10.8972549
std: 0.871582031 ,  1.13574219 SigReg: 10.8972549
std: 0.841308594 ,  1.125 SigReg: 10.0696726
std: 1.015625 ,  1.07128906 SigReg: 10.0696726
std: 0.909179688 ,  1.02832031 SigReg: 9.89636612
std: 0.83984375 ,  1.05761719 SigReg: 9.89636612
std: 0.918945312 ,  1.06835938 SigReg: 10.3931112
std: 0.939941406 ,  1.03710938 SigReg: 10.3931112
std: 0.810546875 ,  0.963867188 SigReg: 12.3005114
std: 0.838378906 ,  0.913574219 SigReg: 12.3005114
std: 0.849121094 ,  0.90625 SigReg: 10.9705944
std: 0.983398438 ,  1.03417969 SigReg: 10.9705944
std: 0.866699219 ,  0.985351562 SigReg: 12.0825062
std: 0.854003906 ,  0.809082031 SigReg: 12.0825062
std: 1.12207031 ,  0.896484375 SigReg: 10.9970016
std: 0.99609375 ,  0.953125 SigReg: 10.9970016
std: 1.08984375 ,  0.930664062 SigReg: 11.9408207
std: 0.938964844 ,  0.923828125 SigReg: 11.9408207
  Step 150: Backbone Loss = 1.6689, SIGReg Loss = 11.9408 Probe Loss = 139.7126, Acc = 0.5052
std: 1.04101562 ,  0.885742188 SigReg: 10.194561
std: 0.98828125 ,  0.916992188 SigReg: 10.194561
std: 1.01660156 ,  0.956542969 SigReg: 10.2345495
std: 1.140625 ,  0.920898438 SigReg: 10.2345495
std: 0.908203125 ,  0.841796875 SigReg: 8.8371954
std: 0.993164062 ,  0.873535156 SigReg: 8.8371954
std: 0.939941406 ,  0.850585938 SigReg: 10.1969509
std: 0.936523438 ,  0.948730469 SigReg: 10.1969509
std: 1.09277344 ,  0.805664062 SigReg: 10.357378
std: 0.918945312 ,  0.934082031 SigReg: 10.357378
std: 1 ,  0.877929688 SigReg: 9.72673321
std: 1.10742188 ,  0.905273438 SigReg: 9.72673321
std: 1.01757812 ,  0.939941406 SigReg: 11.2839584
std: 1.08105469 ,  0.934570312 SigReg: 11.2839584
std: 1.0078125 ,  0.804199219 SigReg: 9.34108257
std: 0.983886719 ,  1.08300781 SigReg: 9.34108257
std: 1.02441406 ,  1.00585938 SigReg: 9.94707584
std: 0.961914062 ,  0.912109375 SigReg: 9.94707584
std: 1.05371094 ,  1.04003906 SigReg: 10.8071461
std: 1.09082031 ,  0.923339844 SigReg: 10.8071461
std: 1.10839844 ,  0.873535156 SigReg: 11.178092
std: 1.11132812 ,  0.764648438 SigReg: 11.178092
std: 1.10351562 ,  0.92578125 SigReg: 10.4313326
std: 1.05664062 ,  0.842285156 SigReg: 10.4313326
std: 0.990722656 ,  0.967285156 SigReg: 9.76813507
std: 0.976074219 ,  0.969726562 SigReg: 9.76813507
std: 1.18652344 ,  0.884277344 SigReg: 9.8311491
std: 0.963378906 ,  0.891113281 SigReg: 9.8311491
std: 1.02636719 ,  0.988769531 SigReg: 10.1486645
std: 0.919921875 ,  0.840332031 SigReg: 10.1486645
std: 0.852050781 ,  0.783691406 SigReg: 9.24977684
std: 0.954589844 ,  0.782226562 SigReg: 9.24977684
std: 0.927246094 ,  0.866699219 SigReg: 11.4500637
std: 0.77734375 ,  0.967773438 SigReg: 11.4500637
std: 1.06835938 ,  0.867675781 SigReg: 10.4169197
std: 0.786132812 ,  0.924316406 SigReg: 10.4169197
std: 0.904785156 ,  0.955078125 SigReg: 10.6200809
std: 0.870117188 ,  0.951660156 SigReg: 10.6200809
std: 0.938476562 ,  0.997070312 SigReg: 9.31249523
std: 0.955078125 ,  0.930664062 SigReg: 9.31249523
std: 1.09765625 ,  0.942382812 SigReg: 10.7516737
std: 0.854492188 ,  0.919921875 SigReg: 10.7516737
std: 0.794921875 ,  0.850585938 SigReg: 8.67224598
std: 0.885742188 ,  0.971679688 SigReg: 8.67224598
std: 0.913574219 ,  1.09570312 SigReg: 11.240509
std: 0.98828125 ,  0.837402344 SigReg: 11.240509
std: 0.990234375 ,  1.10253906 SigReg: 10.3977404
std: 0.948730469 ,  0.791503906 SigReg: 10.3977404
std: 1.1171875 ,  0.892089844 SigReg: 10.9846306
std: 0.909179688 ,  0.916015625 SigReg: 10.9846306
std: 1.02050781 ,  0.903320312 SigReg: 11.6394262
std: 1.00292969 ,  1.02832031 SigReg: 11.6394262
std: 0.876953125 ,  1.03027344 SigReg: 12.5645504
std: 0.923828125 ,  1.02734375 SigReg: 12.5645504
std: 0.9453125 ,  0.965332031 SigReg: 11.9071875
std: 0.98828125 ,  1.00976562 SigReg: 11.9071875
std: 1.02441406 ,  0.937988281 SigReg: 11.1892815
std: 1.14746094 ,  1.02539062 SigReg: 11.1892815
std: 1.12109375 ,  1.0859375 SigReg: 14.4057875
std: 0.97265625 ,  1.04394531 SigReg: 14.4057875
std: 0.940429688 ,  0.900878906 SigReg: 13.1787186
std: 0.928222656 ,  0.868652344 SigReg: 13.1787186
std: 0.924804688 ,  0.989257812 SigReg: 12.4635572
std: 0.911132812 ,  0.857421875 SigReg: 12.4635572
std: 1.13867188 ,  0.963867188 SigReg: 11.6027393
std: 0.865234375 ,  0.994628906 SigReg: 11.6027393
std: 0.900390625 ,  0.960449219 SigReg: 11.8058033
std: 0.8828125 ,  0.850585938 SigReg: 11.8058033
std: 0.809570312 ,  0.924804688 SigReg: 10.5526142
std: 0.946289062 ,  1.12304688 SigReg: 10.5526142
std: 0.899902344 ,  0.897949219 SigReg: 10.2907305
std: 0.969238281 ,  1.07714844 SigReg: 10.2907305
std: 1.03613281 ,  0.900390625 SigReg: 11.2329788
std: 1.07714844 ,  0.941894531 SigReg: 11.2329788
std: 1.04003906 ,  1.00683594 SigReg: 11.8000336
std: 1.03417969 ,  0.973632812 SigReg: 11.8000336
std: 1.00195312 ,  1.00292969 SigReg: 10.2481956
std: 1.046875 ,  1.03320312 SigReg: 10.2481956
std: 0.893066406 ,  1.11816406 SigReg: 9.23957443
std: 1.10742188 ,  0.986816406 SigReg: 9.23957443
std: 1.02832031 ,  0.969726562 SigReg: 8.73917
std: 1.13964844 ,  0.949707031 SigReg: 8.73917
std: 1.06054688 ,  0.927734375 SigReg: 9.87004948
std: 1.26464844 ,  0.963867188 SigReg: 9.87004948
std: 1.09082031 ,  0.852539062 SigReg: 11.6030636
std: 1.07421875 ,  0.872070312 SigReg: 11.6030636
std: 1.07324219 ,  1.0078125 SigReg: 9.89130783
std: 1.01367188 ,  0.969238281 SigReg: 9.89130783
std: 0.993652344 ,  1.03417969 SigReg: 10.2362366
std: 1.06933594 ,  0.931640625 SigReg: 10.2362366
std: 1.09472656 ,  0.913574219 SigReg: 9.49892426
std: 1.11425781 ,  0.967773438 SigReg: 9.49892426
std: 1.12792969 ,  0.869140625 SigReg: 10.3081083
std: 0.98828125 ,  0.885742188 SigReg: 10.3081083
std: 0.949707031 ,  0.9609375 SigReg: 9.55540276
std: 1.12890625 ,  1.02539062 SigReg: 9.55540276
std: 1.07910156 ,  0.975585938 SigReg: 8.68539906
std: 1.08398438 ,  1.08105469 SigReg: 8.68539906
std: 1.1171875 ,  0.887695312 SigReg: 11.2587471
std: 1.09863281 ,  0.932617188 SigReg: 11.2587471
  Step 200: Backbone Loss = 1.6483, SIGReg Loss = 11.2587 Probe Loss = 183.0575, Acc = 0.4900
std: 1.08203125 ,  0.874511719 SigReg: 9.77963734
std: 0.964355469 ,  0.909179688 SigReg: 9.77963734
std: 1.03027344 ,  0.962890625 SigReg: 10.6883965
std: 1.01757812 ,  0.832519531 SigReg: 10.6883965
std: 1.10644531 ,  0.966796875 SigReg: 9.40749168
std: 1.1015625 ,  0.864257812 SigReg: 9.40749168
std: 1.08886719 ,  0.906738281 SigReg: 8.20588
std: 1.01367188 ,  1.05957031 SigReg: 8.20588
std: 1.12792969 ,  0.958007812 SigReg: 10.5843906
std: 0.929199219 ,  0.744628906 SigReg: 10.5843906
std: 0.9453125 ,  0.920410156 SigReg: 8.53438282
std: 1.05859375 ,  0.9921875 SigReg: 8.53438282
std: 0.96875 ,  1.06152344 SigReg: 10.9610138
std: 0.969238281 ,  0.845703125 SigReg: 10.9610138
std: 1.06933594 ,  1.04882812 SigReg: 9.5931282
std: 0.981445312 ,  0.911132812 SigReg: 9.5931282
std: 0.89453125 ,  0.8671875 SigReg: 9.44867134
std: 0.818359375 ,  0.89453125 SigReg: 9.44867134
std: 1.0390625 ,  0.887695312 SigReg: 11.3480568
std: 1.10253906 ,  0.776855469 SigReg: 11.3480568
std: 1.02636719 ,  0.95703125 SigReg: 12.174305
std: 1.08203125 ,  0.8046875 SigReg: 12.174305
std: 0.989257812 ,  0.844238281 SigReg: 13.0385351
std: 1.02929688 ,  0.975585938 SigReg: 13.0385351
std: 1.04101562 ,  0.879882812 SigReg: 15.8536081
std: 1.16699219 ,  1.09765625 SigReg: 15.8536081
std: 1.30957031 ,  0.756347656 SigReg: 13.5618954
std: 1.046875 ,  0.933105469 SigReg: 13.5618954
std: 1.24609375 ,  0.91796875 SigReg: 12.4218864
std: 1.08886719 ,  0.981445312 SigReg: 12.4218864
std: 1.02441406 ,  0.868164062 SigReg: 10.8682575
std: 0.973632812 ,  0.793457031 SigReg: 10.8682575
std: 1.15820312 ,  0.951171875 SigReg: 10.5681486
std: 1.10644531 ,  1.06445312 SigReg: 10.5681486
std: 0.973144531 ,  0.862304688 SigReg: 9.70061302
std: 0.98046875 ,  0.983398438 SigReg: 9.70061302
std: 1.06152344 ,  1.01171875 SigReg: 9.6121645
std: 1.09570312 ,  1.01367188 SigReg: 9.6121645
std: 1.18164062 ,  0.913574219 SigReg: 11.2441626
std: 1.01367188 ,  0.961425781 SigReg: 11.2441626
std: 1.05859375 ,  1.05761719 SigReg: 11.0063238
std: 0.941894531 ,  1.02148438 SigReg: 11.0063238
std: 1.04589844 ,  0.843261719 SigReg: 10.4267406
std: 1.04589844 ,  0.853515625 SigReg: 10.4267406
std: 1.01757812 ,  0.984863281 SigReg: 11.5138626
std: 1.05175781 ,  0.94140625 SigReg: 11.5138626
std: 1.15332031 ,  0.96875 SigReg: 10.9922695
std: 1.11816406 ,  1.01660156 SigReg: 10.9922695
std: 1.15917969 ,  1.05078125 SigReg: 9.20588875
std: 1.07617188 ,  0.954589844 SigReg: 9.20588875
std: 0.966308594 ,  1.05078125 SigReg: 9.58083916
std: 0.9921875 ,  0.962890625 SigReg: 9.58083916
std: 1.09082031 ,  1.04882812 SigReg: 9.20475769
std: 0.856445312 ,  0.937988281 SigReg: 9.20475769
std: 1.10839844 ,  1.00195312 SigReg: 11.1984577
std: 1.02636719 ,  0.813476562 SigReg: 11.1984577
std: 1.00878906 ,  0.744140625 SigReg: 9.90775204
std: 0.904296875 ,  0.706054688 SigReg: 9.90775204
std: 1.07910156 ,  0.962402344 SigReg: 10.2755289
std: 1.08984375 ,  1 SigReg: 10.2755289
std: 1.04296875 ,  1.02539062 SigReg: 8.76361752
std: 1.06542969 ,  0.852050781 SigReg: 8.76361752
std: 1.01074219 ,  0.921386719 SigReg: 10.0574932
std: 1.0703125 ,  1.07617188 SigReg: 10.0574932
std: 1.12402344 ,  1.11425781 SigReg: 10.7405853
std: 0.948730469 ,  0.981445312 SigReg: 10.7405853
std: 1.00195312 ,  0.925292969 SigReg: 10.8226604
std: 1.01953125 ,  0.994628906 SigReg: 10.8226604
std: 1.08300781 ,  1.04296875 SigReg: 11.1625423
std: 1.00390625 ,  0.950195312 SigReg: 11.1625423
std: 1.16015625 ,  1.10644531 SigReg: 10.2360306
std: 1.140625 ,  0.863769531 SigReg: 10.2360306
std: 1.08691406 ,  0.953613281 SigReg: 9.59600735
std: 1.05957031 ,  0.916015625 SigReg: 9.59600735
std: 0.966796875 ,  0.966308594 SigReg: 9.52421379
std: 0.967773438 ,  0.897949219 SigReg: 9.52421379
std: 0.979980469 ,  1.078125 SigReg: 10.0953341
std: 0.899414062 ,  1.00390625 SigReg: 10.0953341
std: 0.968261719 ,  0.923828125 SigReg: 8.66249466
std: 0.899414062 ,  0.952148438 SigReg: 8.66249466
std: 0.999511719 ,  0.805175781 SigReg: 9.88168812
std: 0.852050781 ,  1.13085938 SigReg: 9.88168812
std: 0.971191406 ,  0.984375 SigReg: 10.9680748
std: 0.891601562 ,  0.974609375 SigReg: 10.9680748
std: 0.779296875 ,  0.953125 SigReg: 9.4929
std: 0.812011719 ,  0.872558594 SigReg: 9.4929
std: 0.963378906 ,  1.03515625 SigReg: 9.94971
std: 0.919921875 ,  0.928710938 SigReg: 9.94971
std: 0.845703125 ,  0.96484375 SigReg: 9.80086136
std: 0.880371094 ,  0.866210938 SigReg: 9.80086136
std: 0.84765625 ,  0.861328125 SigReg: 9.64028
std: 0.827148438 ,  0.885742188 SigReg: 9.64028
std: 0.863769531 ,  0.958496094 SigReg: 10.6197891
std: 0.946777344 ,  0.97265625 SigReg: 10.6197891
std: 0.884277344 ,  0.948730469 SigReg: 8.85578251
std: 1.015625 ,  0.966308594 SigReg: 8.85578251
std: 0.835449219 ,  1.01367188 SigReg: 9.24974537
std: 0.829101562 ,  0.866699219 SigReg: 9.24974537
std: 0.909667969 ,  0.895019531 SigReg: 8.79745483
std: 0.885253906 ,  1.0546875 SigReg: 8.79745483
  Step 250: Backbone Loss = 1.5071, SIGReg Loss = 8.7975 Probe Loss = 177.0411, Acc = 0.5019
std: 0.916015625 ,  1.03613281 SigReg: 8.54054546
std: 0.793945312 ,  0.928222656 SigReg: 8.54054546
std: 0.849609375 ,  0.862792969 SigReg: 8.16433716
std: 0.946777344 ,  1.04882812 SigReg: 8.16433716
std: 1.01855469 ,  0.901855469 SigReg: 8.43065834
std: 0.854003906 ,  1.05664062 SigReg: 8.43065834
std: 0.78125 ,  0.945800781 SigReg: 9.49566841
std: 0.807617188 ,  0.916992188 SigReg: 9.49566841
std: 0.829589844 ,  0.902832031 SigReg: 8.3629446
std: 0.906738281 ,  1.03613281 SigReg: 8.3629446
std: 0.961425781 ,  1.09960938 SigReg: 9.30149746
std: 0.918457031 ,  1.0703125 SigReg: 9.30149746
std: 0.981933594 ,  0.812988281 SigReg: 9.657938
std: 0.854492188 ,  0.886230469 SigReg: 9.657938
std: 0.914550781 ,  0.84375 SigReg: 8.61995697
std: 0.833984375 ,  0.985839844 SigReg: 8.61995697
std: 1.01269531 ,  0.960449219 SigReg: 10.1098537
std: 0.872558594 ,  1.01464844 SigReg: 10.1098537
std: 0.844238281 ,  0.961914062 SigReg: 8.75598145
std: 1.02636719 ,  0.936523438 SigReg: 8.75598145
std: 0.857421875 ,  0.901855469 SigReg: 10.4604826
std: 0.916503906 ,  1.00683594 SigReg: 10.4604826
std: 1.10742188 ,  1.02929688 SigReg: 10.8768749
std: 1.04882812 ,  0.957519531 SigReg: 10.8768749
std: 0.995605469 ,  1.06542969 SigReg: 15.6528168
std: 0.957519531 ,  1.04589844 SigReg: 15.6528168
std: 0.862304688 ,  1.06738281 SigReg: 11.8088579
std: 0.85546875 ,  1.02148438 SigReg: 11.8088579
std: 0.94921875 ,  0.944335938 SigReg: 9.97769165
std: 1.02539062 ,  1.11621094 SigReg: 9.97769165
std: 0.892089844 ,  1.17578125 SigReg: 10.5070667
std: 0.934082031 ,  0.982421875 SigReg: 10.5070667
std: 0.946777344 ,  0.975585938 SigReg: 10.2750311
std: 0.942382812 ,  1.0078125 SigReg: 10.2750311
std: 0.947753906 ,  0.968261719 SigReg: 11.1542654
std: 0.962402344 ,  0.849121094 SigReg: 11.1542654
std: 0.972167969 ,  1.04003906 SigReg: 9.41299057
std: 1.02636719 ,  0.851074219 SigReg: 9.41299057
std: 1.03125 ,  0.949707031 SigReg: 8.66170502
std: 1.02441406 ,  0.989746094 SigReg: 8.66170502
std: 1.00585938 ,  1.0234375 SigReg: 10.266696
std: 0.821289062 ,  1.06933594 SigReg: 10.266696
std: 0.912109375 ,  0.860351562 SigReg: 10.6744175
std: 0.90234375 ,  0.737792969 SigReg: 10.6744175
std: 0.920898438 ,  0.927246094 SigReg: 9.9943428
std: 0.990722656 ,  0.897949219 SigReg: 9.9943428
std: 0.872070312 ,  0.836425781 SigReg: 10.5614929
std: 0.836914062 ,  0.848632812 SigReg: 10.5614929
std: 0.920898438 ,  0.961914062 SigReg: 9.34972095
std: 0.924316406 ,  0.873535156 SigReg: 9.34972095
std: 0.857910156 ,  0.956054688 SigReg: 10.4333696
std: 0.749511719 ,  0.923828125 SigReg: 10.4333696
std: 0.795410156 ,  0.928222656 SigReg: 11.5977879
std: 0.923339844 ,  0.71484375 SigReg: 11.5977879
std: 0.879882812 ,  0.729003906 SigReg: 11.2147017
std: 0.795898438 ,  0.729980469 SigReg: 11.2147017
std: 0.756835938 ,  0.698730469 SigReg: 10.6183481
std: 0.868164062 ,  0.855957031 SigReg: 10.6183481
std: 0.71484375 ,  0.715332031 SigReg: 10.3097944
std: 0.754394531 ,  0.780761719 SigReg: 10.3097944
std: 0.850585938 ,  0.904785156 SigReg: 11.1410046
std: 0.823242188 ,  0.779785156 SigReg: 11.1410046
std: 0.840820312 ,  0.835449219 SigReg: 9.00770664
std: 0.759277344 ,  0.916992188 SigReg: 9.00770664
std: 0.654785156 ,  0.844238281 SigReg: 9.84797668
std: 0.779785156 ,  0.979492188 SigReg: 9.84797668
std: 0.941894531 ,  1.01953125 SigReg: 10.0197725
std: 0.868652344 ,  0.837890625 SigReg: 10.0197725
std: 0.939453125 ,  0.895019531 SigReg: 10.8609619
std: 1.02539062 ,  1.04003906 SigReg: 10.8609619
std: 1.00878906 ,  0.857421875 SigReg: 12.1681662
std: 0.875488281 ,  1.04394531 SigReg: 12.1681662
std: 1.01171875 ,  0.893554688 SigReg: 11.0569515
std: 0.900390625 ,  0.949707031 SigReg: 11.0569515
std: 1.03808594 ,  0.787109375 SigReg: 11.9707222
std: 0.901855469 ,  0.911132812 SigReg: 11.9707222
std: 1.00390625 ,  0.987792969 SigReg: 10.5205736
std: 1.03125 ,  0.821289062 SigReg: 10.5205736
std: 1.07617188 ,  0.985351562 SigReg: 11.35501
std: 1.0078125 ,  0.892089844 SigReg: 11.35501
std: 0.947753906 ,  0.957519531 SigReg: 13.7647667
std: 0.825683594 ,  0.781738281 SigReg: 13.7647667
std: 0.92578125 ,  0.930175781 SigReg: 12.5089808
std: 0.939453125 ,  0.774902344 SigReg: 12.5089808
std: 0.810546875 ,  0.814941406 SigReg: 14.6189499
std: 0.867675781 ,  0.712402344 SigReg: 14.6189499
std: 0.758300781 ,  0.774902344 SigReg: 12.853426
std: 0.805664062 ,  0.895996094 SigReg: 12.853426
std: 1.02734375 ,  0.770507812 SigReg: 11.829834
std: 1.05273438 ,  1.01464844 SigReg: 11.829834
std: 0.895507812 ,  0.811523438 SigReg: 11.4470177
std: 0.931640625 ,  0.817382812 SigReg: 11.4470177
std: 0.786132812 ,  1.0546875 SigReg: 11.237277
std: 0.999511719 ,  0.825683594 SigReg: 11.237277
std: 1.10058594 ,  0.844726562 SigReg: 10.9253645
std: 0.970214844 ,  0.858886719 SigReg: 10.9253645
std: 0.915039062 ,  0.749023438 SigReg: 11.7099333
std: 1.04199219 ,  0.967773438 SigReg: 11.7099333
std: 0.993652344 ,  0.900878906 SigReg: 11.5166683
std: 0.939453125 ,  0.961425781 SigReg: 11.5166683
  Step 300: Backbone Loss = 1.7209, SIGReg Loss = 11.5167 Probe Loss = 196.1905, Acc = 0.5042
std: 1.00683594 ,  0.953613281 SigReg: 12.3777237
std: 0.974609375 ,  0.9453125 SigReg: 12.3777237
std: 0.985351562 ,  0.923828125 SigReg: 10.4646454
std: 0.958496094 ,  0.997558594 SigReg: 10.4646454
std: 1.0859375 ,  0.859375 SigReg: 12.2786865
std: 1.0703125 ,  0.916015625 SigReg: 12.2786865
std: 1.16015625 ,  0.987792969 SigReg: 10.3088799
std: 1.09667969 ,  0.9453125 SigReg: 10.3088799
std: 1.04199219 ,  1.04199219 SigReg: 9.55703163
std: 0.93359375 ,  1.01269531 SigReg: 9.55703163
std: 0.952636719 ,  1.13378906 SigReg: 10.5427513
std: 1.00097656 ,  0.922851562 SigReg: 10.5427513
Epoch 16 finished in 249.66s.
  Avg Backbone Loss: 1.6169
  Avg Probe Loss:    175.5020
  Avg Probe Accuracy: 0.5018

Epoch 17/100
std: 1.04296875 ,  1.07714844 SigReg: 11.8565655
std: 0.939453125 ,  1.04296875 SigReg: 11.8565655
  Step 0: Backbone Loss = 1.7439, SIGReg Loss = 11.8566 Probe Loss = 162.0544, Acc = 0.5023
std: 1.02148438 ,  1.03515625 SigReg: 9.48532391
std: 1.02441406 ,  1.01953125 SigReg: 9.48532391
std: 1.05078125 ,  0.904785156 SigReg: 9.70437622
std: 0.758789062 ,  1.02636719 SigReg: 9.70437622
std: 1.02441406 ,  0.966796875 SigReg: 11.698576
std: 1.1015625 ,  0.914550781 SigReg: 11.698576
std: 1.06347656 ,  0.847167969 SigReg: 12.5678425
std: 1.00976562 ,  0.880371094 SigReg: 12.5678425
std: 0.87890625 ,  0.971679688 SigReg: 11.7045612
std: 1.00878906 ,  0.83203125 SigReg: 11.7045612
std: 0.939941406 ,  0.902832031 SigReg: 10.0429468
std: 0.995605469 ,  0.920898438 SigReg: 10.0429468
std: 1.14941406 ,  0.846191406 SigReg: 10.1873398
std: 0.975097656 ,  0.947753906 SigReg: 10.1873398
std: 1.11132812 ,  0.888671875 SigReg: 11.7466574
std: 1.09179688 ,  0.994140625 SigReg: 11.7466574
std: 1.1015625 ,  0.927246094 SigReg: 10.2430935
std: 1.20410156 ,  0.888183594 SigReg: 10.2430935
std: 1 ,  1.01171875 SigReg: 11.3570375
std: 1.23046875 ,  1.12988281 SigReg: 11.3570375
std: 1.16699219 ,  1.14550781 SigReg: 11.0565329
std: 1.11132812 ,  0.997558594 SigReg: 11.0565329
std: 1.22558594 ,  1.01269531 SigReg: 11.1275539
std: 1.265625 ,  0.982421875 SigReg: 11.1275539
std: 1.3125 ,  0.940429688 SigReg: 10.53654
std: 1.07617188 ,  0.877441406 SigReg: 10.53654
std: 1.09863281 ,  0.857421875 SigReg: 10.6649828
std: 1.07128906 ,  1.0703125 SigReg: 10.6649828
std: 1.17675781 ,  0.971191406 SigReg: 9.99341202
std: 1.1171875 ,  1.01855469 SigReg: 9.99341202
std: 1.24902344 ,  1.06445312 SigReg: 11.1560621
std: 1.21289062 ,  1.10742188 SigReg: 11.1560621
std: 1.05273438 ,  0.975097656 SigReg: 10.0009909
std: 1.13574219 ,  1.11816406 SigReg: 10.0009909
std: 1.0390625 ,  0.955566406 SigReg: 9.49330521
std: 1.10253906 ,  0.951171875 SigReg: 9.49330521
std: 1.1015625 ,  1.06054688 SigReg: 9.9454813
std: 1.21972656 ,  1.00488281 SigReg: 9.9454813
std: 1.07421875 ,  0.990722656 SigReg: 8.68503571
std: 1.10644531 ,  0.937011719 SigReg: 8.68503571
std: 1.24902344 ,  0.920898438 SigReg: 9.68831539
std: 1.13867188 ,  1.07617188 SigReg: 9.68831539
std: 1.27148438 ,  0.991210938 SigReg: 9.98300552
std: 1.0859375 ,  0.884765625 SigReg: 9.98300552
std: 1.16015625 ,  0.920898438 SigReg: 10.8045759
std: 1.18261719 ,  1.07617188 SigReg: 10.8045759
std: 1.109375 ,  1.05859375 SigReg: 9.8109169
std: 1.10449219 ,  0.907226562 SigReg: 9.8109169
std: 1.04199219 ,  0.897460938 SigReg: 11.734479
std: 1.12402344 ,  0.815917969 SigReg: 11.734479
std: 1.00585938 ,  1.00292969 SigReg: 9.526
std: 1.06152344 ,  1.12792969 SigReg: 9.526
std: 1.06445312 ,  1.13183594 SigReg: 9.17441
std: 1.08007812 ,  0.923828125 SigReg: 9.17441
std: 1.27148438 ,  0.847167969 SigReg: 10.6701174
std: 1.21972656 ,  0.953125 SigReg: 10.6701174
std: 1.08300781 ,  0.882324219 SigReg: 10.1138668
std: 1.3046875 ,  0.999023438 SigReg: 10.1138668
std: 1.19042969 ,  0.941894531 SigReg: 8.9075222
std: 1.11816406 ,  1.05957031 SigReg: 8.9075222
std: 1.17675781 ,  0.976074219 SigReg: 10.1958475
std: 1.25976562 ,  0.841308594 SigReg: 10.1958475
std: 1.29003906 ,  0.787597656 SigReg: 9.74013805
std: 1.17675781 ,  0.93359375 SigReg: 9.74013805
std: 1.10058594 ,  0.91796875 SigReg: 9.74577
std: 1.32617188 ,  0.953613281 SigReg: 9.74577
std: 1.12597656 ,  0.961425781 SigReg: 9.28128147
std: 1.34375 ,  0.919433594 SigReg: 9.28128147
std: 1.22167969 ,  0.95703125 SigReg: 10.4124737
std: 1.08105469 ,  1.04003906 SigReg: 10.4124737
std: 1.12402344 ,  0.829589844 SigReg: 9.44483948
std: 1.10546875 ,  0.934570312 SigReg: 9.44483948
std: 1.05175781 ,  0.991210938 SigReg: 10.499588
std: 1.22363281 ,  0.905761719 SigReg: 10.499588
std: 1.2421875 ,  1.02246094 SigReg: 10.1012592
std: 1.19042969 ,  1.06152344 SigReg: 10.1012592
std: 0.890625 ,  0.95703125 SigReg: 9.75206852
std: 1.14941406 ,  0.907226562 SigReg: 9.75206852
std: 1.00976562 ,  0.926269531 SigReg: 9.57801056
std: 1.0078125 ,  0.994140625 SigReg: 9.57801056
std: 1.046875 ,  1.04980469 SigReg: 10.24893
std: 1.15527344 ,  1.09667969 SigReg: 10.24893
std: 1.1015625 ,  1.09863281 SigReg: 8.44107246
std: 1.15234375 ,  1.04882812 SigReg: 8.44107246
std: 1.04199219 ,  0.869140625 SigReg: 9.82643127
std: 1.09082031 ,  0.697753906 SigReg: 9.82643127
std: 0.931640625 ,  0.892578125 SigReg: 10.3468723
std: 1.07714844 ,  0.877929688 SigReg: 10.3468723
std: 1.11328125 ,  1.07910156 SigReg: 8.69731522
std: 1.19921875 ,  0.990722656 SigReg: 8.69731522
std: 1.06542969 ,  0.836914062 SigReg: 10.8830404
std: 1.05957031 ,  0.868164062 SigReg: 10.8830404
std: 1.01660156 ,  0.891113281 SigReg: 9.16225147
std: 1.19238281 ,  0.951660156 SigReg: 9.16225147
std: 1.0625 ,  0.82421875 SigReg: 10.8617306
std: 1.03613281 ,  1.01464844 SigReg: 10.8617306
std: 1.109375 ,  0.808105469 SigReg: 10.8089972
std: 1.16894531 ,  0.910644531 SigReg: 10.8089972
std: 1.25 ,  0.910644531 SigReg: 12.7327919
std: 1.10351562 ,  0.854492188 SigReg: 12.7327919
  Step 50: Backbone Loss = 1.6887, SIGReg Loss = 12.7328 Probe Loss = 194.1567, Acc = 0.4934
std: 1.14941406 ,  0.881347656 SigReg: 12.8105783
std: 1.125 ,  0.939453125 SigReg: 12.8105783
std: 1.2421875 ,  0.799316406 SigReg: 12.5296831
std: 1.19433594 ,  1.01171875 SigReg: 12.5296831
std: 1.17285156 ,  0.844726562 SigReg: 9.44600773
std: 0.974121094 ,  0.9453125 SigReg: 9.44600773
std: 0.939941406 ,  0.778320312 SigReg: 9.66566658
std: 1.08105469 ,  0.969726562 SigReg: 9.66566658
std: 1.24902344 ,  1.00585938 SigReg: 12.335104
std: 0.991210938 ,  0.829101562 SigReg: 12.335104
std: 1.10058594 ,  1.00585938 SigReg: 13.3344612
std: 0.977050781 ,  0.967773438 SigReg: 13.3344612
std: 1.00683594 ,  0.857910156 SigReg: 11.4428062
std: 1.109375 ,  0.8828125 SigReg: 11.4428062
std: 1.03320312 ,  1.03808594 SigReg: 13.4951391
std: 1.04980469 ,  0.822265625 SigReg: 13.4951391
std: 1.10058594 ,  0.827148438 SigReg: 10.8045406
std: 1.13085938 ,  0.769042969 SigReg: 10.8045406
std: 1.04785156 ,  0.973632812 SigReg: 10.7536612
std: 0.864746094 ,  1.0859375 SigReg: 10.7536612
std: 0.991699219 ,  1.01171875 SigReg: 12.9817286
std: 0.985839844 ,  0.991699219 SigReg: 12.9817286
std: 0.992675781 ,  0.936523438 SigReg: 10.2310982
std: 0.956542969 ,  0.974121094 SigReg: 10.2310982
std: 1.07714844 ,  0.965332031 SigReg: 9.17379
std: 0.995605469 ,  0.955078125 SigReg: 9.17379
std: 1.03613281 ,  0.948730469 SigReg: 11.7296152
std: 0.918457031 ,  1.02148438 SigReg: 11.7296152
std: 0.964355469 ,  0.795898438 SigReg: 10.019
std: 0.990722656 ,  0.962402344 SigReg: 10.019
std: 0.948730469 ,  0.8828125 SigReg: 9.90135193
std: 0.895019531 ,  0.916503906 SigReg: 9.90135193
std: 1.03515625 ,  1.02636719 SigReg: 9.64737606
std: 1.03613281 ,  1.10546875 SigReg: 9.64737606
std: 0.960449219 ,  0.868652344 SigReg: 10.2997589
std: 0.911132812 ,  0.9140625 SigReg: 10.2997589
std: 0.895019531 ,  1.02734375 SigReg: 9.87723
std: 0.942871094 ,  0.937011719 SigReg: 9.87723
std: 1.00292969 ,  1.04394531 SigReg: 10.3441763
std: 0.936035156 ,  0.994628906 SigReg: 10.3441763
std: 0.993652344 ,  0.944335938 SigReg: 9.67683125
std: 1.08789062 ,  0.903808594 SigReg: 9.67683125
std: 1.12890625 ,  0.802246094 SigReg: 10.8733
std: 0.937988281 ,  0.969238281 SigReg: 10.8733
std: 1.0859375 ,  1.03808594 SigReg: 8.82694912
std: 1.16601562 ,  0.964355469 SigReg: 8.82694912
std: 1.18554688 ,  1.12109375 SigReg: 13.0761232
std: 1.1875 ,  1.07910156 SigReg: 13.0761232
std: 0.975097656 ,  1.01757812 SigReg: 11.7960854
std: 1.02539062 ,  0.920410156 SigReg: 11.7960854
std: 0.938476562 ,  0.993652344 SigReg: 9.53926086
std: 0.8984375 ,  0.977050781 SigReg: 9.53926086
std: 1.17480469 ,  0.943847656 SigReg: 8.3497467
std: 0.997558594 ,  0.909667969 SigReg: 8.3497467
std: 1.21875 ,  1.04199219 SigReg: 10.8000574
std: 1.22167969 ,  1.03222656 SigReg: 10.8000574
std: 1.046875 ,  0.991210938 SigReg: 9.75128078
std: 1.05664062 ,  0.887207031 SigReg: 9.75128078
std: 1.12304688 ,  0.918457031 SigReg: 8.46975613
std: 1.15234375 ,  0.925292969 SigReg: 8.46975613
std: 1.03613281 ,  0.782714844 SigReg: 7.98091507
std: 1.08398438 ,  0.979003906 SigReg: 7.98091507
std: 0.885253906 ,  1.02246094 SigReg: 9.40266418
std: 1.13378906 ,  0.98046875 SigReg: 9.40266418
std: 1.11816406 ,  0.870605469 SigReg: 9.43004227
std: 1.03125 ,  0.987304688 SigReg: 9.43004227
std: 0.8203125 ,  0.926269531 SigReg: 12.759594
std: 1.15917969 ,  0.775390625 SigReg: 12.759594
std: 1.11816406 ,  0.885742188 SigReg: 9.85316944
std: 1.01464844 ,  0.980957031 SigReg: 9.85316944
std: 1.24804688 ,  0.929199219 SigReg: 10.5452347
std: 1.18554688 ,  0.919433594 SigReg: 10.5452347
std: 1.10058594 ,  0.872070312 SigReg: 12.6271667
std: 1.14257812 ,  0.799316406 SigReg: 12.6271667
std: 1.16894531 ,  1.0078125 SigReg: 13.0635157
std: 1.21289062 ,  0.952148438 SigReg: 13.0635157
std: 1.04980469 ,  0.872558594 SigReg: 11.5387793
std: 0.986328125 ,  0.850585938 SigReg: 11.5387793
std: 1.09472656 ,  0.881835938 SigReg: 14.644805
std: 1.15820312 ,  0.867675781 SigReg: 14.644805
std: 1.24804688 ,  0.954589844 SigReg: 10.0029926
std: 1.17675781 ,  0.998535156 SigReg: 10.0029926
std: 0.8828125 ,  0.83984375 SigReg: 15.1621494
std: 1.24511719 ,  0.930175781 SigReg: 15.1621494
std: 1.16210938 ,  1.06640625 SigReg: 15.1761627
std: 0.959960938 ,  0.900878906 SigReg: 15.1761627
std: 1.03515625 ,  0.8828125 SigReg: 10.2775803
std: 0.979003906 ,  0.993164062 SigReg: 10.2775803
std: 0.981445312 ,  1.06347656 SigReg: 10.4351463
std: 0.8984375 ,  1.01660156 SigReg: 10.4351463
std: 1.04296875 ,  1.09863281 SigReg: 11.6065159
std: 0.821289062 ,  0.966308594 SigReg: 11.6065159
std: 1.00195312 ,  0.806640625 SigReg: 11.4487286
std: 0.988769531 ,  1.05371094 SigReg: 11.4487286
std: 0.857421875 ,  1.09277344 SigReg: 10.4584036
std: 0.864257812 ,  1.14257812 SigReg: 10.4584036
std: 0.827636719 ,  1.13867188 SigReg: 10.7236853
std: 0.872558594 ,  1.0078125 SigReg: 10.7236853
std: 0.841796875 ,  0.816894531 SigReg: 10.7694569
std: 1.078125 ,  1.19726562 SigReg: 10.7694569
  Step 100: Backbone Loss = 1.6384, SIGReg Loss = 10.7695 Probe Loss = 264.1122, Acc = 0.5076
std: 0.977539062 ,  0.877929688 SigReg: 9.8060894
std: 0.99609375 ,  1.05664062 SigReg: 9.8060894
std: 1.11035156 ,  0.830566406 SigReg: 10.7845917
std: 1.01074219 ,  0.751464844 SigReg: 10.7845917
std: 0.986816406 ,  1.03320312 SigReg: 10.3917484
std: 0.831054688 ,  0.936523438 SigReg: 10.3917484
std: 0.946777344 ,  0.844238281 SigReg: 10.960762
std: 1.04199219 ,  0.921386719 SigReg: 10.960762
std: 1.0703125 ,  0.903320312 SigReg: 9.75826931
std: 1.0625 ,  1.02636719 SigReg: 9.75826931
std: 1.08105469 ,  0.975585938 SigReg: 8.19572449
std: 1.06445312 ,  1.04492188 SigReg: 8.19572449
std: 1.08300781 ,  1.08398438 SigReg: 10.3437605
std: 1.08203125 ,  0.999023438 SigReg: 10.3437605
std: 1.03808594 ,  0.837890625 SigReg: 9.08901
std: 1.01855469 ,  0.878417969 SigReg: 9.08901
std: 1.00195312 ,  0.812988281 SigReg: 10.2239609
std: 1.06054688 ,  0.790527344 SigReg: 10.2239609
std: 1.0859375 ,  0.833984375 SigReg: 8.96404457
std: 1.01269531 ,  0.821289062 SigReg: 8.96404457
std: 1.00585938 ,  0.851074219 SigReg: 9.18024254
std: 1.07519531 ,  0.998535156 SigReg: 9.18024254
std: 1.15234375 ,  0.866699219 SigReg: 8.23705292
std: 1.14550781 ,  0.80078125 SigReg: 8.23705292
std: 0.971679688 ,  0.907714844 SigReg: 9.97593594
std: 1.32519531 ,  0.809570312 SigReg: 9.97593594
std: 0.923339844 ,  0.866699219 SigReg: 10.7481623
std: 1.15527344 ,  0.813476562 SigReg: 10.7481623
std: 1.12109375 ,  1.01464844 SigReg: 9.80999088
std: 1.22265625 ,  0.867675781 SigReg: 9.80999088
std: 1.16601562 ,  1.03515625 SigReg: 11.0434704
std: 1.11425781 ,  0.8671875 SigReg: 11.0434704
std: 1.18261719 ,  0.895019531 SigReg: 10.8669758
std: 1.13378906 ,  0.832519531 SigReg: 10.8669758
std: 1.20507812 ,  1.02148438 SigReg: 9.61214828
std: 1.18457031 ,  0.78515625 SigReg: 9.61214828
std: 1.18066406 ,  0.948242188 SigReg: 9.94325066
std: 1.09179688 ,  0.855957031 SigReg: 9.94325066
std: 1.17382812 ,  0.888671875 SigReg: 11.7992439
std: 1.12890625 ,  0.933105469 SigReg: 11.7992439
std: 1.16113281 ,  1.02734375 SigReg: 9.9146347
std: 1.0625 ,  1.0625 SigReg: 9.9146347
std: 1.14941406 ,  0.928710938 SigReg: 8.77328682
std: 1.15625 ,  0.829589844 SigReg: 8.77328682
std: 1.171875 ,  0.952148438 SigReg: 11.8914738
std: 1.22363281 ,  0.973632812 SigReg: 11.8914738
std: 1.16796875 ,  0.87109375 SigReg: 9.09322357
std: 1.0703125 ,  0.797363281 SigReg: 9.09322357
std: 1.078125 ,  0.903320312 SigReg: 9.51227665
std: 1.21777344 ,  0.790039062 SigReg: 9.51227665
std: 1.13964844 ,  0.847167969 SigReg: 9.292202
std: 1.18554688 ,  0.870605469 SigReg: 9.292202
std: 1.38867188 ,  0.871582031 SigReg: 9.2602663
std: 1.1171875 ,  0.894042969 SigReg: 9.2602663
std: 1.20703125 ,  0.916503906 SigReg: 10.2234745
std: 1.20996094 ,  0.854003906 SigReg: 10.2234745
std: 0.975585938 ,  0.982421875 SigReg: 9.63813877
std: 1.08886719 ,  0.955566406 SigReg: 9.63813877
std: 1.15917969 ,  0.752441406 SigReg: 10.3110905
std: 0.988769531 ,  0.924804688 SigReg: 10.3110905
std: 1.10839844 ,  0.84765625 SigReg: 9.95667267
std: 1.11621094 ,  0.944824219 SigReg: 9.95667267
std: 1.02246094 ,  0.840332031 SigReg: 10.1161404
std: 1.20605469 ,  0.904296875 SigReg: 10.1161404
std: 1.27441406 ,  0.829101562 SigReg: 10.0107975
std: 1.23046875 ,  1.02636719 SigReg: 10.0107975
std: 1.11621094 ,  0.912597656 SigReg: 9.13004303
std: 1.22167969 ,  0.772949219 SigReg: 9.13004303
std: 1.30175781 ,  0.850097656 SigReg: 11.2479553
std: 1.11816406 ,  0.76953125 SigReg: 11.2479553
std: 1.05566406 ,  0.985839844 SigReg: 10.4847059
std: 1.21386719 ,  0.918945312 SigReg: 10.4847059
std: 1.17675781 ,  0.928710938 SigReg: 9.37900925
std: 1.05175781 ,  0.858398438 SigReg: 9.37900925
std: 0.933105469 ,  0.82421875 SigReg: 9.10691261
std: 1.06542969 ,  0.884765625 SigReg: 9.10691261
std: 0.959472656 ,  0.924316406 SigReg: 9.64743
std: 1.19238281 ,  0.941894531 SigReg: 9.64743
std: 1.20996094 ,  0.827636719 SigReg: 10.2731075
std: 1.09570312 ,  0.890136719 SigReg: 10.2731075
std: 1.15429688 ,  0.887207031 SigReg: 9.9738
std: 1.17089844 ,  0.872070312 SigReg: 9.9738
std: 1.1328125 ,  0.782714844 SigReg: 10.6223145
std: 1.0390625 ,  0.797363281 SigReg: 10.6223145
std: 1.23242188 ,  0.894042969 SigReg: 11.3592958
std: 1.37011719 ,  0.902832031 SigReg: 11.3592958
std: 1.17480469 ,  0.823730469 SigReg: 15.0628777
std: 0.947265625 ,  0.729003906 SigReg: 15.0628777
std: 1.14746094 ,  0.889648438 SigReg: 10.1829853
std: 1.03222656 ,  0.826660156 SigReg: 10.1829853
std: 1.08007812 ,  0.834960938 SigReg: 9.50513458
std: 1.140625 ,  0.794921875 SigReg: 9.50513458
std: 0.967285156 ,  0.770507812 SigReg: 10.6155462
std: 0.964355469 ,  0.765625 SigReg: 10.6155462
std: 1.16796875 ,  0.905273438 SigReg: 9.2211647
std: 0.993164062 ,  0.693847656 SigReg: 9.2211647
std: 0.897949219 ,  0.833496094 SigReg: 10.6743231
std: 0.959472656 ,  0.711425781 SigReg: 10.6743231
std: 1.06152344 ,  0.625 SigReg: 9.16713524
std: 1.02636719 ,  0.811523438 SigReg: 9.16713524
  Step 150: Backbone Loss = 1.5258, SIGReg Loss = 9.1671 Probe Loss = 154.6107, Acc = 0.5000
std: 0.96484375 ,  0.783691406 SigReg: 10.6435204
std: 0.978515625 ,  0.710449219 SigReg: 10.6435204
std: 1.24511719 ,  0.903320312 SigReg: 9.92398
std: 1.04394531 ,  0.842285156 SigReg: 9.92398
std: 0.891601562 ,  0.776367188 SigReg: 9.99021339
std: 0.897460938 ,  0.859863281 SigReg: 9.99021339
std: 1.03808594 ,  0.818847656 SigReg: 9.02151871
std: 1.00683594 ,  0.6171875 SigReg: 9.02151871
std: 1.00488281 ,  0.987304688 SigReg: 10.6962242
std: 0.861816406 ,  0.930175781 SigReg: 10.6962242
std: 0.987792969 ,  0.790039062 SigReg: 8.31704426
std: 0.994628906 ,  0.897460938 SigReg: 8.31704426
std: 0.989257812 ,  0.831054688 SigReg: 9.27566338
std: 1.02441406 ,  0.865234375 SigReg: 9.27566338
std: 1.12792969 ,  0.819824219 SigReg: 7.44213057
std: 1.16503906 ,  0.916015625 SigReg: 7.44213057
std: 0.896484375 ,  0.903320312 SigReg: 9.67297268
std: 0.966308594 ,  0.885253906 SigReg: 9.67297268
std: 0.742675781 ,  1.10546875 SigReg: 9.63632202
std: 1.14648438 ,  0.919433594 SigReg: 9.63632202
std: 0.941894531 ,  0.908203125 SigReg: 9.2073288
std: 0.940429688 ,  1.06054688 SigReg: 9.2073288
std: 1.14160156 ,  0.756347656 SigReg: 9.15752506
std: 0.876464844 ,  0.900390625 SigReg: 9.15752506
std: 1.12695312 ,  0.863769531 SigReg: 8.83887672
std: 0.959960938 ,  0.854003906 SigReg: 8.83887672
std: 1.32617188 ,  0.775390625 SigReg: 10.587534
std: 1.01171875 ,  0.85546875 SigReg: 10.587534
std: 1.01464844 ,  0.926269531 SigReg: 10.013854
std: 1 ,  0.908691406 SigReg: 10.013854
std: 1.01269531 ,  0.907226562 SigReg: 10.0802746
std: 0.954101562 ,  1.05175781 SigReg: 10.0802746
std: 1.12304688 ,  1.0625 SigReg: 8.57428741
std: 1.01953125 ,  0.897949219 SigReg: 8.57428741
std: 0.989257812 ,  0.756835938 SigReg: 10.5137539
std: 0.937011719 ,  0.809570312 SigReg: 10.5137539
std: 1.05273438 ,  0.832519531 SigReg: 9.05793571
std: 1.09375 ,  0.778320312 SigReg: 9.05793571
std: 1.02148438 ,  0.931152344 SigReg: 9.38320351
std: 1.13085938 ,  0.798828125 SigReg: 9.38320351
std: 1.1171875 ,  0.821289062 SigReg: 10.1375322
std: 1.140625 ,  0.814453125 SigReg: 10.1375322
std: 1.06835938 ,  0.821777344 SigReg: 8.98696613
std: 1.16992188 ,  0.866210938 SigReg: 8.98696613
std: 1.04394531 ,  0.899902344 SigReg: 9.21577644
std: 1.00585938 ,  0.916015625 SigReg: 9.21577644
std: 1.08105469 ,  0.749511719 SigReg: 9.01238251
std: 1.07324219 ,  0.9140625 SigReg: 9.01238251
std: 1.01757812 ,  0.893066406 SigReg: 9.02353287
std: 0.944335938 ,  0.862792969 SigReg: 9.02353287
std: 0.947265625 ,  0.889160156 SigReg: 8.24241734
std: 1.01269531 ,  0.984375 SigReg: 8.24241734
std: 1.04199219 ,  0.809570312 SigReg: 9.93981743
std: 0.939453125 ,  0.887695312 SigReg: 9.93981743
std: 0.993164062 ,  0.819335938 SigReg: 8.67946625
std: 0.978515625 ,  0.9296875 SigReg: 8.67946625
std: 0.926269531 ,  0.969238281 SigReg: 12.1827135
std: 1.14746094 ,  0.851074219 SigReg: 12.1827135
std: 0.966308594 ,  0.786132812 SigReg: 9.54308605
std: 1.02441406 ,  0.9453125 SigReg: 9.54308605
std: 1.06542969 ,  0.797363281 SigReg: 10.9240913
std: 0.991699219 ,  0.815917969 SigReg: 10.9240913
std: 1.07226562 ,  0.926757812 SigReg: 10.4780245
std: 1.02929688 ,  0.959472656 SigReg: 10.4780245
std: 0.953125 ,  0.790039062 SigReg: 11.045577
std: 1.06445312 ,  0.940917969 SigReg: 11.045577
std: 1.09277344 ,  0.884765625 SigReg: 9.34571266
std: 0.991210938 ,  0.7734375 SigReg: 9.34571266
std: 0.973632812 ,  1.02636719 SigReg: 9.53016853
std: 0.988769531 ,  0.986328125 SigReg: 9.53016853
std: 1.01171875 ,  0.947753906 SigReg: 10.7629795
std: 1.04296875 ,  0.997070312 SigReg: 10.7629795
std: 1.16015625 ,  0.975097656 SigReg: 9.67404842
std: 1.16601562 ,  1.08300781 SigReg: 9.67404842
std: 1.06152344 ,  0.815917969 SigReg: 13.5952396
std: 1.0078125 ,  0.885742188 SigReg: 13.5952396
std: 1.12207031 ,  1.00195312 SigReg: 9.69115353
std: 1.1953125 ,  1.0625 SigReg: 9.69115353
std: 1.0703125 ,  0.979980469 SigReg: 11.442934
std: 1.11328125 ,  1.05371094 SigReg: 11.442934
std: 1.0390625 ,  1.14160156 SigReg: 10.2617817
std: 0.877441406 ,  1.08984375 SigReg: 10.2617817
std: 1.14257812 ,  0.968261719 SigReg: 11.1533394
std: 0.944335938 ,  1.00976562 SigReg: 11.1533394
std: 1.11816406 ,  0.773925781 SigReg: 9.95677757
std: 1.23144531 ,  1.01074219 SigReg: 9.95677757
std: 1.11425781 ,  1.02636719 SigReg: 9.65314865
std: 1.0390625 ,  1.10351562 SigReg: 9.65314865
std: 1.26855469 ,  0.887695312 SigReg: 10.5735
std: 1.19726562 ,  0.870117188 SigReg: 10.5735
std: 1.22070312 ,  0.940429688 SigReg: 10.4773769
std: 1.18457031 ,  0.840332031 SigReg: 10.4773769
std: 1.23828125 ,  0.899902344 SigReg: 11.2794418
std: 1.14550781 ,  0.944335938 SigReg: 11.2794418
std: 1.25390625 ,  1.02148438 SigReg: 12.0400906
std: 1.25 ,  0.83203125 SigReg: 12.0400906
std: 1.16113281 ,  0.895019531 SigReg: 14.710144
std: 1.34375 ,  0.920410156 SigReg: 14.710144
std: 1.32714844 ,  0.87890625 SigReg: 15.3494377
std: 1.30761719 ,  0.815429688 SigReg: 15.3494377
  Step 200: Backbone Loss = 1.8612, SIGReg Loss = 15.3494 Probe Loss = 147.1494, Acc = 0.4989
std: 1.36328125 ,  0.881347656 SigReg: 11.4123783
std: 1.31835938 ,  0.913574219 SigReg: 11.4123783
std: 1.44042969 ,  0.805664062 SigReg: 12.2213964
std: 1.44335938 ,  1.04296875 SigReg: 12.2213964
std: 1.45605469 ,  1.00585938 SigReg: 13.1209249
std: 1.51953125 ,  0.840820312 SigReg: 13.1209249
std: 1.43164062 ,  0.860839844 SigReg: 12.9217939
std: 1.37597656 ,  0.826660156 SigReg: 12.9217939
std: 1.41308594 ,  0.852539062 SigReg: 12.1791077
std: 1.43457031 ,  0.741210938 SigReg: 12.1791077
std: 1.41894531 ,  0.890625 SigReg: 13.0529613
std: 1.35058594 ,  0.73046875 SigReg: 13.0529613
std: 1.25390625 ,  0.969726562 SigReg: 14.1496601
std: 1.22558594 ,  0.889160156 SigReg: 14.1496601
std: 1.50390625 ,  0.749511719 SigReg: 11.2577343
std: 1.41308594 ,  0.942871094 SigReg: 11.2577343
std: 1.36816406 ,  0.717285156 SigReg: 10.9095192
std: 1.34570312 ,  0.937011719 SigReg: 10.9095192
std: 1.25 ,  0.985839844 SigReg: 12.8482618
std: 1.23339844 ,  0.998535156 SigReg: 12.8482618
std: 1.24316406 ,  0.957519531 SigReg: 13.4602222
std: 1.24316406 ,  1.01074219 SigReg: 13.4602222
std: 1.26367188 ,  0.950683594 SigReg: 9.95465374
std: 1.23046875 ,  0.985839844 SigReg: 9.95465374
std: 1.09960938 ,  0.989746094 SigReg: 11.2238617
std: 1.10449219 ,  1.12207031 SigReg: 11.2238617
std: 1.24121094 ,  0.871582031 SigReg: 9.34040451
std: 1.05859375 ,  0.901855469 SigReg: 9.34040451
std: 1.16503906 ,  0.862792969 SigReg: 9.71090603
std: 1.23632812 ,  0.937988281 SigReg: 9.71090603
std: 1.03222656 ,  0.734863281 SigReg: 8.95667458
std: 1.06738281 ,  1.04199219 SigReg: 8.95667458
std: 1.06640625 ,  0.928710938 SigReg: 12.4533453
std: 1.09765625 ,  0.991699219 SigReg: 12.4533453
std: 1.08496094 ,  0.789550781 SigReg: 12.7603674
std: 1.12597656 ,  1.06445312 SigReg: 12.7603674
std: 1.02441406 ,  0.931152344 SigReg: 14.0561895
std: 1.18457031 ,  0.924316406 SigReg: 14.0561895
std: 0.950195312 ,  0.912597656 SigReg: 14.1384468
std: 1.00097656 ,  0.83203125 SigReg: 14.1384468
std: 1.05664062 ,  0.907714844 SigReg: 10.8180552
std: 1.03710938 ,  0.938476562 SigReg: 10.8180552
std: 0.926269531 ,  0.717773438 SigReg: 9.8520031
std: 0.959472656 ,  0.913574219 SigReg: 9.8520031
std: 0.777832031 ,  1.02832031 SigReg: 9.17310333
std: 0.890136719 ,  0.756347656 SigReg: 9.17310333
std: 1.03613281 ,  0.821777344 SigReg: 11.6264915
std: 0.859375 ,  0.740722656 SigReg: 11.6264915
std: 0.927246094 ,  0.926269531 SigReg: 11.6165133
std: 1.03027344 ,  0.973632812 SigReg: 11.6165133
std: 0.86328125 ,  0.907226562 SigReg: 10.4333286
std: 0.798339844 ,  1.02246094 SigReg: 10.4333286
std: 0.795898438 ,  0.849609375 SigReg: 10.7580252
std: 0.849121094 ,  0.902832031 SigReg: 10.7580252
std: 0.772949219 ,  0.996582031 SigReg: 12.2787161
std: 0.895019531 ,  0.885253906 SigReg: 12.2787161
std: 0.768554688 ,  0.938964844 SigReg: 12.1356726
std: 0.936523438 ,  0.91015625 SigReg: 12.1356726
std: 0.840332031 ,  0.959960938 SigReg: 10.6658382
std: 0.790527344 ,  0.9140625 SigReg: 10.6658382
std: 0.872558594 ,  1.0703125 SigReg: 10.7655773
std: 0.762207031 ,  1.02441406 SigReg: 10.7655773
std: 0.754882812 ,  1.07910156 SigReg: 10.0021276
std: 0.829589844 ,  0.88671875 SigReg: 10.0021276
std: 0.881835938 ,  0.972167969 SigReg: 11.2212696
std: 0.876953125 ,  1.03613281 SigReg: 11.2212696
std: 0.864257812 ,  0.895507812 SigReg: 10.2688026
std: 0.911132812 ,  0.966308594 SigReg: 10.2688026
std: 0.977539062 ,  0.8984375 SigReg: 9.18787384
std: 0.850585938 ,  0.85546875 SigReg: 9.18787384
std: 0.713867188 ,  1.00488281 SigReg: 9.90659809
std: 0.878417969 ,  0.973632812 SigReg: 9.90659809
std: 0.766601562 ,  0.912109375 SigReg: 9.19537735
std: 0.938476562 ,  0.923828125 SigReg: 9.19537735
std: 1.04589844 ,  0.894042969 SigReg: 8.54439735
std: 0.896484375 ,  0.90625 SigReg: 8.54439735
std: 0.846191406 ,  0.792480469 SigReg: 11.3622627
std: 1.04980469 ,  0.916992188 SigReg: 11.3622627
std: 0.989746094 ,  0.956542969 SigReg: 10.9097824
std: 1.00488281 ,  0.791992188 SigReg: 10.9097824
std: 1.0390625 ,  0.946777344 SigReg: 12.73209
std: 0.975097656 ,  0.886230469 SigReg: 12.73209
std: 1.03222656 ,  0.98828125 SigReg: 9.92347717
std: 1.06347656 ,  0.922363281 SigReg: 9.92347717
std: 0.892089844 ,  1.01171875 SigReg: 10.4573545
std: 0.875976562 ,  0.904785156 SigReg: 10.4573545
std: 1.18652344 ,  0.846191406 SigReg: 11.5244055
std: 1.02734375 ,  0.955078125 SigReg: 11.5244055
std: 1.13964844 ,  0.826660156 SigReg: 9.87814903
std: 0.864257812 ,  0.913574219 SigReg: 9.87814903
std: 1.14941406 ,  0.999023438 SigReg: 10.2604952
std: 0.979492188 ,  0.797851562 SigReg: 10.2604952
std: 0.892578125 ,  1.11035156 SigReg: 9.75757408
std: 1.05078125 ,  0.9375 SigReg: 9.75757408
std: 0.925292969 ,  0.837402344 SigReg: 10.0797529
std: 0.997558594 ,  0.966308594 SigReg: 10.0797529
std: 0.954101562 ,  0.981445312 SigReg: 12.2934628
std: 0.799316406 ,  1.14355469 SigReg: 12.2934628
std: 0.993652344 ,  0.844726562 SigReg: 9.07266
std: 1.1953125 ,  0.926757812 SigReg: 9.07266
  Step 250: Backbone Loss = 1.4870, SIGReg Loss = 9.0727 Probe Loss = 151.8329, Acc = 0.5038
std: 0.917480469 ,  1.01074219 SigReg: 9.5815773
std: 0.917480469 ,  0.936523438 SigReg: 9.5815773
std: 0.907714844 ,  0.913574219 SigReg: 9.64817619
std: 0.840332031 ,  0.926269531 SigReg: 9.64817619
std: 0.955566406 ,  0.956054688 SigReg: 11.4931917
std: 0.90234375 ,  0.998535156 SigReg: 11.4931917
std: 0.91015625 ,  0.816894531 SigReg: 9.99023438
std: 1.00097656 ,  0.891601562 SigReg: 9.99023438
std: 1.01855469 ,  0.951171875 SigReg: 9.76115227
std: 0.964355469 ,  0.919921875 SigReg: 9.76115227
std: 1.03027344 ,  0.810546875 SigReg: 10.2340317
std: 0.909667969 ,  0.902832031 SigReg: 10.2340317
std: 1.02832031 ,  0.782714844 SigReg: 8.96230316
std: 1.06445312 ,  0.819335938 SigReg: 8.96230316
std: 1.07421875 ,  0.809082031 SigReg: 8.46306705
std: 1.06542969 ,  0.814941406 SigReg: 8.46306705
std: 1.10839844 ,  0.763671875 SigReg: 10.1540089
std: 1.12304688 ,  0.768554688 SigReg: 10.1540089
std: 1.10742188 ,  0.836425781 SigReg: 9.70872498
std: 1.06640625 ,  0.787597656 SigReg: 9.70872498
std: 1.04492188 ,  0.872070312 SigReg: 10.0031023
std: 0.998535156 ,  0.823730469 SigReg: 10.0031023
std: 0.979492188 ,  0.857421875 SigReg: 9.53163528
std: 1.08789062 ,  0.840820312 SigReg: 9.53163528
std: 0.957519531 ,  0.782714844 SigReg: 9.12399387
std: 1.00292969 ,  0.807128906 SigReg: 9.12399387
std: 1.00292969 ,  0.895507812 SigReg: 8.94764137
std: 1.03515625 ,  0.981445312 SigReg: 8.94764137
std: 1.12597656 ,  0.801269531 SigReg: 8.63262463
std: 1.13964844 ,  0.868652344 SigReg: 8.63262463
std: 0.852050781 ,  0.834960938 SigReg: 10.1904955
std: 1.23828125 ,  0.89453125 SigReg: 10.1904955
std: 0.995117188 ,  0.896972656 SigReg: 9.47551823
std: 0.847167969 ,  1.04492188 SigReg: 9.47551823
std: 0.935546875 ,  0.83984375 SigReg: 11.1011066
std: 0.844726562 ,  0.85546875 SigReg: 11.1011066
std: 0.896484375 ,  0.712890625 SigReg: 10.8940697
std: 0.974121094 ,  0.789550781 SigReg: 10.8940697
std: 0.983886719 ,  0.708007812 SigReg: 11.5995684
std: 1.00878906 ,  0.790039062 SigReg: 11.5995684
std: 0.935058594 ,  0.811035156 SigReg: 12.1014385
std: 0.99609375 ,  0.78515625 SigReg: 12.1014385
std: 0.997070312 ,  0.765625 SigReg: 11.2930984
std: 0.966796875 ,  0.742675781 SigReg: 11.2930984
std: 1.07421875 ,  0.874023438 SigReg: 11.8784189
std: 0.969238281 ,  0.731445312 SigReg: 11.8784189
std: 0.909667969 ,  0.751464844 SigReg: 10.7724657
std: 1.05566406 ,  0.850097656 SigReg: 10.7724657
std: 0.751953125 ,  0.733886719 SigReg: 10.4122944
std: 1.02050781 ,  0.737304688 SigReg: 10.4122944
std: 1.08105469 ,  0.755371094 SigReg: 10.870513
std: 1.08203125 ,  0.781738281 SigReg: 10.870513
std: 0.850585938 ,  0.944335938 SigReg: 11.3802338
std: 1.00488281 ,  0.840332031 SigReg: 11.3802338
std: 0.888183594 ,  0.796875 SigReg: 11.6510973
std: 0.908691406 ,  0.811523438 SigReg: 11.6510973
std: 0.870605469 ,  0.881835938 SigReg: 10.2707186
std: 0.956542969 ,  0.724609375 SigReg: 10.2707186
std: 1.17578125 ,  0.747558594 SigReg: 9.86419868
std: 0.993164062 ,  0.834472656 SigReg: 9.86419868
std: 1.01464844 ,  0.943847656 SigReg: 12.5832424
std: 1.14160156 ,  0.782714844 SigReg: 12.5832424
std: 1.09863281 ,  0.837890625 SigReg: 14.4646854
std: 1.15625 ,  0.757324219 SigReg: 14.4646854
std: 0.862304688 ,  0.781738281 SigReg: 12.4577808
std: 1.12109375 ,  0.907714844 SigReg: 12.4577808
std: 0.99609375 ,  0.90625 SigReg: 10.6591644
std: 0.922363281 ,  0.804199219 SigReg: 10.6591644
std: 1.03710938 ,  0.884765625 SigReg: 11.5345163
std: 0.983886719 ,  0.891601562 SigReg: 11.5345163
std: 1.15917969 ,  0.846191406 SigReg: 10.8600254
std: 0.953125 ,  0.936523438 SigReg: 10.8600254
std: 0.741699219 ,  0.831542969 SigReg: 9.9034729
std: 0.823242188 ,  0.987304688 SigReg: 9.9034729
std: 0.823730469 ,  0.96484375 SigReg: 11.4323921
std: 0.881347656 ,  0.84765625 SigReg: 11.4323921
std: 1.046875 ,  0.982910156 SigReg: 9.58351612
std: 1.09667969 ,  0.855957031 SigReg: 9.58351612
std: 0.888671875 ,  0.833984375 SigReg: 9.78255081
std: 0.841308594 ,  0.96875 SigReg: 9.78255081
std: 0.708007812 ,  0.90625 SigReg: 9.18048096
std: 0.885253906 ,  0.977539062 SigReg: 9.18048096
std: 0.750488281 ,  0.963378906 SigReg: 9.23440742
std: 0.875488281 ,  1.14648438 SigReg: 9.23440742
std: 1.04980469 ,  0.890625 SigReg: 10.7066135
std: 1.15429688 ,  0.810546875 SigReg: 10.7066135
std: 0.921386719 ,  0.874511719 SigReg: 9.70854187
std: 0.849609375 ,  1.00488281 SigReg: 9.70854187
std: 0.985351562 ,  0.962402344 SigReg: 9.53051281
std: 0.987304688 ,  0.889648438 SigReg: 9.53051281
std: 0.913085938 ,  0.857910156 SigReg: 9.28676605
std: 1.00488281 ,  0.893066406 SigReg: 9.28676605
std: 0.846191406 ,  1.06347656 SigReg: 9.01415062
std: 1.0234375 ,  0.90625 SigReg: 9.01415062
std: 0.944824219 ,  0.8671875 SigReg: 10.0505753
std: 0.956542969 ,  0.813476562 SigReg: 10.0505753
std: 1.12890625 ,  0.924804688 SigReg: 9.00551796
std: 1.04492188 ,  0.929199219 SigReg: 9.00551796
std: 0.997070312 ,  1.00195312 SigReg: 8.07744
std: 1.04980469 ,  0.863769531 SigReg: 8.07744
  Step 300: Backbone Loss = 1.4869, SIGReg Loss = 8.0774 Probe Loss = 141.8021, Acc = 0.4934
std: 1.02441406 ,  0.931152344 SigReg: 8.39916611
std: 1.07421875 ,  0.866210938 SigReg: 8.39916611
std: 0.900390625 ,  1.00976562 SigReg: 9.62347317
std: 1.01171875 ,  0.847167969 SigReg: 9.62347317
std: 1.02734375 ,  1.06640625 SigReg: 10.0372972
std: 0.845214844 ,  0.916992188 SigReg: 10.0372972
std: 0.99609375 ,  0.911132812 SigReg: 9.0656929
std: 1.00390625 ,  1.1484375 SigReg: 9.0656929
std: 0.999511719 ,  0.961425781 SigReg: 8.9662838
std: 0.983886719 ,  1.04785156 SigReg: 8.9662838
std: 1.04003906 ,  0.94921875 SigReg: 8.15943623
std: 0.9296875 ,  1.07519531 SigReg: 8.15943623
Epoch 17 finished in 248.47s.
  Avg Backbone Loss: 1.5991
  Avg Probe Loss:    175.4717
  Avg Probe Accuracy: 0.5021

Epoch 18/100
std: 0.995605469 ,  0.962890625 SigReg: 10.1605425
std: 1.12597656 ,  0.912597656 SigReg: 10.1605425
  Step 0: Backbone Loss = 1.5758, SIGReg Loss = 10.1605 Probe Loss = 128.5049, Acc = 0.5002
std: 0.920410156 ,  0.873535156 SigReg: 9.52576637
std: 0.976074219 ,  0.809082031 SigReg: 9.52576637
std: 1.25976562 ,  0.924316406 SigReg: 10.6047964
std: 1.10253906 ,  0.893554688 SigReg: 10.6047964
std: 0.987792969 ,  0.875976562 SigReg: 10.6559105
std: 1.06933594 ,  0.816894531 SigReg: 10.6559105
std: 0.98828125 ,  0.875 SigReg: 9.72883129
std: 0.950683594 ,  0.884765625 SigReg: 9.72883129
std: 1.078125 ,  1.05078125 SigReg: 9.00426388
std: 1.0859375 ,  0.715332031 SigReg: 9.00426388
std: 1.09570312 ,  0.875488281 SigReg: 10.1809731
std: 1.09472656 ,  0.890136719 SigReg: 10.1809731
std: 1.15917969 ,  0.914550781 SigReg: 8.95645618
std: 1.08691406 ,  1.00390625 SigReg: 8.95645618
std: 1.02246094 ,  0.927734375 SigReg: 9.1196022
std: 1.14648438 ,  0.865234375 SigReg: 9.1196022
std: 1.05273438 ,  0.803710938 SigReg: 10.1092587
std: 1.0703125 ,  0.781738281 SigReg: 10.1092587
std: 1.02734375 ,  0.704101562 SigReg: 9.89399052
std: 1.13671875 ,  0.911621094 SigReg: 9.89399052
std: 1.17480469 ,  0.901367188 SigReg: 9.83848095
std: 1.1328125 ,  0.873535156 SigReg: 9.83848095
std: 0.934570312 ,  0.973632812 SigReg: 8.75625229
std: 1.06054688 ,  0.780761719 SigReg: 8.75625229
std: 1.03808594 ,  0.918457031 SigReg: 9.91578674
std: 0.974121094 ,  0.965820312 SigReg: 9.91578674
std: 0.951171875 ,  0.916015625 SigReg: 8.29487514
std: 1.06835938 ,  0.924804688 SigReg: 8.29487514
std: 0.989257812 ,  0.817382812 SigReg: 8.69617748
std: 1.17382812 ,  0.936035156 SigReg: 8.69617748
std: 1.26367188 ,  0.828125 SigReg: 9.79294777
std: 1.06738281 ,  1.015625 SigReg: 9.79294777
std: 0.961425781 ,  0.798339844 SigReg: 9.64098644
std: 1.06933594 ,  0.823730469 SigReg: 9.64098644
std: 1.04785156 ,  0.99609375 SigReg: 8.23983669
std: 1.1953125 ,  0.873535156 SigReg: 8.23983669
std: 1.15917969 ,  0.797851562 SigReg: 8.13873291
std: 0.97265625 ,  0.84765625 SigReg: 8.13873291
std: 1.24609375 ,  0.784179688 SigReg: 9.19547081
std: 1.12402344 ,  0.762695312 SigReg: 9.19547081
std: 1.15234375 ,  0.91015625 SigReg: 9.42791
std: 1.11816406 ,  0.845214844 SigReg: 9.42791
std: 1.02441406 ,  0.830566406 SigReg: 10.2370043
std: 1.07910156 ,  0.748535156 SigReg: 10.2370043
std: 1.03613281 ,  0.822753906 SigReg: 10.0344467
std: 0.959960938 ,  0.708984375 SigReg: 10.0344467
std: 1.15429688 ,  0.853027344 SigReg: 9.28618145
std: 1.21777344 ,  0.69921875 SigReg: 9.28618145
std: 1.13671875 ,  0.89453125 SigReg: 9.33332634
std: 1.19335938 ,  0.952636719 SigReg: 9.33332634
std: 1.23339844 ,  1.17382812 SigReg: 9.11451435
std: 0.985839844 ,  0.857421875 SigReg: 9.11451435
std: 1.18359375 ,  0.819824219 SigReg: 10.8882971
std: 1.0625 ,  0.865234375 SigReg: 10.8882971
std: 0.960449219 ,  0.934570312 SigReg: 10.6972141
std: 1.03320312 ,  0.898925781 SigReg: 10.6972141
std: 0.930664062 ,  0.923828125 SigReg: 12.1344032
std: 1.00292969 ,  0.959472656 SigReg: 12.1344032
std: 1.11425781 ,  0.96484375 SigReg: 10.8514109
std: 0.938476562 ,  0.829101562 SigReg: 10.8514109
std: 1.00488281 ,  1.00585938 SigReg: 9.76608849
std: 0.960449219 ,  0.942871094 SigReg: 9.76608849
std: 1.11425781 ,  0.93359375 SigReg: 10.2670088
std: 1.20996094 ,  0.925292969 SigReg: 10.2670088
std: 1.07519531 ,  0.682128906 SigReg: 10.9651546
std: 1.09863281 ,  0.911621094 SigReg: 10.9651546
std: 1.06445312 ,  0.876953125 SigReg: 8.7835741
std: 0.971679688 ,  0.978515625 SigReg: 8.7835741
std: 1.10546875 ,  0.854492188 SigReg: 9.30650902
std: 0.995117188 ,  0.967285156 SigReg: 9.30650902
std: 1.05273438 ,  0.940429688 SigReg: 10.6058197
std: 1.1875 ,  0.877441406 SigReg: 10.6058197
std: 1.16210938 ,  0.786132812 SigReg: 9.45607662
std: 1.11035156 ,  0.918457031 SigReg: 9.45607662
std: 1.06152344 ,  0.91015625 SigReg: 8.98850822
std: 1.05761719 ,  0.8984375 SigReg: 8.98850822
std: 1.26367188 ,  0.895507812 SigReg: 8.69433
std: 1.10839844 ,  0.970703125 SigReg: 8.69433
std: 1.08496094 ,  0.8984375 SigReg: 9.11042786
std: 1.1953125 ,  0.819824219 SigReg: 9.11042786
std: 1.22460938 ,  0.895996094 SigReg: 8.73723602
std: 1.14550781 ,  0.905761719 SigReg: 8.73723602
std: 1.13671875 ,  0.970214844 SigReg: 8.24062824
std: 1.18652344 ,  0.833496094 SigReg: 8.24062824
std: 1.25976562 ,  0.9140625 SigReg: 9.41923428
std: 1.11914062 ,  0.937988281 SigReg: 9.41923428
std: 1.09472656 ,  0.94921875 SigReg: 8.5150528
std: 1.1484375 ,  0.992675781 SigReg: 8.5150528
std: 0.9609375 ,  1.07324219 SigReg: 9.00365448
std: 0.996582031 ,  0.7890625 SigReg: 9.00365448
std: 1.16113281 ,  0.805175781 SigReg: 8.71199322
std: 0.88671875 ,  0.952148438 SigReg: 8.71199322
std: 0.981933594 ,  1.04882812 SigReg: 9.88057327
std: 1.10742188 ,  0.926757812 SigReg: 9.88057327
std: 1.00976562 ,  0.822265625 SigReg: 10.6852293
std: 1.27246094 ,  0.911621094 SigReg: 10.6852293
std: 1.18261719 ,  0.905273438 SigReg: 12.1083889
std: 1.20117188 ,  0.965820312 SigReg: 12.1083889
std: 0.947265625 ,  0.9921875 SigReg: 9.28854
std: 1.20507812 ,  0.770019531 SigReg: 9.28854
  Step 50: Backbone Loss = 1.5044, SIGReg Loss = 9.2885 Probe Loss = 202.2255, Acc = 0.5091
std: 1.09082031 ,  0.994628906 SigReg: 9.78306866
std: 1.04003906 ,  1.03417969 SigReg: 9.78306866
std: 0.964355469 ,  0.97265625 SigReg: 9.19513893
std: 1.07714844 ,  0.87109375 SigReg: 9.19513893
std: 1.11425781 ,  0.805664062 SigReg: 9.13707924
std: 1.05957031 ,  1.04003906 SigReg: 9.13707924
std: 0.997070312 ,  0.877929688 SigReg: 8.44166279
std: 1.07421875 ,  0.985839844 SigReg: 8.44166279
std: 1.08886719 ,  0.941894531 SigReg: 8.74569607
std: 1.08105469 ,  0.908691406 SigReg: 8.74569607
std: 0.996582031 ,  0.924804688 SigReg: 7.98328495
std: 0.909667969 ,  0.919921875 SigReg: 7.98328495
std: 1.10546875 ,  0.979492188 SigReg: 8.54444122
std: 1.1328125 ,  0.916992188 SigReg: 8.54444122
std: 0.99609375 ,  0.977050781 SigReg: 8.35058594
std: 0.9609375 ,  0.806640625 SigReg: 8.35058594
std: 1.0390625 ,  0.932128906 SigReg: 8.75455475
std: 1.06835938 ,  0.933105469 SigReg: 8.75455475
std: 1.16992188 ,  1.04003906 SigReg: 10.6583233
std: 1.07226562 ,  0.875976562 SigReg: 10.6583233
std: 0.799316406 ,  1.05175781 SigReg: 11.1889019
std: 1.0390625 ,  1.05859375 SigReg: 11.1889019
std: 0.9921875 ,  1.06054688 SigReg: 10.1271935
std: 1.11425781 ,  1.01074219 SigReg: 10.1271935
std: 1.08300781 ,  0.982421875 SigReg: 11.5107708
std: 1.10742188 ,  0.916503906 SigReg: 11.5107708
std: 1.12890625 ,  0.906738281 SigReg: 12.6177855
std: 1.10839844 ,  1.015625 SigReg: 12.6177855
std: 1.07128906 ,  0.895996094 SigReg: 9.88219738
std: 1.05371094 ,  0.875488281 SigReg: 9.88219738
std: 0.986328125 ,  1.05761719 SigReg: 8.73679543
std: 1.05175781 ,  0.904785156 SigReg: 8.73679543
std: 1.046875 ,  0.821289062 SigReg: 12.2530155
std: 1.05078125 ,  0.974609375 SigReg: 12.2530155
std: 1.1171875 ,  0.853027344 SigReg: 10.0574799
std: 1.06152344 ,  0.852539062 SigReg: 10.0574799
std: 1.1171875 ,  0.970703125 SigReg: 8.14197254
std: 0.967773438 ,  1.10546875 SigReg: 8.14197254
std: 0.971191406 ,  1.02050781 SigReg: 9.50639629
std: 1.09375 ,  0.982421875 SigReg: 9.50639629
std: 1.10742188 ,  0.979980469 SigReg: 11.0379505
std: 0.898925781 ,  1.00585938 SigReg: 11.0379505
std: 1.05371094 ,  0.862304688 SigReg: 10.9495773
std: 0.877929688 ,  0.869628906 SigReg: 10.9495773
std: 1.01269531 ,  0.825195312 SigReg: 9.13321686
std: 0.973144531 ,  0.885253906 SigReg: 9.13321686
std: 0.986328125 ,  0.930175781 SigReg: 11.5969305
std: 0.975097656 ,  0.72265625 SigReg: 11.5969305
std: 0.814941406 ,  0.954589844 SigReg: 9.27273941
std: 0.942871094 ,  0.969726562 SigReg: 9.27273941
std: 0.935058594 ,  0.988769531 SigReg: 9.84894562
std: 0.981445312 ,  0.912597656 SigReg: 9.84894562
std: 0.979003906 ,  0.854492188 SigReg: 7.98854494
std: 0.963867188 ,  0.892578125 SigReg: 7.98854494
std: 1.00195312 ,  0.889160156 SigReg: 9.22631073
std: 0.998535156 ,  0.954589844 SigReg: 9.22631073
std: 0.913574219 ,  0.925292969 SigReg: 9.81956291
std: 0.975585938 ,  0.790039062 SigReg: 9.81956291
std: 1.00390625 ,  0.950683594 SigReg: 9.58385372
std: 1.04882812 ,  0.71875 SigReg: 9.58385372
std: 1.00878906 ,  0.829101562 SigReg: 8.77132225
std: 1.10742188 ,  0.857910156 SigReg: 8.77132225
std: 1.0390625 ,  0.809082031 SigReg: 8.7413559
std: 0.907226562 ,  1.05371094 SigReg: 8.7413559
std: 0.990722656 ,  0.888671875 SigReg: 10.4986506
std: 0.84765625 ,  0.889160156 SigReg: 10.4986506
std: 0.821289062 ,  0.96875 SigReg: 10.4937763
std: 0.940429688 ,  0.805664062 SigReg: 10.4937763
std: 0.920898438 ,  0.840332031 SigReg: 11.5324745
std: 0.950195312 ,  0.842773438 SigReg: 11.5324745
std: 0.970703125 ,  0.633789062 SigReg: 11.6394196
std: 0.899902344 ,  0.794921875 SigReg: 11.6394196
std: 0.909179688 ,  0.987792969 SigReg: 10.6524324
std: 0.967773438 ,  0.909179688 SigReg: 10.6524324
std: 0.780761719 ,  1.00683594 SigReg: 10.0073156
std: 0.798828125 ,  0.919921875 SigReg: 10.0073156
std: 0.999023438 ,  0.899414062 SigReg: 9.71233273
std: 0.866210938 ,  0.811035156 SigReg: 9.71233273
std: 1.00292969 ,  0.86328125 SigReg: 10.4907455
std: 1.08105469 ,  0.892578125 SigReg: 10.4907455
std: 0.895996094 ,  0.907226562 SigReg: 11.305666
std: 0.924316406 ,  0.876953125 SigReg: 11.305666
std: 0.88671875 ,  0.823242188 SigReg: 12.5710678
std: 0.8671875 ,  0.905761719 SigReg: 12.5710678
std: 1.00976562 ,  0.927246094 SigReg: 11.5210485
std: 0.808105469 ,  0.871582031 SigReg: 11.5210485
std: 0.894042969 ,  0.915039062 SigReg: 8.82371521
std: 0.875 ,  0.962402344 SigReg: 8.82371521
std: 0.905761719 ,  0.893066406 SigReg: 10.0543699
std: 0.925292969 ,  0.891113281 SigReg: 10.0543699
std: 0.805175781 ,  0.931640625 SigReg: 9.216012
std: 0.858886719 ,  0.892089844 SigReg: 9.216012
std: 0.820800781 ,  0.985351562 SigReg: 8.85070705
std: 0.881347656 ,  0.985839844 SigReg: 8.85070705
std: 0.931152344 ,  0.960449219 SigReg: 10.6733265
std: 0.855957031 ,  0.904785156 SigReg: 10.6733265
std: 0.874023438 ,  0.998046875 SigReg: 9.5389185
std: 0.828125 ,  0.895996094 SigReg: 9.5389185
std: 0.896972656 ,  0.920898438 SigReg: 8.52012634
std: 0.802246094 ,  0.973144531 SigReg: 8.52012634
  Step 100: Backbone Loss = 1.4907, SIGReg Loss = 8.5201 Probe Loss = 205.5628, Acc = 0.5217
std: 0.96875 ,  0.966796875 SigReg: 8.8368454
std: 0.893554688 ,  0.954589844 SigReg: 8.8368454
std: 0.998535156 ,  0.833984375 SigReg: 8.90302181
std: 0.858886719 ,  0.885742188 SigReg: 8.90302181
std: 0.6953125 ,  1.0078125 SigReg: 8.30335236
std: 0.981445312 ,  0.862792969 SigReg: 8.30335236
std: 1.01464844 ,  0.801269531 SigReg: 9.40783
std: 0.8515625 ,  0.9453125 SigReg: 9.40783
std: 0.861816406 ,  1.00390625 SigReg: 8.6839838
std: 0.903320312 ,  0.822753906 SigReg: 8.6839838
std: 1.04785156 ,  0.825683594 SigReg: 8.61988163
std: 0.888671875 ,  0.967773438 SigReg: 8.61988163
std: 1.06152344 ,  1.00585938 SigReg: 9.39141369
std: 0.999023438 ,  0.943359375 SigReg: 9.39141369
std: 0.913574219 ,  0.922851562 SigReg: 7.56573725
std: 1.01464844 ,  1.04492188 SigReg: 7.56573725
std: 1.00878906 ,  1.01269531 SigReg: 9.11097717
std: 0.78515625 ,  0.776367188 SigReg: 9.11097717
std: 1 ,  1.02636719 SigReg: 7.64525175
std: 1.03613281 ,  0.896972656 SigReg: 7.64525175
std: 1.01464844 ,  0.864257812 SigReg: 8.27741241
std: 0.962402344 ,  0.913085938 SigReg: 8.27741241
std: 0.803222656 ,  0.970214844 SigReg: 8.32517529
std: 0.818359375 ,  0.904296875 SigReg: 8.32517529
std: 0.903320312 ,  0.860351562 SigReg: 8.58681393
std: 0.789550781 ,  0.891113281 SigReg: 8.58681393
std: 0.944824219 ,  1.03808594 SigReg: 8.05713749
std: 0.838867188 ,  0.915527344 SigReg: 8.05713749
std: 0.846191406 ,  1.10839844 SigReg: 7.4560585
std: 0.915527344 ,  0.964355469 SigReg: 7.4560585
std: 0.754394531 ,  1.07617188 SigReg: 8.50199127
std: 0.78515625 ,  1.06933594 SigReg: 8.50199127
std: 0.767578125 ,  0.798339844 SigReg: 7.48668289
std: 0.978027344 ,  0.918457031 SigReg: 7.48668289
