## SLURM PROLOG ###############################################################
##    Job ID : 14732307
##  Job Name : MyGO
##  Nodelist : gpu2108
##      CPUs : 1
##  Mem/Node : 32000 MB
## Directory : /oscar/home/lwang223/MyGO/MyGo
##   Job Started : Sun Dec  7 01:54:04 AM EST 2025
###############################################################################

==========================================
Job started at: Sun Dec  7 01:54:04 AM EST 2025
Job ID: 14732307
Node: gpu2108
==========================================

GPU Information (from host):
Sun Dec  7 01:54:04 2025       
+---------------------------------------------------------------------------------------+
| NVIDIA-SMI 535.129.03             Driver Version: 535.129.03   CUDA Version: 12.2     |
|-----------------------------------------+----------------------+----------------------+
| GPU  Name                 Persistence-M | Bus-Id        Disp.A | Volatile Uncorr. ECC |
| Fan  Temp   Perf          Pwr:Usage/Cap |         Memory-Usage | GPU-Util  Compute M. |
|                                         |                      |               MIG M. |
|=========================================+======================+======================|
|   0  NVIDIA GeForce RTX 3090        On  | 00000000:41:00.0 Off |                  N/A |
| 30%   33C    P8              27W / 350W |     30MiB / 24576MiB |      0%      Default |
|                                         |                      |                  N/A |
+-----------------------------------------+----------------------+----------------------+
|   1  NVIDIA GeForce RTX 3090        On  | 00000000:81:00.0 Off |                  N/A |
| 30%   29C    P8              29W / 350W |     30MiB / 24576MiB |      0%      Default |
|                                         |                      |                  N/A |
+-----------------------------------------+----------------------+----------------------+
                                                                                         
+---------------------------------------------------------------------------------------+
| Processes:                                                                            |
|  GPU   GI   CI        PID   Type   Process name                            GPU Memory |
|        ID   ID                                                             Usage      |
|=======================================================================================|
|    0   N/A  N/A     45822      G   /usr/libexec/Xorg                            17MiB |
|    1   N/A  N/A     45822      G   /usr/libexec/Xorg                            21MiB |
+---------------------------------------------------------------------------------------+

mygo conda environment loaded
/oscar/rt/9.2/software/0.20-generic/0.20.1/opt/spack/linux-rhel9-x86_64_v3/gcc-11.3.1/ffmpeg-7.0-xny2fb2nz3demdcjhj6x74mcxz4iwmys/bin/ffmpeg
ffmpeg version 7.0 Copyright (c) 2000-2024 the FFmpeg developers
built with gcc 11 (GCC)
configuration: --prefix=/oscar/rt/9.2/software/0.20-generic/0.20.1/opt/spack/linux-rhel9-x86_64_v3/gcc-11.3.1/ffmpeg-7.0-xny2fb2nz3demdcjhj6x74mcxz4iwmys --enable-pic --cc=/oscar/rt/9.2/software/0.20-generic/0.20.1/lib/spack/env/gcc/gcc --cxx=/oscar/rt/9.2/software/0.20-generic/0.20.1/lib/spack/env/gcc/g++ --disable-libxcb --disable-libxcb-shape --disable-libxcb-shm --disable-libxcb-xfixes --disable-xlib --disable-libfontconfig --disable-libfreetype --disable-libfribidi --enable-bzlib --enable-gpl --disable-libmp3lame --disable-libopenjpeg --disable-libopus --disable-libspeex --disable-libvorbis --enable-libvpx --enable-libx264 --disable-nonfree --disable-openssl --enable-shared --enable-version3 --disable-libzmq --disable-libssh --enable-libwebp --disable-lzma --disable-libsnappy --disable-sdl2 --disable-libaom --disable-libxml2
libavutil      59.  8.100 / 59.  8.100
libavcodec     61.  3.100 / 61.  3.100
libavformat    61.  1.100 / 61.  1.100
libavdevice    61.  1.100 / 61.  1.100
libavfilter    10.  1.100 / 10.  1.100
libswscale      8.  1.100 /  8.  1.100
libswresample   5.  1.100 /  5.  1.100
libpostproc    58.  1.100 / 58.  1.100
TF version: 2.16.1
Built with CUDA: True
GPUs detected: 2
GPU devices: [PhysicalDevice(name='/physical_device:GPU:0', device_type='GPU'), PhysicalDevice(name='/physical_device:GPU:1', device_type='GPU')]
==========================================
Installing dependencies
==========================================


==========================================
Starting main Python script at Sun Dec  7 01:54:13 AM EST 2025
==========================================

Working directory: /users/lwang223/MyGO/MyGo

[PhysicalDevice(name='/physical_device:GPU:0', device_type='GPU'), PhysicalDevice(name='/physical_device:GPU:1', device_type='GPU')]
Using MirroredStrategy for multi-GPU training.
Number of devices: 2
Model: "vi_t__ti"
_________________________________________________________________
 Layer (type)                Output Shape              Param #   
=================================================================
 vit (TFViTMainLayer)        multiple                  0 (unused)
                                                                 
=================================================================
Total params: 5536128 (21.12 MB)
Trainable params: 5536128 (21.12 MB)
Non-trainable params: 0 (0.00 Byte)
_________________________________________________________________
Model: "linear_probe"
_________________________________________________________________
 Layer (type)                Output Shape              Param #   
=================================================================
 dense (Dense)               multiple                  101711    
                                                                 
=================================================================
Total params: 101711 (397.31 KB)
Trainable params: 101711 (397.31 KB)
Non-trainable params: 0 (0.00 Byte)
_________________________________________________________________
Building optimizer variables...
Optimizer built.
Starting training...

Epoch 1/100
std: 0.0751953125 ,  0.0887451172 SigReg: 592.484497
std: 0.185913086 ,  0.135375977 SigReg: 592.484497
  Step 0: Backbone Loss = 30.2236, SIGReg Loss = 592.4845 Probe Loss = 453.3386, Acc = 0.5376
std: 0.126708984 ,  0.126708984 SigReg: 578.161621
std: 0.118347168 ,  0.122924805 SigReg: 578.161621
std: 0.191894531 ,  0.112915039 SigReg: 627.937073
std: 0.0769043 ,  0.104309082 SigReg: 627.937073
std: 0.053527832 ,  0.0928344727 SigReg: 600.682678
std: 0.0469360352 ,  0.105224609 SigReg: 600.682678
std: 0.0739135742 ,  0.128540039 SigReg: 605.901733
std: 0.0525817871 ,  0.0852661133 SigReg: 605.901733
std: 0.180541992 ,  0.12512207 SigReg: 625.585083
std: 0.182373047 ,  0.11529541 SigReg: 625.585083
std: 0.0864257812 ,  0.11907959 SigReg: 614.530273
std: 0.115356445 ,  0.113525391 SigReg: 614.530273
std: 0.106323242 ,  0.137573242 SigReg: 594.771057
std: 0.0949707 ,  0.092956543 SigReg: 594.771057
std: 0.111572266 ,  0.130981445 SigReg: 533.090149
std: 0.172119141 ,  0.112976074 SigReg: 533.090149
std: 0.111755371 ,  0.128662109 SigReg: 596.670105
std: 0.12890625 ,  0.137695312 SigReg: 596.670105
std: 0.206420898 ,  0.133544922 SigReg: 623.73938
std: 0.112304688 ,  0.122680664 SigReg: 623.73938
std: 0.13269043 ,  0.14074707 SigReg: 628.352295
std: 0.11895752 ,  0.122253418 SigReg: 628.352295
std: 0.0748291 ,  0.114685059 SigReg: 583.378906
std: 0.144775391 ,  0.0977172852 SigReg: 583.378906
std: 0.208251953 ,  0.117797852 SigReg: 588.645
std: 0.0664672852 ,  0.116699219 SigReg: 588.645
std: 0.159057617 ,  0.106079102 SigReg: 608.391968
std: 0.0745239258 ,  0.116943359 SigReg: 608.391968
std: 0.0956420898 ,  0.117492676 SigReg: 595.417358
std: 0.116882324 ,  0.151000977 SigReg: 595.417358
std: 0.0904541 ,  0.12310791 SigReg: 598.912781
std: 0.0754394531 ,  0.10760498 SigReg: 598.912781
std: 0.100891113 ,  0.102844238 SigReg: 571.754761
std: 0.052154541 ,  0.0961303711 SigReg: 571.754761
std: 0.0762329102 ,  0.105529785 SigReg: 573.292847
std: 0.10723877 ,  0.127685547 SigReg: 573.292847
std: 0.0699462891 ,  0.117004395 SigReg: 614.18811
std: 0.111572266 ,  0.106140137 SigReg: 614.18811
std: 0.0742797852 ,  0.115966797 SigReg: 600.719299
std: 0.209106445 ,  0.14855957 SigReg: 600.719299
std: 0.0495910645 ,  0.10534668 SigReg: 550.168457
std: 0.0975341797 ,  0.117858887 SigReg: 550.168457
std: 0.0753173828 ,  0.102233887 SigReg: 626.269897
std: 0.068359375 ,  0.087890625 SigReg: 626.269897
std: 0.16027832 ,  0.0983276367 SigReg: 591.058105
std: 0.252441406 ,  0.130004883 SigReg: 591.058105
std: 0.126831055 ,  0.125488281 SigReg: 560.9953
std: 0.0695800781 ,  0.100952148 SigReg: 560.9953
std: 0.185424805 ,  0.125244141 SigReg: 558.990601
std: 0.0989379883 ,  0.104431152 SigReg: 558.990601
std: 0.185791016 ,  0.124755859 SigReg: 599.55835
std: 0.0852050781 ,  0.0952148438 SigReg: 599.55835
std: 0.134765625 ,  0.125976562 SigReg: 583.865
std: 0.098449707 ,  0.109191895 SigReg: 583.865
std: 0.102539062 ,  0.0971679688 SigReg: 556.977722
std: 0.0782470703 ,  0.0808105469 SigReg: 556.977722
std: 0.138916016 ,  0.10144043 SigReg: 544.144653
std: 0.069519043 ,  0.0956420898 SigReg: 544.144653
std: 0.101318359 ,  0.121704102 SigReg: 570.679565
std: 0.102844238 ,  0.115783691 SigReg: 570.679565
std: 0.110717773 ,  0.091003418 SigReg: 555.93866
std: 0.0832519531 ,  0.106811523 SigReg: 555.93866
std: 0.130859375 ,  0.115356445 SigReg: 576.0672
std: 0.0920410156 ,  0.109313965 SigReg: 576.0672
std: 0.109558105 ,  0.116760254 SigReg: 566.761963
std: 0.210327148 ,  0.143310547 SigReg: 566.761963
std: 0.122497559 ,  0.127807617 SigReg: 564.933472
std: 0.112548828 ,  0.0997314453 SigReg: 564.933472
std: 0.136474609 ,  0.110534668 SigReg: 530.112732
std: 0.168457031 ,  0.119812012 SigReg: 530.112732
std: 0.0655517578 ,  0.0936889648 SigReg: 534.637329
std: 0.137573242 ,  0.120178223 SigReg: 534.637329
std: 0.0989990234 ,  0.118835449 SigReg: 532.976685
std: 0.0668334961 ,  0.113464355 SigReg: 532.976685
std: 0.0924682617 ,  0.110168457 SigReg: 531.181335
std: 0.134155273 ,  0.121520996 SigReg: 531.181335
std: 0.192993164 ,  0.133544922 SigReg: 515.951111
std: 0.222167969 ,  0.114746094 SigReg: 515.951111
std: 0.0727539062 ,  0.0969848633 SigReg: 525.304932
std: 0.0819091797 ,  0.116455078 SigReg: 525.304932
std: 0.102355957 ,  0.108520508 SigReg: 509.789062
std: 0.228515625 ,  0.121887207 SigReg: 509.789062
std: 0.155517578 ,  0.113464355 SigReg: 527.853
std: 0.182006836 ,  0.108032227 SigReg: 527.853
std: 0.106140137 ,  0.123352051 SigReg: 513.169373
std: 0.0578308105 ,  0.0911865234 SigReg: 513.169373
std: 0.197143555 ,  0.111999512 SigReg: 518.045898
std: 0.157104492 ,  0.123046875 SigReg: 518.045898
std: 0.121520996 ,  0.0910644531 SigReg: 526.375305
std: 0.163696289 ,  0.124084473 SigReg: 526.375305
std: 0.127563477 ,  0.115783691 SigReg: 487.926239
std: 0.26953125 ,  0.168212891 SigReg: 487.926239
std: 0.120727539 ,  0.118591309 SigReg: 527.590576
std: 0.133178711 ,  0.098449707 SigReg: 527.590576
std: 0.0794677734 ,  0.103820801 SigReg: 486.619202
std: 0.213012695 ,  0.134643555 SigReg: 486.619202
std: 0.0956420898 ,  0.116455078 SigReg: 509.100891
std: 0.211181641 ,  0.121765137 SigReg: 509.100891
std: 0.0974731445 ,  0.115234375 SigReg: 502.905151
std: 0.151367188 ,  0.11328125 SigReg: 502.905151
  Step 50: Backbone Loss = 26.4520, SIGReg Loss = 502.9052 Probe Loss = 443.7162, Acc = 0.5277
std: 0.102172852 ,  0.110534668 SigReg: 487.754761
std: 0.137084961 ,  0.140380859 SigReg: 487.754761
std: 0.210693359 ,  0.142456055 SigReg: 478.170197
std: 0.143310547 ,  0.120727539 SigReg: 478.170197
std: 0.0950927734 ,  0.111816406 SigReg: 491.990295
std: 0.173217773 ,  0.110900879 SigReg: 491.990295
std: 0.106445312 ,  0.108642578 SigReg: 475.745453
std: 0.11505127 ,  0.112854004 SigReg: 475.745453
std: 0.176879883 ,  0.0915527344 SigReg: 463.660339
std: 0.184936523 ,  0.130493164 SigReg: 463.660339
std: 0.0873413086 ,  0.0914306641 SigReg: 496.944916
std: 0.116882324 ,  0.107849121 SigReg: 496.944916
std: 0.170410156 ,  0.105834961 SigReg: 467.118256
std: 0.196899414 ,  0.127685547 SigReg: 467.118256
std: 0.158935547 ,  0.117004395 SigReg: 479.967896
std: 0.204956055 ,  0.102294922 SigReg: 479.967896
std: 0.123779297 ,  0.0907592773 SigReg: 468.653748
std: 0.117492676 ,  0.0994873047 SigReg: 468.653748
std: 0.0994262695 ,  0.0980224609 SigReg: 488.544
std: 0.111694336 ,  0.112854004 SigReg: 488.544
std: 0.112304688 ,  0.0864257812 SigReg: 451.571228
std: 0.16784668 ,  0.113342285 SigReg: 451.571228
std: 0.0904541 ,  0.0881958 SigReg: 450.019409
std: 0.142822266 ,  0.125244141 SigReg: 450.019409
std: 0.18762207 ,  0.0955810547 SigReg: 419.435791
std: 0.144287109 ,  0.0925293 SigReg: 419.435791
std: 0.159545898 ,  0.110351562 SigReg: 428.4245
std: 0.170532227 ,  0.108764648 SigReg: 428.4245
std: 0.13659668 ,  0.106201172 SigReg: 443.670166
std: 0.120910645 ,  0.0939941406 SigReg: 443.670166
std: 0.191894531 ,  0.108032227 SigReg: 449.932129
std: 0.112487793 ,  0.0935668945 SigReg: 449.932129
std: 0.182739258 ,  0.0922851562 SigReg: 455.144226
std: 0.120727539 ,  0.104125977 SigReg: 455.144226
std: 0.0961914062 ,  0.100036621 SigReg: 453.912384
std: 0.259277344 ,  0.104309082 SigReg: 453.912384
std: 0.142211914 ,  0.0971069336 SigReg: 443.293579
std: 0.289306641 ,  0.122070312 SigReg: 443.293579
std: 0.14465332 ,  0.0993652344 SigReg: 447.397858
std: 0.110778809 ,  0.0947265625 SigReg: 447.397858
std: 0.130371094 ,  0.0954589844 SigReg: 449.659668
std: 0.132202148 ,  0.092956543 SigReg: 449.659668
std: 0.197998047 ,  0.114624023 SigReg: 445.542664
std: 0.138427734 ,  0.0788574219 SigReg: 445.542664
std: 0.0972900391 ,  0.0789794922 SigReg: 447.269928
std: 0.168334961 ,  0.104980469 SigReg: 447.269928
std: 0.126098633 ,  0.0897216797 SigReg: 459.007202
std: 0.102722168 ,  0.0847168 SigReg: 459.007202
std: 0.134643555 ,  0.083190918 SigReg: 439.384399
std: 0.224243164 ,  0.114501953 SigReg: 439.384399
std: 0.203369141 ,  0.101135254 SigReg: 425.972229
std: 0.0905761719 ,  0.0822753906 SigReg: 425.972229
std: 0.21887207 ,  0.101379395 SigReg: 421.686859
std: 0.115966797 ,  0.0889282227 SigReg: 421.686859
std: 0.124450684 ,  0.094543457 SigReg: 431.38504
std: 0.160400391 ,  0.10534668 SigReg: 431.38504
std: 0.15234375 ,  0.096862793 SigReg: 428.653717
std: 0.125732422 ,  0.0950927734 SigReg: 428.653717
std: 0.151855469 ,  0.0897827148 SigReg: 427.244751
std: 0.0941772461 ,  0.0831298828 SigReg: 427.244751
std: 0.129760742 ,  0.106262207 SigReg: 471.610779
std: 0.145019531 ,  0.0814819336 SigReg: 471.610779
std: 0.166137695 ,  0.105041504 SigReg: 428.83374
std: 0.262939453 ,  0.0841674805 SigReg: 428.83374
std: 0.09765625 ,  0.076965332 SigReg: 406.119751
std: 0.266357422 ,  0.122070312 SigReg: 406.119751
std: 0.201049805 ,  0.0975952148 SigReg: 411.720245
std: 0.153076172 ,  0.0810546875 SigReg: 411.720245
std: 0.115722656 ,  0.0699462891 SigReg: 432.980225
std: 0.11151123 ,  0.0902099609 SigReg: 432.980225
std: 0.110839844 ,  0.0838012695 SigReg: 406.123627
std: 0.220214844 ,  0.133666992 SigReg: 406.123627
std: 0.117553711 ,  0.0847168 SigReg: 412.619507
std: 0.241699219 ,  0.0841674805 SigReg: 412.619507
std: 0.213256836 ,  0.0959472656 SigReg: 422.200745
std: 0.204956055 ,  0.0914306641 SigReg: 422.200745
std: 0.313964844 ,  0.0880737305 SigReg: 422.575073
std: 0.159179688 ,  0.0791015625 SigReg: 422.575073
std: 0.240600586 ,  0.140014648 SigReg: 437.61319
std: 0.11706543 ,  0.0856933594 SigReg: 437.61319
std: 0.21472168 ,  0.0924682617 SigReg: 437.912476
std: 0.145019531 ,  0.0881958 SigReg: 437.912476
std: 0.141235352 ,  0.0754394531 SigReg: 424.808594
std: 0.151977539 ,  0.0897827148 SigReg: 424.808594
std: 0.125244141 ,  0.0853881836 SigReg: 409.590576
std: 0.12902832 ,  0.0868530273 SigReg: 409.590576
std: 0.100463867 ,  0.0809936523 SigReg: 402.044647
std: 0.145141602 ,  0.0920410156 SigReg: 402.044647
std: 0.0938110352 ,  0.0784301758 SigReg: 417.013275
std: 0.126831055 ,  0.0782470703 SigReg: 417.013275
std: 0.0980224609 ,  0.0701904297 SigReg: 385.526886
std: 0.161376953 ,  0.0722045898 SigReg: 385.526886
std: 0.114440918 ,  0.0773925781 SigReg: 396.305145
std: 0.158203125 ,  0.0664672852 SigReg: 396.305145
std: 0.256835938 ,  0.109069824 SigReg: 399.121582
std: 0.173583984 ,  0.0891723633 SigReg: 399.121582
std: 0.177856445 ,  0.0873413086 SigReg: 403.134583
std: 0.110778809 ,  0.0731201172 SigReg: 403.134583
std: 0.220092773 ,  0.0992431641 SigReg: 404.110626
std: 0.215942383 ,  0.099609375 SigReg: 404.110626
  Step 100: Backbone Loss = 22.5271, SIGReg Loss = 404.1106 Probe Loss = 434.8222, Acc = 0.4987
std: 0.191040039 ,  0.102661133 SigReg: 413.386108
std: 0.142578125 ,  0.06640625 SigReg: 413.386108
std: 0.108276367 ,  0.0842895508 SigReg: 380.718506
std: 0.226074219 ,  0.0686645508 SigReg: 380.718506
std: 0.11895752 ,  0.0812988281 SigReg: 392.830322
std: 0.0971679688 ,  0.0693969727 SigReg: 392.830322
std: 0.196777344 ,  0.0837402344 SigReg: 395.942535
std: 0.0895385742 ,  0.0669555664 SigReg: 395.942535
std: 0.150268555 ,  0.0659179688 SigReg: 406.099579
std: 0.111450195 ,  0.0745239258 SigReg: 406.099579
std: 0.354248047 ,  0.0871582 SigReg: 369.640625
std: 0.152709961 ,  0.0758056641 SigReg: 369.640625
std: 0.223266602 ,  0.0825195312 SigReg: 355.149445
std: 0.223022461 ,  0.104980469 SigReg: 355.149445
std: 0.232666016 ,  0.0891723633 SigReg: 384.081726
std: 0.115722656 ,  0.0651855469 SigReg: 384.081726
std: 0.230712891 ,  0.0661010742 SigReg: 376.86438
std: 0.192871094 ,  0.0724487305 SigReg: 376.86438
std: 0.230957031 ,  0.12512207 SigReg: 358.204224
std: 0.21862793 ,  0.0856933594 SigReg: 358.204224
std: 0.169921875 ,  0.103637695 SigReg: 350.496948
std: 0.215332031 ,  0.0843505859 SigReg: 350.496948
std: 0.108520508 ,  0.0705566406 SigReg: 345.125183
std: 0.268310547 ,  0.0828857422 SigReg: 345.125183
std: 0.126098633 ,  0.0642089844 SigReg: 364.38913
std: 0.119567871 ,  0.0709228516 SigReg: 364.38913
std: 0.229858398 ,  0.0624694824 SigReg: 347.700867
std: 0.110046387 ,  0.0674438477 SigReg: 347.700867
std: 0.143676758 ,  0.0723876953 SigReg: 356.856873
std: 0.234008789 ,  0.128540039 SigReg: 356.856873
std: 0.0921020508 ,  0.0648193359 SigReg: 341.623566
std: 0.192260742 ,  0.101196289 SigReg: 341.623566
std: 0.107910156 ,  0.0590820312 SigReg: 335.292267
std: 0.117431641 ,  0.0703125 SigReg: 335.292267
std: 0.262695312 ,  0.0713501 SigReg: 326.384979
std: 0.113708496 ,  0.0645751953 SigReg: 326.384979
std: 0.100708008 ,  0.0655517578 SigReg: 336.549347
std: 0.0952148438 ,  0.0582580566 SigReg: 336.549347
std: 0.152099609 ,  0.0880126953 SigReg: 307.345093
std: 0.13269043 ,  0.0751953125 SigReg: 307.345093
std: 0.176635742 ,  0.07421875 SigReg: 289.522125
std: 0.18737793 ,  0.0736084 SigReg: 289.522125
std: 0.0877685547 ,  0.0668334961 SigReg: 293.725647
std: 0.165893555 ,  0.0665283203 SigReg: 293.725647
std: 0.152709961 ,  0.0708007812 SigReg: 303.361755
std: 0.101501465 ,  0.0651855469 SigReg: 303.361755
std: 0.118774414 ,  0.0661010742 SigReg: 273.712646
std: 0.118041992 ,  0.0573120117 SigReg: 273.712646
std: 0.138305664 ,  0.0678100586 SigReg: 266.642151
std: 0.254394531 ,  0.079284668 SigReg: 266.642151
std: 0.2734375 ,  0.0774536133 SigReg: 251.149155
std: 0.118713379 ,  0.0687255859 SigReg: 251.149155
std: 0.11920166 ,  0.0569763184 SigReg: 233.9823
std: 0.239990234 ,  0.0639038086 SigReg: 233.9823
std: 0.134521484 ,  0.0635376 SigReg: 229.556198
std: 0.127075195 ,  0.0693359375 SigReg: 229.556198
std: 0.226806641 ,  0.0735473633 SigReg: 219.704041
std: 0.108947754 ,  0.0684204102 SigReg: 219.704041
std: 0.243408203 ,  0.0702514648 SigReg: 211.870544
std: 0.121459961 ,  0.0635986328 SigReg: 211.870544
std: 0.252929688 ,  0.0775146484 SigReg: 225.504456
std: 0.124755859 ,  0.0738525391 SigReg: 225.504456
std: 0.0902099609 ,  0.0547790527 SigReg: 225.809402
std: 0.137207031 ,  0.0634155273 SigReg: 225.809402
std: 0.142456055 ,  0.0663452148 SigReg: 210.695709
std: 0.12121582 ,  0.0626831055 SigReg: 210.695709
std: 0.104370117 ,  0.0560913086 SigReg: 192.856567
std: 0.216186523 ,  0.0740356445 SigReg: 192.856567
std: 0.137695312 ,  0.0594787598 SigReg: 180.226669
std: 0.282714844 ,  0.0732421875 SigReg: 180.226669
std: 0.200317383 ,  0.061126709 SigReg: 184.762894
std: 0.0885009766 ,  0.0563659668 SigReg: 184.762894
std: 0.134399414 ,  0.0617980957 SigReg: 181.177795
std: 0.159301758 ,  0.068359375 SigReg: 181.177795
std: 0.250244141 ,  0.128173828 SigReg: 183.673309
std: 0.222167969 ,  0.0735473633 SigReg: 183.673309
std: 0.281738281 ,  0.0755004883 SigReg: 169.825638
std: 0.237182617 ,  0.0715332 SigReg: 169.825638
std: 0.143310547 ,  0.0689086914 SigReg: 180.768784
std: 0.106445312 ,  0.0664672852 SigReg: 180.768784
std: 0.129272461 ,  0.0728759766 SigReg: 173.590469
std: 0.110839844 ,  0.0581665039 SigReg: 173.590469
std: 0.149169922 ,  0.0626831055 SigReg: 169.10437
std: 0.134399414 ,  0.0707397461 SigReg: 169.10437
std: 0.141967773 ,  0.0689697266 SigReg: 179.568451
std: 0.101318359 ,  0.0650634766 SigReg: 179.568451
std: 0.141967773 ,  0.0786132812 SigReg: 162.952087
std: 0.208740234 ,  0.067199707 SigReg: 162.952087
std: 0.136352539 ,  0.0625610352 SigReg: 160.257324
std: 0.155273438 ,  0.0582885742 SigReg: 160.257324
std: 0.262695312 ,  0.0733032227 SigReg: 151.296021
std: 0.13671875 ,  0.0623474121 SigReg: 151.296021
std: 0.0897827148 ,  0.0570983887 SigReg: 146.281143
std: 0.156982422 ,  0.068359375 SigReg: 146.281143
std: 0.182739258 ,  0.058380127 SigReg: 164.680389
std: 0.188842773 ,  0.0697021484 SigReg: 164.680389
std: 0.171386719 ,  0.0648803711 SigReg: 150.490967
std: 0.114318848 ,  0.0645751953 SigReg: 150.490967
std: 0.142944336 ,  0.057220459 SigReg: 150.022186
std: 0.312011719 ,  0.0672607422 SigReg: 150.022186
  Step 150: Backbone Loss = 9.2583, SIGReg Loss = 150.0222 Probe Loss = 423.8475, Acc = 0.5183
std: 0.145141602 ,  0.0712280273 SigReg: 141.379211
std: 0.182617188 ,  0.0625 SigReg: 141.379211
std: 0.134765625 ,  0.0552063 SigReg: 149.562759
std: 0.121826172 ,  0.0628051758 SigReg: 149.562759
std: 0.279296875 ,  0.0922241211 SigReg: 153.894867
std: 0.214477539 ,  0.0605163574 SigReg: 153.894867
std: 0.262939453 ,  0.0766601562 SigReg: 141.45462
std: 0.169677734 ,  0.0510559082 SigReg: 141.45462
std: 0.159545898 ,  0.0655517578 SigReg: 151.784714
std: 0.111999512 ,  0.0634765625 SigReg: 151.784714
std: 0.196777344 ,  0.064453125 SigReg: 148.741867
std: 0.148803711 ,  0.0704345703 SigReg: 148.741867
std: 0.136352539 ,  0.0682983398 SigReg: 129.007446
std: 0.218139648 ,  0.0700683594 SigReg: 129.007446
std: 0.200805664 ,  0.0666503906 SigReg: 138.66243
std: 0.276855469 ,  0.102478027 SigReg: 138.66243
std: 0.212646484 ,  0.0668334961 SigReg: 134.592697
std: 0.0936889648 ,  0.0604553223 SigReg: 134.592697
std: 0.189575195 ,  0.0718994141 SigReg: 132.623077
std: 0.130004883 ,  0.0625 SigReg: 132.623077
std: 0.248291016 ,  0.0619506836 SigReg: 138.711044
std: 0.177856445 ,  0.0621948242 SigReg: 138.711044
std: 0.106933594 ,  0.0703125 SigReg: 141.746231
std: 0.11730957 ,  0.0592041 SigReg: 141.746231
std: 0.106018066 ,  0.0541381836 SigReg: 137.770844
std: 0.118041992 ,  0.0694580078 SigReg: 137.770844
std: 0.130249023 ,  0.0677490234 SigReg: 145.881744
std: 0.188110352 ,  0.0624084473 SigReg: 145.881744
std: 0.102905273 ,  0.0617370605 SigReg: 130.080826
std: 0.178100586 ,  0.0612487793 SigReg: 130.080826
std: 0.246948242 ,  0.105041504 SigReg: 118.410309
std: 0.188110352 ,  0.0745239258 SigReg: 118.410309
std: 0.133544922 ,  0.0639038086 SigReg: 117.354965
std: 0.223876953 ,  0.0729980469 SigReg: 117.354965
std: 0.184082031 ,  0.0729980469 SigReg: 115.45359
std: 0.18737793 ,  0.0736694336 SigReg: 115.45359
std: 0.184570312 ,  0.078918457 SigReg: 128.938721
std: 0.143188477 ,  0.0684204102 SigReg: 128.938721
std: 0.14831543 ,  0.063293457 SigReg: 130.069427
std: 0.125244141 ,  0.0705566406 SigReg: 130.069427
std: 0.198120117 ,  0.0538330078 SigReg: 130.34874
std: 0.14453125 ,  0.0719604492 SigReg: 130.34874
std: 0.125610352 ,  0.0768432617 SigReg: 127.491409
std: 0.149780273 ,  0.071472168 SigReg: 127.491409
std: 0.107910156 ,  0.0626831055 SigReg: 116.648148
std: 0.144165039 ,  0.0605773926 SigReg: 116.648148
std: 0.106994629 ,  0.0611572266 SigReg: 117.699524
std: 0.13269043 ,  0.0709228516 SigReg: 117.699524
std: 0.26171875 ,  0.110839844 SigReg: 126.215714
std: 0.0983886719 ,  0.0649414062 SigReg: 126.215714
std: 0.149780273 ,  0.0749511719 SigReg: 122.059708
std: 0.265625 ,  0.0720214844 SigReg: 122.059708
std: 0.18359375 ,  0.07421875 SigReg: 127.406158
std: 0.113464355 ,  0.0725097656 SigReg: 127.406158
std: 0.171508789 ,  0.0641479492 SigReg: 130.055161
std: 0.131103516 ,  0.075012207 SigReg: 130.055161
std: 0.259277344 ,  0.111450195 SigReg: 124.08902
std: 0.241088867 ,  0.104248047 SigReg: 124.08902
std: 0.211547852 ,  0.0715942383 SigReg: 131.604858
std: 0.166503906 ,  0.0777587891 SigReg: 131.604858
std: 0.153808594 ,  0.0722045898 SigReg: 127.772659
std: 0.146728516 ,  0.0686645508 SigReg: 127.772659
std: 0.163696289 ,  0.072265625 SigReg: 121.976479
std: 0.146362305 ,  0.0845336914 SigReg: 121.976479
std: 0.190429688 ,  0.0776977539 SigReg: 113.267616
std: 0.161376953 ,  0.0833740234 SigReg: 113.267616
std: 0.121643066 ,  0.0797119141 SigReg: 110.340446
std: 0.106506348 ,  0.0699462891 SigReg: 110.340446
std: 0.229125977 ,  0.071472168 SigReg: 107.648926
std: 0.354736328 ,  0.0946044922 SigReg: 107.648926
std: 0.194091797 ,  0.0700073242 SigReg: 109.946556
std: 0.251220703 ,  0.116333008 SigReg: 109.946556
std: 0.129882812 ,  0.063659668 SigReg: 114.516853
std: 0.311523438 ,  0.0891723633 SigReg: 114.516853
std: 0.128662109 ,  0.0838623047 SigReg: 115.627228
std: 0.0752563477 ,  0.0543518066 SigReg: 115.627228
std: 0.151000977 ,  0.0681762695 SigReg: 99.1883087
std: 0.371826172 ,  0.0915527344 SigReg: 99.1883087
std: 0.335205078 ,  0.0990600586 SigReg: 106.196075
std: 0.185424805 ,  0.0784301758 SigReg: 106.196075
std: 0.180664062 ,  0.0817260742 SigReg: 103.596573
std: 0.241333008 ,  0.0801391602 SigReg: 103.596573
std: 0.134033203 ,  0.0667114258 SigReg: 101.789505
std: 0.277832031 ,  0.113769531 SigReg: 101.789505
std: 0.159057617 ,  0.0629882812 SigReg: 97.8405151
std: 0.26171875 ,  0.0806274414 SigReg: 97.8405151
std: 0.141113281 ,  0.0910644531 SigReg: 107.988327
std: 0.12097168 ,  0.0754394531 SigReg: 107.988327
std: 0.18762207 ,  0.0829467773 SigReg: 99.872818
std: 0.225952148 ,  0.108703613 SigReg: 99.872818
std: 0.325195312 ,  0.0808105469 SigReg: 101.090004
std: 0.133300781 ,  0.077331543 SigReg: 101.090004
std: 0.164672852 ,  0.0816650391 SigReg: 104.743294
std: 0.224243164 ,  0.118591309 SigReg: 104.743294
std: 0.117858887 ,  0.0737304688 SigReg: 99.8524933
std: 0.294189453 ,  0.0752563477 SigReg: 99.8524933
std: 0.17980957 ,  0.0825805664 SigReg: 91.1859283
std: 0.183105469 ,  0.0726928711 SigReg: 91.1859283
std: 0.121948242 ,  0.0853881836 SigReg: 98.6876297
std: 0.135253906 ,  0.0935058594 SigReg: 98.6876297
  Step 200: Backbone Loss = 6.6351, SIGReg Loss = 98.6876 Probe Loss = 433.8582, Acc = 0.4710
std: 0.135131836 ,  0.0774536133 SigReg: 102.149673
std: 0.1328125 ,  0.0833129883 SigReg: 102.149673
std: 0.118774414 ,  0.0791015625 SigReg: 98.5613403
std: 0.131713867 ,  0.0872192383 SigReg: 98.5613403
std: 0.123718262 ,  0.0854492188 SigReg: 98.1883698
std: 0.259765625 ,  0.0701904297 SigReg: 98.1883698
std: 0.138916016 ,  0.0922241211 SigReg: 93.9991531
std: 0.272705078 ,  0.0787963867 SigReg: 93.9991531
std: 0.215454102 ,  0.0858764648 SigReg: 96.6171951
std: 0.279296875 ,  0.0988769531 SigReg: 96.6171951
std: 0.289794922 ,  0.0978393555 SigReg: 97.5311432
std: 0.294921875 ,  0.0799560547 SigReg: 97.5311432
std: 0.337890625 ,  0.114990234 SigReg: 94.8943558
std: 0.178710938 ,  0.083984375 SigReg: 94.8943558
std: 0.303955078 ,  0.0832519531 SigReg: 98.2008286
std: 0.208862305 ,  0.111694336 SigReg: 98.2008286
std: 0.124389648 ,  0.0815429688 SigReg: 102.015671
std: 0.137207031 ,  0.0759887695 SigReg: 102.015671
std: 0.0959472656 ,  0.0704345703 SigReg: 99.4328
std: 0.294921875 ,  0.102111816 SigReg: 99.4328
std: 0.162231445 ,  0.078125 SigReg: 91.0835419
std: 0.283691406 ,  0.0953369141 SigReg: 91.0835419
std: 0.231445312 ,  0.0881347656 SigReg: 88.7365952
std: 0.129638672 ,  0.0903320312 SigReg: 88.7365952
std: 0.236694336 ,  0.0916748047 SigReg: 96.6520691
std: 0.266357422 ,  0.0841674805 SigReg: 96.6520691
std: 0.201293945 ,  0.099609375 SigReg: 88.9243088
std: 0.320068359 ,  0.100097656 SigReg: 88.9243088
std: 0.196777344 ,  0.0835571289 SigReg: 92.0473557
std: 0.128295898 ,  0.0845947266 SigReg: 92.0473557
std: 0.114746094 ,  0.0823974609 SigReg: 85.654274
std: 0.243164062 ,  0.130493164 SigReg: 85.654274
std: 0.311767578 ,  0.101501465 SigReg: 88.2293167
std: 0.131103516 ,  0.106811523 SigReg: 88.2293167
std: 0.214477539 ,  0.128540039 SigReg: 87.9864731
std: 0.191772461 ,  0.0822143555 SigReg: 87.9864731
std: 0.123474121 ,  0.0946044922 SigReg: 91.2741089
std: 0.170166016 ,  0.107421875 SigReg: 91.2741089
std: 0.142089844 ,  0.0905151367 SigReg: 80.4459229
std: 0.125976562 ,  0.0928955078 SigReg: 80.4459229
std: 0.13684082 ,  0.0928344727 SigReg: 85.064682
std: 0.126831055 ,  0.0861206055 SigReg: 85.064682
std: 0.214111328 ,  0.12890625 SigReg: 95.2909393
std: 0.12878418 ,  0.0913085938 SigReg: 95.2909393
std: 0.187255859 ,  0.108520508 SigReg: 91.6883
std: 0.18737793 ,  0.117492676 SigReg: 91.6883
std: 0.267089844 ,  0.109130859 SigReg: 90.4928741
std: 0.133789062 ,  0.0969848633 SigReg: 90.4928741
std: 0.295898438 ,  0.0887451172 SigReg: 89.17939
std: 0.122924805 ,  0.102294922 SigReg: 89.17939
std: 0.151000977 ,  0.110473633 SigReg: 86.2368851
std: 0.117492676 ,  0.102661133 SigReg: 86.2368851
std: 0.234130859 ,  0.0919189453 SigReg: 85.4674606
std: 0.174804688 ,  0.0904541 SigReg: 85.4674606
std: 0.328125 ,  0.12902832 SigReg: 84.7647629
std: 0.17175293 ,  0.105407715 SigReg: 84.7647629
std: 0.162597656 ,  0.0961914062 SigReg: 90.5757294
std: 0.259033203 ,  0.100830078 SigReg: 90.5757294
std: 0.314453125 ,  0.134033203 SigReg: 80.8156586
std: 0.109985352 ,  0.0900878906 SigReg: 80.8156586
std: 0.185058594 ,  0.0957641602 SigReg: 87.1648331
std: 0.137329102 ,  0.0902099609 SigReg: 87.1648331
std: 0.116577148 ,  0.089050293 SigReg: 91.2984161
std: 0.25390625 ,  0.125976562 SigReg: 91.2984161
std: 0.236938477 ,  0.141845703 SigReg: 97.6721878
std: 0.103393555 ,  0.0955810547 SigReg: 97.6721878
std: 0.105651855 ,  0.101928711 SigReg: 92.2518921
std: 0.184326172 ,  0.0950317383 SigReg: 92.2518921
std: 0.119995117 ,  0.106262207 SigReg: 87.8342743
std: 0.150024414 ,  0.104858398 SigReg: 87.8342743
std: 0.151977539 ,  0.104370117 SigReg: 94.8493881
std: 0.300048828 ,  0.130249023 SigReg: 94.8493881
std: 0.165649414 ,  0.103088379 SigReg: 96.4046173
std: 0.108581543 ,  0.0841674805 SigReg: 96.4046173
std: 0.238525391 ,  0.130004883 SigReg: 88.4996414
std: 0.119934082 ,  0.102172852 SigReg: 88.4996414
std: 0.23046875 ,  0.103637695 SigReg: 84.8842316
std: 0.248657227 ,  0.104431152 SigReg: 84.8842316
std: 0.368652344 ,  0.121459961 SigReg: 85.0004
std: 0.191894531 ,  0.116516113 SigReg: 85.0004
std: 0.211914062 ,  0.106384277 SigReg: 91.7322083
std: 0.211791992 ,  0.101135254 SigReg: 91.7322083
std: 0.28125 ,  0.108032227 SigReg: 81.510643
std: 0.105834961 ,  0.0928344727 SigReg: 81.510643
std: 0.265625 ,  0.116088867 SigReg: 94.0415955
std: 0.107421875 ,  0.0905761719 SigReg: 94.0415955
std: 0.138183594 ,  0.108032227 SigReg: 89.1372604
std: 0.185180664 ,  0.106933594 SigReg: 89.1372604
std: 0.229980469 ,  0.111877441 SigReg: 81.9651566
std: 0.152709961 ,  0.110961914 SigReg: 81.9651566
std: 0.134765625 ,  0.104797363 SigReg: 85.8910828
std: 0.180419922 ,  0.129638672 SigReg: 85.8910828
std: 0.117919922 ,  0.106933594 SigReg: 94.6215515
std: 0.107055664 ,  0.0887451172 SigReg: 94.6215515
std: 0.184936523 ,  0.0935058594 SigReg: 88.5328522
std: 0.18371582 ,  0.106750488 SigReg: 88.5328522
std: 0.269042969 ,  0.103515625 SigReg: 85.484726
std: 0.127685547 ,  0.096496582 SigReg: 85.484726
std: 0.241699219 ,  0.100097656 SigReg: 82.5877762
std: 0.111877441 ,  0.0939331055 SigReg: 82.5877762
  Step 250: Backbone Loss = 5.7968, SIGReg Loss = 82.5878 Probe Loss = 426.1266, Acc = 0.4602
std: 0.267578125 ,  0.112976074 SigReg: 78.3465805
std: 0.211547852 ,  0.106811523 SigReg: 78.3465805
std: 0.152587891 ,  0.0969238281 SigReg: 80.5507
std: 0.32421875 ,  0.111633301 SigReg: 80.5507
std: 0.113952637 ,  0.0947265625 SigReg: 82.0555267
std: 0.268798828 ,  0.110229492 SigReg: 82.0555267
std: 0.351074219 ,  0.10760498 SigReg: 71.1010513
std: 0.168212891 ,  0.132568359 SigReg: 71.1010513
std: 0.133178711 ,  0.106323242 SigReg: 77.2398834
std: 0.104370117 ,  0.0827636719 SigReg: 77.2398834
std: 0.103881836 ,  0.0966796875 SigReg: 85.4989166
std: 0.148803711 ,  0.102783203 SigReg: 85.4989166
std: 0.217163086 ,  0.0794067383 SigReg: 76.4933853
std: 0.287109375 ,  0.104003906 SigReg: 76.4933853
std: 0.302490234 ,  0.106628418 SigReg: 77.1961365
std: 0.137329102 ,  0.0978393555 SigReg: 77.1961365
std: 0.127563477 ,  0.117370605 SigReg: 75.1016388
std: 0.138061523 ,  0.100463867 SigReg: 75.1016388
std: 0.329345703 ,  0.159179688 SigReg: 72.7567062
std: 0.11315918 ,  0.0963134766 SigReg: 72.7567062
std: 0.299560547 ,  0.0997924805 SigReg: 71.1606445
std: 0.196533203 ,  0.100708008 SigReg: 71.1606445
std: 0.190917969 ,  0.110290527 SigReg: 89.6833191
std: 0.15246582 ,  0.107666016 SigReg: 89.6833191
std: 0.126464844 ,  0.109802246 SigReg: 77.5946655
std: 0.105407715 ,  0.0893554688 SigReg: 77.5946655
std: 0.110351562 ,  0.115112305 SigReg: 80.6482925
std: 0.135253906 ,  0.120788574 SigReg: 80.6482925
std: 0.325439453 ,  0.0965576172 SigReg: 86.733078
std: 0.127563477 ,  0.101501465 SigReg: 86.733078
std: 0.0965576172 ,  0.0849609375 SigReg: 80.4248047
std: 0.0985717773 ,  0.0883178711 SigReg: 80.4248047
std: 0.197143555 ,  0.089050293 SigReg: 81.3254852
std: 0.220581055 ,  0.0900268555 SigReg: 81.3254852
std: 0.151733398 ,  0.106628418 SigReg: 81.9857635
std: 0.141235352 ,  0.0897827148 SigReg: 81.9857635
std: 0.132324219 ,  0.0902099609 SigReg: 74.1233597
std: 0.118408203 ,  0.111816406 SigReg: 74.1233597
std: 0.180664062 ,  0.108398438 SigReg: 74.7714386
std: 0.0916748047 ,  0.0850219727 SigReg: 74.7714386
std: 0.157836914 ,  0.102722168 SigReg: 80.4382706
std: 0.118164062 ,  0.103515625 SigReg: 80.4382706
std: 0.128295898 ,  0.102294922 SigReg: 80.0166168
std: 0.185668945 ,  0.139038086 SigReg: 80.0166168
std: 0.180908203 ,  0.100769043 SigReg: 76.6927338
std: 0.197387695 ,  0.143310547 SigReg: 76.6927338
std: 0.134155273 ,  0.105041504 SigReg: 80.3179245
std: 0.184936523 ,  0.123596191 SigReg: 80.3179245
std: 0.104980469 ,  0.0897827148 SigReg: 80.870018
std: 0.120361328 ,  0.10748291 SigReg: 80.870018
std: 0.143920898 ,  0.116088867 SigReg: 79.680069
std: 0.138671875 ,  0.105041504 SigReg: 79.680069
std: 0.212036133 ,  0.107299805 SigReg: 85.088829
std: 0.221679688 ,  0.117492676 SigReg: 85.088829
std: 0.340332031 ,  0.118286133 SigReg: 83.3902588
std: 0.237792969 ,  0.139526367 SigReg: 83.3902588
std: 0.1484375 ,  0.0997314453 SigReg: 73.5815125
std: 0.179443359 ,  0.108764648 SigReg: 73.5815125
std: 0.157104492 ,  0.0886230469 SigReg: 73.5144882
std: 0.307128906 ,  0.197509766 SigReg: 73.5144882
std: 0.112365723 ,  0.100524902 SigReg: 89.4081802
std: 0.112182617 ,  0.0881347656 SigReg: 89.4081802
std: 0.101135254 ,  0.101013184 SigReg: 93.4983597
std: 0.126464844 ,  0.0946655273 SigReg: 93.4983597
std: 0.334960938 ,  0.115600586 SigReg: 77.3658676
std: 0.257568359 ,  0.131835938 SigReg: 77.3658676
std: 0.18359375 ,  0.107055664 SigReg: 89.8713226
std: 0.145263672 ,  0.104980469 SigReg: 89.8713226
std: 0.237915039 ,  0.10748291 SigReg: 107.581436
std: 0.107116699 ,  0.0974121094 SigReg: 107.581436
std: 0.133422852 ,  0.10144043 SigReg: 102.917938
std: 0.233642578 ,  0.113464355 SigReg: 102.917938
std: 0.102478027 ,  0.0848388672 SigReg: 76.3661652
std: 0.136352539 ,  0.0991821289 SigReg: 76.3661652
std: 0.19934082 ,  0.100585938 SigReg: 80.5533905
std: 0.102294922 ,  0.110717773 SigReg: 80.5533905
std: 0.178955078 ,  0.1328125 SigReg: 95.7735367
std: 0.348876953 ,  0.119140625 SigReg: 95.7735367
std: 0.149780273 ,  0.115905762 SigReg: 83.7209167
std: 0.129272461 ,  0.107177734 SigReg: 83.7209167
std: 0.378417969 ,  0.150390625 SigReg: 79.7638397
std: 0.135375977 ,  0.118774414 SigReg: 79.7638397
std: 0.149047852 ,  0.115722656 SigReg: 79.201149
std: 0.114257812 ,  0.100219727 SigReg: 79.201149
std: 0.133056641 ,  0.112976074 SigReg: 77.3016205
std: 0.132202148 ,  0.110595703 SigReg: 77.3016205
std: 0.125366211 ,  0.113769531 SigReg: 87.3576584
std: 0.352050781 ,  0.123718262 SigReg: 87.3576584
std: 0.110778809 ,  0.094543457 SigReg: 102.029778
std: 0.110961914 ,  0.104125977 SigReg: 102.029778
std: 0.162353516 ,  0.105407715 SigReg: 80.9100189
std: 0.199707031 ,  0.140136719 SigReg: 80.9100189
std: 0.309082031 ,  0.177246094 SigReg: 99.9550934
std: 0.172851562 ,  0.0863037109 SigReg: 99.9550934
std: 0.169433594 ,  0.105529785 SigReg: 85.9795074
std: 0.357910156 ,  0.116760254 SigReg: 85.9795074
std: 0.204956055 ,  0.114440918 SigReg: 79.6931
std: 0.234985352 ,  0.115966797 SigReg: 79.6931
std: 0.223022461 ,  0.095703125 SigReg: 70.7315674
std: 0.260986328 ,  0.0922241211 SigReg: 70.7315674
  Step 300: Backbone Loss = 5.2867, SIGReg Loss = 70.7316 Probe Loss = 420.1377, Acc = 0.4870
std: 0.182373047 ,  0.137329102 SigReg: 81.6109314
std: 0.139404297 ,  0.113037109 SigReg: 81.6109314
std: 0.13659668 ,  0.116333008 SigReg: 90.108696
std: 0.20715332 ,  0.0969848633 SigReg: 90.108696
std: 0.136108398 ,  0.11315918 SigReg: 99.20504
std: 0.107910156 ,  0.0944213867 SigReg: 99.20504
std: 0.131835938 ,  0.100341797 SigReg: 79.7798462
std: 0.122497559 ,  0.0900268555 SigReg: 79.7798462
std: 0.135620117 ,  0.108703613 SigReg: 79.5462799
std: 0.152099609 ,  0.119506836 SigReg: 79.5462799
std: 0.143066406 ,  0.110229492 SigReg: 79.2800293
std: 0.201416016 ,  0.135864258 SigReg: 79.2800293
Epoch 1 finished in 318.25s.
  Avg Backbone Loss: 14.5647
  Avg Probe Loss:    434.3916
  Avg Probe Accuracy: 0.4987

Epoch 2/100
std: 0.104248047 ,  0.100585938 SigReg: 74.7803421
std: 0.225585938 ,  0.0981445312 SigReg: 74.7803421
  Step 0: Backbone Loss = 5.4474, SIGReg Loss = 74.7803 Probe Loss = 424.4672, Acc = 0.5122
std: 0.135986328 ,  0.0991821289 SigReg: 73.5653152
std: 0.306640625 ,  0.0975952148 SigReg: 73.5653152
std: 0.136230469 ,  0.109924316 SigReg: 77.3016205
std: 0.216430664 ,  0.118530273 SigReg: 77.3016205
std: 0.162597656 ,  0.107177734 SigReg: 75.0004349
std: 0.0998535156 ,  0.0958862305 SigReg: 75.0004349
std: 0.221313477 ,  0.102478027 SigReg: 74.8735046
std: 0.123046875 ,  0.114440918 SigReg: 74.8735046
std: 0.189453125 ,  0.138183594 SigReg: 68.6038
std: 0.104858398 ,  0.0927734375 SigReg: 68.6038
std: 0.203735352 ,  0.110717773 SigReg: 76.8970795
std: 0.1484375 ,  0.114929199 SigReg: 76.8970795
std: 0.122131348 ,  0.120727539 SigReg: 71.5388184
std: 0.328857422 ,  0.117126465 SigReg: 71.5388184
std: 0.266357422 ,  0.116027832 SigReg: 75.634613
std: 0.263916016 ,  0.11315918 SigReg: 75.634613
std: 0.126464844 ,  0.11138916 SigReg: 83.366066
std: 0.198974609 ,  0.0986938477 SigReg: 83.366066
std: 0.161376953 ,  0.130004883 SigReg: 85.3977432
std: 0.103210449 ,  0.0858764648 SigReg: 85.3977432
std: 0.137207031 ,  0.115905762 SigReg: 71.8536377
std: 0.134033203 ,  0.106445312 SigReg: 71.8536377
std: 0.137695312 ,  0.119140625 SigReg: 76.8296585
std: 0.128540039 ,  0.10168457 SigReg: 76.8296585
std: 0.177734375 ,  0.127563477 SigReg: 79.8072052
std: 0.185668945 ,  0.121826172 SigReg: 79.8072052
std: 0.233032227 ,  0.115783691 SigReg: 78.090004
std: 0.1328125 ,  0.117980957 SigReg: 78.090004
std: 0.123352051 ,  0.0869140625 SigReg: 87.9969254
std: 0.136230469 ,  0.0912475586 SigReg: 87.9969254
std: 0.298339844 ,  0.11920166 SigReg: 81.748848
std: 0.311767578 ,  0.125 SigReg: 81.748848
std: 0.165405273 ,  0.121337891 SigReg: 76.7120667
std: 0.164672852 ,  0.10949707 SigReg: 76.7120667
std: 0.114440918 ,  0.0977172852 SigReg: 77.273674
std: 0.371582031 ,  0.108886719 SigReg: 77.273674
std: 0.263183594 ,  0.12298584 SigReg: 70.7318344
std: 0.148071289 ,  0.122558594 SigReg: 70.7318344
std: 0.157348633 ,  0.142456055 SigReg: 69.2016373
std: 0.260498047 ,  0.0918579102 SigReg: 69.2016373
std: 0.105407715 ,  0.108337402 SigReg: 88.8379
std: 0.133422852 ,  0.120788574 SigReg: 88.8379
std: 0.0914306641 ,  0.0809326172 SigReg: 94.6735535
std: 0.115844727 ,  0.0924682617 SigReg: 94.6735535
std: 0.113220215 ,  0.114501953 SigReg: 78.793396
std: 0.145996094 ,  0.115783691 SigReg: 78.793396
std: 0.140380859 ,  0.110534668 SigReg: 83.8172836
std: 0.306396484 ,  0.104492188 SigReg: 83.8172836
std: 0.113647461 ,  0.0993042 SigReg: 100.766022
std: 0.276855469 ,  0.114868164 SigReg: 100.766022
std: 0.176757812 ,  0.112792969 SigReg: 79.7873383
std: 0.296142578 ,  0.0961303711 SigReg: 79.7873383
std: 0.200073242 ,  0.10949707 SigReg: 83.6849518
std: 0.26953125 ,  0.133178711 SigReg: 83.6849518
std: 0.137329102 ,  0.134643555 SigReg: 98.8029861
std: 0.253417969 ,  0.161376953 SigReg: 98.8029861
std: 0.100952148 ,  0.104858398 SigReg: 86.7992706
std: 0.164672852 ,  0.134033203 SigReg: 86.7992706
std: 0.278564453 ,  0.128662109 SigReg: 67.0670319
std: 0.155273438 ,  0.0947876 SigReg: 67.0670319
std: 0.145751953 ,  0.0983276367 SigReg: 77.8053
std: 0.131713867 ,  0.108459473 SigReg: 77.8053
std: 0.141723633 ,  0.11529541 SigReg: 82.5540085
std: 0.180053711 ,  0.108215332 SigReg: 82.5540085
std: 0.244873047 ,  0.10736084 SigReg: 79.8723526
std: 0.361083984 ,  0.102905273 SigReg: 79.8723526
std: 0.159912109 ,  0.113464355 SigReg: 79.0784
std: 0.110534668 ,  0.103393555 SigReg: 79.0784
std: 0.130981445 ,  0.0967407227 SigReg: 81.8210449
std: 0.228881836 ,  0.0946655273 SigReg: 81.8210449
std: 0.213256836 ,  0.0935668945 SigReg: 73.9393
std: 0.16784668 ,  0.117980957 SigReg: 73.9393
std: 0.157714844 ,  0.124084473 SigReg: 73.868
std: 0.305175781 ,  0.103393555 SigReg: 73.868
std: 0.123352051 ,  0.118347168 SigReg: 78.1120224
std: 0.106140137 ,  0.107055664 SigReg: 78.1120224
std: 0.144165039 ,  0.117614746 SigReg: 75.4448853
std: 0.378662109 ,  0.100769043 SigReg: 75.4448853
std: 0.21496582 ,  0.108581543 SigReg: 73.4846
std: 0.300537109 ,  0.0982055664 SigReg: 73.4846
std: 0.134277344 ,  0.102294922 SigReg: 77.5759583
std: 0.0888061523 ,  0.0980224609 SigReg: 77.5759583
std: 0.295654297 ,  0.10333252 SigReg: 74.0085907
std: 0.12487793 ,  0.09765625 SigReg: 74.0085907
std: 0.136474609 ,  0.127075195 SigReg: 70.4868698
std: 0.204223633 ,  0.146118164 SigReg: 70.4868698
std: 0.21862793 ,  0.106323242 SigReg: 68.671051
std: 0.299804688 ,  0.120056152 SigReg: 68.671051
std: 0.317138672 ,  0.117431641 SigReg: 72.115448
std: 0.0927734375 ,  0.0966186523 SigReg: 72.115448
std: 0.128540039 ,  0.112609863 SigReg: 81.8233948
std: 0.147827148 ,  0.118408203 SigReg: 81.8233948
std: 0.14453125 ,  0.0953369141 SigReg: 79.2520447
std: 0.155517578 ,  0.100036621 SigReg: 79.2520447
std: 0.277832031 ,  0.115600586 SigReg: 73.0772476
std: 0.116516113 ,  0.104797363 SigReg: 73.0772476
std: 0.248291016 ,  0.10949707 SigReg: 72.0492401
std: 0.131713867 ,  0.0990600586 SigReg: 72.0492401
std: 0.141235352 ,  0.11126709 SigReg: 83.2500916
std: 0.294189453 ,  0.1484375 SigReg: 83.2500916
  Step 50: Backbone Loss = 5.7923, SIGReg Loss = 83.2501 Probe Loss = 416.0755, Acc = 0.4882
std: 0.116882324 ,  0.110595703 SigReg: 76.3747101
std: 0.246337891 ,  0.116943359 SigReg: 76.3747101
std: 0.158081055 ,  0.110046387 SigReg: 79.0197296
std: 0.136962891 ,  0.110290527 SigReg: 79.0197296
std: 0.17199707 ,  0.115234375 SigReg: 86.634079
std: 0.131469727 ,  0.0923461914 SigReg: 86.634079
std: 0.126586914 ,  0.108520508 SigReg: 77.9801331
std: 0.13671875 ,  0.104187012 SigReg: 77.9801331
std: 0.135253906 ,  0.105957031 SigReg: 79.9117889
std: 0.126831055 ,  0.102416992 SigReg: 79.9117889
std: 0.208129883 ,  0.112243652 SigReg: 81.7157516
std: 0.155761719 ,  0.109924316 SigReg: 81.7157516
std: 0.119567871 ,  0.104980469 SigReg: 73.4760818
std: 0.132324219 ,  0.118469238 SigReg: 73.4760818
std: 0.175415039 ,  0.0950317383 SigReg: 71.5679321
std: 0.270019531 ,  0.102111816 SigReg: 71.5679321
std: 0.143798828 ,  0.10534668 SigReg: 69.9613876
std: 0.186889648 ,  0.124328613 SigReg: 69.9613876
std: 0.302978516 ,  0.114929199 SigReg: 65.5559921
std: 0.137817383 ,  0.113830566 SigReg: 65.5559921
std: 0.0858764648 ,  0.0809936523 SigReg: 74.3585129
std: 0.12286377 ,  0.114074707 SigReg: 74.3585129
std: 0.135498047 ,  0.10559082 SigReg: 94.4914398
std: 0.395263672 ,  0.149047852 SigReg: 94.4914398
std: 0.155151367 ,  0.0895385742 SigReg: 85.8031616
std: 0.259033203 ,  0.115539551 SigReg: 85.8031616
std: 0.384277344 ,  0.122802734 SigReg: 68.0042877
std: 0.26171875 ,  0.116882324 SigReg: 68.0042877
std: 0.374267578 ,  0.183349609 SigReg: 80.8581924
std: 0.165527344 ,  0.106384277 SigReg: 80.8581924
std: 0.131103516 ,  0.105895996 SigReg: 78.8218155
std: 0.209472656 ,  0.128051758 SigReg: 78.8218155
std: 0.207275391 ,  0.134643555 SigReg: 74.6846313
std: 0.11920166 ,  0.102050781 SigReg: 74.6846313
std: 0.0997924805 ,  0.0962524414 SigReg: 72.3775635
std: 0.126831055 ,  0.0881958 SigReg: 72.3775635
std: 0.259521484 ,  0.112243652 SigReg: 77.5282669
std: 0.13269043 ,  0.111816406 SigReg: 77.5282669
std: 0.116943359 ,  0.105163574 SigReg: 79.2554245
std: 0.157226562 ,  0.114379883 SigReg: 79.2554245
std: 0.228149414 ,  0.105834961 SigReg: 69.5242844
std: 0.130615234 ,  0.104309082 SigReg: 69.5242844
std: 0.23840332 ,  0.0966186523 SigReg: 80.3056564
std: 0.146362305 ,  0.117797852 SigReg: 80.3056564
std: 0.145385742 ,  0.109924316 SigReg: 81.772
std: 0.22265625 ,  0.108581543 SigReg: 81.772
std: 0.146362305 ,  0.116638184 SigReg: 70.0410767
std: 0.146484375 ,  0.0997314453 SigReg: 70.0410767
std: 0.112365723 ,  0.0999755859 SigReg: 110.07708
std: 0.0997924805 ,  0.0902709961 SigReg: 110.07708
std: 0.24621582 ,  0.106506348 SigReg: 112.321541
std: 0.159423828 ,  0.129150391 SigReg: 112.321541
std: 0.202636719 ,  0.0979614258 SigReg: 88.1799698
std: 0.231567383 ,  0.0944824219 SigReg: 88.1799698
std: 0.153930664 ,  0.117919922 SigReg: 93.3736115
std: 0.260986328 ,  0.148803711 SigReg: 93.3736115
std: 0.154907227 ,  0.089050293 SigReg: 97.1754684
std: 0.225219727 ,  0.0867919922 SigReg: 97.1754684
std: 0.162109375 ,  0.103027344 SigReg: 95.4382477
std: 0.126831055 ,  0.107910156 SigReg: 95.4382477
std: 0.227783203 ,  0.12878418 SigReg: 82.2479858
std: 0.293701172 ,  0.108520508 SigReg: 82.2479858
std: 0.169555664 ,  0.0936279297 SigReg: 90.4169922
std: 0.186889648 ,  0.124145508 SigReg: 90.4169922
std: 0.182006836 ,  0.109436035 SigReg: 73.9849548
std: 0.175415039 ,  0.112121582 SigReg: 73.9849548
std: 0.145385742 ,  0.109924316 SigReg: 88.3076553
std: 0.137695312 ,  0.102478027 SigReg: 88.3076553
std: 0.125244141 ,  0.0995483398 SigReg: 79.7467575
std: 0.210449219 ,  0.112182617 SigReg: 79.7467575
std: 0.281494141 ,  0.122436523 SigReg: 72.7426
std: 0.227416992 ,  0.105285645 SigReg: 72.7426
std: 0.218505859 ,  0.104064941 SigReg: 84.7771301
std: 0.286621094 ,  0.125 SigReg: 84.7771301
std: 0.172485352 ,  0.086730957 SigReg: 75.0215607
std: 0.249511719 ,  0.0823364258 SigReg: 75.0215607
std: 0.173950195 ,  0.113769531 SigReg: 71.105751
std: 0.125610352 ,  0.098449707 SigReg: 71.105751
std: 0.170043945 ,  0.120056152 SigReg: 75.9621506
std: 0.119812012 ,  0.107910156 SigReg: 75.9621506
std: 0.16015625 ,  0.114196777 SigReg: 63.0275269
std: 0.164428711 ,  0.109008789 SigReg: 63.0275269
std: 0.149780273 ,  0.110229492 SigReg: 73.0612335
std: 0.174316406 ,  0.11730957 SigReg: 73.0612335
std: 0.245849609 ,  0.142700195 SigReg: 75.8279114
std: 0.135375977 ,  0.0950927734 SigReg: 75.8279114
std: 0.183227539 ,  0.118774414 SigReg: 73.815239
std: 0.141967773 ,  0.10168457 SigReg: 73.815239
std: 0.170776367 ,  0.117736816 SigReg: 71.7231598
std: 0.172973633 ,  0.100463867 SigReg: 71.7231598
std: 0.129394531 ,  0.103881836 SigReg: 68.4383774
std: 0.237182617 ,  0.114624023 SigReg: 68.4383774
std: 0.325439453 ,  0.111816406 SigReg: 78.2758713
std: 0.229736328 ,  0.110534668 SigReg: 78.2758713
std: 0.186523438 ,  0.104675293 SigReg: 70.6987381
std: 0.320800781 ,  0.104858398 SigReg: 70.6987381
std: 0.140258789 ,  0.106384277 SigReg: 75.259079
std: 0.147338867 ,  0.101928711 SigReg: 75.259079
std: 0.153930664 ,  0.100463867 SigReg: 70.9967041
std: 0.15234375 ,  0.106323242 SigReg: 70.9967041
  Step 100: Backbone Loss = 5.2100, SIGReg Loss = 70.9967 Probe Loss = 408.3016, Acc = 0.4788
std: 0.169433594 ,  0.114135742 SigReg: 72.2532806
std: 0.159912109 ,  0.0854492188 SigReg: 72.2532806
std: 0.160766602 ,  0.116149902 SigReg: 74.5695953
std: 0.164672852 ,  0.0881958 SigReg: 74.5695953
std: 0.199462891 ,  0.0949707 SigReg: 92.9853516
std: 0.149169922 ,  0.0946044922 SigReg: 92.9853516
std: 0.267578125 ,  0.105224609 SigReg: 76.8834305
std: 0.146606445 ,  0.107543945 SigReg: 76.8834305
std: 0.135986328 ,  0.10723877 SigReg: 79.3694305
std: 0.12890625 ,  0.106933594 SigReg: 79.3694305
std: 0.298828125 ,  0.104553223 SigReg: 70.0615845
std: 0.136352539 ,  0.100341797 SigReg: 70.0615845
std: 0.255126953 ,  0.124145508 SigReg: 74.7446594
std: 0.184204102 ,  0.139892578 SigReg: 74.7446594
std: 0.142822266 ,  0.107055664 SigReg: 80.6571198
std: 0.238769531 ,  0.101196289 SigReg: 80.6571198
std: 0.298583984 ,  0.102111816 SigReg: 70.9961624
std: 0.121826172 ,  0.101928711 SigReg: 70.9961624
std: 0.174438477 ,  0.122070312 SigReg: 74.3854218
std: 0.143676758 ,  0.109375 SigReg: 74.3854218
std: 0.214477539 ,  0.151367188 SigReg: 74.2316208
std: 0.143310547 ,  0.112304688 SigReg: 74.2316208
std: 0.170166016 ,  0.115356445 SigReg: 68.8014297
std: 0.233886719 ,  0.0982666 SigReg: 68.8014297
std: 0.302978516 ,  0.0958251953 SigReg: 66.8326874
std: 0.141845703 ,  0.0903320312 SigReg: 66.8326874
std: 0.228271484 ,  0.0873413086 SigReg: 73.0858307
std: 0.192626953 ,  0.118530273 SigReg: 73.0858307
std: 0.214599609 ,  0.0910644531 SigReg: 60.731
std: 0.125488281 ,  0.0988769531 SigReg: 60.731
std: 0.280273438 ,  0.111022949 SigReg: 64.1501694
std: 0.187255859 ,  0.108520508 SigReg: 64.1501694
std: 0.102050781 ,  0.0933227539 SigReg: 71.4809875
std: 0.176513672 ,  0.121398926 SigReg: 71.4809875
std: 0.201660156 ,  0.114624023 SigReg: 70.1676331
std: 0.144165039 ,  0.111999512 SigReg: 70.1676331
std: 0.230102539 ,  0.112182617 SigReg: 70.719986
std: 0.364990234 ,  0.151489258 SigReg: 70.719986
std: 0.122192383 ,  0.078918457 SigReg: 84.4592743
std: 0.173095703 ,  0.109680176 SigReg: 84.4592743
std: 0.148681641 ,  0.105041504 SigReg: 72.5591125
std: 0.14855957 ,  0.0960693359 SigReg: 72.5591125
std: 0.288085938 ,  0.138549805 SigReg: 65.0298691
std: 0.306396484 ,  0.11730957 SigReg: 65.0298691
std: 0.272216797 ,  0.159057617 SigReg: 63.6769905
std: 0.352539062 ,  0.145141602 SigReg: 63.6769905
std: 0.297607422 ,  0.106323242 SigReg: 73.5489349
std: 0.223754883 ,  0.0956420898 SigReg: 73.5489349
std: 0.12298584 ,  0.0989379883 SigReg: 81.9404602
std: 0.12890625 ,  0.091796875 SigReg: 81.9404602
std: 0.235107422 ,  0.112976074 SigReg: 76.4473953
std: 0.148803711 ,  0.111694336 SigReg: 76.4473953
std: 0.234863281 ,  0.104980469 SigReg: 68.7840881
std: 0.104064941 ,  0.0918579102 SigReg: 68.7840881
std: 0.150634766 ,  0.111206055 SigReg: 77.6376877
std: 0.160522461 ,  0.109069824 SigReg: 77.6376877
std: 0.102661133 ,  0.0966796875 SigReg: 78.1627045
std: 0.275878906 ,  0.116394043 SigReg: 78.1627045
std: 0.165771484 ,  0.124023438 SigReg: 79.0963
std: 0.154541016 ,  0.109802246 SigReg: 79.0963
std: 0.108825684 ,  0.0979614258 SigReg: 80.3959198
std: 0.162475586 ,  0.13269043 SigReg: 80.3959198
std: 0.135742188 ,  0.105895996 SigReg: 80.4094315
std: 0.124328613 ,  0.08984375 SigReg: 80.4094315
std: 0.254882812 ,  0.111450195 SigReg: 65.9698639
std: 0.124023438 ,  0.100463867 SigReg: 65.9698639
std: 0.150878906 ,  0.0848999 SigReg: 72.6815796
std: 0.131713867 ,  0.101135254 SigReg: 72.6815796
std: 0.162963867 ,  0.113037109 SigReg: 80.4618607
std: 0.189575195 ,  0.114196777 SigReg: 80.4618607
std: 0.155517578 ,  0.106018066 SigReg: 78.5311127
std: 0.172363281 ,  0.115661621 SigReg: 78.5311127
std: 0.148193359 ,  0.111022949 SigReg: 79.2724609
std: 0.309570312 ,  0.11138916 SigReg: 79.2724609
std: 0.189331055 ,  0.104248047 SigReg: 68.4700851
std: 0.1640625 ,  0.105163574 SigReg: 68.4700851
std: 0.296875 ,  0.11340332 SigReg: 73.9897
std: 0.337402344 ,  0.117004395 SigReg: 73.9897
std: 0.330078125 ,  0.10723877 SigReg: 87.8110352
std: 0.228027344 ,  0.134399414 SigReg: 87.8110352
std: 0.203857422 ,  0.104980469 SigReg: 89.7441177
std: 0.105895996 ,  0.100830078 SigReg: 89.7441177
std: 0.16796875 ,  0.117614746 SigReg: 74.0514526
std: 0.127319336 ,  0.109191895 SigReg: 74.0514526
std: 0.287597656 ,  0.0963134766 SigReg: 76.5731125
std: 0.158813477 ,  0.111328125 SigReg: 76.5731125
std: 0.133544922 ,  0.109313965 SigReg: 84.2042313
std: 0.134399414 ,  0.11730957 SigReg: 84.2042313
std: 0.0924072266 ,  0.0856933594 SigReg: 71.9574509
std: 0.315917969 ,  0.122680664 SigReg: 71.9574509
std: 0.206054688 ,  0.0924072266 SigReg: 62.3362122
std: 0.241821289 ,  0.118591309 SigReg: 62.3362122
std: 0.149658203 ,  0.113952637 SigReg: 78.8769608
std: 0.147216797 ,  0.105407715 SigReg: 78.8769608
std: 0.100646973 ,  0.0871582 SigReg: 87.4825058
std: 0.160766602 ,  0.121704102 SigReg: 87.4825058
std: 0.150634766 ,  0.116943359 SigReg: 76.4093323
std: 0.379638672 ,  0.087890625 SigReg: 76.4093323
std: 0.196166992 ,  0.106201172 SigReg: 77.5429535
std: 0.175292969 ,  0.14050293 SigReg: 77.5429535
  Step 150: Backbone Loss = 5.5433, SIGReg Loss = 77.5430 Probe Loss = 393.8477, Acc = 0.5033
std: 0.0988769531 ,  0.0892334 SigReg: 79.1689835
std: 0.3359375 ,  0.165161133 SigReg: 79.1689835
std: 0.318603516 ,  0.117004395 SigReg: 89.3101349
std: 0.25390625 ,  0.114929199 SigReg: 89.3101349
std: 0.144042969 ,  0.0999145508 SigReg: 91.4052277
std: 0.149780273 ,  0.104736328 SigReg: 91.4052277
std: 0.124938965 ,  0.0833740234 SigReg: 76.1554489
std: 0.112182617 ,  0.0838012695 SigReg: 76.1554489
std: 0.255126953 ,  0.104736328 SigReg: 75.8814468
std: 0.267089844 ,  0.131958008 SigReg: 75.8814468
std: 0.333007812 ,  0.136230469 SigReg: 71.9662552
std: 0.147338867 ,  0.112731934 SigReg: 71.9662552
std: 0.23815918 ,  0.091003418 SigReg: 90.768364
std: 0.143676758 ,  0.106689453 SigReg: 90.768364
std: 0.337890625 ,  0.12890625 SigReg: 77.5729446
std: 0.128295898 ,  0.109313965 SigReg: 77.5729446
std: 0.255615234 ,  0.131469727 SigReg: 69.2437744
std: 0.169311523 ,  0.0871582 SigReg: 69.2437744
std: 0.333496094 ,  0.0991821289 SigReg: 83.1781
std: 0.338134766 ,  0.107177734 SigReg: 83.1781
std: 0.153564453 ,  0.114257812 SigReg: 72.0772247
std: 0.102966309 ,  0.0914306641 SigReg: 72.0772247
std: 0.178466797 ,  0.0983276367 SigReg: 71.8988953
std: 0.216674805 ,  0.137573242 SigReg: 71.8988953
std: 0.151977539 ,  0.109191895 SigReg: 82.0851
std: 0.146362305 ,  0.0967407227 SigReg: 82.0851
std: 0.182373047 ,  0.0928344727 SigReg: 78.962
std: 0.150146484 ,  0.090637207 SigReg: 78.962
std: 0.123596191 ,  0.101867676 SigReg: 77.4850769
std: 0.174316406 ,  0.116516113 SigReg: 77.4850769
std: 0.11706543 ,  0.0932006836 SigReg: 71.234024
std: 0.241333008 ,  0.118469238 SigReg: 71.234024
std: 0.139648438 ,  0.107421875 SigReg: 69.4138718
std: 0.161621094 ,  0.0905151367 SigReg: 69.4138718
std: 0.237670898 ,  0.108459473 SigReg: 77.2852325
std: 0.125488281 ,  0.105285645 SigReg: 77.2852325
std: 0.131103516 ,  0.107421875 SigReg: 83.1182327
std: 0.299804688 ,  0.0833740234 SigReg: 83.1182327
std: 0.131958008 ,  0.0987548828 SigReg: 73.0597687
std: 0.101318359 ,  0.0845336914 SigReg: 73.0597687
std: 0.290771484 ,  0.123962402 SigReg: 72.5509338
std: 0.146972656 ,  0.0997924805 SigReg: 72.5509338
std: 0.130004883 ,  0.0952148438 SigReg: 71.0252533
std: 0.317382812 ,  0.0934448242 SigReg: 71.0252533
std: 0.295654297 ,  0.0944824219 SigReg: 74.7223434
std: 0.178710938 ,  0.098449707 SigReg: 74.7223434
std: 0.103637695 ,  0.0794677734 SigReg: 68.6405182
std: 0.155883789 ,  0.106628418 SigReg: 68.6405182
std: 0.229248047 ,  0.110473633 SigReg: 63.0878
std: 0.141479492 ,  0.0946655273 SigReg: 63.0878
std: 0.186157227 ,  0.114196777 SigReg: 65.2079163
std: 0.129638672 ,  0.0944824219 SigReg: 65.2079163
std: 0.274658203 ,  0.10723877 SigReg: 76.2718887
std: 0.232055664 ,  0.0980224609 SigReg: 76.2718887
std: 0.19140625 ,  0.138549805 SigReg: 73.592865
std: 0.152709961 ,  0.109924316 SigReg: 73.592865
std: 0.121398926 ,  0.105163574 SigReg: 78.2237778
std: 0.200927734 ,  0.0946044922 SigReg: 78.2237778
std: 0.110961914 ,  0.0913696289 SigReg: 73.3699722
std: 0.298339844 ,  0.120544434 SigReg: 73.3699722
std: 0.142456055 ,  0.0997924805 SigReg: 67.414711
std: 0.179443359 ,  0.101745605 SigReg: 67.414711
std: 0.150146484 ,  0.103637695 SigReg: 70.3547
std: 0.127441406 ,  0.0994873047 SigReg: 70.3547
std: 0.251708984 ,  0.0979003906 SigReg: 75.6490479
std: 0.313964844 ,  0.111816406 SigReg: 75.6490479
std: 0.200073242 ,  0.115478516 SigReg: 66.3616943
std: 0.340332031 ,  0.101379395 SigReg: 66.3616943
std: 0.155883789 ,  0.102539062 SigReg: 78.6219635
std: 0.125976562 ,  0.0805664062 SigReg: 78.6219635
std: 0.300537109 ,  0.130249023 SigReg: 75.4694214
std: 0.298583984 ,  0.116943359 SigReg: 75.4694214
std: 0.251464844 ,  0.112121582 SigReg: 81.2123795
std: 0.310058594 ,  0.0919189453 SigReg: 81.2123795
std: 0.12298584 ,  0.0977172852 SigReg: 79.8013077
std: 0.227661133 ,  0.143066406 SigReg: 79.8013077
std: 0.285400391 ,  0.102416992 SigReg: 74.559639
std: 0.218505859 ,  0.105041504 SigReg: 74.559639
std: 0.181274414 ,  0.12298584 SigReg: 72.7786865
std: 0.149169922 ,  0.11920166 SigReg: 72.7786865
std: 0.186523438 ,  0.0919189453 SigReg: 70.7633209
std: 0.151123047 ,  0.126708984 SigReg: 70.7633209
std: 0.27734375 ,  0.119812012 SigReg: 70.2474594
std: 0.158325195 ,  0.10534668 SigReg: 70.2474594
std: 0.200439453 ,  0.102294922 SigReg: 68.9421539
std: 0.206542969 ,  0.10534668 SigReg: 68.9421539
std: 0.147827148 ,  0.115905762 SigReg: 61.9418907
std: 0.161010742 ,  0.115539551 SigReg: 61.9418907
std: 0.217651367 ,  0.117248535 SigReg: 68.4434204
std: 0.390869141 ,  0.147705078 SigReg: 68.4434204
std: 0.132446289 ,  0.0966186523 SigReg: 68.7711
std: 0.133178711 ,  0.114440918 SigReg: 68.7711
std: 0.208862305 ,  0.122436523 SigReg: 69.3815613
std: 0.279296875 ,  0.109924316 SigReg: 69.3815613
std: 0.264160156 ,  0.115112305 SigReg: 64.0392761
std: 0.273681641 ,  0.134765625 SigReg: 64.0392761
std: 0.177246094 ,  0.116088867 SigReg: 72.325386
std: 0.279296875 ,  0.115478516 SigReg: 72.325386
std: 0.217529297 ,  0.0982055664 SigReg: 66.504631
std: 0.126220703 ,  0.105651855 SigReg: 66.504631
  Step 200: Backbone Loss = 5.0474, SIGReg Loss = 66.5046 Probe Loss = 388.8421, Acc = 0.5034
std: 0.299560547 ,  0.113464355 SigReg: 66.3093414
std: 0.158081055 ,  0.119628906 SigReg: 66.3093414
std: 0.149658203 ,  0.0996704102 SigReg: 69.8848572
std: 0.15612793 ,  0.112731934 SigReg: 69.8848572
std: 0.210449219 ,  0.105712891 SigReg: 75.3232346
std: 0.155395508 ,  0.098449707 SigReg: 75.3232346
std: 0.298095703 ,  0.112426758 SigReg: 74.0922928
std: 0.28515625 ,  0.120727539 SigReg: 74.0922928
std: 0.168945312 ,  0.108093262 SigReg: 80.2971725
std: 0.216064453 ,  0.112731934 SigReg: 80.2971725
std: 0.307617188 ,  0.120239258 SigReg: 71.9974823
std: 0.231567383 ,  0.108215332 SigReg: 71.9974823
std: 0.144165039 ,  0.10925293 SigReg: 100.805183
std: 0.151977539 ,  0.100341797 SigReg: 100.805183
std: 0.277832031 ,  0.102600098 SigReg: 96.0316238
std: 0.186401367 ,  0.111083984 SigReg: 96.0316238
std: 0.140014648 ,  0.0983276367 SigReg: 74.8245239
std: 0.184814453 ,  0.102905273 SigReg: 74.8245239
std: 0.20703125 ,  0.0983276367 SigReg: 79.6411743
std: 0.135375977 ,  0.0960693359 SigReg: 79.6411743
std: 0.237915039 ,  0.114013672 SigReg: 74.9685745
std: 0.329345703 ,  0.178466797 SigReg: 74.9685745
std: 0.146362305 ,  0.0935668945 SigReg: 71.3482666
std: 0.222045898 ,  0.128295898 SigReg: 71.3482666
std: 0.211181641 ,  0.110351562 SigReg: 72.8457642
std: 0.154785156 ,  0.0959472656 SigReg: 72.8457642
std: 0.233032227 ,  0.10736084 SigReg: 67.9790955
std: 0.167480469 ,  0.10369873 SigReg: 67.9790955
std: 0.224243164 ,  0.0897827148 SigReg: 74.2673645
std: 0.156738281 ,  0.116271973 SigReg: 74.2673645
std: 0.139648438 ,  0.109313965 SigReg: 67.1942444
std: 0.242553711 ,  0.119567871 SigReg: 67.1942444
std: 0.23815918 ,  0.129150391 SigReg: 62.9851494
std: 0.318603516 ,  0.123718262 SigReg: 62.9851494
std: 0.305419922 ,  0.121032715 SigReg: 67.0634155
std: 0.128051758 ,  0.0935058594 SigReg: 67.0634155
std: 0.190673828 ,  0.0959472656 SigReg: 64.1627502
std: 0.193359375 ,  0.0802001953 SigReg: 64.1627502
std: 0.314697266 ,  0.108032227 SigReg: 69.0755
std: 0.17980957 ,  0.117675781 SigReg: 69.0755
std: 0.153930664 ,  0.102478027 SigReg: 70.9136658
std: 0.45703125 ,  0.1328125 SigReg: 70.9136658
std: 0.185180664 ,  0.0919799805 SigReg: 66.9683533
std: 0.209350586 ,  0.138305664 SigReg: 66.9683533
std: 0.248901367 ,  0.102783203 SigReg: 69.0882568
std: 0.157226562 ,  0.0950317383 SigReg: 69.0882568
std: 0.177001953 ,  0.120117188 SigReg: 71.6521301
std: 0.148803711 ,  0.113830566 SigReg: 71.6521301
std: 0.169677734 ,  0.113525391 SigReg: 81.4704437
std: 0.141601562 ,  0.106994629 SigReg: 81.4704437
std: 0.167114258 ,  0.109680176 SigReg: 76.8112564
std: 0.167114258 ,  0.103515625 SigReg: 76.8112564
std: 0.144165039 ,  0.110961914 SigReg: 78.0036697
std: 0.344726562 ,  0.0974731445 SigReg: 78.0036697
std: 0.19152832 ,  0.109985352 SigReg: 76.777504
std: 0.216308594 ,  0.0862426758 SigReg: 76.777504
std: 0.205200195 ,  0.0987548828 SigReg: 63.9285126
std: 0.182495117 ,  0.109802246 SigReg: 63.9285126
std: 0.173583984 ,  0.105773926 SigReg: 65.5437
std: 0.149536133 ,  0.108520508 SigReg: 65.5437
std: 0.317138672 ,  0.113647461 SigReg: 74.2281
std: 0.154174805 ,  0.107910156 SigReg: 74.2281
std: 0.177856445 ,  0.119567871 SigReg: 71.6938
std: 0.187866211 ,  0.0969238281 SigReg: 71.6938
std: 0.15637207 ,  0.0985717773 SigReg: 67.3888245
std: 0.233154297 ,  0.1015625 SigReg: 67.3888245
std: 0.211425781 ,  0.14074707 SigReg: 77.9153748
std: 0.178100586 ,  0.0915527344 SigReg: 77.9153748
std: 0.225952148 ,  0.110168457 SigReg: 68.1908493
std: 0.225341797 ,  0.108581543 SigReg: 68.1908493
std: 0.180908203 ,  0.114624023 SigReg: 70.5834198
std: 0.148071289 ,  0.100219727 SigReg: 70.5834198
std: 0.301269531 ,  0.0965576172 SigReg: 65.3057251
std: 0.320800781 ,  0.107543945 SigReg: 65.3057251
std: 0.131713867 ,  0.0904541 SigReg: 67.3668518
std: 0.271240234 ,  0.110473633 SigReg: 67.3668518
std: 0.257324219 ,  0.0980834961 SigReg: 64.3406525
std: 0.147338867 ,  0.103393555 SigReg: 64.3406525
std: 0.185180664 ,  0.0952758789 SigReg: 61.2898636
std: 0.13671875 ,  0.0906982422 SigReg: 61.2898636
std: 0.18762207 ,  0.0982666 SigReg: 67.8724594
std: 0.300537109 ,  0.110961914 SigReg: 67.8724594
std: 0.328613281 ,  0.106567383 SigReg: 67.1965179
std: 0.208374023 ,  0.108276367 SigReg: 67.1965179
std: 0.201660156 ,  0.118286133 SigReg: 71.9043655
std: 0.311767578 ,  0.127807617 SigReg: 71.9043655
std: 0.216674805 ,  0.0981445312 SigReg: 72.5770264
std: 0.293212891 ,  0.111328125 SigReg: 72.5770264
std: 0.125610352 ,  0.102355957 SigReg: 69.442
std: 0.148803711 ,  0.120788574 SigReg: 69.442
std: 0.139282227 ,  0.101379395 SigReg: 70.8083496
std: 0.215576172 ,  0.111328125 SigReg: 70.8083496
std: 0.208129883 ,  0.0946655273 SigReg: 62.7779312
std: 0.151489258 ,  0.0986938477 SigReg: 62.7779312
std: 0.340576172 ,  0.101928711 SigReg: 64.3733902
std: 0.184082031 ,  0.105957031 SigReg: 64.3733902
std: 0.160400391 ,  0.0965576172 SigReg: 65.2893219
std: 0.337402344 ,  0.145141602 SigReg: 65.2893219
std: 0.459228516 ,  0.10760498 SigReg: 79.9633484
std: 0.166381836 ,  0.0845947266 SigReg: 79.9633484
  Step 250: Backbone Loss = 5.6853, SIGReg Loss = 79.9633 Probe Loss = 384.9708, Acc = 0.4969
std: 0.270019531 ,  0.104370117 SigReg: 66.7301331
std: 0.191162109 ,  0.100708008 SigReg: 66.7301331
std: 0.305908203 ,  0.142578125 SigReg: 63.6930771
std: 0.130371094 ,  0.105224609 SigReg: 63.6930771
std: 0.300537109 ,  0.0970459 SigReg: 64.523819
std: 0.171020508 ,  0.114990234 SigReg: 64.523819
std: 0.125244141 ,  0.0930175781 SigReg: 70.288147
std: 0.21887207 ,  0.111999512 SigReg: 70.288147
std: 0.150024414 ,  0.0985717773 SigReg: 77.1174622
std: 0.155639648 ,  0.10534668 SigReg: 77.1174622
std: 0.170410156 ,  0.121582031 SigReg: 70.0927658
std: 0.157714844 ,  0.119018555 SigReg: 70.0927658
std: 0.163574219 ,  0.0936889648 SigReg: 74.1417236
std: 0.14831543 ,  0.104980469 SigReg: 74.1417236
std: 0.220947266 ,  0.0965576172 SigReg: 60.0565186
std: 0.269775391 ,  0.115722656 SigReg: 60.0565186
std: 0.340576172 ,  0.0910644531 SigReg: 60.8764915
std: 0.185668945 ,  0.138305664 SigReg: 60.8764915
std: 0.234741211 ,  0.108703613 SigReg: 59.3516808
std: 0.167236328 ,  0.102478027 SigReg: 59.3516808
std: 0.220581055 ,  0.0969238281 SigReg: 68.0346451
std: 0.376464844 ,  0.110717773 SigReg: 68.0346451
std: 0.167358398 ,  0.0971679688 SigReg: 75.2832108
std: 0.248168945 ,  0.11328125 SigReg: 75.2832108
std: 0.178466797 ,  0.126464844 SigReg: 71.4444046
std: 0.160888672 ,  0.0914306641 SigReg: 71.4444046
std: 0.120300293 ,  0.101623535 SigReg: 77.1047058
std: 0.305419922 ,  0.109008789 SigReg: 77.1047058
std: 0.188354492 ,  0.113098145 SigReg: 75.4267502
std: 0.133300781 ,  0.0924072266 SigReg: 75.4267502
std: 0.197143555 ,  0.143066406 SigReg: 71.3096
std: 0.220214844 ,  0.102661133 SigReg: 71.3096
std: 0.142089844 ,  0.104919434 SigReg: 82.5804214
std: 0.154785156 ,  0.0961303711 SigReg: 82.5804214
std: 0.194580078 ,  0.0958251953 SigReg: 77.3147
std: 0.192016602 ,  0.095703125 SigReg: 77.3147
std: 0.36328125 ,  0.150878906 SigReg: 60.4633598
std: 0.12512207 ,  0.0966796875 SigReg: 60.4633598
std: 0.318359375 ,  0.156005859 SigReg: 93.9468765
std: 0.225585938 ,  0.114440918 SigReg: 93.9468765
std: 0.221435547 ,  0.104248047 SigReg: 88.1683655
std: 0.268310547 ,  0.129760742 SigReg: 88.1683655
std: 0.298095703 ,  0.125732422 SigReg: 64.7943
std: 0.221313477 ,  0.104980469 SigReg: 64.7943
std: 0.358154297 ,  0.120483398 SigReg: 84.0659409
std: 0.409179688 ,  0.166381836 SigReg: 84.0659409
std: 0.181884766 ,  0.10369873 SigReg: 100.740936
std: 0.160400391 ,  0.102600098 SigReg: 100.740936
std: 0.275146484 ,  0.110534668 SigReg: 88.5646057
std: 0.370849609 ,  0.129638672 SigReg: 88.5646057
std: 0.150634766 ,  0.118408203 SigReg: 98.6149368
std: 0.198120117 ,  0.0950317383 SigReg: 98.6149368
std: 0.136474609 ,  0.0974731445 SigReg: 95.0954437
std: 0.15246582 ,  0.108581543 SigReg: 95.0954437
std: 0.285400391 ,  0.105957031 SigReg: 86.5302277
std: 0.232788086 ,  0.110961914 SigReg: 86.5302277
std: 0.180541992 ,  0.0979614258 SigReg: 85.477478
std: 0.194824219 ,  0.10345459 SigReg: 85.477478
std: 0.216552734 ,  0.107666016 SigReg: 74.9352722
std: 0.364501953 ,  0.103942871 SigReg: 74.9352722
std: 0.267578125 ,  0.107421875 SigReg: 77.1203
std: 0.153442383 ,  0.0932006836 SigReg: 77.1203
std: 0.180419922 ,  0.12878418 SigReg: 71.0870361
std: 0.180297852 ,  0.115966797 SigReg: 71.0870361
std: 0.198364258 ,  0.0920410156 SigReg: 72.4772568
std: 0.132202148 ,  0.0838012695 SigReg: 72.4772568
std: 0.188476562 ,  0.108520508 SigReg: 65.343483
std: 0.283203125 ,  0.120788574 SigReg: 65.343483
std: 0.15637207 ,  0.0877075195 SigReg: 71.7908936
std: 0.146118164 ,  0.0944213867 SigReg: 71.7908936
std: 0.143798828 ,  0.0910644531 SigReg: 72.7781067
std: 0.161865234 ,  0.109375 SigReg: 72.7781067
std: 0.248779297 ,  0.114013672 SigReg: 75.4699554
std: 0.208618164 ,  0.105102539 SigReg: 75.4699554
std: 0.265625 ,  0.101318359 SigReg: 66.2792358
std: 0.196044922 ,  0.096862793 SigReg: 66.2792358
std: 0.150756836 ,  0.0969238281 SigReg: 75.9985352
std: 0.267822266 ,  0.103149414 SigReg: 75.9985352
std: 0.177246094 ,  0.117675781 SigReg: 68.1485291
std: 0.17956543 ,  0.103088379 SigReg: 68.1485291
std: 0.299804688 ,  0.109985352 SigReg: 66.5137558
std: 0.232910156 ,  0.106445312 SigReg: 66.5137558
std: 0.337402344 ,  0.102355957 SigReg: 67.2547684
std: 0.200683594 ,  0.126831055 SigReg: 67.2547684
std: 0.197631836 ,  0.12878418 SigReg: 80.5912628
std: 0.282714844 ,  0.10736084 SigReg: 80.5912628
std: 0.205932617 ,  0.100341797 SigReg: 76.178833
std: 0.188964844 ,  0.105041504 SigReg: 76.178833
std: 0.210327148 ,  0.145263672 SigReg: 73.1387405
std: 0.173583984 ,  0.0978393555 SigReg: 73.1387405
std: 0.138427734 ,  0.0874023438 SigReg: 76.0454254
std: 0.225463867 ,  0.088684082 SigReg: 76.0454254
std: 0.208618164 ,  0.108215332 SigReg: 72.320137
std: 0.226318359 ,  0.122009277 SigReg: 72.320137
std: 0.209594727 ,  0.117736816 SigReg: 64.57061
std: 0.221923828 ,  0.114196777 SigReg: 64.57061
std: 0.203613281 ,  0.106933594 SigReg: 84.6427841
std: 0.152954102 ,  0.0970459 SigReg: 84.6427841
std: 0.272216797 ,  0.143310547 SigReg: 75.0324478
std: 0.312988281 ,  0.104980469 SigReg: 75.0324478
  Step 300: Backbone Loss = 5.3779, SIGReg Loss = 75.0324 Probe Loss = 371.4243, Acc = 0.4980
std: 0.228149414 ,  0.111816406 SigReg: 61.4505959
std: 0.207641602 ,  0.150268555 SigReg: 61.4505959
std: 0.181762695 ,  0.10748291 SigReg: 70.7948456
std: 0.156738281 ,  0.108093262 SigReg: 70.7948456
std: 0.127807617 ,  0.100708008 SigReg: 73.8891449
std: 0.12890625 ,  0.0960693359 SigReg: 73.8891449
std: 0.181762695 ,  0.109802246 SigReg: 64.9910583
std: 0.155029297 ,  0.10534668 SigReg: 64.9910583
std: 0.319824219 ,  0.103210449 SigReg: 66.6074371
std: 0.154296875 ,  0.095703125 SigReg: 66.6074371
std: 0.155273438 ,  0.0961303711 SigReg: 60.3123283
std: 0.277832031 ,  0.101501465 SigReg: 60.3123283
Epoch 2 finished in 248.97s.
  Avg Backbone Loss: 5.4489
  Avg Probe Loss:    395.7419
  Avg Probe Accuracy: 0.4971

Epoch 3/100
std: 0.219970703 ,  0.103149414 SigReg: 72.1547775
std: 0.174926758 ,  0.110412598 SigReg: 72.1547775
  Step 0: Backbone Loss = 5.2707, SIGReg Loss = 72.1548 Probe Loss = 364.3330, Acc = 0.4915
std: 0.149902344 ,  0.115905762 SigReg: 67.5086441
std: 0.38671875 ,  0.0877685547 SigReg: 67.5086441
std: 0.197387695 ,  0.123352051 SigReg: 68.830307
std: 0.155517578 ,  0.11114502 SigReg: 68.830307
std: 0.301025391 ,  0.115661621 SigReg: 70.1341476
std: 0.18359375 ,  0.104309082 SigReg: 70.1341476
std: 0.135864258 ,  0.118530273 SigReg: 68.0806732
std: 0.3125 ,  0.130859375 SigReg: 68.0806732
std: 0.174438477 ,  0.119018555 SigReg: 77.8206
std: 0.217407227 ,  0.125854492 SigReg: 77.8206
std: 0.178955078 ,  0.10168457 SigReg: 65.9058228
std: 0.193725586 ,  0.103515625 SigReg: 65.9058228
std: 0.16003418 ,  0.106811523 SigReg: 78.485878
std: 0.19519043 ,  0.108276367 SigReg: 78.485878
std: 0.142578125 ,  0.094543457 SigReg: 68.7517
std: 0.205078125 ,  0.0979614258 SigReg: 68.7517
std: 0.177978516 ,  0.135864258 SigReg: 85.3013687
std: 0.253417969 ,  0.118774414 SigReg: 85.3013687
std: 0.23828125 ,  0.108520508 SigReg: 86.189621
std: 0.192260742 ,  0.120910645 SigReg: 86.189621
std: 0.302001953 ,  0.115478516 SigReg: 72.201355
std: 0.14831543 ,  0.112304688 SigReg: 72.201355
std: 0.225830078 ,  0.110046387 SigReg: 68.2090073
std: 0.226806641 ,  0.153930664 SigReg: 68.2090073
std: 0.221435547 ,  0.127685547 SigReg: 59.9279633
std: 0.305908203 ,  0.109436035 SigReg: 59.9279633
std: 0.192016602 ,  0.11315918 SigReg: 69.3336563
std: 0.215576172 ,  0.125 SigReg: 69.3336563
std: 0.112426758 ,  0.103942871 SigReg: 76.5137329
std: 0.148803711 ,  0.116455078 SigReg: 76.5137329
std: 0.179321289 ,  0.122741699 SigReg: 71.173996
std: 0.211425781 ,  0.113464355 SigReg: 71.173996
std: 0.170654297 ,  0.103820801 SigReg: 66.1318359
std: 0.202392578 ,  0.108337402 SigReg: 66.1318359
std: 0.126220703 ,  0.114379883 SigReg: 64.1237335
std: 0.180175781 ,  0.147705078 SigReg: 64.1237335
std: 0.275146484 ,  0.133911133 SigReg: 69.8369675
std: 0.295654297 ,  0.102844238 SigReg: 69.8369675
std: 0.311279297 ,  0.123413086 SigReg: 69.0965347
std: 0.146972656 ,  0.110351562 SigReg: 69.0965347
std: 0.288574219 ,  0.131347656 SigReg: 58.8889046
std: 0.313476562 ,  0.114257812 SigReg: 58.8889046
std: 0.194213867 ,  0.110839844 SigReg: 94.5289536
std: 0.182983398 ,  0.122558594 SigReg: 94.5289536
std: 0.147094727 ,  0.113952637 SigReg: 86.3181763
std: 0.329345703 ,  0.122192383 SigReg: 86.3181763
std: 0.23046875 ,  0.119567871 SigReg: 66.1053085
std: 0.226318359 ,  0.10736084 SigReg: 66.1053085
std: 0.158203125 ,  0.10748291 SigReg: 83.8391266
std: 0.249267578 ,  0.109069824 SigReg: 83.8391266
std: 0.2265625 ,  0.124938965 SigReg: 106.092308
std: 0.161621094 ,  0.110778809 SigReg: 106.092308
std: 0.157958984 ,  0.107421875 SigReg: 85.8557053
std: 0.154907227 ,  0.112182617 SigReg: 85.8557053
std: 0.321777344 ,  0.140258789 SigReg: 75.4379044
std: 0.233520508 ,  0.121582031 SigReg: 75.4379044
std: 0.256103516 ,  0.107116699 SigReg: 79.4047928
std: 0.187866211 ,  0.126098633 SigReg: 79.4047928
std: 0.223144531 ,  0.130859375 SigReg: 91.5845184
std: 0.150634766 ,  0.0934448242 SigReg: 91.5845184
std: 0.178955078 ,  0.0986938477 SigReg: 89.5620804
std: 0.25 ,  0.127075195 SigReg: 89.5620804
std: 0.145141602 ,  0.103942871 SigReg: 88.3821
std: 0.153442383 ,  0.114074707 SigReg: 88.3821
std: 0.205688477 ,  0.11895752 SigReg: 70.8906937
std: 0.288330078 ,  0.150390625 SigReg: 70.8906937
std: 0.216064453 ,  0.125732422 SigReg: 69.9760132
std: 0.209716797 ,  0.120727539 SigReg: 69.9760132
std: 0.234619141 ,  0.140258789 SigReg: 85.0748444
std: 0.252929688 ,  0.109313965 SigReg: 85.0748444
std: 0.182250977 ,  0.10144043 SigReg: 82.7100372
std: 0.242675781 ,  0.127197266 SigReg: 82.7100372
std: 0.228149414 ,  0.109802246 SigReg: 76.1058197
std: 0.1640625 ,  0.115661621 SigReg: 76.1058197
std: 0.200927734 ,  0.130004883 SigReg: 67.8700104
std: 0.280273438 ,  0.101501465 SigReg: 67.8700104
std: 0.222412109 ,  0.12286377 SigReg: 79.4807358
std: 0.174438477 ,  0.120544434 SigReg: 79.4807358
std: 0.203613281 ,  0.12097168 SigReg: 82.6061707
std: 0.16015625 ,  0.109313965 SigReg: 82.6061707
std: 0.257568359 ,  0.131103516 SigReg: 78.0796661
std: 0.273193359 ,  0.106201172 SigReg: 78.0796661
std: 0.149536133 ,  0.103515625 SigReg: 72.3875
std: 0.173583984 ,  0.109191895 SigReg: 72.3875
std: 0.246582031 ,  0.116333008 SigReg: 69.9734268
std: 0.178222656 ,  0.108886719 SigReg: 69.9734268
std: 0.216918945 ,  0.104492188 SigReg: 65.7434158
std: 0.369384766 ,  0.114990234 SigReg: 65.7434158
std: 0.182373047 ,  0.0967407227 SigReg: 78.5465698
std: 0.189697266 ,  0.120422363 SigReg: 78.5465698
std: 0.261962891 ,  0.0936889648 SigReg: 74.544342
std: 0.277099609 ,  0.0989990234 SigReg: 74.544342
std: 0.277587891 ,  0.0972900391 SigReg: 73.3194885
std: 0.208007812 ,  0.11932373 SigReg: 73.3194885
std: 0.278564453 ,  0.107727051 SigReg: 70.6587219
std: 0.151733398 ,  0.0940551758 SigReg: 70.6587219
std: 0.370117188 ,  0.134277344 SigReg: 71.3412247
std: 0.145629883 ,  0.0967407227 SigReg: 71.3412247
std: 0.158081055 ,  0.108276367 SigReg: 75.1256256
std: 0.324462891 ,  0.103515625 SigReg: 75.1256256
  Step 50: Backbone Loss = 5.4677, SIGReg Loss = 75.1256 Probe Loss = 343.7862, Acc = 0.5104
std: 0.262939453 ,  0.119995117 SigReg: 66.7409286
std: 0.241210938 ,  0.12310791 SigReg: 66.7409286
std: 0.203491211 ,  0.111999512 SigReg: 64.3194046
std: 0.190917969 ,  0.105957031 SigReg: 64.3194046
std: 0.287597656 ,  0.138427734 SigReg: 62.3576736
std: 0.135375977 ,  0.0780639648 SigReg: 62.3576736
std: 0.191772461 ,  0.106323242 SigReg: 66.863739
std: 0.191650391 ,  0.100097656 SigReg: 66.863739
std: 0.164672852 ,  0.0908813477 SigReg: 73.8254166
std: 0.219604492 ,  0.0983276367 SigReg: 73.8254166
std: 0.178955078 ,  0.085144043 SigReg: 74.3109589
std: 0.198486328 ,  0.12121582 SigReg: 74.3109589
std: 0.170898438 ,  0.102844238 SigReg: 70.5237885
std: 0.162841797 ,  0.117492676 SigReg: 70.5237885
std: 0.24230957 ,  0.0986938477 SigReg: 66.7951813
std: 0.205566406 ,  0.0902709961 SigReg: 66.7951813
std: 0.248657227 ,  0.100463867 SigReg: 67.0252304
std: 0.262695312 ,  0.102111816 SigReg: 67.0252304
std: 0.200683594 ,  0.108764648 SigReg: 62.3059387
std: 0.313964844 ,  0.111572266 SigReg: 62.3059387
std: 0.207397461 ,  0.100524902 SigReg: 79.3827209
std: 0.206054688 ,  0.106933594 SigReg: 79.3827209
std: 0.350585938 ,  0.0902099609 SigReg: 69.0274658
std: 0.228149414 ,  0.152709961 SigReg: 69.0274658
std: 0.159545898 ,  0.100097656 SigReg: 73.7674179
std: 0.193847656 ,  0.094909668 SigReg: 73.7674179
std: 0.228271484 ,  0.0936889648 SigReg: 67.8024368
std: 0.180297852 ,  0.111083984 SigReg: 67.8024368
std: 0.210449219 ,  0.117248535 SigReg: 70.3839645
std: 0.343261719 ,  0.117126465 SigReg: 70.3839645
std: 0.252197266 ,  0.112365723 SigReg: 65.3496552
std: 0.19152832 ,  0.125366211 SigReg: 65.3496552
std: 0.295410156 ,  0.116577148 SigReg: 71.9872284
std: 0.211914062 ,  0.120239258 SigReg: 71.9872284
std: 0.182495117 ,  0.108032227 SigReg: 72.8546219
std: 0.182739258 ,  0.102783203 SigReg: 72.8546219
std: 0.211425781 ,  0.0959472656 SigReg: 73.8197937
std: 0.214477539 ,  0.108764648 SigReg: 73.8197937
std: 0.182128906 ,  0.122375488 SigReg: 72.6461868
std: 0.18737793 ,  0.0982666 SigReg: 72.6461868
std: 0.305175781 ,  0.125976562 SigReg: 69.3677902
std: 0.198364258 ,  0.106933594 SigReg: 69.3677902
std: 0.278564453 ,  0.113952637 SigReg: 65.0271683
std: 0.174682617 ,  0.114990234 SigReg: 65.0271683
std: 0.326171875 ,  0.141601562 SigReg: 63.2160263
std: 0.209960938 ,  0.0939331055 SigReg: 63.2160263
std: 0.270019531 ,  0.136352539 SigReg: 61.7023544
std: 0.302978516 ,  0.151245117 SigReg: 61.7023544
std: 0.233154297 ,  0.117492676 SigReg: 70.0776
std: 0.21887207 ,  0.101196289 SigReg: 70.0776
std: 0.392089844 ,  0.119812012 SigReg: 67.1165619
std: 0.311035156 ,  0.120849609 SigReg: 67.1165619
std: 0.194946289 ,  0.107055664 SigReg: 70.7056351
std: 0.262939453 ,  0.132202148 SigReg: 70.7056351
std: 0.176513672 ,  0.114990234 SigReg: 68.9282379
std: 0.234375 ,  0.112976074 SigReg: 68.9282379
std: 0.347900391 ,  0.117553711 SigReg: 66.1510315
std: 0.174194336 ,  0.14074707 SigReg: 66.1510315
std: 0.182128906 ,  0.108093262 SigReg: 74.6922607
std: 0.18371582 ,  0.111877441 SigReg: 74.6922607
std: 0.234619141 ,  0.135009766 SigReg: 66.056633
std: 0.199707031 ,  0.113098145 SigReg: 66.056633
std: 0.289550781 ,  0.105712891 SigReg: 72.5828705
std: 0.203491211 ,  0.108886719 SigReg: 72.5828705
std: 0.241821289 ,  0.137084961 SigReg: 69.3850403
std: 0.280029297 ,  0.121887207 SigReg: 69.3850403
std: 0.289306641 ,  0.148803711 SigReg: 70.7253647
std: 0.169311523 ,  0.110351562 SigReg: 70.7253647
std: 0.202758789 ,  0.127807617 SigReg: 74.8798
std: 0.162841797 ,  0.110229492 SigReg: 74.8798
std: 0.300048828 ,  0.118469238 SigReg: 75.400238
std: 0.182006836 ,  0.115966797 SigReg: 75.400238
std: 0.164794922 ,  0.110290527 SigReg: 67.5554352
std: 0.190185547 ,  0.129150391 SigReg: 67.5554352
std: 0.197998047 ,  0.0900878906 SigReg: 73.6591339
std: 0.259521484 ,  0.122131348 SigReg: 73.6591339
std: 0.255126953 ,  0.121704102 SigReg: 73.3755188
std: 0.373779297 ,  0.116638184 SigReg: 73.3755188
std: 0.198608398 ,  0.112548828 SigReg: 65.9934311
std: 0.288818359 ,  0.141235352 SigReg: 65.9934311
std: 0.31640625 ,  0.1328125 SigReg: 65.5494308
std: 0.407714844 ,  0.158569336 SigReg: 65.5494308
std: 0.321289062 ,  0.110534668 SigReg: 61.2279968
std: 0.279052734 ,  0.155029297 SigReg: 61.2279968
std: 0.169799805 ,  0.120056152 SigReg: 64.2955246
std: 0.267089844 ,  0.123474121 SigReg: 64.2955246
std: 0.169311523 ,  0.125854492 SigReg: 68.5616074
std: 0.225463867 ,  0.108886719 SigReg: 68.5616074
std: 0.16003418 ,  0.109191895 SigReg: 70.3531952
std: 0.276855469 ,  0.113769531 SigReg: 70.3531952
std: 0.187133789 ,  0.126220703 SigReg: 69.6542511
std: 0.224243164 ,  0.115356445 SigReg: 69.6542511
std: 0.145996094 ,  0.096862793 SigReg: 71.6213608
std: 0.216186523 ,  0.120422363 SigReg: 71.6213608
std: 0.240844727 ,  0.159057617 SigReg: 67.0136
std: 0.24609375 ,  0.123046875 SigReg: 67.0136
std: 0.183837891 ,  0.120544434 SigReg: 66.1866608
std: 0.240112305 ,  0.168334961 SigReg: 66.1866608
std: 0.140991211 ,  0.104858398 SigReg: 60.1609497
std: 0.376464844 ,  0.125854492 SigReg: 60.1609497
  Step 100: Backbone Loss = 4.6670, SIGReg Loss = 60.1609 Probe Loss = 326.9306, Acc = 0.5441
std: 0.268310547 ,  0.146850586 SigReg: 61.8999481
std: 0.253662109 ,  0.10925293 SigReg: 61.8999481
std: 0.220947266 ,  0.101989746 SigReg: 64.5159149
std: 0.272705078 ,  0.119628906 SigReg: 64.5159149
std: 0.2890625 ,  0.11126709 SigReg: 70.3635941
std: 0.389648438 ,  0.13269043 SigReg: 70.3635941
std: 0.299804688 ,  0.161499023 SigReg: 59.6300468
std: 0.152832031 ,  0.110595703 SigReg: 59.6300468
std: 0.249511719 ,  0.122680664 SigReg: 68.6529236
std: 0.193847656 ,  0.113098145 SigReg: 68.6529236
std: 0.170898438 ,  0.112182617 SigReg: 67.8455353
std: 0.270751953 ,  0.126220703 SigReg: 67.8455353
std: 0.314697266 ,  0.132202148 SigReg: 71.9539185
std: 0.213012695 ,  0.122375488 SigReg: 71.9539185
std: 0.193359375 ,  0.126708984 SigReg: 71.4312897
std: 0.274169922 ,  0.127563477 SigReg: 71.4312897
std: 0.162719727 ,  0.112426758 SigReg: 69.2543488
std: 0.282226562 ,  0.125976562 SigReg: 69.2543488
std: 0.223144531 ,  0.145874023 SigReg: 73.0258484
std: 0.219482422 ,  0.134521484 SigReg: 73.0258484
std: 0.379150391 ,  0.156005859 SigReg: 62.2511368
std: 0.337890625 ,  0.131469727 SigReg: 62.2511368
std: 0.324462891 ,  0.119750977 SigReg: 57.4043694
std: 0.286621094 ,  0.10949707 SigReg: 57.4043694
std: 0.182861328 ,  0.111755371 SigReg: 59.9601212
std: 0.332763672 ,  0.117797852 SigReg: 59.9601212
std: 0.197753906 ,  0.112487793 SigReg: 57.0734444
std: 0.220336914 ,  0.147705078 SigReg: 57.0734444
std: 0.185058594 ,  0.111999512 SigReg: 86.6000595
std: 0.182617188 ,  0.12310791 SigReg: 86.6000595
std: 0.2421875 ,  0.12310791 SigReg: 74.9067688
std: 0.23828125 ,  0.11706543 SigReg: 74.9067688
std: 0.190917969 ,  0.120300293 SigReg: 74.0585327
std: 0.237426758 ,  0.13684082 SigReg: 74.0585327
std: 0.194335938 ,  0.116333008 SigReg: 68.6845093
std: 0.298828125 ,  0.137207031 SigReg: 68.6845093
std: 0.225341797 ,  0.1328125 SigReg: 74.8488617
std: 0.313720703 ,  0.143676758 SigReg: 74.8488617
std: 0.196044922 ,  0.109680176 SigReg: 72.89888
std: 0.185424805 ,  0.102722168 SigReg: 72.89888
std: 0.259277344 ,  0.112426758 SigReg: 77.6001
std: 0.192504883 ,  0.115539551 SigReg: 77.6001
std: 0.180053711 ,  0.121948242 SigReg: 65.2866821
std: 0.195800781 ,  0.127197266 SigReg: 65.2866821
std: 0.200073242 ,  0.119873047 SigReg: 64.8415604
std: 0.164672852 ,  0.104675293 SigReg: 64.8415604
std: 0.23828125 ,  0.106994629 SigReg: 60.0756
std: 0.206054688 ,  0.116943359 SigReg: 60.0756
std: 0.21105957 ,  0.115356445 SigReg: 59.6162491
std: 0.249389648 ,  0.107116699 SigReg: 59.6162491
std: 0.232055664 ,  0.140136719 SigReg: 61.5489578
std: 0.221923828 ,  0.172363281 SigReg: 61.5489578
std: 0.239135742 ,  0.119995117 SigReg: 63.9188538
std: 0.294921875 ,  0.124572754 SigReg: 63.9188538
std: 0.322265625 ,  0.114990234 SigReg: 64.4967499
std: 0.296142578 ,  0.10736084 SigReg: 64.4967499
std: 0.317871094 ,  0.148803711 SigReg: 60.2746849
std: 0.196166992 ,  0.100524902 SigReg: 60.2746849
std: 0.227661133 ,  0.11517334 SigReg: 63.278595
std: 0.361083984 ,  0.123840332 SigReg: 63.278595
std: 0.205688477 ,  0.107788086 SigReg: 58.1778755
std: 0.302490234 ,  0.118835449 SigReg: 58.1778755
std: 0.327636719 ,  0.165405273 SigReg: 75.3402939
std: 0.182861328 ,  0.115112305 SigReg: 75.3402939
std: 0.161743164 ,  0.103210449 SigReg: 81.8551407
std: 0.256103516 ,  0.124023438 SigReg: 81.8551407
std: 0.30859375 ,  0.101989746 SigReg: 81.2419
std: 0.188842773 ,  0.126953125 SigReg: 81.2419
std: 0.21496582 ,  0.111816406 SigReg: 69.2172
std: 0.318603516 ,  0.161010742 SigReg: 69.2172
std: 0.223022461 ,  0.118835449 SigReg: 64.6796951
std: 0.247314453 ,  0.12890625 SigReg: 64.6796951
std: 0.243408203 ,  0.120300293 SigReg: 72.0158691
std: 0.229003906 ,  0.131347656 SigReg: 72.0158691
std: 0.208740234 ,  0.0991210938 SigReg: 69.633934
std: 0.254638672 ,  0.116577148 SigReg: 69.633934
std: 0.288818359 ,  0.119506836 SigReg: 58.2906876
std: 0.223999023 ,  0.130737305 SigReg: 58.2906876
std: 0.267089844 ,  0.125854492 SigReg: 64.8514099
std: 0.343261719 ,  0.132324219 SigReg: 64.8514099
std: 0.337402344 ,  0.125854492 SigReg: 59.8763657
std: 0.248901367 ,  0.111328125 SigReg: 59.8763657
std: 0.331542969 ,  0.108581543 SigReg: 64.8672867
std: 0.310546875 ,  0.108520508 SigReg: 64.8672867
std: 0.220458984 ,  0.127685547 SigReg: 70.6796112
std: 0.336181641 ,  0.129760742 SigReg: 70.6796112
std: 0.229003906 ,  0.13671875 SigReg: 61.8104477
std: 0.232055664 ,  0.116394043 SigReg: 61.8104477
std: 0.272460938 ,  0.121826172 SigReg: 75.3094711
std: 0.211547852 ,  0.119628906 SigReg: 75.3094711
std: 0.300537109 ,  0.115478516 SigReg: 61.3809395
std: 0.209594727 ,  0.110656738 SigReg: 61.3809395
std: 0.234863281 ,  0.121154785 SigReg: 70.8373108
std: 0.205566406 ,  0.114379883 SigReg: 70.8373108
std: 0.321044922 ,  0.132202148 SigReg: 57.4328346
std: 0.353027344 ,  0.130981445 SigReg: 57.4328346
std: 0.259521484 ,  0.136474609 SigReg: 65.1091156
std: 0.339599609 ,  0.140625 SigReg: 65.1091156
std: 0.217651367 ,  0.115966797 SigReg: 59.6689262
std: 0.221069336 ,  0.133178711 SigReg: 59.6689262
  Step 150: Backbone Loss = 4.6360, SIGReg Loss = 59.6689 Probe Loss = 327.8187, Acc = 0.4922
std: 0.251708984 ,  0.119506836 SigReg: 57.3331909
std: 0.284423828 ,  0.131835938 SigReg: 57.3331909
std: 0.335693359 ,  0.125244141 SigReg: 54.3555
std: 0.293701172 ,  0.134521484 SigReg: 54.3555
std: 0.283935547 ,  0.112792969 SigReg: 67.5840454
std: 0.251953125 ,  0.163330078 SigReg: 67.5840454
std: 0.308837891 ,  0.166137695 SigReg: 56.5050964
std: 0.225585938 ,  0.113525391 SigReg: 56.5050964
std: 0.261230469 ,  0.136108398 SigReg: 72.3334427
std: 0.297607422 ,  0.125488281 SigReg: 72.3334427
std: 0.330810547 ,  0.148803711 SigReg: 63.3739433
std: 0.350830078 ,  0.137695312 SigReg: 63.3739433
std: 0.332275391 ,  0.138183594 SigReg: 64.1191635
std: 0.265136719 ,  0.125854492 SigReg: 64.1191635
std: 0.240966797 ,  0.11895752 SigReg: 63.1598282
std: 0.290527344 ,  0.17175293 SigReg: 63.1598282
std: 0.21496582 ,  0.141357422 SigReg: 59.1222229
std: 0.351806641 ,  0.139038086 SigReg: 59.1222229
std: 0.292724609 ,  0.147827148 SigReg: 62.2474098
std: 0.233154297 ,  0.132446289 SigReg: 62.2474098
std: 0.339599609 ,  0.17578125 SigReg: 59.3000526
std: 0.397216797 ,  0.167480469 SigReg: 59.3000526
std: 0.236694336 ,  0.137329102 SigReg: 64.2186508
std: 0.267822266 ,  0.156494141 SigReg: 64.2186508
std: 0.348388672 ,  0.164672852 SigReg: 61.6183167
std: 0.303466797 ,  0.137329102 SigReg: 61.6183167
std: 0.220947266 ,  0.15625 SigReg: 60.70755
std: 0.330078125 ,  0.157714844 SigReg: 60.70755
std: 0.202148438 ,  0.138916016 SigReg: 59.2330399
std: 0.310546875 ,  0.138549805 SigReg: 59.2330399
std: 0.30078125 ,  0.185424805 SigReg: 68.6413
std: 0.323242188 ,  0.167114258 SigReg: 68.6413
std: 0.260253906 ,  0.16015625 SigReg: 68.8223267
std: 0.201904297 ,  0.135986328 SigReg: 68.8223267
std: 0.24987793 ,  0.171142578 SigReg: 57.5633621
std: 0.333007812 ,  0.14453125 SigReg: 57.5633621
std: 0.264404297 ,  0.176025391 SigReg: 59.5082054
std: 0.240600586 ,  0.162475586 SigReg: 59.5082054
std: 0.250732422 ,  0.138549805 SigReg: 68.9166489
std: 0.314941406 ,  0.16784668 SigReg: 68.9166489
std: 0.285888672 ,  0.16784668 SigReg: 61.9761047
std: 0.319091797 ,  0.169189453 SigReg: 61.9761047
std: 0.385498047 ,  0.163818359 SigReg: 51.2405205
std: 0.325683594 ,  0.150878906 SigReg: 51.2405205
std: 0.267333984 ,  0.148071289 SigReg: 56.284668
std: 0.291015625 ,  0.180664062 SigReg: 56.284668
std: 0.2578125 ,  0.167358398 SigReg: 65.5707855
std: 0.267578125 ,  0.15222168 SigReg: 65.5707855
std: 0.312744141 ,  0.181274414 SigReg: 66.4915237
std: 0.301269531 ,  0.174072266 SigReg: 66.4915237
std: 0.212890625 ,  0.153564453 SigReg: 66.2025528
std: 0.34375 ,  0.166992188 SigReg: 66.2025528
std: 0.389648438 ,  0.194335938 SigReg: 68.076683
std: 0.361328125 ,  0.167236328 SigReg: 68.076683
std: 0.274169922 ,  0.189086914 SigReg: 58.0631142
std: 0.342773438 ,  0.159545898 SigReg: 58.0631142
std: 0.262207031 ,  0.156738281 SigReg: 57.232811
std: 0.333251953 ,  0.177856445 SigReg: 57.232811
std: 0.322753906 ,  0.172485352 SigReg: 57.8295517
std: 0.336181641 ,  0.170776367 SigReg: 57.8295517
std: 0.362304688 ,  0.163330078 SigReg: 54.2049026
std: 0.353027344 ,  0.180053711 SigReg: 54.2049026
std: 0.384521484 ,  0.174438477 SigReg: 76.1134796
std: 0.293457031 ,  0.204589844 SigReg: 76.1134796
std: 0.264892578 ,  0.157470703 SigReg: 59.8003922
std: 0.320800781 ,  0.149658203 SigReg: 59.8003922
std: 0.316162109 ,  0.172363281 SigReg: 62.148468
std: 0.430419922 ,  0.181640625 SigReg: 62.148468
std: 0.300537109 ,  0.151245117 SigReg: 65.6510468
std: 0.44921875 ,  0.177612305 SigReg: 65.6510468
std: 0.372314453 ,  0.194824219 SigReg: 81.9760284
std: 0.465332031 ,  0.177612305 SigReg: 81.9760284
std: 0.369628906 ,  0.191894531 SigReg: 66.5625458
std: 0.380859375 ,  0.195068359 SigReg: 66.5625458
std: 0.368164062 ,  0.240844727 SigReg: 50.0056
std: 0.386962891 ,  0.19519043 SigReg: 50.0056
std: 0.438964844 ,  0.210449219 SigReg: 64.4137
std: 0.329833984 ,  0.165649414 SigReg: 64.4137
std: 0.373291016 ,  0.199951172 SigReg: 55.103447
std: 0.370849609 ,  0.158935547 SigReg: 55.103447
std: 0.373046875 ,  0.174438477 SigReg: 67.1940155
std: 0.31640625 ,  0.172729492 SigReg: 67.1940155
std: 0.348632812 ,  0.165039062 SigReg: 64.4412384
std: 0.481445312 ,  0.166137695 SigReg: 64.4412384
std: 0.343994141 ,  0.222290039 SigReg: 75.3368607
std: 0.334960938 ,  0.198120117 SigReg: 75.3368607
std: 0.482177734 ,  0.187744141 SigReg: 67.3974686
std: 0.435546875 ,  0.206054688 SigReg: 67.3974686
std: 0.369873047 ,  0.205322266 SigReg: 55.7815552
std: 0.388916016 ,  0.20703125 SigReg: 55.7815552
std: 0.438232422 ,  0.188110352 SigReg: 64.2992096
std: 0.380371094 ,  0.16796875 SigReg: 64.2992096
std: 0.423095703 ,  0.231567383 SigReg: 60.5085602
std: 0.439453125 ,  0.18371582 SigReg: 60.5085602
std: 0.353027344 ,  0.200195312 SigReg: 58.8751144
std: 0.411376953 ,  0.201293945 SigReg: 58.8751144
std: 0.407226562 ,  0.216918945 SigReg: 68.9962234
std: 0.434570312 ,  0.252929688 SigReg: 68.9962234
std: 0.414550781 ,  0.202026367 SigReg: 73.1254654
std: 0.386230469 ,  0.189575195 SigReg: 73.1254654
  Step 200: Backbone Loss = 5.1415, SIGReg Loss = 73.1255 Probe Loss = 328.3486, Acc = 0.4957
std: 0.467041016 ,  0.187866211 SigReg: 60.9376717
std: 0.380859375 ,  0.182861328 SigReg: 60.9376717
std: 0.462402344 ,  0.285888672 SigReg: 72.8240891
std: 0.318847656 ,  0.176269531 SigReg: 72.8240891
std: 0.409667969 ,  0.193359375 SigReg: 81.9696579
std: 0.462646484 ,  0.234130859 SigReg: 81.9696579
std: 0.374023438 ,  0.213256836 SigReg: 79.15242
std: 0.380126953 ,  0.21484375 SigReg: 79.15242
std: 0.403564453 ,  0.223632812 SigReg: 71.7137756
std: 0.379638672 ,  0.208740234 SigReg: 71.7137756
std: 0.437744141 ,  0.226196289 SigReg: 85.5230865
std: 0.390380859 ,  0.220825195 SigReg: 85.5230865
std: 0.40625 ,  0.203369141 SigReg: 59.1860123
std: 0.480224609 ,  0.214355469 SigReg: 59.1860123
std: 0.447998047 ,  0.209228516 SigReg: 90.6250305
std: 0.452636719 ,  0.199584961 SigReg: 90.6250305
std: 0.504394531 ,  0.221069336 SigReg: 76.3539734
std: 0.478027344 ,  0.208496094 SigReg: 76.3539734
std: 0.469482422 ,  0.22644043 SigReg: 60.408905
std: 0.404052734 ,  0.218994141 SigReg: 60.408905
std: 0.487304688 ,  0.243408203 SigReg: 71.653
std: 0.413330078 ,  0.233764648 SigReg: 71.653
std: 0.413085938 ,  0.231811523 SigReg: 66.2786865
std: 0.436035156 ,  0.247192383 SigReg: 66.2786865
std: 0.40625 ,  0.248779297 SigReg: 55.9663124
std: 0.452392578 ,  0.245483398 SigReg: 55.9663124
std: 0.430419922 ,  0.212890625 SigReg: 60.0873833
std: 0.420654297 ,  0.220947266 SigReg: 60.0873833
std: 0.522949219 ,  0.244262695 SigReg: 64.7818604
std: 0.476074219 ,  0.239746094 SigReg: 64.7818604
std: 0.432617188 ,  0.231201172 SigReg: 62.8510818
std: 0.420410156 ,  0.222167969 SigReg: 62.8510818
std: 0.446289062 ,  0.240722656 SigReg: 54.0933418
std: 0.483642578 ,  0.229125977 SigReg: 54.0933418
std: 0.427734375 ,  0.240234375 SigReg: 58.0777664
std: 0.458496094 ,  0.24230957 SigReg: 58.0777664
std: 0.3828125 ,  0.217163086 SigReg: 66.1383896
std: 0.487548828 ,  0.257568359 SigReg: 66.1383896
std: 0.469970703 ,  0.262207031 SigReg: 54.4213791
std: 0.484863281 ,  0.248901367 SigReg: 54.4213791
std: 0.538085938 ,  0.229003906 SigReg: 50.4843521
std: 0.469726562 ,  0.248779297 SigReg: 50.4843521
std: 0.504394531 ,  0.241577148 SigReg: 49.0881844
std: 0.50390625 ,  0.26953125 SigReg: 49.0881844
std: 0.570800781 ,  0.274414062 SigReg: 54.5394211
std: 0.459716797 ,  0.259277344 SigReg: 54.5394211
std: 0.445556641 ,  0.24987793 SigReg: 51.9637718
std: 0.500976562 ,  0.276611328 SigReg: 51.9637718
std: 0.4765625 ,  0.316162109 SigReg: 45.951931
std: 0.431396484 ,  0.287841797 SigReg: 45.951931
std: 0.427490234 ,  0.281738281 SigReg: 51.5060692
std: 0.453613281 ,  0.258544922 SigReg: 51.5060692
std: 0.393310547 ,  0.258300781 SigReg: 56.1563416
std: 0.430664062 ,  0.251464844 SigReg: 56.1563416
std: 0.357666016 ,  0.259033203 SigReg: 56.4079971
std: 0.401367188 ,  0.255126953 SigReg: 56.4079971
std: 0.558105469 ,  0.335449219 SigReg: 51.3673744
std: 0.437255859 ,  0.279541016 SigReg: 51.3673744
std: 0.438720703 ,  0.273681641 SigReg: 59.2430344
std: 0.467041016 ,  0.241333008 SigReg: 59.2430344
std: 0.500488281 ,  0.294921875 SigReg: 55.4142227
std: 0.513183594 ,  0.259521484 SigReg: 55.4142227
std: 0.518554688 ,  0.282226562 SigReg: 51.3718834
std: 0.51953125 ,  0.280761719 SigReg: 51.3718834
std: 0.479003906 ,  0.292724609 SigReg: 50.7035522
std: 0.429931641 ,  0.289550781 SigReg: 50.7035522
std: 0.384277344 ,  0.264892578 SigReg: 49.3148575
std: 0.529785156 ,  0.307861328 SigReg: 49.3148575
std: 0.426757812 ,  0.277587891 SigReg: 50.9873352
std: 0.475585938 ,  0.325195312 SigReg: 50.9873352
std: 0.384521484 ,  0.264404297 SigReg: 50.9147186
std: 0.505371094 ,  0.254882812 SigReg: 50.9147186
std: 0.440673828 ,  0.278320312 SigReg: 53.1295319
std: 0.389160156 ,  0.289550781 SigReg: 53.1295319
std: 0.492919922 ,  0.303222656 SigReg: 49.7786789
std: 0.544433594 ,  0.383300781 SigReg: 49.7786789
std: 0.443359375 ,  0.308837891 SigReg: 49.7971153
std: 0.536621094 ,  0.3046875 SigReg: 49.7971153
std: 0.495117188 ,  0.319091797 SigReg: 61.5323448
std: 0.544921875 ,  0.284423828 SigReg: 61.5323448
std: 0.494140625 ,  0.274414062 SigReg: 60.5348358
std: 0.504882812 ,  0.326904297 SigReg: 60.5348358
std: 0.512207031 ,  0.305175781 SigReg: 46.0343704
std: 0.461425781 ,  0.309570312 SigReg: 46.0343704
std: 0.453613281 ,  0.322753906 SigReg: 54.856041
std: 0.515625 ,  0.311767578 SigReg: 54.856041
std: 0.553710938 ,  0.248901367 SigReg: 49.0637741
std: 0.437988281 ,  0.268554688 SigReg: 49.0637741
std: 0.503417969 ,  0.289550781 SigReg: 51.6700821
std: 0.530273438 ,  0.294189453 SigReg: 51.6700821
std: 0.485107422 ,  0.221679688 SigReg: 54.4455223
std: 0.509765625 ,  0.277832031 SigReg: 54.4455223
std: 0.471679688 ,  0.282958984 SigReg: 49.215683
std: 0.532714844 ,  0.26953125 SigReg: 49.215683
std: 0.483398438 ,  0.286376953 SigReg: 43.8950462
std: 0.579101562 ,  0.286376953 SigReg: 43.8950462
std: 0.5 ,  0.255371094 SigReg: 57.4659691
std: 0.567871094 ,  0.236450195 SigReg: 57.4659691
std: 0.495605469 ,  0.249755859 SigReg: 57.0612564
std: 0.559082031 ,  0.244873047 SigReg: 57.0612564
  Step 250: Backbone Loss = 4.2087, SIGReg Loss = 57.0613 Probe Loss = 356.4481, Acc = 0.4741
std: 0.529296875 ,  0.253662109 SigReg: 51.5715828
std: 0.559082031 ,  0.267578125 SigReg: 51.5715828
std: 0.469482422 ,  0.251464844 SigReg: 56.2496262
std: 0.530273438 ,  0.269287109 SigReg: 56.2496262
std: 0.554199219 ,  0.2734375 SigReg: 50.7554436
std: 0.518554688 ,  0.244018555 SigReg: 50.7554436
std: 0.604003906 ,  0.22265625 SigReg: 65.6276627
std: 0.544433594 ,  0.230224609 SigReg: 65.6276627
std: 0.488525391 ,  0.225097656 SigReg: 61.5134277
std: 0.572753906 ,  0.227905273 SigReg: 61.5134277
std: 0.615722656 ,  0.197387695 SigReg: 62.2484856
std: 0.645507812 ,  0.339599609 SigReg: 62.2484856
std: 0.535644531 ,  0.336669922 SigReg: 59.5045967
std: 0.556152344 ,  0.214355469 SigReg: 59.5045967
std: 0.5234375 ,  0.203613281 SigReg: 55.0371819
std: 0.506835938 ,  0.188232422 SigReg: 55.0371819
std: 0.520507812 ,  0.203979492 SigReg: 83.0536728
std: 0.595214844 ,  0.20715332 SigReg: 83.0536728
std: 0.489257812 ,  0.193359375 SigReg: 86.1973495
std: 0.507324219 ,  0.19543457 SigReg: 86.1973495
std: 0.528320312 ,  0.203857422 SigReg: 66.304451
std: 0.461425781 ,  0.196655273 SigReg: 66.304451
std: 0.480224609 ,  0.194702148 SigReg: 62.9334755
std: 0.505859375 ,  0.192504883 SigReg: 62.9334755
std: 0.53125 ,  0.242553711 SigReg: 60.9668503
std: 0.481689453 ,  0.187744141 SigReg: 60.9668503
std: 0.558105469 ,  0.171508789 SigReg: 54.6548424
std: 0.586914062 ,  0.157348633 SigReg: 54.6548424
std: 0.596191406 ,  0.173950195 SigReg: 61.4888229
std: 0.508300781 ,  0.129150391 SigReg: 61.4888229
std: 0.546875 ,  0.171386719 SigReg: 62.4485054
std: 0.549804688 ,  0.160766602 SigReg: 62.4485054
std: 0.586914062 ,  0.173339844 SigReg: 46.1309242
std: 0.604492188 ,  0.148193359 SigReg: 46.1309242
std: 0.583984375 ,  0.132202148 SigReg: 45.6504822
std: 0.511230469 ,  0.275390625 SigReg: 45.6504822
std: 0.599121094 ,  0.167724609 SigReg: 50.9352112
std: 0.601074219 ,  0.161621094 SigReg: 50.9352112
std: 0.59375 ,  0.127685547 SigReg: 44.5248184
std: 0.624511719 ,  0.146850586 SigReg: 44.5248184
std: 0.629394531 ,  0.179931641 SigReg: 46.4939575
std: 0.581054688 ,  0.160522461 SigReg: 46.4939575
std: 0.650390625 ,  0.163452148 SigReg: 50.3320923
std: 0.581054688 ,  0.1640625 SigReg: 50.3320923
std: 0.558105469 ,  0.202392578 SigReg: 52.3249512
std: 0.637207031 ,  0.166503906 SigReg: 52.3249512
std: 0.642089844 ,  0.147705078 SigReg: 54.0441132
std: 0.528808594 ,  0.136474609 SigReg: 54.0441132
std: 0.657226562 ,  0.150024414 SigReg: 47.5235748
std: 0.568847656 ,  0.183105469 SigReg: 47.5235748
std: 0.586914062 ,  0.161621094 SigReg: 58.9853973
std: 0.635742188 ,  0.13269043 SigReg: 58.9853973
std: 0.65625 ,  0.166503906 SigReg: 50.9744415
std: 0.565917969 ,  0.149047852 SigReg: 50.9744415
std: 0.614746094 ,  0.16394043 SigReg: 49.1197128
std: 0.571777344 ,  0.148803711 SigReg: 49.1197128
std: 0.614746094 ,  0.172363281 SigReg: 48.3940163
std: 0.569824219 ,  0.169311523 SigReg: 48.3940163
std: 0.489013672 ,  0.174072266 SigReg: 48.4012527
std: 0.639648438 ,  0.247192383 SigReg: 48.4012527
std: 0.564941406 ,  0.248779297 SigReg: 48.6728249
std: 0.569335938 ,  0.239501953 SigReg: 48.6728249
std: 0.462402344 ,  0.229125977 SigReg: 52.7607574
std: 0.540039062 ,  0.218139648 SigReg: 52.7607574
std: 0.549804688 ,  0.266845703 SigReg: 64.2473068
std: 0.622070312 ,  0.270751953 SigReg: 64.2473068
std: 0.520507812 ,  0.212646484 SigReg: 72.9831314
std: 0.559570312 ,  0.221923828 SigReg: 72.9831314
std: 0.512207031 ,  0.205810547 SigReg: 80.8970108
std: 0.541992188 ,  0.237548828 SigReg: 80.8970108
std: 0.611816406 ,  0.196044922 SigReg: 53.1160049
std: 0.513183594 ,  0.18359375 SigReg: 53.1160049
std: 0.649414062 ,  0.248901367 SigReg: 55.9402657
std: 0.561035156 ,  0.23828125 SigReg: 55.9402657
std: 0.608886719 ,  0.186523438 SigReg: 54.920414
std: 0.604980469 ,  0.260986328 SigReg: 54.920414
std: 0.627441406 ,  0.239624023 SigReg: 46.2617683
std: 0.554199219 ,  0.232910156 SigReg: 46.2617683
std: 0.57421875 ,  0.22644043 SigReg: 43.0841904
std: 0.54296875 ,  0.221679688 SigReg: 43.0841904
std: 0.500976562 ,  0.214233398 SigReg: 43.0380936
std: 0.550292969 ,  0.278808594 SigReg: 43.0380936
std: 0.474365234 ,  0.219604492 SigReg: 45.0776596
std: 0.543457031 ,  0.257568359 SigReg: 45.0776596
std: 0.628417969 ,  0.24987793 SigReg: 52.124382
std: 0.577148438 ,  0.247558594 SigReg: 52.124382
std: 0.569824219 ,  0.244995117 SigReg: 46.1832428
std: 0.549316406 ,  0.250244141 SigReg: 46.1832428
std: 0.525878906 ,  0.215576172 SigReg: 50.3745728
std: 0.533691406 ,  0.201904297 SigReg: 50.3745728
std: 0.542480469 ,  0.211669922 SigReg: 49.4717827
std: 0.579589844 ,  0.240844727 SigReg: 49.4717827
std: 0.533203125 ,  0.192504883 SigReg: 47.9774208
std: 0.491455078 ,  0.213134766 SigReg: 47.9774208
std: 0.548828125 ,  0.239624023 SigReg: 45.9349899
std: 0.500976562 ,  0.196655273 SigReg: 45.9349899
std: 0.614746094 ,  0.190795898 SigReg: 44.0978
std: 0.552246094 ,  0.17175293 SigReg: 44.0978
std: 0.604003906 ,  0.21875 SigReg: 49.4373398
std: 0.6796875 ,  0.230224609 SigReg: 49.4373398
  Step 300: Backbone Loss = 3.7504, SIGReg Loss = 49.4373 Probe Loss = 368.7089, Acc = 0.5055
std: 0.581054688 ,  0.188964844 SigReg: 46.2109222
std: 0.689453125 ,  0.192504883 SigReg: 46.2109222
std: 0.601074219 ,  0.212036133 SigReg: 48.4940262
std: 0.579589844 ,  0.207763672 SigReg: 48.4940262
std: 0.624023438 ,  0.182617188 SigReg: 45.9507217
std: 0.624511719 ,  0.159057617 SigReg: 45.9507217
std: 0.611328125 ,  0.178588867 SigReg: 64.0885391
std: 0.634765625 ,  0.134887695 SigReg: 64.0885391
std: 0.69140625 ,  0.187255859 SigReg: 65.8239441
std: 0.690917969 ,  0.168334961 SigReg: 65.8239441
std: 0.677246094 ,  0.153808594 SigReg: 50.3392868
std: 0.628417969 ,  0.163208008 SigReg: 50.3392868
Epoch 3 finished in 250.00s.
  Avg Backbone Loss: 4.7685
  Avg Probe Loss:    343.0829
  Avg Probe Accuracy: 0.5064

Epoch 4/100
std: 0.682617188 ,  0.201904297 SigReg: 78.3071823
std: 0.680175781 ,  0.193603516 SigReg: 78.3071823
  Step 0: Backbone Loss = 5.1344, SIGReg Loss = 78.3072 Probe Loss = 360.8528, Acc = 0.4951
std: 0.558105469 ,  0.18762207 SigReg: 105.084221
std: 0.594238281 ,  0.185058594 SigReg: 105.084221
std: 0.605957031 ,  0.178100586 SigReg: 73.4000702
std: 0.691894531 ,  0.160644531 SigReg: 73.4000702
std: 0.565429688 ,  0.129272461 SigReg: 48.9159
std: 0.655273438 ,  0.182983398 SigReg: 48.9159
std: 0.633300781 ,  0.160644531 SigReg: 55.1551361
std: 0.646972656 ,  0.208740234 SigReg: 55.1551361
std: 0.6640625 ,  0.178833008 SigReg: 47.1237144
std: 0.596679688 ,  0.194702148 SigReg: 47.1237144
std: 0.732910156 ,  0.170410156 SigReg: 67.5880432
std: 0.705566406 ,  0.190551758 SigReg: 67.5880432
std: 0.712890625 ,  0.174682617 SigReg: 65.9305573
std: 0.7265625 ,  0.235717773 SigReg: 65.9305573
std: 0.684570312 ,  0.137939453 SigReg: 60.2911682
std: 0.649414062 ,  0.146362305 SigReg: 60.2911682
std: 0.536621094 ,  0.103210449 SigReg: 77.1798
std: 0.580566406 ,  0.190673828 SigReg: 77.1798
std: 0.648925781 ,  0.113098145 SigReg: 81.0800171
std: 0.6015625 ,  0.122192383 SigReg: 81.0800171
std: 0.632324219 ,  0.157836914 SigReg: 51.6744919
std: 0.655273438 ,  0.225585938 SigReg: 51.6744919
std: 0.687011719 ,  0.127563477 SigReg: 56.126461
std: 0.643066406 ,  0.145874023 SigReg: 56.126461
std: 0.554199219 ,  0.141601562 SigReg: 76.6514893
std: 0.653808594 ,  0.117797852 SigReg: 76.6514893
std: 0.583007812 ,  0.125976562 SigReg: 63.3706474
std: 0.58203125 ,  0.124572754 SigReg: 63.3706474
std: 0.462646484 ,  0.172363281 SigReg: 68.8141785
std: 0.706054688 ,  0.130981445 SigReg: 68.8141785
std: 0.521972656 ,  0.142944336 SigReg: 75.6527252
std: 0.764648438 ,  0.161254883 SigReg: 75.6527252
std: 0.688476562 ,  0.129272461 SigReg: 53.9299164
std: 0.682128906 ,  0.120727539 SigReg: 53.9299164
std: 0.753417969 ,  0.126464844 SigReg: 51.7500153
std: 0.726074219 ,  0.186279297 SigReg: 51.7500153
std: 0.71484375 ,  0.116577148 SigReg: 61.5568428
std: 0.729980469 ,  0.133544922 SigReg: 61.5568428
std: 0.67578125 ,  0.117004395 SigReg: 49.7906113
std: 0.634277344 ,  0.180908203 SigReg: 49.7906113
std: 0.54296875 ,  0.101867676 SigReg: 57.363884
std: 0.63671875 ,  0.104431152 SigReg: 57.363884
std: 0.707519531 ,  0.186157227 SigReg: 61.5595703
std: 0.649414062 ,  0.127563477 SigReg: 61.5595703
std: 0.800292969 ,  0.139038086 SigReg: 52.987648
std: 0.660644531 ,  0.176025391 SigReg: 52.987648
std: 0.689941406 ,  0.126464844 SigReg: 56.3725052
std: 0.650878906 ,  0.145385742 SigReg: 56.3725052
std: 0.626953125 ,  0.136474609 SigReg: 69.265274
std: 0.6953125 ,  0.14453125 SigReg: 69.265274
std: 0.620605469 ,  0.127807617 SigReg: 53.7936401
std: 0.689941406 ,  0.128051758 SigReg: 53.7936401
std: 0.718261719 ,  0.152587891 SigReg: 60.5981598
std: 0.650390625 ,  0.142822266 SigReg: 60.5981598
std: 0.632324219 ,  0.187866211 SigReg: 66.2903748
std: 0.718261719 ,  0.114746094 SigReg: 66.2903748
std: 0.773925781 ,  0.150878906 SigReg: 55.5449409
std: 0.666503906 ,  0.119689941 SigReg: 55.5449409
std: 0.763671875 ,  0.12512207 SigReg: 54.6154366
std: 0.649414062 ,  0.11706543 SigReg: 54.6154366
std: 0.616210938 ,  0.123840332 SigReg: 58.5580292
std: 0.668457031 ,  0.133056641 SigReg: 58.5580292
std: 0.690429688 ,  0.2265625 SigReg: 48.036911
std: 0.776367188 ,  0.288818359 SigReg: 48.036911
std: 0.671875 ,  0.145263672 SigReg: 55.3282356
std: 0.662597656 ,  0.215087891 SigReg: 55.3282356
std: 0.673828125 ,  0.103210449 SigReg: 62.3350563
std: 0.758300781 ,  0.128051758 SigReg: 62.3350563
std: 0.686035156 ,  0.203491211 SigReg: 62.9798889
std: 0.779296875 ,  0.161743164 SigReg: 62.9798889
std: 0.661621094 ,  0.190917969 SigReg: 50.3452263
std: 0.669433594 ,  0.160888672 SigReg: 50.3452263
std: 0.678222656 ,  0.178588867 SigReg: 47.1488914
std: 0.736328125 ,  0.169067383 SigReg: 47.1488914
std: 0.689453125 ,  0.211669922 SigReg: 53.7628288
std: 0.661621094 ,  0.153442383 SigReg: 53.7628288
std: 0.663085938 ,  0.151245117 SigReg: 52.2512856
std: 0.598632812 ,  0.148803711 SigReg: 52.2512856
std: 0.674316406 ,  0.224365234 SigReg: 42.8929138
std: 0.733398438 ,  0.194824219 SigReg: 42.8929138
std: 0.592773438 ,  0.129516602 SigReg: 53.229393
std: 0.57421875 ,  0.0982055664 SigReg: 53.229393
std: 0.649414062 ,  0.111022949 SigReg: 53.4389076
std: 0.703613281 ,  0.179321289 SigReg: 53.4389076
std: 0.696289062 ,  0.175292969 SigReg: 54.4319496
std: 0.682617188 ,  0.171508789 SigReg: 54.4319496
std: 0.626953125 ,  0.124267578 SigReg: 47.88414
std: 0.653320312 ,  0.158203125 SigReg: 47.88414
std: 0.555664062 ,  0.145263672 SigReg: 56.8687
std: 0.602050781 ,  0.0981445312 SigReg: 56.8687
std: 0.675292969 ,  0.186157227 SigReg: 50.5338287
std: 0.67578125 ,  0.154174805 SigReg: 50.5338287
std: 0.501953125 ,  0.0894775391 SigReg: 49.151741
std: 0.541992188 ,  0.130004883 SigReg: 49.151741
std: 0.57421875 ,  0.0827636719 SigReg: 49.7160034
std: 0.629882812 ,  0.142333984 SigReg: 49.7160034
std: 0.607910156 ,  0.128051758 SigReg: 50.7521667
std: 0.611816406 ,  0.0900268555 SigReg: 50.7521667
std: 0.622558594 ,  0.133789062 SigReg: 52.2776489
std: 0.645019531 ,  0.129882812 SigReg: 52.2776489
  Step 50: Backbone Loss = 3.9605, SIGReg Loss = 52.2776 Probe Loss = 349.6187, Acc = 0.4816
std: 0.590820312 ,  0.110046387 SigReg: 55.5324554
std: 0.700195312 ,  0.148681641 SigReg: 55.5324554
std: 0.641113281 ,  0.154663086 SigReg: 46.479641
std: 0.530273438 ,  0.137329102 SigReg: 46.479641
std: 0.509765625 ,  0.0915527344 SigReg: 52.2085114
std: 0.619628906 ,  0.141967773 SigReg: 52.2085114
std: 0.615234375 ,  0.213134766 SigReg: 53.6075821
std: 0.493408203 ,  0.148803711 SigReg: 53.6075821
std: 0.58203125 ,  0.133789062 SigReg: 55.1222458
std: 0.65625 ,  0.136230469 SigReg: 55.1222458
std: 0.742675781 ,  0.172851562 SigReg: 52.9276886
std: 0.633300781 ,  0.180175781 SigReg: 52.9276886
std: 0.556640625 ,  0.156005859 SigReg: 51.168911
std: 0.604003906 ,  0.158691406 SigReg: 51.168911
std: 0.557617188 ,  0.207763672 SigReg: 49.3356285
std: 0.618164062 ,  0.165527344 SigReg: 49.3356285
std: 0.663085938 ,  0.16015625 SigReg: 47.1673584
std: 0.543457031 ,  0.153076172 SigReg: 47.1673584
std: 0.679199219 ,  0.182006836 SigReg: 50.3711205
std: 0.617675781 ,  0.177856445 SigReg: 50.3711205
std: 0.683105469 ,  0.174926758 SigReg: 39.8609734
std: 0.670898438 ,  0.194580078 SigReg: 39.8609734
std: 0.567871094 ,  0.182495117 SigReg: 67.1373444
std: 0.62109375 ,  0.180053711 SigReg: 67.1373444
std: 0.599609375 ,  0.199462891 SigReg: 66.939949
std: 0.643066406 ,  0.227783203 SigReg: 66.939949
std: 0.710449219 ,  0.198486328 SigReg: 49.5458832
std: 0.640625 ,  0.20715332 SigReg: 49.5458832
std: 0.744628906 ,  0.189331055 SigReg: 76.3744812
std: 0.719238281 ,  0.205200195 SigReg: 76.3744812
std: 0.69140625 ,  0.189575195 SigReg: 105.249748
std: 0.642578125 ,  0.202270508 SigReg: 105.249748
std: 0.69921875 ,  0.184204102 SigReg: 70.5618362
std: 0.631347656 ,  0.189086914 SigReg: 70.5618362
std: 0.583496094 ,  0.173217773 SigReg: 55.0775414
std: 0.591308594 ,  0.225952148 SigReg: 55.0775414
std: 0.621582031 ,  0.19140625 SigReg: 62.453907
std: 0.641601562 ,  0.175415039 SigReg: 62.453907
std: 0.573730469 ,  0.278808594 SigReg: 52.2577477
std: 0.604980469 ,  0.162109375 SigReg: 52.2577477
std: 0.687011719 ,  0.202270508 SigReg: 55.8011932
std: 0.624511719 ,  0.219238281 SigReg: 55.8011932
std: 0.680175781 ,  0.209106445 SigReg: 64.8415604
std: 0.658203125 ,  0.192993164 SigReg: 64.8415604
std: 0.724609375 ,  0.211303711 SigReg: 47.4890785
std: 0.688964844 ,  0.213867188 SigReg: 47.4890785
std: 0.687011719 ,  0.28515625 SigReg: 57.2737083
std: 0.71484375 ,  0.228271484 SigReg: 57.2737083
std: 0.749511719 ,  0.23840332 SigReg: 63.6203499
std: 0.7578125 ,  0.236572266 SigReg: 63.6203499
std: 0.770507812 ,  0.214111328 SigReg: 46.7291374
std: 0.796875 ,  0.224975586 SigReg: 46.7291374
std: 0.717773438 ,  0.223754883 SigReg: 62.5459023
std: 0.682128906 ,  0.212158203 SigReg: 62.5459023
std: 0.791015625 ,  0.226196289 SigReg: 72.8754196
std: 0.796875 ,  0.226318359 SigReg: 72.8754196
std: 0.710449219 ,  0.222900391 SigReg: 49.6762
std: 0.657714844 ,  0.263916016 SigReg: 49.6762
std: 0.792480469 ,  0.256591797 SigReg: 52.1330681
std: 0.7265625 ,  0.222290039 SigReg: 52.1330681
std: 0.754882812 ,  0.276123047 SigReg: 62.9597702
std: 0.687988281 ,  0.237548828 SigReg: 62.9597702
std: 0.71484375 ,  0.23059082 SigReg: 57.9082603
std: 0.777832031 ,  0.267578125 SigReg: 57.9082603
std: 0.762695312 ,  0.239746094 SigReg: 47.7762375
std: 0.698730469 ,  0.251464844 SigReg: 47.7762375
std: 0.689941406 ,  0.231445312 SigReg: 59.1605072
std: 0.732421875 ,  0.223999023 SigReg: 59.1605072
std: 0.776367188 ,  0.231811523 SigReg: 47.2889061
std: 0.826660156 ,  0.248779297 SigReg: 47.2889061
std: 0.638183594 ,  0.223754883 SigReg: 45.4539413
std: 0.814453125 ,  0.275390625 SigReg: 45.4539413
std: 0.772460938 ,  0.265625 SigReg: 51.4232483
std: 0.834472656 ,  0.298095703 SigReg: 51.4232483
std: 0.873535156 ,  0.319824219 SigReg: 42.8748131
std: 0.896484375 ,  0.329589844 SigReg: 42.8748131
std: 0.816894531 ,  0.238525391 SigReg: 47.7246437
std: 0.938476562 ,  0.251464844 SigReg: 47.7246437
std: 0.828125 ,  0.250732422 SigReg: 42.0816231
std: 0.739746094 ,  0.241699219 SigReg: 42.0816231
std: 0.770507812 ,  0.273193359 SigReg: 44.3444786
std: 0.836425781 ,  0.262451172 SigReg: 44.3444786
std: 0.870605469 ,  0.278564453 SigReg: 60.2592926
std: 0.873046875 ,  0.307373047 SigReg: 60.2592926
std: 0.88671875 ,  0.306396484 SigReg: 46.061348
std: 0.815429688 ,  0.284179688 SigReg: 46.061348
std: 0.784179688 ,  0.280761719 SigReg: 40.4760933
std: 0.887695312 ,  0.316894531 SigReg: 40.4760933
std: 0.833984375 ,  0.28515625 SigReg: 51.9949379
std: 0.606933594 ,  0.254882812 SigReg: 51.9949379
std: 0.703613281 ,  0.247070312 SigReg: 54.8214569
std: 0.713867188 ,  0.259521484 SigReg: 54.8214569
std: 0.789550781 ,  0.300048828 SigReg: 48.0510559
std: 0.796386719 ,  0.294921875 SigReg: 48.0510559
std: 0.837890625 ,  0.343994141 SigReg: 47.5534363
std: 0.87890625 ,  0.327636719 SigReg: 47.5534363
std: 0.708007812 ,  0.323242188 SigReg: 41.7475204
std: 0.916015625 ,  0.358642578 SigReg: 41.7475204
std: 0.781738281 ,  0.319335938 SigReg: 52.9664078
std: 0.82421875 ,  0.353271484 SigReg: 52.9664078
  Step 100: Backbone Loss = 3.9761, SIGReg Loss = 52.9664 Probe Loss = 349.7182, Acc = 0.5148
std: 0.78125 ,  0.333984375 SigReg: 56.3182373
std: 0.786621094 ,  0.351074219 SigReg: 56.3182373
std: 0.574707031 ,  0.297607422 SigReg: 64.3850784
std: 0.691894531 ,  0.302490234 SigReg: 64.3850784
std: 0.629882812 ,  0.322753906 SigReg: 63.528141
std: 0.545898438 ,  0.297851562 SigReg: 63.528141
std: 0.581542969 ,  0.319335938 SigReg: 63.4623871
std: 0.595214844 ,  0.310058594 SigReg: 63.4623871
std: 0.739746094 ,  0.381103516 SigReg: 57.9809647
std: 0.757324219 ,  0.341064453 SigReg: 57.9809647
std: 0.671386719 ,  0.402099609 SigReg: 49.3052063
std: 0.719726562 ,  0.368164062 SigReg: 49.3052063
std: 0.800292969 ,  0.384277344 SigReg: 47.4998932
std: 0.697265625 ,  0.331298828 SigReg: 47.4998932
std: 0.689941406 ,  0.348632812 SigReg: 41.418663
std: 0.759277344 ,  0.343261719 SigReg: 41.418663
std: 0.733398438 ,  0.333007812 SigReg: 52.6594086
std: 0.763671875 ,  0.334960938 SigReg: 52.6594086
std: 0.638183594 ,  0.306884766 SigReg: 46.7975082
std: 0.761230469 ,  0.340087891 SigReg: 46.7975082
std: 0.708984375 ,  0.328857422 SigReg: 53.2054291
std: 0.712402344 ,  0.342529297 SigReg: 53.2054291
std: 0.731445312 ,  0.325195312 SigReg: 53.1997185
std: 0.701171875 ,  0.308349609 SigReg: 53.1997185
std: 0.725585938 ,  0.338378906 SigReg: 49.790123
std: 0.795410156 ,  0.322753906 SigReg: 49.790123
std: 0.786621094 ,  0.3203125 SigReg: 54.597393
std: 0.789550781 ,  0.317871094 SigReg: 54.597393
std: 0.662109375 ,  0.285888672 SigReg: 61.0826378
std: 0.594726562 ,  0.272216797 SigReg: 61.0826378
std: 0.613769531 ,  0.245239258 SigReg: 61.2103691
std: 0.717773438 ,  0.276367188 SigReg: 61.2103691
std: 0.571777344 ,  0.275634766 SigReg: 65.6875076
std: 0.668457031 ,  0.254882812 SigReg: 65.6875076
std: 0.756835938 ,  0.271728516 SigReg: 49.8695831
std: 0.73828125 ,  0.279296875 SigReg: 49.8695831
std: 0.679199219 ,  0.299072266 SigReg: 58.370903
std: 0.705078125 ,  0.282470703 SigReg: 58.370903
std: 0.71875 ,  0.320068359 SigReg: 62.0671349
std: 0.754394531 ,  0.305175781 SigReg: 62.0671349
std: 0.865234375 ,  0.35546875 SigReg: 54.7263184
std: 0.838867188 ,  0.340332031 SigReg: 54.7263184
std: 0.79296875 ,  0.324462891 SigReg: 47.6098862
std: 0.921875 ,  0.344726562 SigReg: 47.6098862
std: 0.787597656 ,  0.364501953 SigReg: 46.2186394
std: 0.866210938 ,  0.338623047 SigReg: 46.2186394
std: 0.812011719 ,  0.340087891 SigReg: 41.6904602
std: 0.794921875 ,  0.319335938 SigReg: 41.6904602
std: 0.865234375 ,  0.344970703 SigReg: 50.8922424
std: 0.751464844 ,  0.340087891 SigReg: 50.8922424
std: 0.759765625 ,  0.321289062 SigReg: 58.7818794
std: 0.7890625 ,  0.322753906 SigReg: 58.7818794
std: 0.860839844 ,  0.338867188 SigReg: 50.6302872
std: 0.783203125 ,  0.341552734 SigReg: 50.6302872
std: 0.972167969 ,  0.365722656 SigReg: 52.1887283
std: 0.791992188 ,  0.344970703 SigReg: 52.1887283
std: 0.968261719 ,  0.383544922 SigReg: 45.0321121
std: 0.748535156 ,  0.370361328 SigReg: 45.0321121
std: 0.965820312 ,  0.364013672 SigReg: 53.4084892
std: 0.888671875 ,  0.362304688 SigReg: 53.4084892
std: 0.913085938 ,  0.342285156 SigReg: 67.4797516
std: 0.950195312 ,  0.38671875 SigReg: 67.4797516
std: 1.0859375 ,  0.411865234 SigReg: 49.7537079
std: 0.932617188 ,  0.423583984 SigReg: 49.7537079
std: 0.928710938 ,  0.418457031 SigReg: 47.7128181
std: 0.952636719 ,  0.420654297 SigReg: 47.7128181
std: 0.818359375 ,  0.385253906 SigReg: 49.3783493
std: 0.807128906 ,  0.389648438 SigReg: 49.3783493
std: 0.580078125 ,  0.325683594 SigReg: 63.9459419
std: 0.862304688 ,  0.406738281 SigReg: 63.9459419
std: 0.780761719 ,  0.419921875 SigReg: 54.9538536
std: 0.755859375 ,  0.394775391 SigReg: 54.9538536
std: 0.682128906 ,  0.393798828 SigReg: 58.8917351
std: 0.778808594 ,  0.4296875 SigReg: 58.8917351
std: 0.762207031 ,  0.452392578 SigReg: 50.2279816
std: 0.747558594 ,  0.437744141 SigReg: 50.2279816
std: 0.923339844 ,  0.464111328 SigReg: 50.4247818
std: 0.771484375 ,  0.484619141 SigReg: 50.4247818
std: 0.986328125 ,  0.500488281 SigReg: 59.762
std: 0.931640625 ,  0.450683594 SigReg: 59.762
std: 0.823730469 ,  0.409423828 SigReg: 49.9939537
std: 0.905761719 ,  0.483398438 SigReg: 49.9939537
std: 0.768554688 ,  0.403808594 SigReg: 48.309269
std: 0.794433594 ,  0.418457031 SigReg: 48.309269
std: 0.804199219 ,  0.424804688 SigReg: 44.6498833
std: 0.881835938 ,  0.437255859 SigReg: 44.6498833
std: 0.793945312 ,  0.437255859 SigReg: 49.7648697
std: 0.790527344 ,  0.408935547 SigReg: 49.7648697
std: 0.743164062 ,  0.424560547 SigReg: 46.7653351
std: 0.625488281 ,  0.382324219 SigReg: 46.7653351
std: 0.619140625 ,  0.398925781 SigReg: 41.4376335
std: 0.822753906 ,  0.407958984 SigReg: 41.4376335
std: 0.780273438 ,  0.411621094 SigReg: 44.7387
std: 0.786132812 ,  0.449707031 SigReg: 44.7387
std: 0.734375 ,  0.389892578 SigReg: 53.9536285
std: 0.752929688 ,  0.410644531 SigReg: 53.9536285
std: 0.779785156 ,  0.413818359 SigReg: 53.1714821
std: 0.756347656 ,  0.425292969 SigReg: 53.1714821
std: 0.788574219 ,  0.431152344 SigReg: 41.3726807
std: 0.795410156 ,  0.458496094 SigReg: 41.3726807
  Step 150: Backbone Loss = 3.4116, SIGReg Loss = 41.3727 Probe Loss = 345.6871, Acc = 0.5259
std: 0.819335938 ,  0.452392578 SigReg: 42.8176727
std: 0.804199219 ,  0.465087891 SigReg: 42.8176727
std: 0.735351562 ,  0.406494141 SigReg: 40.7471848
std: 0.885742188 ,  0.425048828 SigReg: 40.7471848
std: 0.805664062 ,  0.422119141 SigReg: 44.2908478
std: 0.838867188 ,  0.448974609 SigReg: 44.2908478
std: 0.849121094 ,  0.459716797 SigReg: 50.2302589
std: 0.724121094 ,  0.414550781 SigReg: 50.2302589
std: 0.705566406 ,  0.449951172 SigReg: 48.6230698
std: 0.841308594 ,  0.473388672 SigReg: 48.6230698
std: 0.908203125 ,  0.519042969 SigReg: 40.3969383
std: 0.841796875 ,  0.491210938 SigReg: 40.3969383
std: 0.835449219 ,  0.537109375 SigReg: 48.5277901
std: 0.842285156 ,  0.519042969 SigReg: 48.5277901
std: 0.850585938 ,  0.500976562 SigReg: 55.3505821
std: 0.791015625 ,  0.487304688 SigReg: 55.3505821
std: 0.809082031 ,  0.500488281 SigReg: 50.0153046
std: 0.88671875 ,  0.526855469 SigReg: 50.0153046
std: 0.827148438 ,  0.51953125 SigReg: 42.6858253
std: 0.869140625 ,  0.519042969 SigReg: 42.6858253
std: 0.534179688 ,  0.428222656 SigReg: 58.5156708
std: 0.631835938 ,  0.45703125 SigReg: 58.5156708
std: 0.755859375 ,  0.476806641 SigReg: 67.1923218
std: 0.614746094 ,  0.472412109 SigReg: 67.1923218
std: 0.6796875 ,  0.449951172 SigReg: 54.1119804
std: 0.65625 ,  0.424804688 SigReg: 54.1119804
std: 0.809570312 ,  0.467285156 SigReg: 73.7034302
std: 0.784179688 ,  0.503417969 SigReg: 73.7034302
std: 0.741210938 ,  0.482421875 SigReg: 84.0819397
std: 0.76953125 ,  0.456054688 SigReg: 84.0819397
std: 0.768554688 ,  0.488037109 SigReg: 69.3390274
std: 0.72265625 ,  0.409179688 SigReg: 69.3390274
std: 0.669433594 ,  0.454101562 SigReg: 50.4198875
std: 0.72265625 ,  0.521972656 SigReg: 50.4198875
std: 0.675292969 ,  0.493164062 SigReg: 64.5405884
std: 0.706054688 ,  0.472412109 SigReg: 64.5405884
std: 0.809570312 ,  0.585449219 SigReg: 45.8419075
std: 0.783203125 ,  0.553710938 SigReg: 45.8419075
std: 0.748046875 ,  0.539550781 SigReg: 53.2850037
std: 0.774902344 ,  0.520019531 SigReg: 53.2850037
std: 0.767578125 ,  0.542480469 SigReg: 60.1919785
std: 0.840332031 ,  0.530273438 SigReg: 60.1919785
std: 0.825683594 ,  0.537109375 SigReg: 43.9315147
std: 0.6796875 ,  0.520996094 SigReg: 43.9315147
std: 0.641601562 ,  0.462402344 SigReg: 50.1688614
std: 0.852050781 ,  0.5625 SigReg: 50.1688614
std: 0.753417969 ,  0.52734375 SigReg: 59.5357933
std: 0.706542969 ,  0.489501953 SigReg: 59.5357933
std: 0.666992188 ,  0.516601562 SigReg: 50.1850166
std: 0.669433594 ,  0.483154297 SigReg: 50.1850166
std: 0.820800781 ,  0.54296875 SigReg: 53.302887
std: 0.805664062 ,  0.530273438 SigReg: 53.302887
std: 0.670898438 ,  0.510742188 SigReg: 64.2213
std: 0.716796875 ,  0.518554688 SigReg: 64.2213
std: 0.711914062 ,  0.550292969 SigReg: 51.1513977
std: 0.821777344 ,  0.576660156 SigReg: 51.1513977
std: 0.803222656 ,  0.580078125 SigReg: 50.4343452
std: 0.791015625 ,  0.596679688 SigReg: 50.4343452
std: 0.734375 ,  0.583496094 SigReg: 60.1286
std: 0.751464844 ,  0.579589844 SigReg: 60.1286
std: 0.609863281 ,  0.560546875 SigReg: 58.9489746
std: 0.720214844 ,  0.537109375 SigReg: 58.9489746
std: 0.708496094 ,  0.530273438 SigReg: 54.6595802
std: 0.645507812 ,  0.551757812 SigReg: 54.6595802
std: 0.798828125 ,  0.568359375 SigReg: 48.6971436
std: 0.797363281 ,  0.595214844 SigReg: 48.6971436
std: 0.773925781 ,  0.616699219 SigReg: 46.6337624
std: 0.773925781 ,  0.593261719 SigReg: 46.6337624
std: 0.646972656 ,  0.6015625 SigReg: 46.8246155
std: 0.740722656 ,  0.631835938 SigReg: 46.8246155
std: 0.727050781 ,  0.615234375 SigReg: 40.4235153
std: 0.725585938 ,  0.635742188 SigReg: 40.4235153
std: 0.698242188 ,  0.598632812 SigReg: 46.5355186
std: 0.763183594 ,  0.629394531 SigReg: 46.5355186
std: 0.808105469 ,  0.617675781 SigReg: 51.1826286
std: 0.744628906 ,  0.569335938 SigReg: 51.1826286
std: 0.774902344 ,  0.59375 SigReg: 46.6508636
std: 0.741210938 ,  0.644042969 SigReg: 46.6508636
std: 0.65625 ,  0.671386719 SigReg: 43.0187416
std: 0.715820312 ,  0.584960938 SigReg: 43.0187416
std: 0.797851562 ,  0.66796875 SigReg: 41.6439133
std: 0.724609375 ,  0.633789062 SigReg: 41.6439133
std: 0.705078125 ,  0.645507812 SigReg: 44.6528091
std: 0.661621094 ,  0.701171875 SigReg: 44.6528091
std: 0.708007812 ,  0.622070312 SigReg: 40.9636765
std: 0.767578125 ,  0.624023438 SigReg: 40.9636765
std: 0.718261719 ,  0.594238281 SigReg: 39.7593384
std: 0.5390625 ,  0.637695312 SigReg: 39.7593384
std: 0.57421875 ,  0.711914062 SigReg: 42.1776924
std: 0.679199219 ,  0.703613281 SigReg: 42.1776924
std: 0.696777344 ,  0.633789062 SigReg: 41.5561142
std: 0.687011719 ,  0.688964844 SigReg: 41.5561142
std: 0.729003906 ,  0.5546875 SigReg: 44.0356064
std: 0.805664062 ,  0.6328125 SigReg: 44.0356064
std: 0.715820312 ,  0.654785156 SigReg: 50.7108345
std: 0.714355469 ,  0.666015625 SigReg: 50.7108345
std: 0.588867188 ,  0.638183594 SigReg: 48.3361092
std: 0.687988281 ,  0.68359375 SigReg: 48.3361092
std: 0.670410156 ,  0.633300781 SigReg: 56.4028893
std: 0.721679688 ,  0.615234375 SigReg: 56.4028893
  Step 200: Backbone Loss = 4.1029, SIGReg Loss = 56.4029 Probe Loss = 344.5529, Acc = 0.5064
std: 0.649902344 ,  0.617675781 SigReg: 51.2466164
std: 0.703125 ,  0.624023438 SigReg: 51.2466164
std: 0.655273438 ,  0.624023438 SigReg: 41.9717941
std: 0.695800781 ,  0.646972656 SigReg: 41.9717941
std: 0.711914062 ,  0.583007812 SigReg: 53.5494728
std: 0.700683594 ,  0.595214844 SigReg: 53.5494728
std: 0.750488281 ,  0.572265625 SigReg: 53.7713509
std: 0.728515625 ,  0.574707031 SigReg: 53.7713509
std: 0.729980469 ,  0.640136719 SigReg: 41.1349335
std: 0.853027344 ,  0.600097656 SigReg: 41.1349335
std: 0.693847656 ,  0.591796875 SigReg: 48.6595306
std: 0.573730469 ,  0.63671875 SigReg: 48.6595306
std: 0.5703125 ,  0.582519531 SigReg: 56.8049
std: 0.727050781 ,  0.663085938 SigReg: 56.8049
std: 0.639160156 ,  0.594238281 SigReg: 41.5808907
std: 0.677734375 ,  0.673828125 SigReg: 41.5808907
std: 0.642089844 ,  0.615722656 SigReg: 54.7443886
std: 0.791992188 ,  0.671875 SigReg: 54.7443886
std: 0.762695312 ,  0.668945312 SigReg: 72.9534225
std: 0.674804688 ,  0.655273438 SigReg: 72.9534225
std: 0.720703125 ,  0.673828125 SigReg: 48.4669876
std: 0.6484375 ,  0.630859375 SigReg: 48.4669876
std: 0.676269531 ,  0.663085938 SigReg: 54.8020172
std: 0.741699219 ,  0.66015625 SigReg: 54.8020172
std: 0.660644531 ,  0.568359375 SigReg: 68.5680466
std: 0.783203125 ,  0.681152344 SigReg: 68.5680466
std: 0.778320312 ,  0.653808594 SigReg: 49.1339302
std: 0.645996094 ,  0.648925781 SigReg: 49.1339302
std: 0.765136719 ,  0.62890625 SigReg: 52.5127792
std: 0.812011719 ,  0.6875 SigReg: 52.5127792
std: 0.779296875 ,  0.625 SigReg: 59.0517883
std: 0.792480469 ,  0.625 SigReg: 59.0517883
std: 0.80859375 ,  0.630859375 SigReg: 46.477356
std: 0.747070312 ,  0.646484375 SigReg: 46.477356
std: 0.6484375 ,  0.64453125 SigReg: 54.555378
std: 0.729003906 ,  0.666015625 SigReg: 54.555378
std: 0.6796875 ,  0.655761719 SigReg: 74.7734
std: 0.562011719 ,  0.6640625 SigReg: 74.7734
std: 0.767578125 ,  0.657714844 SigReg: 50.6501122
std: 0.661621094 ,  0.660644531 SigReg: 50.6501122
std: 0.720214844 ,  0.682617188 SigReg: 46.9696312
std: 0.783691406 ,  0.65625 SigReg: 46.9696312
std: 0.822753906 ,  0.649902344 SigReg: 65.2958221
std: 0.768554688 ,  0.670410156 SigReg: 65.2958221
std: 0.795410156 ,  0.681640625 SigReg: 41.616951
std: 0.794433594 ,  0.66015625 SigReg: 41.616951
std: 0.741210938 ,  0.615234375 SigReg: 53.9847832
std: 0.612792969 ,  0.629882812 SigReg: 53.9847832
std: 0.725097656 ,  0.642089844 SigReg: 67.1186523
std: 0.839355469 ,  0.683105469 SigReg: 67.1186523
std: 0.701171875 ,  0.625 SigReg: 43.8433685
std: 0.891601562 ,  0.715820312 SigReg: 43.8433685
std: 0.76171875 ,  0.677246094 SigReg: 51.491581
std: 0.769042969 ,  0.654785156 SigReg: 51.491581
std: 0.836425781 ,  0.668945312 SigReg: 52.9934349
std: 0.782226562 ,  0.729492188 SigReg: 52.9934349
std: 0.862304688 ,  0.720703125 SigReg: 45.2043571
std: 0.797851562 ,  0.6875 SigReg: 45.2043571
std: 0.83203125 ,  0.723144531 SigReg: 44.5039978
std: 0.85546875 ,  0.731445312 SigReg: 44.5039978
std: 0.698730469 ,  0.666015625 SigReg: 50.4076614
std: 0.789550781 ,  0.703125 SigReg: 50.4076614
std: 0.663085938 ,  0.667480469 SigReg: 49.6668854
std: 0.759277344 ,  0.686035156 SigReg: 49.6668854
std: 0.776855469 ,  0.7109375 SigReg: 44.2119675
std: 0.849609375 ,  0.720214844 SigReg: 44.2119675
std: 0.834960938 ,  0.682617188 SigReg: 52.3039818
std: 0.800292969 ,  0.709472656 SigReg: 52.3039818
std: 0.844726562 ,  0.755859375 SigReg: 40.3690605
std: 0.813476562 ,  0.705566406 SigReg: 40.3690605
std: 0.835449219 ,  0.743652344 SigReg: 37.2677231
std: 0.784179688 ,  0.74609375 SigReg: 37.2677231
std: 0.701171875 ,  0.69140625 SigReg: 48.2476845
std: 0.850585938 ,  0.719238281 SigReg: 48.2476845
std: 0.813964844 ,  0.736816406 SigReg: 37.595829
std: 0.972167969 ,  0.770019531 SigReg: 37.595829
std: 0.773925781 ,  0.678710938 SigReg: 43.1197281
std: 0.862304688 ,  0.693847656 SigReg: 43.1197281
std: 0.800292969 ,  0.715820312 SigReg: 36.381218
std: 0.971679688 ,  0.749023438 SigReg: 36.381218
std: 0.993652344 ,  0.791992188 SigReg: 39.0383301
std: 0.812988281 ,  0.701171875 SigReg: 39.0383301
std: 0.894042969 ,  0.732910156 SigReg: 53.8929138
std: 0.809570312 ,  0.69921875 SigReg: 53.8929138
std: 0.775390625 ,  0.759765625 SigReg: 41.0009689
std: 0.881835938 ,  0.761230469 SigReg: 41.0009689
std: 0.982910156 ,  0.735839844 SigReg: 47.3847122
std: 0.881347656 ,  0.767578125 SigReg: 47.3847122
std: 0.975097656 ,  0.767089844 SigReg: 52.7472
std: 0.825683594 ,  0.631835938 SigReg: 52.7472
std: 0.938964844 ,  0.675292969 SigReg: 51.3868141
std: 0.947753906 ,  0.696777344 SigReg: 51.3868141
std: 0.942871094 ,  0.688476562 SigReg: 46.6945724
std: 0.938964844 ,  0.73828125 SigReg: 46.6945724
std: 0.966308594 ,  0.72265625 SigReg: 36.7606659
std: 0.877929688 ,  0.685546875 SigReg: 36.7606659
std: 0.9765625 ,  0.791992188 SigReg: 49.6755829
std: 0.788085938 ,  0.700195312 SigReg: 49.6755829
std: 0.796875 ,  0.691894531 SigReg: 47.5264206
std: 0.920898438 ,  0.703125 SigReg: 47.5264206
  Step 250: Backbone Loss = 3.5904, SIGReg Loss = 47.5264 Probe Loss = 350.6707, Acc = 0.5122
std: 0.934570312 ,  0.666503906 SigReg: 41.2196503
std: 1.00683594 ,  0.759765625 SigReg: 41.2196503
std: 0.989746094 ,  0.655273438 SigReg: 45.8262024
std: 1.06933594 ,  0.763671875 SigReg: 45.8262024
std: 1.13574219 ,  0.741210938 SigReg: 61.7172661
std: 0.944824219 ,  0.632324219 SigReg: 61.7172661
std: 1.09375 ,  0.714355469 SigReg: 48.6078339
std: 1.01171875 ,  0.6953125 SigReg: 48.6078339
std: 1.07617188 ,  0.716796875 SigReg: 43.083992
std: 1.08300781 ,  0.666015625 SigReg: 43.083992
std: 0.973632812 ,  0.682128906 SigReg: 40.4281425
std: 0.996582031 ,  0.654296875 SigReg: 40.4281425
std: 0.872558594 ,  0.557617188 SigReg: 53.9877396
std: 1.0546875 ,  0.7578125 SigReg: 53.9877396
std: 0.975585938 ,  0.706542969 SigReg: 50.459568
std: 0.874023438 ,  0.670410156 SigReg: 50.459568
std: 0.940917969 ,  0.699707031 SigReg: 52.7698555
std: 1.05078125 ,  0.764648438 SigReg: 52.7698555
std: 0.946777344 ,  0.654785156 SigReg: 63.4107056
std: 0.937988281 ,  0.696777344 SigReg: 63.4107056
std: 1.01074219 ,  0.627441406 SigReg: 59.9024086
std: 1.02832031 ,  0.733398438 SigReg: 59.9024086
std: 0.927246094 ,  0.642578125 SigReg: 48.6397705
std: 1.12304688 ,  0.681640625 SigReg: 48.6397705
std: 1.02441406 ,  0.624511719 SigReg: 59.9510155
std: 1.11035156 ,  0.676757812 SigReg: 59.9510155
std: 1.02832031 ,  0.716796875 SigReg: 78.6614532
std: 0.989257812 ,  0.692382812 SigReg: 78.6614532
std: 1.04394531 ,  0.770996094 SigReg: 58.2287903
std: 1.10253906 ,  0.6796875 SigReg: 58.2287903
std: 1.01269531 ,  0.625976562 SigReg: 42.2482681
std: 0.95703125 ,  0.740722656 SigReg: 42.2482681
std: 0.952636719 ,  0.686523438 SigReg: 46.3657188
std: 1.00683594 ,  0.723632812 SigReg: 46.3657188
std: 1.09472656 ,  0.740722656 SigReg: 33.6864243
std: 1.04394531 ,  0.748046875 SigReg: 33.6864243
std: 1.02832031 ,  0.773925781 SigReg: 55.9574356
std: 1.11425781 ,  0.825683594 SigReg: 55.9574356
std: 0.893066406 ,  0.713378906 SigReg: 59.3735619
std: 1.0078125 ,  0.794433594 SigReg: 59.3735619
std: 0.918457031 ,  0.751953125 SigReg: 53.3558655
std: 0.91796875 ,  0.703125 SigReg: 53.3558655
std: 0.874023438 ,  0.786621094 SigReg: 45.3897667
std: 1.03613281 ,  0.755859375 SigReg: 45.3897667
std: 0.916015625 ,  0.695800781 SigReg: 59.861618
std: 0.916992188 ,  0.787597656 SigReg: 59.861618
std: 0.946777344 ,  0.705078125 SigReg: 41.2697563
std: 1.00878906 ,  0.783203125 SigReg: 41.2697563
std: 1.03710938 ,  0.713867188 SigReg: 43.0841408
std: 0.975585938 ,  0.745117188 SigReg: 43.0841408
std: 0.771972656 ,  0.639160156 SigReg: 48.163044
std: 0.968261719 ,  0.700195312 SigReg: 48.163044
std: 1.00585938 ,  0.677734375 SigReg: 43.8514442
std: 1.02636719 ,  0.711425781 SigReg: 43.8514442
std: 0.993164062 ,  0.625 SigReg: 43.7225151
std: 0.970703125 ,  0.736816406 SigReg: 43.7225151
std: 0.978515625 ,  0.645019531 SigReg: 50.6727829
std: 1.04980469 ,  0.686523438 SigReg: 50.6727829
std: 1.00878906 ,  0.690917969 SigReg: 47.5040092
std: 0.98828125 ,  0.722167969 SigReg: 47.5040092
std: 0.921386719 ,  0.669921875 SigReg: 40.5056877
std: 1.00390625 ,  0.66015625 SigReg: 40.5056877
std: 1.02441406 ,  0.651367188 SigReg: 48.7439728
std: 0.856445312 ,  0.635742188 SigReg: 48.7439728
std: 0.869628906 ,  0.721679688 SigReg: 48.4733276
std: 1.03027344 ,  0.690429688 SigReg: 48.4733276
std: 0.756347656 ,  0.635253906 SigReg: 40.3461189
std: 0.876464844 ,  0.6796875 SigReg: 40.3461189
std: 1.01074219 ,  0.722167969 SigReg: 36.8362541
std: 0.845703125 ,  0.620117188 SigReg: 36.8362541
std: 0.918945312 ,  0.724609375 SigReg: 42.0605354
std: 0.976074219 ,  0.6796875 SigReg: 42.0605354
std: 1.07421875 ,  0.676269531 SigReg: 45.4333649
std: 1.02734375 ,  0.639648438 SigReg: 45.4333649
std: 1.0078125 ,  0.679199219 SigReg: 40.2662163
std: 1.0625 ,  0.715332031 SigReg: 40.2662163
std: 0.969726562 ,  0.681640625 SigReg: 43.478756
std: 0.928222656 ,  0.652832031 SigReg: 43.478756
std: 1.03613281 ,  0.629394531 SigReg: 42.4673576
std: 1.05664062 ,  0.711914062 SigReg: 42.4673576
std: 0.915039062 ,  0.640136719 SigReg: 38.0928192
std: 1.07324219 ,  0.695800781 SigReg: 38.0928192
std: 1.07226562 ,  0.648925781 SigReg: 46.5085
std: 1.05761719 ,  0.662597656 SigReg: 46.5085
std: 0.977050781 ,  0.64453125 SigReg: 48.7978287
std: 0.949707031 ,  0.635742188 SigReg: 48.7978287
std: 0.97265625 ,  0.671386719 SigReg: 46.4130516
std: 1.11328125 ,  0.698730469 SigReg: 46.4130516
std: 1.234375 ,  0.731933594 SigReg: 56.6846771
std: 1.0546875 ,  0.692871094 SigReg: 56.6846771
std: 1.09765625 ,  0.702148438 SigReg: 40.7598419
std: 1.0703125 ,  0.668457031 SigReg: 40.7598419
std: 1.14746094 ,  0.66015625 SigReg: 47.4228516
std: 1.07910156 ,  0.669921875 SigReg: 47.4228516
std: 1.09375 ,  0.643066406 SigReg: 51.1349182
std: 1.0546875 ,  0.627929688 SigReg: 51.1349182
std: 0.996582031 ,  0.627441406 SigReg: 50.4061394
std: 1.0859375 ,  0.656738281 SigReg: 50.4061394
std: 1.23925781 ,  0.741210938 SigReg: 52.947731
std: 1.15429688 ,  0.664550781 SigReg: 52.947731
  Step 300: Backbone Loss = 3.8808, SIGReg Loss = 52.9477 Probe Loss = 332.5073, Acc = 0.4998
std: 1.05566406 ,  0.639160156 SigReg: 72.3090286
std: 1.21484375 ,  0.716796875 SigReg: 72.3090286
std: 1.08789062 ,  0.624023438 SigReg: 64.1216354
std: 1.15429688 ,  0.696289062 SigReg: 64.1216354
std: 1.26074219 ,  0.686035156 SigReg: 47.4165764
std: 1.09570312 ,  0.740722656 SigReg: 47.4165764
std: 1.2265625 ,  0.690917969 SigReg: 45.2524948
std: 1.23144531 ,  0.696777344 SigReg: 45.2524948
std: 1.1171875 ,  0.516113281 SigReg: 45.6190872
std: 1.00195312 ,  0.628417969 SigReg: 45.6190872
std: 1.0859375 ,  0.620605469 SigReg: 48.5456848
std: 1.15039062 ,  0.619628906 SigReg: 48.5456848
Epoch 4 finished in 248.08s.
  Avg Backbone Loss: 3.9247
  Avg Probe Loss:    343.9899
  Avg Probe Accuracy: 0.5140

Epoch 5/100
std: 1.20410156 ,  0.663574219 SigReg: 46.207119
std: 1.15039062 ,  0.706054688 SigReg: 46.207119
  Step 0: Backbone Loss = 3.5557, SIGReg Loss = 46.2071 Probe Loss = 323.2661, Acc = 0.5138
std: 1.19921875 ,  0.643066406 SigReg: 47.4183655
std: 1.12207031 ,  0.687988281 SigReg: 47.4183655
std: 1.0625 ,  0.575683594 SigReg: 43.7175331
std: 1.02441406 ,  0.5703125 SigReg: 43.7175331
std: 1.09863281 ,  0.620605469 SigReg: 47.8820305
std: 1.11621094 ,  0.617675781 SigReg: 47.8820305
std: 1.10644531 ,  0.584960938 SigReg: 45.8886795
std: 1.09375 ,  0.577148438 SigReg: 45.8886795
std: 1.14257812 ,  0.650878906 SigReg: 46.5212784
std: 1.18945312 ,  0.643554688 SigReg: 46.5212784
std: 1.13085938 ,  0.625976562 SigReg: 44.7380066
std: 0.989746094 ,  0.627929688 SigReg: 44.7380066
std: 1.06054688 ,  0.626953125 SigReg: 43.109848
std: 1.06738281 ,  0.578125 SigReg: 43.109848
std: 0.908203125 ,  0.501953125 SigReg: 45.9178658
std: 1.13671875 ,  0.62109375 SigReg: 45.9178658
std: 1.08007812 ,  0.589355469 SigReg: 35.5397377
std: 1.078125 ,  0.546386719 SigReg: 35.5397377
std: 1.0078125 ,  0.575195312 SigReg: 38.4553452
std: 1.09570312 ,  0.557128906 SigReg: 38.4553452
std: 1.08007812 ,  0.544433594 SigReg: 46.3240929
std: 1.03125 ,  0.55859375 SigReg: 46.3240929
std: 0.988769531 ,  0.564453125 SigReg: 40.9965744
std: 1.1171875 ,  0.541503906 SigReg: 40.9965744
std: 0.956054688 ,  0.488525391 SigReg: 43.6179924
std: 1.04589844 ,  0.532226562 SigReg: 43.6179924
std: 1.22558594 ,  0.535644531 SigReg: 39.6069031
std: 1.08007812 ,  0.484863281 SigReg: 39.6069031
std: 1.1875 ,  0.586425781 SigReg: 43.1384583
std: 1.27734375 ,  0.625 SigReg: 43.1384583
std: 1.18847656 ,  0.584960938 SigReg: 40.7259865
std: 1.26171875 ,  0.619140625 SigReg: 40.7259865
std: 1.109375 ,  0.538574219 SigReg: 43.6676865
std: 1.26367188 ,  0.583984375 SigReg: 43.6676865
std: 1.09570312 ,  0.541503906 SigReg: 46.6100388
std: 1.14257812 ,  0.598144531 SigReg: 46.6100388
std: 1.22949219 ,  0.533203125 SigReg: 38.1224518
std: 1.22070312 ,  0.525390625 SigReg: 38.1224518
std: 1.16601562 ,  0.538085938 SigReg: 45.0292358
std: 1.1328125 ,  0.528808594 SigReg: 45.0292358
std: 1.2734375 ,  0.532226562 SigReg: 40.9527702
std: 1.29785156 ,  0.551757812 SigReg: 40.9527702
std: 1.23046875 ,  0.551269531 SigReg: 41.8297195
std: 1.18359375 ,  0.561523438 SigReg: 41.8297195
std: 1.06347656 ,  0.553222656 SigReg: 36.5105629
std: 1.18359375 ,  0.606933594 SigReg: 36.5105629
std: 1.26269531 ,  0.624511719 SigReg: 41.9460373
std: 1.21679688 ,  0.609375 SigReg: 41.9460373
std: 1.23828125 ,  0.653320312 SigReg: 32.2422905
std: 1.25878906 ,  0.526855469 SigReg: 32.2422905
std: 1.25292969 ,  0.639160156 SigReg: 33.310482
std: 1.38769531 ,  0.583984375 SigReg: 33.310482
std: 1.37792969 ,  0.556640625 SigReg: 39.7281532
std: 1.3125 ,  0.562011719 SigReg: 39.7281532
std: 1.28515625 ,  0.588378906 SigReg: 39.6427345
std: 1.47167969 ,  0.58203125 SigReg: 39.6427345
std: 1.29003906 ,  0.644042969 SigReg: 37.5037537
std: 1.40625 ,  0.663085938 SigReg: 37.5037537
std: 1.27050781 ,  0.670898438 SigReg: 43.4035
std: 1.31933594 ,  0.614746094 SigReg: 43.4035
std: 1.38769531 ,  0.665527344 SigReg: 50.040062
std: 1.47070312 ,  0.574707031 SigReg: 50.040062
std: 1.42285156 ,  0.631835938 SigReg: 45.6106415
std: 1.30371094 ,  0.594726562 SigReg: 45.6106415
std: 1.45996094 ,  0.662109375 SigReg: 46.9233932
std: 1.34179688 ,  0.636230469 SigReg: 46.9233932
std: 1.24023438 ,  0.642578125 SigReg: 55.3822174
std: 1.43457031 ,  0.625976562 SigReg: 55.3822174
std: 1.24316406 ,  0.641601562 SigReg: 57.7007675
std: 1.25488281 ,  0.651367188 SigReg: 57.7007675
std: 1.30859375 ,  0.604980469 SigReg: 55.6549683
std: 0.987304688 ,  0.498535156 SigReg: 55.6549683
std: 1.1875 ,  0.59765625 SigReg: 47.9192276
std: 1.31640625 ,  0.65234375 SigReg: 47.9192276
std: 1.30566406 ,  0.61328125 SigReg: 46.5497208
std: 1.40625 ,  0.648925781 SigReg: 46.5497208
std: 1.36425781 ,  0.6484375 SigReg: 38.6446686
std: 1.33691406 ,  0.626953125 SigReg: 38.6446686
std: 1.47753906 ,  0.607421875 SigReg: 38.8755417
std: 1.2890625 ,  0.587402344 SigReg: 38.8755417
std: 1.4765625 ,  0.645507812 SigReg: 55.5676765
std: 1.43066406 ,  0.574707031 SigReg: 55.5676765
std: 1.48535156 ,  0.622070312 SigReg: 41.7918282
std: 1.49316406 ,  0.692871094 SigReg: 41.7918282
std: 1.41992188 ,  0.632324219 SigReg: 39.665802
std: 1.21679688 ,  0.649414062 SigReg: 39.665802
std: 1.19238281 ,  0.643066406 SigReg: 38.9512634
std: 1.52832031 ,  0.629394531 SigReg: 38.9512634
std: 1.34179688 ,  0.616699219 SigReg: 41.334671
std: 1.34863281 ,  0.640136719 SigReg: 41.334671
std: 1.43652344 ,  0.660644531 SigReg: 42.2662239
std: 1.30664062 ,  0.61328125 SigReg: 42.2662239
std: 1.37304688 ,  0.668457031 SigReg: 36.179451
std: 1.54394531 ,  0.717285156 SigReg: 36.179451
std: 1.21386719 ,  0.692871094 SigReg: 39.3198128
std: 1.33691406 ,  0.653320312 SigReg: 39.3198128
std: 1.27050781 ,  0.651367188 SigReg: 37.4867859
std: 1.40332031 ,  0.753417969 SigReg: 37.4867859
std: 1.42089844 ,  0.691894531 SigReg: 37.3747215
std: 1.41894531 ,  0.626464844 SigReg: 37.3747215
  Step 50: Backbone Loss = 3.1435, SIGReg Loss = 37.3747 Probe Loss = 324.9483, Acc = 0.5024
std: 1.12988281 ,  0.71875 SigReg: 49.9646301
std: 1.22460938 ,  0.661621094 SigReg: 49.9646301
std: 1.49804688 ,  0.764160156 SigReg: 39.8209915
std: 1.3671875 ,  0.751464844 SigReg: 39.8209915
std: 1.35742188 ,  0.765136719 SigReg: 45.1464615
std: 1.31445312 ,  0.697753906 SigReg: 45.1464615
std: 1.44238281 ,  0.778320312 SigReg: 35.1886749
std: 1.41015625 ,  0.741699219 SigReg: 35.1886749
std: 1.33105469 ,  0.822753906 SigReg: 37.0736923
std: 1.61816406 ,  0.86328125 SigReg: 37.0736923
std: 1.38671875 ,  0.822265625 SigReg: 34.4914589
std: 1.38867188 ,  0.747558594 SigReg: 34.4914589
std: 1.38574219 ,  0.848144531 SigReg: 46.2357941
std: 1.234375 ,  0.787109375 SigReg: 46.2357941
std: 1.43261719 ,  0.734375 SigReg: 54.1490288
std: 1.35058594 ,  0.837890625 SigReg: 54.1490288
std: 0.978515625 ,  0.670898438 SigReg: 47.0037498
std: 1.52539062 ,  0.770019531 SigReg: 47.0037498
std: 1.24804688 ,  0.63671875 SigReg: 59.9115868
std: 1.33203125 ,  0.697753906 SigReg: 59.9115868
std: 1.24511719 ,  0.711425781 SigReg: 66.9691
std: 1.4453125 ,  0.747070312 SigReg: 66.9691
std: 1.36914062 ,  0.736328125 SigReg: 52.1955757
std: 1.34277344 ,  0.731445312 SigReg: 52.1955757
std: 1.44726562 ,  0.625488281 SigReg: 44.8803558
std: 1.3515625 ,  0.654296875 SigReg: 44.8803558
std: 1.33398438 ,  0.703613281 SigReg: 47.9677811
std: 1.28027344 ,  0.709472656 SigReg: 47.9677811
std: 1.30664062 ,  0.677246094 SigReg: 34.8553
std: 1.36523438 ,  0.696289062 SigReg: 34.8553
std: 1.38183594 ,  0.745117188 SigReg: 40.4728775
std: 1.33300781 ,  0.7265625 SigReg: 40.4728775
std: 1.27148438 ,  0.705078125 SigReg: 42.1947441
std: 1.28808594 ,  0.676269531 SigReg: 42.1947441
std: 1.27929688 ,  0.6875 SigReg: 42.5612259
std: 1.42089844 ,  0.729003906 SigReg: 42.5612259
std: 1.41503906 ,  0.758300781 SigReg: 38.2810669
std: 1.22167969 ,  0.728027344 SigReg: 38.2810669
std: 1.23535156 ,  0.717285156 SigReg: 32.5000038
std: 1.32226562 ,  0.658691406 SigReg: 32.5000038
std: 1.33496094 ,  0.694824219 SigReg: 41.9013824
std: 1.26171875 ,  0.672851562 SigReg: 41.9013824
std: 1.2421875 ,  0.60546875 SigReg: 36.8020782
std: 1.30273438 ,  0.749511719 SigReg: 36.8020782
std: 1.07617188 ,  0.667480469 SigReg: 42.191288
std: 1.27148438 ,  0.670410156 SigReg: 42.191288
std: 1.14160156 ,  0.626464844 SigReg: 40.1116409
std: 1.22558594 ,  0.609375 SigReg: 40.1116409
std: 0.855957031 ,  0.700195312 SigReg: 38.3444786
std: 1.15527344 ,  0.650390625 SigReg: 38.3444786
std: 1.22949219 ,  0.654296875 SigReg: 55.1771584
std: 1.22363281 ,  0.620117188 SigReg: 55.1771584
std: 1.20214844 ,  0.599609375 SigReg: 49.8776817
std: 1.27734375 ,  0.590820312 SigReg: 49.8776817
std: 1.18457031 ,  0.594726562 SigReg: 43.1068916
std: 1.21875 ,  0.644042969 SigReg: 43.1068916
std: 1.10742188 ,  0.615722656 SigReg: 34.1735153
std: 1.07421875 ,  0.640136719 SigReg: 34.1735153
std: 0.999511719 ,  0.551757812 SigReg: 40.6263
std: 1.28515625 ,  0.5703125 SigReg: 40.6263
std: 1.17285156 ,  0.522460938 SigReg: 38.2527466
std: 1.16894531 ,  0.607910156 SigReg: 38.2527466
std: 1.07714844 ,  0.533203125 SigReg: 43.6429787
std: 0.885742188 ,  0.528808594 SigReg: 43.6429787
std: 0.989746094 ,  0.505859375 SigReg: 58.625042
std: 1.15722656 ,  0.554199219 SigReg: 58.625042
std: 0.952636719 ,  0.554199219 SigReg: 40.3600845
std: 0.932128906 ,  0.539550781 SigReg: 40.3600845
std: 1.07128906 ,  0.538085938 SigReg: 33.230545
std: 1.10058594 ,  0.501464844 SigReg: 33.230545
std: 1.04785156 ,  0.469970703 SigReg: 33.451622
std: 0.870605469 ,  0.513183594 SigReg: 33.451622
std: 0.849609375 ,  0.505371094 SigReg: 30.9759502
std: 0.957519531 ,  0.464355469 SigReg: 30.9759502
std: 0.882324219 ,  0.448242188 SigReg: 32.8699951
std: 0.9375 ,  0.482421875 SigReg: 32.8699951
std: 0.954589844 ,  0.448974609 SigReg: 39.1591492
std: 1.14550781 ,  0.491699219 SigReg: 39.1591492
std: 0.907226562 ,  0.448974609 SigReg: 42.4319534
std: 0.9375 ,  0.454101562 SigReg: 42.4319534
std: 0.895996094 ,  0.453125 SigReg: 37.2292595
std: 1.06054688 ,  0.467285156 SigReg: 37.2292595
std: 0.879394531 ,  0.420654297 SigReg: 35.6495476
std: 0.882324219 ,  0.432617188 SigReg: 35.6495476
std: 0.844238281 ,  0.433837891 SigReg: 37.9571953
std: 0.839355469 ,  0.416259766 SigReg: 37.9571953
std: 0.723632812 ,  0.458251953 SigReg: 35.0338
std: 0.835449219 ,  0.410888672 SigReg: 35.0338
std: 0.855957031 ,  0.397949219 SigReg: 39.8772659
std: 0.934082031 ,  0.428955078 SigReg: 39.8772659
std: 0.903808594 ,  0.400634766 SigReg: 41.8146973
std: 0.888671875 ,  0.424560547 SigReg: 41.8146973
std: 0.738769531 ,  0.500976562 SigReg: 37.958992
std: 0.827636719 ,  0.458496094 SigReg: 37.958992
std: 0.798339844 ,  0.447509766 SigReg: 43.4642487
std: 0.746582031 ,  0.491943359 SigReg: 43.4642487
std: 0.761230469 ,  0.426513672 SigReg: 41.6118393
std: 0.84375 ,  0.431640625 SigReg: 41.6118393
std: 0.897460938 ,  0.433105469 SigReg: 42.0059929
std: 0.870117188 ,  0.412597656 SigReg: 42.0059929
  Step 100: Backbone Loss = 3.4037, SIGReg Loss = 42.0060 Probe Loss = 325.5376, Acc = 0.5115
std: 0.821289062 ,  0.47265625 SigReg: 45.6015854
std: 0.900878906 ,  0.413085938 SigReg: 45.6015854
std: 0.842285156 ,  0.498535156 SigReg: 42.5773239
std: 0.931152344 ,  0.405761719 SigReg: 42.5773239
std: 0.926269531 ,  0.385009766 SigReg: 49.9657135
std: 0.845214844 ,  0.392578125 SigReg: 49.9657135
std: 0.957519531 ,  0.402587891 SigReg: 37.1178131
std: 0.822265625 ,  0.463134766 SigReg: 37.1178131
std: 0.877929688 ,  0.413574219 SigReg: 37.3571434
std: 0.928710938 ,  0.402832031 SigReg: 37.3571434
std: 0.884765625 ,  0.549316406 SigReg: 35.0681381
std: 1.0078125 ,  0.442871094 SigReg: 35.0681381
std: 0.810546875 ,  0.53515625 SigReg: 30.5394115
std: 1.03417969 ,  0.450683594 SigReg: 30.5394115
std: 0.854980469 ,  0.578125 SigReg: 32.0410461
std: 0.795410156 ,  0.506347656 SigReg: 32.0410461
std: 0.861328125 ,  0.534179688 SigReg: 31.6504383
std: 1.02734375 ,  0.541992188 SigReg: 31.6504383
std: 0.943359375 ,  0.599121094 SigReg: 28.4353867
std: 0.983886719 ,  0.576171875 SigReg: 28.4353867
std: 0.931152344 ,  0.544921875 SigReg: 32.0423
std: 0.891113281 ,  0.522460938 SigReg: 32.0423
std: 0.986328125 ,  0.47265625 SigReg: 34.8720093
std: 1.015625 ,  0.487792969 SigReg: 34.8720093
std: 0.962890625 ,  0.573730469 SigReg: 27.8266411
std: 1.1015625 ,  0.489990234 SigReg: 27.8266411
std: 1.01953125 ,  0.423095703 SigReg: 39.9058495
std: 0.958496094 ,  0.429443359 SigReg: 39.9058495
std: 0.981933594 ,  0.448730469 SigReg: 36.4714394
std: 0.935058594 ,  0.480224609 SigReg: 36.4714394
std: 1.06542969 ,  0.531738281 SigReg: 42.1417084
std: 1.00390625 ,  0.552246094 SigReg: 42.1417084
std: 1.08105469 ,  0.509277344 SigReg: 49.9973793
std: 1.03417969 ,  0.483398438 SigReg: 49.9973793
std: 1.04785156 ,  0.496826172 SigReg: 48.3462715
std: 1.03320312 ,  0.447753906 SigReg: 48.3462715
std: 1.02636719 ,  0.458496094 SigReg: 49.3488274
std: 1.0234375 ,  0.477539062 SigReg: 49.3488274
std: 1.08398438 ,  0.414306641 SigReg: 40.8510323
std: 0.899902344 ,  0.469726562 SigReg: 40.8510323
std: 0.977539062 ,  0.332519531 SigReg: 33.2433167
std: 1.06054688 ,  0.372802734 SigReg: 33.2433167
std: 1.04199219 ,  0.437255859 SigReg: 31.3323421
std: 1.05371094 ,  0.442138672 SigReg: 31.3323421
std: 0.931152344 ,  0.420166016 SigReg: 49.2519608
std: 1.0078125 ,  0.476806641 SigReg: 49.2519608
std: 1.00097656 ,  0.392578125 SigReg: 53.1101837
std: 1.01464844 ,  0.450683594 SigReg: 53.1101837
std: 0.974121094 ,  0.349853516 SigReg: 46.4784584
std: 1.0546875 ,  0.410400391 SigReg: 46.4784584
std: 0.947753906 ,  0.393798828 SigReg: 54.3273621
std: 0.907226562 ,  0.403564453 SigReg: 54.3273621
std: 1.10351562 ,  0.406494141 SigReg: 38.0710526
std: 1.10742188 ,  0.324707031 SigReg: 38.0710526
std: 0.983886719 ,  0.361328125 SigReg: 39.0037613
std: 0.892089844 ,  0.38671875 SigReg: 39.0037613
std: 0.83203125 ,  0.366699219 SigReg: 46.1191864
std: 0.801757812 ,  0.3125 SigReg: 46.1191864
std: 0.813964844 ,  0.355712891 SigReg: 38.4325294
std: 0.855957031 ,  0.355224609 SigReg: 38.4325294
std: 0.892578125 ,  0.378173828 SigReg: 37.421711
std: 0.813964844 ,  0.364013672 SigReg: 37.421711
std: 1.10546875 ,  0.408447266 SigReg: 38.7759438
std: 0.999511719 ,  0.404541016 SigReg: 38.7759438
std: 1.01367188 ,  0.418945312 SigReg: 39.5655136
std: 1.07910156 ,  0.369140625 SigReg: 39.5655136
std: 0.9140625 ,  0.439941406 SigReg: 47.5673103
std: 0.956054688 ,  0.382568359 SigReg: 47.5673103
std: 0.865234375 ,  0.442138672 SigReg: 48.3667679
std: 0.909667969 ,  0.391357422 SigReg: 48.3667679
std: 0.916015625 ,  0.391113281 SigReg: 39.1851311
std: 1.015625 ,  0.396728516 SigReg: 39.1851311
std: 0.986328125 ,  0.424072266 SigReg: 41.6621361
std: 1.03613281 ,  0.431396484 SigReg: 41.6621361
std: 1.0078125 ,  0.354492188 SigReg: 43.275547
std: 0.876953125 ,  0.435058594 SigReg: 43.275547
std: 1.00585938 ,  0.407714844 SigReg: 42.0275688
std: 0.844238281 ,  0.411621094 SigReg: 42.0275688
std: 0.938476562 ,  0.493408203 SigReg: 56.3155632
std: 1.05273438 ,  0.373291016 SigReg: 56.3155632
std: 1.03613281 ,  0.423095703 SigReg: 46.6170769
std: 1.09667969 ,  0.468017578 SigReg: 46.6170769
std: 1.08105469 ,  0.447753906 SigReg: 44.5326576
std: 1.046875 ,  0.403320312 SigReg: 44.5326576
std: 1.19238281 ,  0.392578125 SigReg: 45.156868
std: 1.10839844 ,  0.479003906 SigReg: 45.156868
std: 1.20996094 ,  0.471923828 SigReg: 36.9386711
std: 1.25390625 ,  0.490722656 SigReg: 36.9386711
std: 1.08300781 ,  0.522460938 SigReg: 39.4838257
std: 1.12207031 ,  0.487304688 SigReg: 39.4838257
std: 0.982421875 ,  0.534667969 SigReg: 47.3521805
std: 1.09277344 ,  0.491210938 SigReg: 47.3521805
std: 1.16308594 ,  0.4765625 SigReg: 38.056385
std: 1.29492188 ,  0.477539062 SigReg: 38.056385
std: 1.0234375 ,  0.613769531 SigReg: 35.4777527
std: 1.23730469 ,  0.441894531 SigReg: 35.4777527
std: 1.36230469 ,  0.480224609 SigReg: 34.875927
std: 1.1171875 ,  0.54296875 SigReg: 34.875927
std: 1.24804688 ,  0.491943359 SigReg: 38.0319901
std: 1.33105469 ,  0.517089844 SigReg: 38.0319901
  Step 150: Backbone Loss = 3.1823, SIGReg Loss = 38.0320 Probe Loss = 346.2936, Acc = 0.5038
std: 1.33691406 ,  0.450439453 SigReg: 38.1811142
std: 1.28320312 ,  0.564453125 SigReg: 38.1811142
std: 1.3671875 ,  0.434814453 SigReg: 38.8786354
std: 1.04589844 ,  0.481445312 SigReg: 38.8786354
std: 1.20898438 ,  0.459960938 SigReg: 37.1045685
std: 1.42285156 ,  0.478271484 SigReg: 37.1045685
std: 1.36230469 ,  0.438720703 SigReg: 36.2260628
std: 1.4296875 ,  0.459716797 SigReg: 36.2260628
std: 1.24804688 ,  0.416748047 SigReg: 40.2760925
std: 1.29003906 ,  0.448486328 SigReg: 40.2760925
std: 1.32910156 ,  0.477539062 SigReg: 36.4954376
std: 1.29492188 ,  0.559082031 SigReg: 36.4954376
std: 1.36816406 ,  0.442871094 SigReg: 35.6707497
std: 1.43847656 ,  0.428466797 SigReg: 35.6707497
std: 1.48535156 ,  0.433105469 SigReg: 32.7232742
std: 1.29589844 ,  0.443847656 SigReg: 32.7232742
std: 1.19238281 ,  0.4375 SigReg: 38.0919113
std: 1.29296875 ,  0.387451172 SigReg: 38.0919113
std: 1.48242188 ,  0.429931641 SigReg: 37.7843246
std: 1.27148438 ,  0.410400391 SigReg: 37.7843246
std: 1.37792969 ,  0.385009766 SigReg: 31.1132946
std: 1.14355469 ,  0.365966797 SigReg: 31.1132946
std: 1.38574219 ,  0.463623047 SigReg: 35.0545807
std: 1.23535156 ,  0.522949219 SigReg: 35.0545807
std: 1.32617188 ,  0.359619141 SigReg: 30.2790337
std: 1.27539062 ,  0.46484375 SigReg: 30.2790337
std: 1.25585938 ,  0.468261719 SigReg: 28.6020432
std: 1.33203125 ,  0.413574219 SigReg: 28.6020432
std: 1.41796875 ,  0.323242188 SigReg: 36.2571793
std: 1.34179688 ,  0.420898438 SigReg: 36.2571793
std: 1.33984375 ,  0.337646484 SigReg: 33.7982559
std: 1.3828125 ,  0.375244141 SigReg: 33.7982559
std: 1.42773438 ,  0.317626953 SigReg: 45.6211319
std: 1.27929688 ,  0.457763672 SigReg: 45.6211319
std: 1.40917969 ,  0.321289062 SigReg: 48.2655106
std: 1.15136719 ,  0.432617188 SigReg: 48.2655106
std: 1.45410156 ,  0.396728516 SigReg: 33.860672
std: 1.32324219 ,  0.399902344 SigReg: 33.860672
std: 1.48535156 ,  0.419921875 SigReg: 48.1741409
std: 1.3515625 ,  0.3515625 SigReg: 48.1741409
std: 1.38867188 ,  0.354003906 SigReg: 64.4587326
std: 1.52734375 ,  0.338867188 SigReg: 64.4587326
std: 1.5703125 ,  0.370361328 SigReg: 45.6967125
std: 1.28515625 ,  0.425292969 SigReg: 45.6967125
std: 1.41601562 ,  0.3828125 SigReg: 39.2518768
std: 1.35546875 ,  0.381103516 SigReg: 39.2518768
std: 1.31933594 ,  0.364990234 SigReg: 42.5302391
std: 1.47753906 ,  0.351806641 SigReg: 42.5302391
std: 1.25195312 ,  0.515136719 SigReg: 32.5302849
std: 1.27539062 ,  0.403320312 SigReg: 32.5302849
std: 1.36132812 ,  0.379638672 SigReg: 41.9064102
std: 1.20996094 ,  0.385986328 SigReg: 41.9064102
std: 1.45605469 ,  0.388671875 SigReg: 40.9003868
std: 1.35644531 ,  0.370605469 SigReg: 40.9003868
std: 1.39550781 ,  0.440429688 SigReg: 36.6841888
std: 1.32324219 ,  0.448242188 SigReg: 36.6841888
std: 1.43261719 ,  0.367675781 SigReg: 29.1735649
std: 1.08789062 ,  0.375244141 SigReg: 29.1735649
std: 1.34570312 ,  0.326660156 SigReg: 31.7131557
std: 1.27246094 ,  0.352783203 SigReg: 31.7131557
std: 1.25097656 ,  0.368652344 SigReg: 31.4975433
std: 1.16894531 ,  0.368652344 SigReg: 31.4975433
std: 1.17675781 ,  0.399414062 SigReg: 32.7253876
std: 1.25195312 ,  0.267089844 SigReg: 32.7253876
std: 1.13574219 ,  0.360351562 SigReg: 32.573822
std: 1.19042969 ,  0.268798828 SigReg: 32.573822
std: 1.00292969 ,  0.346435547 SigReg: 30.6598511
std: 1.13574219 ,  0.342285156 SigReg: 30.6598511
std: 1.16796875 ,  0.320800781 SigReg: 35.683075
std: 1.10351562 ,  0.355224609 SigReg: 35.683075
std: 1.01855469 ,  0.295410156 SigReg: 38.0933075
std: 1.10644531 ,  0.312011719 SigReg: 38.0933075
std: 1.01171875 ,  0.342285156 SigReg: 38.5034523
std: 0.869140625 ,  0.405517578 SigReg: 38.5034523
std: 1.01660156 ,  0.344482422 SigReg: 31.4087124
std: 1.08398438 ,  0.349609375 SigReg: 31.4087124
std: 0.946289062 ,  0.350585938 SigReg: 37.3922462
std: 1.03710938 ,  0.217041016 SigReg: 37.3922462
std: 0.91015625 ,  0.284667969 SigReg: 39.8408546
std: 0.965820312 ,  0.321289062 SigReg: 39.8408546
std: 0.933105469 ,  0.312744141 SigReg: 35.0266609
std: 0.830566406 ,  0.379638672 SigReg: 35.0266609
std: 0.990234375 ,  0.257080078 SigReg: 30.5464478
std: 0.816894531 ,  0.433349609 SigReg: 30.5464478
std: 0.933105469 ,  0.332763672 SigReg: 49.2081337
std: 0.756347656 ,  0.411376953 SigReg: 49.2081337
std: 0.838867188 ,  0.312988281 SigReg: 71.8315811
std: 0.741699219 ,  0.346191406 SigReg: 71.8315811
std: 0.674804688 ,  0.35546875 SigReg: 45.7918968
std: 0.849609375 ,  0.361572266 SigReg: 45.7918968
std: 0.711425781 ,  0.395507812 SigReg: 43.9880447
std: 0.755859375 ,  0.399658203 SigReg: 43.9880447
std: 0.73828125 ,  0.413574219 SigReg: 45.7171097
std: 0.9140625 ,  0.328613281 SigReg: 45.7171097
std: 0.741699219 ,  0.356445312 SigReg: 33.7717056
std: 0.803222656 ,  0.311767578 SigReg: 33.7717056
std: 0.720703125 ,  0.402099609 SigReg: 52.9128494
std: 0.672363281 ,  0.460693359 SigReg: 52.9128494
std: 0.859375 ,  0.362548828 SigReg: 51.5898476
std: 0.884765625 ,  0.358642578 SigReg: 51.5898476
  Step 200: Backbone Loss = 3.8063, SIGReg Loss = 51.5898 Probe Loss = 334.4814, Acc = 0.5264
std: 0.759277344 ,  0.441650391 SigReg: 43.9489212
std: 0.855957031 ,  0.352050781 SigReg: 43.9489212
std: 0.806640625 ,  0.352783203 SigReg: 37.4831
std: 0.729980469 ,  0.326904297 SigReg: 37.4831
std: 0.741699219 ,  0.404541016 SigReg: 40.2093811
std: 0.706054688 ,  0.353027344 SigReg: 40.2093811
std: 0.919433594 ,  0.356933594 SigReg: 34.9178619
std: 0.612792969 ,  0.38671875 SigReg: 34.9178619
std: 0.598144531 ,  0.465332031 SigReg: 36.6399918
std: 0.697265625 ,  0.380859375 SigReg: 36.6399918
std: 0.804199219 ,  0.368164062 SigReg: 43.9134789
std: 0.798339844 ,  0.478027344 SigReg: 43.9134789
std: 0.5859375 ,  0.4375 SigReg: 30.4686
std: 0.849121094 ,  0.450439453 SigReg: 30.4686
std: 0.794921875 ,  0.387451172 SigReg: 42.9404793
std: 0.735351562 ,  0.476318359 SigReg: 42.9404793
std: 0.767578125 ,  0.453369141 SigReg: 43.1866837
std: 0.669921875 ,  0.434570312 SigReg: 43.1866837
std: 0.6875 ,  0.4375 SigReg: 31.6518974
std: 0.750976562 ,  0.502441406 SigReg: 31.6518974
std: 0.625976562 ,  0.401611328 SigReg: 30.5259571
std: 0.651367188 ,  0.541503906 SigReg: 30.5259571
std: 0.637695312 ,  0.369140625 SigReg: 40.6530724
std: 0.601074219 ,  0.425537109 SigReg: 40.6530724
std: 0.8046875 ,  0.423828125 SigReg: 36.224308
std: 0.717285156 ,  0.491699219 SigReg: 36.224308
std: 0.748046875 ,  0.440429688 SigReg: 35.5955238
std: 0.828125 ,  0.463134766 SigReg: 35.5955238
std: 0.753417969 ,  0.487792969 SigReg: 32.5395622
std: 0.6953125 ,  0.409912109 SigReg: 32.5395622
std: 0.650878906 ,  0.469970703 SigReg: 39.2848473
std: 0.703613281 ,  0.430419922 SigReg: 39.2848473
std: 0.708496094 ,  0.419921875 SigReg: 28.4538364
std: 0.674316406 ,  0.479736328 SigReg: 28.4538364
std: 0.758300781 ,  0.405029297 SigReg: 30.2126312
std: 0.693359375 ,  0.46875 SigReg: 30.2126312
std: 0.740722656 ,  0.537109375 SigReg: 31.3072109
std: 0.768554688 ,  0.449462891 SigReg: 31.3072109
std: 0.604980469 ,  0.486328125 SigReg: 32.0403442
std: 0.567382812 ,  0.487060547 SigReg: 32.0403442
std: 0.680664062 ,  0.516113281 SigReg: 29.9958744
std: 0.726074219 ,  0.515625 SigReg: 29.9958744
std: 0.563476562 ,  0.441162109 SigReg: 36.8952065
std: 0.503417969 ,  0.53515625 SigReg: 36.8952065
std: 0.591308594 ,  0.5546875 SigReg: 35.645607
std: 0.7109375 ,  0.495117188 SigReg: 35.645607
std: 0.552734375 ,  0.466552734 SigReg: 42.482502
std: 0.529296875 ,  0.526855469 SigReg: 42.482502
std: 0.615234375 ,  0.413574219 SigReg: 33.9002113
std: 0.62109375 ,  0.409667969 SigReg: 33.9002113
std: 0.522460938 ,  0.439453125 SigReg: 39.0649834
std: 0.560546875 ,  0.357177734 SigReg: 39.0649834
std: 0.496337891 ,  0.360107422 SigReg: 33.0812645
std: 0.521972656 ,  0.443359375 SigReg: 33.0812645
std: 0.548339844 ,  0.395019531 SigReg: 39.749527
std: 0.594726562 ,  0.398925781 SigReg: 39.749527
std: 0.532714844 ,  0.419433594 SigReg: 36.8654671
std: 0.549804688 ,  0.375488281 SigReg: 36.8654671
std: 0.493408203 ,  0.406005859 SigReg: 36.7503662
std: 0.503417969 ,  0.356201172 SigReg: 36.7503662
std: 0.546386719 ,  0.327392578 SigReg: 38.2114449
std: 0.545898438 ,  0.363769531 SigReg: 38.2114449
std: 0.564453125 ,  0.427734375 SigReg: 36.2632294
std: 0.546386719 ,  0.440185547 SigReg: 36.2632294
std: 0.625976562 ,  0.372314453 SigReg: 33.6606903
std: 0.608398438 ,  0.367919922 SigReg: 33.6606903
std: 0.556152344 ,  0.330810547 SigReg: 34.7741852
std: 0.525390625 ,  0.450927734 SigReg: 34.7741852
std: 0.695800781 ,  0.411865234 SigReg: 36.0734978
std: 0.607421875 ,  0.383544922 SigReg: 36.0734978
std: 0.530273438 ,  0.389648438 SigReg: 34.1679153
std: 0.595703125 ,  0.464599609 SigReg: 34.1679153
std: 0.65625 ,  0.443359375 SigReg: 31.360096
std: 0.591308594 ,  0.377929688 SigReg: 31.360096
std: 0.627441406 ,  0.404052734 SigReg: 28.6511803
std: 0.619628906 ,  0.370849609 SigReg: 28.6511803
std: 0.596191406 ,  0.462158203 SigReg: 31.248251
std: 0.698242188 ,  0.432617188 SigReg: 31.248251
std: 0.67578125 ,  0.352783203 SigReg: 28.7596188
std: 0.521484375 ,  0.3984375 SigReg: 28.7596188
std: 0.546386719 ,  0.489501953 SigReg: 27.8776188
std: 0.64453125 ,  0.448974609 SigReg: 27.8776188
std: 0.551269531 ,  0.398193359 SigReg: 34.6591568
std: 0.586914062 ,  0.437255859 SigReg: 34.6591568
std: 0.488037109 ,  0.395507812 SigReg: 30.206749
std: 0.5625 ,  0.444580078 SigReg: 30.206749
std: 0.515136719 ,  0.428955078 SigReg: 37.2581444
std: 0.549804688 ,  0.356933594 SigReg: 37.2581444
std: 0.504394531 ,  0.395019531 SigReg: 39.2558
std: 0.645507812 ,  0.344726562 SigReg: 39.2558
std: 0.510742188 ,  0.425048828 SigReg: 33.3798676
std: 0.481689453 ,  0.376708984 SigReg: 33.3798676
std: 0.537109375 ,  0.368652344 SigReg: 37.48629
std: 0.436279297 ,  0.392089844 SigReg: 37.48629
std: 0.447509766 ,  0.447021484 SigReg: 51.1949081
std: 0.416259766 ,  0.354492188 SigReg: 51.1949081
std: 0.534667969 ,  0.367675781 SigReg: 49.3584137
std: 0.476074219 ,  0.389892578 SigReg: 49.3584137
std: 0.497558594 ,  0.420410156 SigReg: 51.7254715
std: 0.505371094 ,  0.472412109 SigReg: 51.7254715
  Step 250: Backbone Loss = 3.7622, SIGReg Loss = 51.7255 Probe Loss = 318.2360, Acc = 0.5319
std: 0.453369141 ,  0.357421875 SigReg: 32.34869
std: 0.48046875 ,  0.326171875 SigReg: 32.34869
std: 0.478759766 ,  0.354492188 SigReg: 43.366787
std: 0.480712891 ,  0.446044922 SigReg: 43.366787
std: 0.487548828 ,  0.342773438 SigReg: 46.3157463
std: 0.516601562 ,  0.366699219 SigReg: 46.3157463
std: 0.482421875 ,  0.344482422 SigReg: 40.3112068
std: 0.489501953 ,  0.380126953 SigReg: 40.3112068
std: 0.478759766 ,  0.376708984 SigReg: 36.792923
std: 0.459960938 ,  0.289794922 SigReg: 36.792923
std: 0.437744141 ,  0.310302734 SigReg: 45.7533875
std: 0.423583984 ,  0.365966797 SigReg: 45.7533875
std: 0.440917969 ,  0.332763672 SigReg: 30.0607738
std: 0.4765625 ,  0.346923828 SigReg: 30.0607738
std: 0.504394531 ,  0.273681641 SigReg: 36.7732239
std: 0.501953125 ,  0.389648438 SigReg: 36.7732239
std: 0.376464844 ,  0.343261719 SigReg: 43.6129
std: 0.434082031 ,  0.428222656 SigReg: 43.6129
std: 0.5 ,  0.407958984 SigReg: 32.6062775
std: 0.441650391 ,  0.327636719 SigReg: 32.6062775
std: 0.482910156 ,  0.390380859 SigReg: 33.6066208
std: 0.529785156 ,  0.372558594 SigReg: 33.6066208
std: 0.501464844 ,  0.360839844 SigReg: 42.5387497
std: 0.491943359 ,  0.308105469 SigReg: 42.5387497
std: 0.541503906 ,  0.363769531 SigReg: 32.8386688
std: 0.571289062 ,  0.376708984 SigReg: 32.8386688
std: 0.507324219 ,  0.393066406 SigReg: 33.4353027
std: 0.583984375 ,  0.373291016 SigReg: 33.4353027
std: 0.529296875 ,  0.347167969 SigReg: 38.5947647
std: 0.572265625 ,  0.404541016 SigReg: 38.5947647
std: 0.554199219 ,  0.352783203 SigReg: 30.6587067
std: 0.546875 ,  0.345947266 SigReg: 30.6587067
std: 0.447021484 ,  0.352783203 SigReg: 38.4241829
std: 0.472167969 ,  0.304443359 SigReg: 38.4241829
std: 0.443115234 ,  0.322753906 SigReg: 36.0564537
std: 0.424072266 ,  0.309814453 SigReg: 36.0564537
std: 0.470458984 ,  0.312744141 SigReg: 29.6198864
std: 0.447753906 ,  0.301757812 SigReg: 29.6198864
std: 0.451660156 ,  0.350830078 SigReg: 44.3395233
std: 0.456542969 ,  0.286865234 SigReg: 44.3395233
std: 0.419189453 ,  0.404541016 SigReg: 43.7951851
std: 0.575683594 ,  0.378173828 SigReg: 43.7951851
std: 0.418701172 ,  0.309082031 SigReg: 33.6747398
std: 0.497070312 ,  0.336425781 SigReg: 33.6747398
std: 0.450439453 ,  0.286132812 SigReg: 37.1401596
std: 0.447998047 ,  0.338867188 SigReg: 37.1401596
std: 0.427001953 ,  0.359619141 SigReg: 36.5690536
std: 0.446777344 ,  0.348144531 SigReg: 36.5690536
std: 0.495117188 ,  0.440185547 SigReg: 31.4816208
std: 0.459228516 ,  0.337402344 SigReg: 31.4816208
std: 0.526855469 ,  0.313476562 SigReg: 38.3203697
std: 0.510253906 ,  0.311523438 SigReg: 38.3203697
std: 0.479736328 ,  0.355712891 SigReg: 38.2477188
std: 0.51171875 ,  0.387695312 SigReg: 38.2477188
std: 0.566894531 ,  0.424072266 SigReg: 28.2037601
std: 0.557128906 ,  0.387451172 SigReg: 28.2037601
std: 0.458496094 ,  0.434570312 SigReg: 35.1595688
std: 0.4140625 ,  0.349853516 SigReg: 35.1595688
std: 0.552734375 ,  0.344238281 SigReg: 38.2226753
std: 0.59375 ,  0.369873047 SigReg: 38.2226753
std: 0.483154297 ,  0.391357422 SigReg: 33.7005501
std: 0.489257812 ,  0.453369141 SigReg: 33.7005501
std: 0.480712891 ,  0.432128906 SigReg: 32.8593903
std: 0.483642578 ,  0.425292969 SigReg: 32.8593903
std: 0.494628906 ,  0.405273438 SigReg: 35.8974571
std: 0.526367188 ,  0.26953125 SigReg: 35.8974571
std: 0.475097656 ,  0.449462891 SigReg: 30.9073372
std: 0.61328125 ,  0.388427734 SigReg: 30.9073372
std: 0.544433594 ,  0.456298828 SigReg: 33.4072952
std: 0.54296875 ,  0.443847656 SigReg: 33.4072952
std: 0.600097656 ,  0.434570312 SigReg: 29.5974503
std: 0.580566406 ,  0.418945312 SigReg: 29.5974503
std: 0.504882812 ,  0.369873047 SigReg: 29.4811897
std: 0.591308594 ,  0.377197266 SigReg: 29.4811897
std: 0.639160156 ,  0.413574219 SigReg: 33.7708244
std: 0.605957031 ,  0.346679688 SigReg: 33.7708244
std: 0.584960938 ,  0.545898438 SigReg: 31.3508682
std: 0.546875 ,  0.435302734 SigReg: 31.3508682
std: 0.540527344 ,  0.5625 SigReg: 29.0472031
std: 0.6171875 ,  0.472412109 SigReg: 29.0472031
std: 0.618164062 ,  0.45703125 SigReg: 34.3814125
std: 0.557128906 ,  0.462158203 SigReg: 34.3814125
std: 0.554199219 ,  0.520996094 SigReg: 30.8310089
std: 0.597167969 ,  0.505371094 SigReg: 30.8310089
std: 0.607910156 ,  0.483642578 SigReg: 28.8854904
std: 0.493896484 ,  0.482666016 SigReg: 28.8854904
std: 0.558105469 ,  0.535644531 SigReg: 31.3584366
std: 0.543945312 ,  0.460449219 SigReg: 31.3584366
std: 0.642089844 ,  0.487792969 SigReg: 32.5756493
std: 0.6328125 ,  0.44140625 SigReg: 32.5756493
std: 0.580078125 ,  0.422851562 SigReg: 30.5529728
std: 0.635742188 ,  0.505371094 SigReg: 30.5529728
std: 0.609375 ,  0.403320312 SigReg: 28.2373028
std: 0.527832031 ,  0.463134766 SigReg: 28.2373028
std: 0.55078125 ,  0.478271484 SigReg: 36.9087143
std: 0.469238281 ,  0.499755859 SigReg: 36.9087143
std: 0.556152344 ,  0.457275391 SigReg: 34.3240433
std: 0.4921875 ,  0.462402344 SigReg: 34.3240433
std: 0.51953125 ,  0.500976562 SigReg: 36.2880859
std: 0.567871094 ,  0.551757812 SigReg: 36.2880859
  Step 300: Backbone Loss = 2.9649, SIGReg Loss = 36.2881 Probe Loss = 335.2387, Acc = 0.5305
std: 0.433837891 ,  0.454589844 SigReg: 28.8191757
std: 0.472167969 ,  0.509277344 SigReg: 28.8191757
std: 0.514648438 ,  0.549316406 SigReg: 37.5761909
std: 0.461914062 ,  0.491699219 SigReg: 37.5761909
std: 0.520507812 ,  0.520996094 SigReg: 27.0803757
std: 0.403320312 ,  0.545898438 SigReg: 27.0803757
std: 0.588867188 ,  0.597167969 SigReg: 33.539917
std: 0.610839844 ,  0.571777344 SigReg: 33.539917
std: 0.578613281 ,  0.598632812 SigReg: 27.247467
std: 0.484863281 ,  0.546386719 SigReg: 27.247467
std: 0.566894531 ,  0.630859375 SigReg: 27.3695831
std: 0.421630859 ,  0.639648438 SigReg: 27.3695831
Epoch 5 finished in 248.37s.
  Avg Backbone Loss: 3.1950
  Avg Probe Loss:    331.5378
  Avg Probe Accuracy: 0.5225

Epoch 6/100
std: 0.432617188 ,  0.61328125 SigReg: 31.1785374
std: 0.562011719 ,  0.607910156 SigReg: 31.1785374
  Step 0: Backbone Loss = 2.7835, SIGReg Loss = 31.1785 Probe Loss = 327.3182, Acc = 0.5392
std: 0.536621094 ,  0.579589844 SigReg: 26.4420795
std: 0.606445312 ,  0.625488281 SigReg: 26.4420795
std: 0.578125 ,  0.607421875 SigReg: 32.2962341
std: 0.477539062 ,  0.655273438 SigReg: 32.2962341
std: 0.594726562 ,  0.610351562 SigReg: 30.9198208
std: 0.586425781 ,  0.614257812 SigReg: 30.9198208
std: 0.5703125 ,  0.557617188 SigReg: 30.6216965
std: 0.579589844 ,  0.514648438 SigReg: 30.6216965
std: 0.672363281 ,  0.575195312 SigReg: 31.153389
std: 0.572753906 ,  0.510253906 SigReg: 31.153389
std: 0.540527344 ,  0.582519531 SigReg: 28.7006416
std: 0.580078125 ,  0.540039062 SigReg: 28.7006416
std: 0.642089844 ,  0.565917969 SigReg: 29.274435
std: 0.562011719 ,  0.560058594 SigReg: 29.274435
std: 0.487792969 ,  0.563964844 SigReg: 29.8207531
std: 0.480712891 ,  0.565429688 SigReg: 29.8207531
std: 0.658203125 ,  0.51171875 SigReg: 25.3332214
std: 0.538574219 ,  0.470458984 SigReg: 25.3332214
std: 0.541503906 ,  0.547851562 SigReg: 30.2436142
std: 0.51171875 ,  0.535644531 SigReg: 30.2436142
std: 0.6015625 ,  0.557128906 SigReg: 25.3805065
std: 0.653808594 ,  0.548828125 SigReg: 25.3805065
std: 0.672363281 ,  0.508300781 SigReg: 25.7925892
std: 0.674804688 ,  0.521484375 SigReg: 25.7925892
std: 0.678710938 ,  0.500488281 SigReg: 28.0269737
std: 0.615722656 ,  0.432128906 SigReg: 28.0269737
std: 0.821777344 ,  0.476074219 SigReg: 27.4298916
std: 0.760253906 ,  0.415527344 SigReg: 27.4298916
std: 0.641113281 ,  0.386962891 SigReg: 30.3377132
std: 0.609375 ,  0.406494141 SigReg: 30.3377132
std: 0.681640625 ,  0.455078125 SigReg: 29.8520164
std: 0.53125 ,  0.431640625 SigReg: 29.8520164
std: 0.605957031 ,  0.541992188 SigReg: 33.0136147
std: 0.668945312 ,  0.473876953 SigReg: 33.0136147
std: 0.68359375 ,  0.481933594 SigReg: 42.162056
std: 0.637695312 ,  0.485107422 SigReg: 42.162056
std: 0.663574219 ,  0.510253906 SigReg: 30.7318039
std: 0.653320312 ,  0.479248047 SigReg: 30.7318039
std: 0.598632812 ,  0.510742188 SigReg: 30.294548
std: 0.598632812 ,  0.409912109 SigReg: 30.294548
std: 0.542480469 ,  0.446289062 SigReg: 30.4983387
std: 0.623046875 ,  0.333251953 SigReg: 30.4983387
std: 0.517578125 ,  0.433105469 SigReg: 29.12817
std: 0.589355469 ,  0.434814453 SigReg: 29.12817
std: 0.560058594 ,  0.484863281 SigReg: 29.8458614
std: 0.672363281 ,  0.53125 SigReg: 29.8458614
std: 0.747070312 ,  0.514648438 SigReg: 33.1048203
std: 0.700195312 ,  0.5390625 SigReg: 33.1048203
std: 0.677734375 ,  0.5390625 SigReg: 31.3079185
std: 0.605957031 ,  0.475585938 SigReg: 31.3079185
std: 0.526367188 ,  0.468261719 SigReg: 29.9823704
std: 0.645996094 ,  0.546875 SigReg: 29.9823704
std: 0.635253906 ,  0.576660156 SigReg: 28.4194431
std: 0.591796875 ,  0.519042969 SigReg: 28.4194431
std: 0.638183594 ,  0.660644531 SigReg: 26.5042725
std: 0.601074219 ,  0.556152344 SigReg: 26.5042725
std: 0.582519531 ,  0.550292969 SigReg: 32.5484848
std: 0.601074219 ,  0.574707031 SigReg: 32.5484848
std: 0.604492188 ,  0.565917969 SigReg: 33.4165459
std: 0.617675781 ,  0.60546875 SigReg: 33.4165459
std: 0.569824219 ,  0.575195312 SigReg: 32.5599213
std: 0.613769531 ,  0.580078125 SigReg: 32.5599213
std: 0.605957031 ,  0.596679688 SigReg: 30.4430485
std: 0.517089844 ,  0.575683594 SigReg: 30.4430485
std: 0.612792969 ,  0.543945312 SigReg: 25.6103916
std: 0.570800781 ,  0.580566406 SigReg: 25.6103916
std: 0.533203125 ,  0.495361328 SigReg: 42.1163712
std: 0.525878906 ,  0.524414062 SigReg: 42.1163712
std: 0.705078125 ,  0.551269531 SigReg: 44.8598595
std: 0.51171875 ,  0.459472656 SigReg: 44.8598595
std: 0.573730469 ,  0.524902344 SigReg: 34.9589233
std: 0.50390625 ,  0.51953125 SigReg: 34.9589233
std: 0.691894531 ,  0.595214844 SigReg: 39.3636513
std: 0.624023438 ,  0.578125 SigReg: 39.3636513
std: 0.602539062 ,  0.611816406 SigReg: 39.7093544
std: 0.600097656 ,  0.638671875 SigReg: 39.7093544
std: 0.572265625 ,  0.599609375 SigReg: 29.73456
std: 0.570800781 ,  0.606933594 SigReg: 29.73456
std: 0.6328125 ,  0.547851562 SigReg: 41.1688
std: 0.536621094 ,  0.502929688 SigReg: 41.1688
std: 0.481933594 ,  0.498291016 SigReg: 48.8168373
std: 0.517089844 ,  0.437988281 SigReg: 48.8168373
std: 0.536132812 ,  0.493896484 SigReg: 39.134903
std: 0.538574219 ,  0.512695312 SigReg: 39.134903
std: 0.459716797 ,  0.485595703 SigReg: 39.7834587
std: 0.549316406 ,  0.594726562 SigReg: 39.7834587
std: 0.489257812 ,  0.62109375 SigReg: 39.1871071
std: 0.568359375 ,  0.631347656 SigReg: 39.1871071
std: 0.572265625 ,  0.582519531 SigReg: 35.3811073
std: 0.592285156 ,  0.661132812 SigReg: 35.3811073
std: 0.650878906 ,  0.640136719 SigReg: 34.382061
std: 0.637207031 ,  0.619628906 SigReg: 34.382061
std: 0.630859375 ,  0.517578125 SigReg: 36.8541641
std: 0.686523438 ,  0.520996094 SigReg: 36.8541641
std: 0.731933594 ,  0.556640625 SigReg: 35.5267067
std: 0.647460938 ,  0.5390625 SigReg: 35.5267067
std: 0.551757812 ,  0.588378906 SigReg: 27.652216
std: 0.622070312 ,  0.58203125 SigReg: 27.652216
std: 0.604003906 ,  0.525390625 SigReg: 28.6575203
std: 0.658203125 ,  0.635253906 SigReg: 28.6575203
  Step 50: Backbone Loss = 2.6784, SIGReg Loss = 28.6575 Probe Loss = 308.2536, Acc = 0.5445
std: 0.587890625 ,  0.579589844 SigReg: 26.3406563
std: 0.625976562 ,  0.658691406 SigReg: 26.3406563
std: 0.760253906 ,  0.608398438 SigReg: 28.0145378
std: 0.6640625 ,  0.623535156 SigReg: 28.0145378
std: 0.686523438 ,  0.627929688 SigReg: 26.4522762
std: 0.702636719 ,  0.601074219 SigReg: 26.4522762
std: 0.713867188 ,  0.692871094 SigReg: 25.0633507
std: 0.754882812 ,  0.71875 SigReg: 25.0633507
std: 0.688476562 ,  0.605957031 SigReg: 26.8191891
std: 0.66796875 ,  0.653808594 SigReg: 26.8191891
std: 0.751464844 ,  0.608886719 SigReg: 23.3464775
std: 0.6875 ,  0.608398438 SigReg: 23.3464775
std: 0.548828125 ,  0.513671875 SigReg: 32.5925446
std: 0.661621094 ,  0.555175781 SigReg: 32.5925446
std: 0.801757812 ,  0.6171875 SigReg: 29.8255615
std: 0.857421875 ,  0.562988281 SigReg: 29.8255615
std: 0.822265625 ,  0.638671875 SigReg: 30.3799915
std: 0.77734375 ,  0.702148438 SigReg: 30.3799915
std: 0.773925781 ,  0.723632812 SigReg: 29.6269436
std: 0.800292969 ,  0.747070312 SigReg: 29.6269436
std: 0.788085938 ,  0.596191406 SigReg: 30.2568626
std: 0.786621094 ,  0.717285156 SigReg: 30.2568626
std: 0.83203125 ,  0.667480469 SigReg: 35.3674049
std: 0.829101562 ,  0.629882812 SigReg: 35.3674049
std: 0.903808594 ,  0.668945312 SigReg: 33.4140625
std: 0.797363281 ,  0.60546875 SigReg: 33.4140625
std: 0.761230469 ,  0.60546875 SigReg: 29.820879
std: 0.847167969 ,  0.657714844 SigReg: 29.820879
std: 0.760253906 ,  0.698730469 SigReg: 33.5921555
std: 0.92578125 ,  0.723632812 SigReg: 33.5921555
std: 0.851074219 ,  0.737792969 SigReg: 28.0514145
std: 0.844726562 ,  0.655273438 SigReg: 28.0514145
std: 0.869628906 ,  0.771972656 SigReg: 25.0790863
std: 0.899414062 ,  0.652832031 SigReg: 25.0790863
std: 0.710449219 ,  0.637695312 SigReg: 28.8213024
std: 0.898925781 ,  0.685058594 SigReg: 28.8213024
std: 0.799804688 ,  0.687011719 SigReg: 27.5206223
std: 0.840332031 ,  0.671386719 SigReg: 27.5206223
std: 0.812011719 ,  0.638671875 SigReg: 31.0837955
std: 0.890625 ,  0.638183594 SigReg: 31.0837955
std: 0.698242188 ,  0.66796875 SigReg: 24.0798016
std: 0.910644531 ,  0.649414062 SigReg: 24.0798016
std: 0.724609375 ,  0.627929688 SigReg: 25.5020962
std: 0.605957031 ,  0.607910156 SigReg: 25.5020962
std: 0.737792969 ,  0.732421875 SigReg: 24.482399
std: 0.803710938 ,  0.620605469 SigReg: 24.482399
std: 0.75 ,  0.620117188 SigReg: 24.3499413
std: 0.822753906 ,  0.698242188 SigReg: 24.3499413
std: 0.790039062 ,  0.66796875 SigReg: 25.5000076
std: 0.927734375 ,  0.678222656 SigReg: 25.5000076
std: 0.821289062 ,  0.721679688 SigReg: 24.1390648
std: 0.882324219 ,  0.710449219 SigReg: 24.1390648
std: 0.870117188 ,  0.640625 SigReg: 25.7656727
std: 0.844238281 ,  0.611816406 SigReg: 25.7656727
std: 0.874023438 ,  0.812011719 SigReg: 26.3081951
std: 0.831054688 ,  0.715820312 SigReg: 26.3081951
std: 1 ,  0.845703125 SigReg: 29.0143261
std: 0.915527344 ,  0.813964844 SigReg: 29.0143261
std: 0.963378906 ,  0.793457031 SigReg: 26.9854
std: 0.883789062 ,  0.704589844 SigReg: 26.9854
std: 0.993652344 ,  0.72265625 SigReg: 29.1183929
std: 0.890625 ,  0.706054688 SigReg: 29.1183929
std: 0.928222656 ,  0.769042969 SigReg: 26.0165195
std: 1.00195312 ,  0.795410156 SigReg: 26.0165195
std: 0.881347656 ,  0.782714844 SigReg: 24.7574558
std: 0.942871094 ,  0.795410156 SigReg: 24.7574558
std: 0.883789062 ,  0.67578125 SigReg: 26.9528275
std: 0.997558594 ,  0.844726562 SigReg: 26.9528275
std: 1.09179688 ,  0.829101562 SigReg: 23.6765594
std: 0.892089844 ,  0.712402344 SigReg: 23.6765594
std: 0.9140625 ,  0.791503906 SigReg: 28.3750896
std: 0.788574219 ,  0.714355469 SigReg: 28.3750896
std: 0.892578125 ,  0.737304688 SigReg: 27.9699402
std: 0.983886719 ,  0.802734375 SigReg: 27.9699402
std: 0.971679688 ,  0.789550781 SigReg: 24.3281555
std: 0.670410156 ,  0.602050781 SigReg: 24.3281555
std: 0.987792969 ,  0.713867188 SigReg: 23.2914639
std: 0.9765625 ,  0.729003906 SigReg: 23.2914639
std: 0.868652344 ,  0.694824219 SigReg: 29.3236828
std: 1.00683594 ,  0.704589844 SigReg: 29.3236828
std: 0.904296875 ,  0.624023438 SigReg: 31.7696552
std: 1.02636719 ,  0.759765625 SigReg: 31.7696552
std: 0.777832031 ,  0.733398438 SigReg: 27.9142551
std: 0.694335938 ,  0.60546875 SigReg: 27.9142551
std: 0.779296875 ,  0.682617188 SigReg: 24.42803
std: 0.786132812 ,  0.661132812 SigReg: 24.42803
std: 0.772949219 ,  0.672851562 SigReg: 30.3616428
std: 0.776367188 ,  0.560058594 SigReg: 30.3616428
std: 0.776367188 ,  0.572265625 SigReg: 30.6520519
std: 0.720214844 ,  0.6875 SigReg: 30.6520519
std: 0.618164062 ,  0.472412109 SigReg: 29.783638
std: 0.769042969 ,  0.733886719 SigReg: 29.783638
std: 0.755859375 ,  0.764648438 SigReg: 31.7236347
std: 0.809082031 ,  0.770507812 SigReg: 31.7236347
std: 0.720214844 ,  0.655273438 SigReg: 38.2447357
std: 0.729980469 ,  0.728027344 SigReg: 38.2447357
std: 0.859375 ,  0.710449219 SigReg: 34.1559029
std: 0.82421875 ,  0.710449219 SigReg: 34.1559029
std: 0.73046875 ,  0.666015625 SigReg: 31.3714046
std: 0.768066406 ,  0.593261719 SigReg: 31.3714046
  Step 100: Backbone Loss = 2.7879, SIGReg Loss = 31.3714 Probe Loss = 346.7520, Acc = 0.5149
std: 0.748535156 ,  0.696777344 SigReg: 31.2980347
std: 0.748046875 ,  0.704101562 SigReg: 31.2980347
std: 0.911621094 ,  0.625976562 SigReg: 28.9731674
std: 0.827148438 ,  0.729492188 SigReg: 28.9731674
std: 0.815429688 ,  0.678222656 SigReg: 32.8545265
std: 0.803222656 ,  0.59765625 SigReg: 32.8545265
std: 0.798828125 ,  0.533203125 SigReg: 25.949543
std: 0.818847656 ,  0.650390625 SigReg: 25.949543
std: 0.825195312 ,  0.598144531 SigReg: 31.5420818
std: 0.983886719 ,  0.537109375 SigReg: 31.5420818
std: 0.875488281 ,  0.474853516 SigReg: 27.9169216
std: 0.783203125 ,  0.536132812 SigReg: 27.9169216
std: 0.907714844 ,  0.62109375 SigReg: 27.0501022
std: 0.864257812 ,  0.636230469 SigReg: 27.0501022
std: 0.762207031 ,  0.51953125 SigReg: 27.8439465
std: 0.854003906 ,  0.556152344 SigReg: 27.8439465
std: 0.799316406 ,  0.676269531 SigReg: 22.2631664
std: 0.861816406 ,  0.647460938 SigReg: 22.2631664
std: 0.9453125 ,  0.8125 SigReg: 24.5504799
std: 0.776367188 ,  0.715820312 SigReg: 24.5504799
std: 0.979980469 ,  0.756347656 SigReg: 29.7150974
std: 0.930175781 ,  0.710449219 SigReg: 29.7150974
std: 1.02832031 ,  0.771972656 SigReg: 25.0921345
std: 0.881347656 ,  0.755371094 SigReg: 25.0921345
std: 0.765625 ,  0.609375 SigReg: 26.3295135
std: 0.939941406 ,  0.669433594 SigReg: 26.3295135
std: 0.726074219 ,  0.641601562 SigReg: 25.3715649
std: 0.928710938 ,  0.651367188 SigReg: 25.3715649
std: 0.993652344 ,  0.609375 SigReg: 27.5647736
std: 0.910644531 ,  0.708496094 SigReg: 27.5647736
std: 1.0078125 ,  0.651367188 SigReg: 30.5943356
std: 0.988769531 ,  0.6796875 SigReg: 30.5943356
std: 0.895507812 ,  0.632324219 SigReg: 25.6007195
std: 0.944335938 ,  0.52734375 SigReg: 25.6007195
std: 0.847167969 ,  0.471191406 SigReg: 26.0467453
std: 0.872558594 ,  0.583984375 SigReg: 26.0467453
std: 0.808105469 ,  0.541992188 SigReg: 24.4164772
std: 0.992675781 ,  0.625 SigReg: 24.4164772
std: 0.896484375 ,  0.638183594 SigReg: 30.1862221
std: 0.685546875 ,  0.553710938 SigReg: 30.1862221
std: 0.747558594 ,  0.610351562 SigReg: 28.1167984
std: 0.812988281 ,  0.672363281 SigReg: 28.1167984
std: 0.8515625 ,  0.612304688 SigReg: 31.6270599
std: 0.663085938 ,  0.61328125 SigReg: 31.6270599
std: 0.927734375 ,  0.594238281 SigReg: 30.0694199
std: 0.779785156 ,  0.540039062 SigReg: 30.0694199
std: 0.711914062 ,  0.587890625 SigReg: 26.181385
std: 0.77734375 ,  0.697265625 SigReg: 26.181385
std: 0.8359375 ,  0.678222656 SigReg: 24.7005959
std: 0.823242188 ,  0.620117188 SigReg: 24.7005959
std: 0.815917969 ,  0.711425781 SigReg: 24.3600445
std: 0.840332031 ,  0.767578125 SigReg: 24.3600445
std: 0.837890625 ,  0.671386719 SigReg: 24.1245041
std: 0.808105469 ,  0.595214844 SigReg: 24.1245041
std: 0.815429688 ,  0.671386719 SigReg: 25.1464577
std: 0.830078125 ,  0.709472656 SigReg: 25.1464577
std: 0.625488281 ,  0.6796875 SigReg: 36.7823486
std: 0.862304688 ,  0.642578125 SigReg: 36.7823486
std: 0.646972656 ,  0.605957031 SigReg: 28.3169022
std: 0.803710938 ,  0.544921875 SigReg: 28.3169022
std: 0.91015625 ,  0.735351562 SigReg: 25.8692303
std: 0.84765625 ,  0.698242188 SigReg: 25.8692303
std: 0.811523438 ,  0.724121094 SigReg: 40.0677605
std: 0.807128906 ,  0.723632812 SigReg: 40.0677605
std: 0.879394531 ,  0.764160156 SigReg: 25.2641697
std: 0.920898438 ,  0.6796875 SigReg: 25.2641697
std: 0.902832031 ,  0.71484375 SigReg: 33.1009521
std: 0.868652344 ,  0.729003906 SigReg: 33.1009521
std: 0.8046875 ,  0.669921875 SigReg: 30.469471
std: 0.929199219 ,  0.626464844 SigReg: 30.469471
std: 0.888183594 ,  0.58984375 SigReg: 28.2661438
std: 0.928710938 ,  0.633300781 SigReg: 28.2661438
std: 0.848144531 ,  0.596679688 SigReg: 28.3214912
std: 0.779785156 ,  0.664550781 SigReg: 28.3214912
std: 0.806640625 ,  0.551269531 SigReg: 30.9098511
std: 0.873535156 ,  0.618164062 SigReg: 30.9098511
std: 0.805664062 ,  0.60546875 SigReg: 30.7021446
std: 0.880371094 ,  0.69140625 SigReg: 30.7021446
std: 0.897460938 ,  0.623535156 SigReg: 25.6548538
std: 0.836425781 ,  0.5625 SigReg: 25.6548538
std: 0.937988281 ,  0.659179688 SigReg: 26.4031677
std: 0.828125 ,  0.620117188 SigReg: 26.4031677
std: 0.916015625 ,  0.626953125 SigReg: 29.3949242
std: 0.900390625 ,  0.624023438 SigReg: 29.3949242
std: 0.918457031 ,  0.752441406 SigReg: 24.8945065
std: 0.89453125 ,  0.702148438 SigReg: 24.8945065
std: 0.911621094 ,  0.662597656 SigReg: 27.2189236
std: 0.853515625 ,  0.650878906 SigReg: 27.2189236
std: 1.06445312 ,  0.682617188 SigReg: 27.0681973
std: 1 ,  0.685546875 SigReg: 27.0681973
std: 0.899414062 ,  0.648925781 SigReg: 24.2904
std: 1.015625 ,  0.690429688 SigReg: 24.2904
std: 1.04980469 ,  0.6015625 SigReg: 23.4679012
std: 0.9921875 ,  0.624023438 SigReg: 23.4679012
std: 1.03417969 ,  0.604003906 SigReg: 22.8188725
std: 1.05761719 ,  0.687988281 SigReg: 22.8188725
std: 1.00683594 ,  0.551757812 SigReg: 23.3463116
std: 1.01953125 ,  0.595703125 SigReg: 23.3463116
std: 1.06054688 ,  0.576660156 SigReg: 24.4172058
std: 1.02050781 ,  0.616699219 SigReg: 24.4172058
  Step 150: Backbone Loss = 2.3654, SIGReg Loss = 24.4172 Probe Loss = 321.5325, Acc = 0.5103
std: 1.10742188 ,  0.584960938 SigReg: 27.0816193
std: 1.0625 ,  0.609375 SigReg: 27.0816193
std: 1.0078125 ,  0.534179688 SigReg: 24.4941883
std: 1.07714844 ,  0.608886719 SigReg: 24.4941883
std: 1.0703125 ,  0.574707031 SigReg: 28.0398903
std: 1.08203125 ,  0.547851562 SigReg: 28.0398903
std: 1.00195312 ,  0.578613281 SigReg: 27.4886456
std: 1.0078125 ,  0.593261719 SigReg: 27.4886456
std: 1.18066406 ,  0.719726562 SigReg: 28.0690346
std: 1.12890625 ,  0.685546875 SigReg: 28.0690346
std: 1.27246094 ,  0.66015625 SigReg: 31.4939785
std: 1.13476562 ,  0.644042969 SigReg: 31.4939785
std: 1.24023438 ,  0.633300781 SigReg: 28.361002
std: 1.26269531 ,  0.604003906 SigReg: 28.361002
std: 1.33105469 ,  0.490478516 SigReg: 26.1148415
std: 1.109375 ,  0.593261719 SigReg: 26.1148415
std: 1.22753906 ,  0.662597656 SigReg: 25.7191162
std: 1.05664062 ,  0.618652344 SigReg: 25.7191162
std: 1.26953125 ,  0.61328125 SigReg: 28.984108
std: 1.23046875 ,  0.655273438 SigReg: 28.984108
std: 1.21386719 ,  0.5859375 SigReg: 24.3279247
std: 1.23144531 ,  0.728027344 SigReg: 24.3279247
std: 1.21289062 ,  0.587890625 SigReg: 28.2771301
std: 1.08886719 ,  0.687988281 SigReg: 28.2771301
std: 1.05566406 ,  0.6171875 SigReg: 28.633297
std: 1.04296875 ,  0.58984375 SigReg: 28.633297
std: 1.11230469 ,  0.598632812 SigReg: 27.0892601
std: 1.23828125 ,  0.666503906 SigReg: 27.0892601
std: 1.15429688 ,  0.604980469 SigReg: 26.3006115
std: 1.0859375 ,  0.653320312 SigReg: 26.3006115
std: 1.06738281 ,  0.61328125 SigReg: 22.6799316
std: 1.02734375 ,  0.552734375 SigReg: 22.6799316
std: 1.22753906 ,  0.594238281 SigReg: 33.9669609
std: 1.17773438 ,  0.562011719 SigReg: 33.9669609
std: 1.22949219 ,  0.728515625 SigReg: 32.6764069
std: 1.07617188 ,  0.633300781 SigReg: 32.6764069
std: 1.07226562 ,  0.619140625 SigReg: 25.8992577
std: 1.07617188 ,  0.698242188 SigReg: 25.8992577
std: 1.078125 ,  0.59765625 SigReg: 26.454174
std: 1.09570312 ,  0.687011719 SigReg: 26.454174
std: 1.04980469 ,  0.598632812 SigReg: 30.9166431
std: 1.06152344 ,  0.671386719 SigReg: 30.9166431
std: 0.942382812 ,  0.556152344 SigReg: 28.1939
std: 0.907714844 ,  0.51953125 SigReg: 28.1939
std: 0.913574219 ,  0.600097656 SigReg: 25.6866436
std: 0.874023438 ,  0.6640625 SigReg: 25.6866436
std: 0.736816406 ,  0.6953125 SigReg: 22.7165451
std: 0.931640625 ,  0.698730469 SigReg: 22.7165451
std: 0.783203125 ,  0.7421875 SigReg: 30.6194496
std: 0.806640625 ,  0.758300781 SigReg: 30.6194496
std: 0.6953125 ,  0.727050781 SigReg: 25.5483971
std: 0.801757812 ,  0.719238281 SigReg: 25.5483971
std: 0.745605469 ,  0.703613281 SigReg: 31.4787102
std: 0.728027344 ,  0.774414062 SigReg: 31.4787102
std: 0.874023438 ,  0.674804688 SigReg: 31.0176964
std: 0.865234375 ,  0.713378906 SigReg: 31.0176964
std: 0.786621094 ,  0.780273438 SigReg: 26.2687416
std: 0.801757812 ,  0.749023438 SigReg: 26.2687416
std: 0.62109375 ,  0.729980469 SigReg: 26.2041225
std: 0.634277344 ,  0.741699219 SigReg: 26.2041225
std: 0.754882812 ,  0.749511719 SigReg: 27.4325542
std: 0.673339844 ,  0.654785156 SigReg: 27.4325542
std: 0.765625 ,  0.624023438 SigReg: 25.3221397
std: 0.806640625 ,  0.538085938 SigReg: 25.3221397
std: 0.662597656 ,  0.614746094 SigReg: 25.8410492
std: 0.767089844 ,  0.5390625 SigReg: 25.8410492
std: 0.684570312 ,  0.598144531 SigReg: 25.4211807
std: 0.648925781 ,  0.541015625 SigReg: 25.4211807
std: 0.797851562 ,  0.623046875 SigReg: 37.116024
std: 0.737792969 ,  0.544921875 SigReg: 37.116024
std: 0.825683594 ,  0.627929688 SigReg: 27.4462795
std: 0.712890625 ,  0.588378906 SigReg: 27.4462795
std: 0.654785156 ,  0.560058594 SigReg: 27.5251446
std: 0.643066406 ,  0.564941406 SigReg: 27.5251446
std: 0.592773438 ,  0.541015625 SigReg: 28.9467392
std: 0.682128906 ,  0.422363281 SigReg: 28.9467392
std: 0.680175781 ,  0.473144531 SigReg: 31.7262573
std: 0.6875 ,  0.473144531 SigReg: 31.7262573
std: 0.666503906 ,  0.515136719 SigReg: 33.5372353
std: 0.67578125 ,  0.473388672 SigReg: 33.5372353
std: 0.674804688 ,  0.490234375 SigReg: 31.7428532
std: 0.697753906 ,  0.540039062 SigReg: 31.7428532
std: 0.732421875 ,  0.583007812 SigReg: 31.3310719
std: 0.796386719 ,  0.645507812 SigReg: 31.3310719
std: 0.666015625 ,  0.626953125 SigReg: 28.7076206
std: 0.637207031 ,  0.626953125 SigReg: 28.7076206
std: 0.721191406 ,  0.616699219 SigReg: 30.4453163
std: 0.748046875 ,  0.626464844 SigReg: 30.4453163
std: 0.849121094 ,  0.571289062 SigReg: 24.8397732
std: 0.804199219 ,  0.623046875 SigReg: 24.8397732
std: 0.87890625 ,  0.568359375 SigReg: 25.4629192
std: 0.799316406 ,  0.56640625 SigReg: 25.4629192
std: 0.836914062 ,  0.540527344 SigReg: 25.3615799
std: 0.858398438 ,  0.590820312 SigReg: 25.3615799
std: 0.770019531 ,  0.533691406 SigReg: 23.9453545
std: 0.745117188 ,  0.584472656 SigReg: 23.9453545
std: 0.938964844 ,  0.508300781 SigReg: 27.4923897
std: 0.781738281 ,  0.533203125 SigReg: 27.4923897
std: 0.841308594 ,  0.444580078 SigReg: 28.0088463
std: 0.782226562 ,  0.493408203 SigReg: 28.0088463
  Step 200: Backbone Loss = 2.5890, SIGReg Loss = 28.0088 Probe Loss = 300.8932, Acc = 0.5373
std: 0.893554688 ,  0.440917969 SigReg: 24.0221748
std: 0.748535156 ,  0.591308594 SigReg: 24.0221748
std: 0.876464844 ,  0.473144531 SigReg: 25.7244415
std: 0.939941406 ,  0.516601562 SigReg: 25.7244415
std: 0.693847656 ,  0.52734375 SigReg: 26.57164
std: 0.667480469 ,  0.528320312 SigReg: 26.57164
std: 0.776855469 ,  0.505371094 SigReg: 26.9579239
std: 0.817382812 ,  0.549804688 SigReg: 26.9579239
std: 0.916015625 ,  0.566894531 SigReg: 25.2609539
std: 0.832519531 ,  0.589355469 SigReg: 25.2609539
std: 0.642089844 ,  0.569824219 SigReg: 28.097681
std: 0.828613281 ,  0.631835938 SigReg: 28.097681
std: 0.936035156 ,  0.598144531 SigReg: 24.7602654
std: 0.854492188 ,  0.61328125 SigReg: 24.7602654
std: 0.777832031 ,  0.545410156 SigReg: 28.584713
std: 0.768066406 ,  0.490234375 SigReg: 28.584713
std: 0.920898438 ,  0.549316406 SigReg: 24.0743904
std: 0.845703125 ,  0.561035156 SigReg: 24.0743904
std: 0.755371094 ,  0.487304688 SigReg: 29.2022896
std: 0.672363281 ,  0.515625 SigReg: 29.2022896
std: 0.909179688 ,  0.515625 SigReg: 27.0499535
std: 0.866699219 ,  0.473388672 SigReg: 27.0499535
std: 0.795410156 ,  0.509277344 SigReg: 23.3082695
std: 0.759277344 ,  0.549804688 SigReg: 23.3082695
std: 0.819335938 ,  0.583496094 SigReg: 21.3771648
std: 0.728027344 ,  0.521972656 SigReg: 21.3771648
std: 0.799316406 ,  0.53515625 SigReg: 24.8885098
std: 0.802246094 ,  0.438720703 SigReg: 24.8885098
std: 0.783203125 ,  0.555175781 SigReg: 29.5049896
std: 0.797363281 ,  0.623046875 SigReg: 29.5049896
std: 0.870605469 ,  0.494873047 SigReg: 30.5803661
std: 0.905273438 ,  0.564941406 SigReg: 30.5803661
std: 0.84765625 ,  0.501953125 SigReg: 27.319912
std: 0.812011719 ,  0.586914062 SigReg: 27.319912
std: 0.864257812 ,  0.533203125 SigReg: 29.956358
std: 0.864257812 ,  0.478515625 SigReg: 29.956358
std: 0.787597656 ,  0.520996094 SigReg: 24.4171162
std: 0.732910156 ,  0.553710938 SigReg: 24.4171162
std: 0.946289062 ,  0.404785156 SigReg: 28.1075459
std: 0.892089844 ,  0.510253906 SigReg: 28.1075459
std: 0.840820312 ,  0.562988281 SigReg: 24.8321495
std: 0.8671875 ,  0.551269531 SigReg: 24.8321495
std: 0.778320312 ,  0.4921875 SigReg: 30.582016
std: 0.854492188 ,  0.62109375 SigReg: 30.582016
std: 0.885742188 ,  0.501953125 SigReg: 25.7407837
std: 0.841796875 ,  0.473144531 SigReg: 25.7407837
std: 0.774414062 ,  0.56640625 SigReg: 28.7943363
std: 0.915527344 ,  0.535644531 SigReg: 28.7943363
std: 0.684082031 ,  0.506347656 SigReg: 25.2012825
std: 0.720703125 ,  0.588378906 SigReg: 25.2012825
std: 0.847167969 ,  0.579589844 SigReg: 25.7642689
std: 0.741699219 ,  0.757324219 SigReg: 25.7642689
std: 0.885253906 ,  0.631835938 SigReg: 26.1737595
std: 0.880371094 ,  0.610839844 SigReg: 26.1737595
std: 0.860839844 ,  0.648925781 SigReg: 26.325655
std: 0.761230469 ,  0.578125 SigReg: 26.325655
std: 0.983886719 ,  0.598632812 SigReg: 21.449585
std: 0.869628906 ,  0.59765625 SigReg: 21.449585
std: 0.870605469 ,  0.670410156 SigReg: 24.6806965
std: 1.01660156 ,  0.592773438 SigReg: 24.6806965
std: 0.868652344 ,  0.553222656 SigReg: 24.6240635
std: 0.961425781 ,  0.583496094 SigReg: 24.6240635
std: 0.7890625 ,  0.645507812 SigReg: 23.8276443
std: 0.793945312 ,  0.703125 SigReg: 23.8276443
std: 0.715332031 ,  0.600097656 SigReg: 26.6775112
std: 0.719238281 ,  0.646972656 SigReg: 26.6775112
std: 0.698242188 ,  0.560546875 SigReg: 33.7488594
std: 0.912109375 ,  0.588378906 SigReg: 33.7488594
std: 0.684082031 ,  0.672851562 SigReg: 27.1451797
std: 0.711914062 ,  0.623535156 SigReg: 27.1451797
std: 0.740722656 ,  0.630859375 SigReg: 26.2841492
std: 0.767578125 ,  0.653808594 SigReg: 26.2841492
std: 0.628417969 ,  0.544921875 SigReg: 26.7009506
std: 0.704101562 ,  0.599609375 SigReg: 26.7009506
std: 0.842773438 ,  0.575195312 SigReg: 26.7567577
std: 0.749023438 ,  0.593261719 SigReg: 26.7567577
std: 0.731445312 ,  0.642578125 SigReg: 25.4664783
std: 0.780761719 ,  0.542480469 SigReg: 25.4664783
std: 0.764160156 ,  0.458251953 SigReg: 26.5450668
std: 0.754394531 ,  0.502929688 SigReg: 26.5450668
std: 0.770996094 ,  0.475830078 SigReg: 28.1826401
std: 0.76953125 ,  0.586425781 SigReg: 28.1826401
std: 0.833496094 ,  0.413330078 SigReg: 26.6837
std: 0.767089844 ,  0.468017578 SigReg: 26.6837
std: 0.82421875 ,  0.55859375 SigReg: 23.5519657
std: 0.912597656 ,  0.409423828 SigReg: 23.5519657
std: 0.905761719 ,  0.446044922 SigReg: 24.7699661
std: 0.835449219 ,  0.5390625 SigReg: 24.7699661
std: 0.744628906 ,  0.515625 SigReg: 23.1927185
std: 0.822753906 ,  0.479248047 SigReg: 23.1927185
std: 0.811035156 ,  0.389648438 SigReg: 25.0151825
std: 0.85546875 ,  0.512695312 SigReg: 25.0151825
std: 0.78515625 ,  0.583984375 SigReg: 23.0490379
std: 0.876953125 ,  0.42578125 SigReg: 23.0490379
std: 0.895019531 ,  0.490478516 SigReg: 23.0679817
std: 0.880371094 ,  0.484130859 SigReg: 23.0679817
std: 0.836914062 ,  0.448730469 SigReg: 24.4053688
std: 0.898925781 ,  0.506835938 SigReg: 24.4053688
std: 0.979980469 ,  0.492919922 SigReg: 26.1900272
std: 0.915527344 ,  0.438232422 SigReg: 26.1900272
  Step 250: Backbone Loss = 2.4397, SIGReg Loss = 26.1900 Probe Loss = 309.1644, Acc = 0.5229
std: 0.939941406 ,  0.494628906 SigReg: 29.364275
std: 0.899902344 ,  0.466064453 SigReg: 29.364275
std: 0.864257812 ,  0.545898438 SigReg: 26.1595478
std: 0.927734375 ,  0.428466797 SigReg: 26.1595478
std: 0.948242188 ,  0.586914062 SigReg: 27.3696098
std: 0.8046875 ,  0.510742188 SigReg: 27.3696098
std: 0.786621094 ,  0.635742188 SigReg: 26.171339
std: 0.76171875 ,  0.514648438 SigReg: 26.171339
std: 0.887207031 ,  0.565917969 SigReg: 25.4890556
std: 0.791992188 ,  0.569335938 SigReg: 25.4890556
std: 0.842773438 ,  0.5546875 SigReg: 24.1567936
std: 0.711425781 ,  0.568847656 SigReg: 24.1567936
std: 0.688964844 ,  0.601074219 SigReg: 28.702076
std: 0.627441406 ,  0.544433594 SigReg: 28.702076
std: 0.592285156 ,  0.666503906 SigReg: 23.3444881
std: 0.813476562 ,  0.661621094 SigReg: 23.3444881
std: 0.791503906 ,  0.624511719 SigReg: 23.9291821
std: 0.749511719 ,  0.651855469 SigReg: 23.9291821
std: 0.788574219 ,  0.635742188 SigReg: 28.0446186
std: 0.748046875 ,  0.590332031 SigReg: 28.0446186
std: 0.858886719 ,  0.510253906 SigReg: 24.0265255
std: 0.800292969 ,  0.492675781 SigReg: 24.0265255
std: 0.961425781 ,  0.586425781 SigReg: 26.0018101
std: 1.08789062 ,  0.571777344 SigReg: 26.0018101
std: 0.946289062 ,  0.536132812 SigReg: 26.7923756
std: 1.0546875 ,  0.580566406 SigReg: 26.7923756
std: 0.864746094 ,  0.465087891 SigReg: 26.4808865
std: 0.841796875 ,  0.580566406 SigReg: 26.4808865
std: 0.971679688 ,  0.547851562 SigReg: 23.2048454
std: 0.991699219 ,  0.537597656 SigReg: 23.2048454
std: 1.02539062 ,  0.59765625 SigReg: 26.2769184
std: 0.925292969 ,  0.581054688 SigReg: 26.2769184
std: 0.950195312 ,  0.5234375 SigReg: 24.7252789
std: 0.894042969 ,  0.486572266 SigReg: 24.7252789
std: 0.825683594 ,  0.511230469 SigReg: 29.8386497
std: 0.924804688 ,  0.479980469 SigReg: 29.8386497
std: 0.862304688 ,  0.502441406 SigReg: 28.6302776
std: 0.962890625 ,  0.494873047 SigReg: 28.6302776
std: 0.873535156 ,  0.491943359 SigReg: 25.7882671
std: 0.833496094 ,  0.446777344 SigReg: 25.7882671
std: 0.877929688 ,  0.543945312 SigReg: 22.560194
std: 0.841796875 ,  0.546875 SigReg: 22.560194
std: 0.844726562 ,  0.51953125 SigReg: 23.9047966
std: 0.808105469 ,  0.553222656 SigReg: 23.9047966
std: 0.750488281 ,  0.584472656 SigReg: 24.0470848
std: 0.875488281 ,  0.526855469 SigReg: 24.0470848
std: 0.6796875 ,  0.58984375 SigReg: 24.5234165
std: 0.721679688 ,  0.659179688 SigReg: 24.5234165
std: 0.719726562 ,  0.595703125 SigReg: 25.7639294
std: 0.787597656 ,  0.530273438 SigReg: 25.7639294
std: 0.805175781 ,  0.624511719 SigReg: 24.272356
std: 0.759277344 ,  0.508789062 SigReg: 24.272356
std: 0.736328125 ,  0.577636719 SigReg: 29.5047112
std: 0.6640625 ,  0.521972656 SigReg: 29.5047112
std: 0.623535156 ,  0.577636719 SigReg: 20.7778625
std: 0.820800781 ,  0.5703125 SigReg: 20.7778625
std: 0.612304688 ,  0.490722656 SigReg: 22.5191326
std: 0.684082031 ,  0.596191406 SigReg: 22.5191326
std: 0.630371094 ,  0.521972656 SigReg: 25.8795338
std: 0.732910156 ,  0.512695312 SigReg: 25.8795338
std: 0.69921875 ,  0.563476562 SigReg: 24.9254093
std: 0.737304688 ,  0.462890625 SigReg: 24.9254093
std: 0.618164062 ,  0.460449219 SigReg: 25.1679935
std: 0.715820312 ,  0.495361328 SigReg: 25.1679935
std: 0.712402344 ,  0.518554688 SigReg: 27.0561752
std: 0.65234375 ,  0.438964844 SigReg: 27.0561752
std: 0.671875 ,  0.424072266 SigReg: 32.6208649
std: 0.746582031 ,  0.483398438 SigReg: 32.6208649
std: 0.621582031 ,  0.469726562 SigReg: 23.6653614
std: 0.703613281 ,  0.581054688 SigReg: 23.6653614
std: 0.661132812 ,  0.416992188 SigReg: 22.9640617
std: 0.610351562 ,  0.518554688 SigReg: 22.9640617
std: 0.595703125 ,  0.469238281 SigReg: 30.5203743
std: 0.628417969 ,  0.540527344 SigReg: 30.5203743
std: 0.5859375 ,  0.396972656 SigReg: 26.5355816
std: 0.692382812 ,  0.474121094 SigReg: 26.5355816
std: 0.686035156 ,  0.491943359 SigReg: 24.8602123
std: 0.706542969 ,  0.400878906 SigReg: 24.8602123
std: 0.598632812 ,  0.485595703 SigReg: 26.5136337
std: 0.645019531 ,  0.512695312 SigReg: 26.5136337
std: 0.602050781 ,  0.470947266 SigReg: 27.9203396
std: 0.640625 ,  0.499755859 SigReg: 27.9203396
std: 0.594726562 ,  0.484619141 SigReg: 22.8555565
std: 0.623046875 ,  0.518554688 SigReg: 22.8555565
std: 0.65234375 ,  0.461425781 SigReg: 28.1354332
std: 0.666992188 ,  0.544433594 SigReg: 28.1354332
std: 0.592773438 ,  0.431640625 SigReg: 25.1433582
std: 0.645507812 ,  0.482421875 SigReg: 25.1433582
std: 0.646484375 ,  0.5078125 SigReg: 27.0225
std: 0.589355469 ,  0.484130859 SigReg: 27.0225
std: 0.586425781 ,  0.477294922 SigReg: 26.8480148
std: 0.659179688 ,  0.46484375 SigReg: 26.8480148
std: 0.631347656 ,  0.442138672 SigReg: 24.8380337
std: 0.595214844 ,  0.384033203 SigReg: 24.8380337
std: 0.684082031 ,  0.485107422 SigReg: 19.9566422
std: 0.666015625 ,  0.53125 SigReg: 19.9566422
std: 0.702636719 ,  0.498046875 SigReg: 24.5653877
std: 0.578613281 ,  0.525390625 SigReg: 24.5653877
std: 0.6328125 ,  0.529296875 SigReg: 22.0039444
std: 0.740234375 ,  0.545898438 SigReg: 22.0039444
  Step 300: Backbone Loss = 2.2446, SIGReg Loss = 22.0039 Probe Loss = 318.2470, Acc = 0.5226
std: 0.649902344 ,  0.5234375 SigReg: 23.4980583
std: 0.567871094 ,  0.559570312 SigReg: 23.4980583
std: 0.6875 ,  0.498779297 SigReg: 21.3921947
std: 0.794921875 ,  0.466796875 SigReg: 21.3921947
std: 0.725585938 ,  0.4765625 SigReg: 23.8227386
std: 0.592773438 ,  0.502929688 SigReg: 23.8227386
std: 0.604492188 ,  0.481689453 SigReg: 21.0313492
std: 0.71484375 ,  0.459960938 SigReg: 21.0313492
std: 0.702148438 ,  0.469482422 SigReg: 34.4156227
std: 0.782714844 ,  0.492919922 SigReg: 34.4156227
std: 0.828613281 ,  0.640625 SigReg: 35.5126343
std: 0.674316406 ,  0.540039062 SigReg: 35.5126343
Epoch 6 finished in 249.88s.
  Avg Backbone Loss: 2.5715
  Avg Probe Loss:    323.9857
  Avg Probe Accuracy: 0.5200

Epoch 7/100
std: 0.626464844 ,  0.403564453 SigReg: 26.8875313
std: 0.770996094 ,  0.520507812 SigReg: 26.8875313
  Step 0: Backbone Loss = 2.4427, SIGReg Loss = 26.8875 Probe Loss = 322.5332, Acc = 0.5276
std: 0.708007812 ,  0.610839844 SigReg: 23.8452873
std: 0.678222656 ,  0.508300781 SigReg: 23.8452873
std: 0.647949219 ,  0.560058594 SigReg: 29.6000786
std: 0.684082031 ,  0.415527344 SigReg: 29.6000786
std: 0.596191406 ,  0.548339844 SigReg: 30.299305
std: 0.62109375 ,  0.517089844 SigReg: 30.299305
std: 0.689453125 ,  0.577148438 SigReg: 29.7153206
std: 0.6171875 ,  0.442138672 SigReg: 29.7153206
std: 0.838378906 ,  0.626464844 SigReg: 25.9732323
std: 0.856933594 ,  0.491699219 SigReg: 25.9732323
std: 0.925292969 ,  0.55859375 SigReg: 24.860323
std: 0.969726562 ,  0.637207031 SigReg: 24.860323
std: 0.979980469 ,  0.667480469 SigReg: 32.3242645
std: 0.870117188 ,  0.684082031 SigReg: 32.3242645
std: 0.938964844 ,  0.791503906 SigReg: 29.0061188
std: 0.896972656 ,  0.684570312 SigReg: 29.0061188
std: 0.749511719 ,  0.736328125 SigReg: 29.7841282
std: 0.894042969 ,  0.776855469 SigReg: 29.7841282
std: 0.879882812 ,  0.568847656 SigReg: 24.0667019
std: 0.893554688 ,  0.725097656 SigReg: 24.0667019
std: 0.842773438 ,  0.618164062 SigReg: 23.8016376
std: 0.822265625 ,  0.635253906 SigReg: 23.8016376
std: 0.776855469 ,  0.6640625 SigReg: 24.991497
std: 0.845703125 ,  0.686523438 SigReg: 24.991497
std: 0.705566406 ,  0.740722656 SigReg: 23.0121078
std: 0.82421875 ,  0.754882812 SigReg: 23.0121078
std: 0.672363281 ,  0.884765625 SigReg: 23.309845
std: 0.681640625 ,  0.765136719 SigReg: 23.309845
std: 0.666992188 ,  0.738769531 SigReg: 24.0593567
std: 0.646484375 ,  0.850585938 SigReg: 24.0593567
std: 0.52734375 ,  0.850097656 SigReg: 21.7141972
std: 0.639648438 ,  0.666992188 SigReg: 21.7141972
std: 0.557617188 ,  0.763183594 SigReg: 20.6706066
std: 0.551757812 ,  0.895507812 SigReg: 20.6706066
std: 0.575195312 ,  0.760742188 SigReg: 23.9055958
std: 0.554199219 ,  0.775878906 SigReg: 23.9055958
std: 0.631835938 ,  0.824707031 SigReg: 22.5903435
std: 0.635742188 ,  0.748046875 SigReg: 22.5903435
std: 0.531738281 ,  0.786621094 SigReg: 27.1064568
std: 0.577148438 ,  0.760742188 SigReg: 27.1064568
std: 0.478515625 ,  0.670410156 SigReg: 28.4852028
std: 0.513671875 ,  0.779296875 SigReg: 28.4852028
std: 0.477050781 ,  0.748535156 SigReg: 24.0327873
std: 0.528320312 ,  0.838867188 SigReg: 24.0327873
std: 0.557128906 ,  0.742675781 SigReg: 23.5542583
std: 0.561523438 ,  0.751953125 SigReg: 23.5542583
std: 0.470214844 ,  0.869140625 SigReg: 34.4289627
std: 0.410400391 ,  0.775878906 SigReg: 34.4289627
std: 0.502929688 ,  0.793457031 SigReg: 29.7964668
std: 0.56640625 ,  0.759765625 SigReg: 29.7964668
std: 0.622070312 ,  0.767089844 SigReg: 25.0074825
std: 0.571777344 ,  0.791503906 SigReg: 25.0074825
std: 0.576660156 ,  0.858398438 SigReg: 28.038578
std: 0.492675781 ,  0.76171875 SigReg: 28.038578
std: 0.522460938 ,  0.73828125 SigReg: 29.571
std: 0.578613281 ,  0.786621094 SigReg: 29.571
std: 0.433837891 ,  0.891113281 SigReg: 29.9737759
std: 0.580078125 ,  0.754394531 SigReg: 29.9737759
std: 0.453613281 ,  0.855957031 SigReg: 21.6602516
std: 0.515625 ,  0.760253906 SigReg: 21.6602516
std: 0.459228516 ,  1.015625 SigReg: 25.8411446
std: 0.543457031 ,  0.977539062 SigReg: 25.8411446
std: 0.3984375 ,  1.03710938 SigReg: 22.3014011
std: 0.505859375 ,  0.875976562 SigReg: 22.3014011
std: 0.526855469 ,  0.951171875 SigReg: 24.2377396
std: 0.527832031 ,  0.907226562 SigReg: 24.2377396
std: 0.563964844 ,  0.890136719 SigReg: 25.6681385
std: 0.495849609 ,  1.12695312 SigReg: 25.6681385
std: 0.408691406 ,  1.19335938 SigReg: 21.8640976
std: 0.608398438 ,  1.08007812 SigReg: 21.8640976
std: 0.630371094 ,  0.961914062 SigReg: 31.6376629
std: 0.65234375 ,  1.09570312 SigReg: 31.6376629
std: 0.624023438 ,  1.125 SigReg: 23.1491947
std: 0.621582031 ,  0.976074219 SigReg: 23.1491947
std: 0.618164062 ,  1.07714844 SigReg: 22.6466866
std: 0.638671875 ,  1.078125 SigReg: 22.6466866
std: 0.652832031 ,  1.03613281 SigReg: 27.6788883
std: 0.579589844 ,  1.1328125 SigReg: 27.6788883
std: 0.532226562 ,  1.16113281 SigReg: 28.2146854
std: 0.541503906 ,  1.20800781 SigReg: 28.2146854
std: 0.549316406 ,  1.12792969 SigReg: 22.5666561
std: 0.438720703 ,  1.11425781 SigReg: 22.5666561
std: 0.445800781 ,  1.328125 SigReg: 26.3590012
std: 0.515625 ,  1.29785156 SigReg: 26.3590012
std: 0.427734375 ,  1.33105469 SigReg: 25.091032
std: 0.492675781 ,  1.30761719 SigReg: 25.091032
std: 0.418701172 ,  1.29003906 SigReg: 23.7500343
std: 0.482421875 ,  1.23339844 SigReg: 23.7500343
std: 0.493164062 ,  1.46875 SigReg: 24.6052952
std: 0.582519531 ,  1.36816406 SigReg: 24.6052952
std: 0.54296875 ,  1.40820312 SigReg: 21.5948696
std: 0.525390625 ,  1.38085938 SigReg: 21.5948696
std: 0.500488281 ,  1.15722656 SigReg: 23.4342937
std: 0.391845703 ,  1.24902344 SigReg: 23.4342937
std: 0.353271484 ,  1.34570312 SigReg: 33.6842842
std: 0.373779297 ,  1.27636719 SigReg: 33.6842842
std: 0.363037109 ,  1.46679688 SigReg: 40.843689
std: 0.443115234 ,  1.21679688 SigReg: 40.843689
std: 0.489257812 ,  1.37597656 SigReg: 22.5889301
std: 0.493164062 ,  1.35253906 SigReg: 22.5889301
  Step 50: Backbone Loss = 2.3051, SIGReg Loss = 22.5889 Probe Loss = 297.7324, Acc = 0.5260
std: 0.486572266 ,  1.25585938 SigReg: 26.1329632
std: 0.430419922 ,  1.21875 SigReg: 26.1329632
std: 0.565429688 ,  1.06054688 SigReg: 34.3937912
std: 0.558105469 ,  1.18261719 SigReg: 34.3937912
std: 0.59375 ,  1.05371094 SigReg: 26.0425129
std: 0.446533203 ,  1.15039062 SigReg: 26.0425129
std: 0.442871094 ,  1.09375 SigReg: 25.168932
std: 0.382324219 ,  1.11523438 SigReg: 25.168932
std: 0.340087891 ,  1.26367188 SigReg: 25.6443729
std: 0.409423828 ,  1.16113281 SigReg: 25.6443729
std: 0.386474609 ,  1.09960938 SigReg: 24.4106026
std: 0.392089844 ,  1.14355469 SigReg: 24.4106026
std: 0.394775391 ,  1.0234375 SigReg: 24.457962
std: 0.397216797 ,  1.10644531 SigReg: 24.457962
std: 0.422363281 ,  1.07910156 SigReg: 26.0484161
std: 0.409179688 ,  1.16503906 SigReg: 26.0484161
std: 0.384033203 ,  0.94921875 SigReg: 25.5957375
std: 0.529785156 ,  0.890136719 SigReg: 25.5957375
std: 0.453857422 ,  0.763671875 SigReg: 22.3899078
std: 0.508300781 ,  0.958496094 SigReg: 22.3899078
std: 0.435546875 ,  0.861328125 SigReg: 23.0846729
std: 0.468261719 ,  0.986816406 SigReg: 23.0846729
std: 0.43359375 ,  0.946289062 SigReg: 26.1805534
std: 0.466552734 ,  0.854980469 SigReg: 26.1805534
std: 0.497070312 ,  0.967773438 SigReg: 19.4478416
std: 0.468017578 ,  0.91796875 SigReg: 19.4478416
std: 0.458984375 ,  1.02441406 SigReg: 30.1573124
std: 0.467529297 ,  0.767578125 SigReg: 30.1573124
std: 0.489257812 ,  0.927734375 SigReg: 26.528801
std: 0.473632812 ,  0.938476562 SigReg: 26.528801
std: 0.501464844 ,  0.964355469 SigReg: 24.5569859
std: 0.504882812 ,  0.9765625 SigReg: 24.5569859
std: 0.554199219 ,  0.956542969 SigReg: 24.3340511
std: 0.633300781 ,  0.899902344 SigReg: 24.3340511
std: 0.602539062 ,  0.909667969 SigReg: 24.7245045
std: 0.3984375 ,  0.896972656 SigReg: 24.7245045
std: 0.584472656 ,  1.01464844 SigReg: 23.7617874
std: 0.506347656 ,  0.866699219 SigReg: 23.7617874
std: 0.520507812 ,  0.901855469 SigReg: 21.983202
std: 0.533691406 ,  0.990722656 SigReg: 21.983202
std: 0.550292969 ,  1.00683594 SigReg: 21.2870483
std: 0.532226562 ,  0.80859375 SigReg: 21.2870483
std: 0.507324219 ,  0.833496094 SigReg: 20.1166058
std: 0.518554688 ,  0.926269531 SigReg: 20.1166058
std: 0.544433594 ,  0.938964844 SigReg: 26.9106255
std: 0.504882812 ,  0.799316406 SigReg: 26.9106255
std: 0.556640625 ,  0.888183594 SigReg: 25.3118553
std: 0.553710938 ,  0.895019531 SigReg: 25.3118553
std: 0.591796875 ,  0.935546875 SigReg: 26.3822155
std: 0.696289062 ,  0.892578125 SigReg: 26.3822155
std: 0.541992188 ,  0.979980469 SigReg: 25.4782715
std: 0.60546875 ,  0.912109375 SigReg: 25.4782715
std: 0.643066406 ,  1.00097656 SigReg: 23.3077812
std: 0.619140625 ,  0.995117188 SigReg: 23.3077812
std: 0.495605469 ,  0.983886719 SigReg: 24.4903946
std: 0.497558594 ,  0.982421875 SigReg: 24.4903946
std: 0.521972656 ,  0.913574219 SigReg: 25.4070816
std: 0.437744141 ,  0.907714844 SigReg: 25.4070816
std: 0.5390625 ,  0.899414062 SigReg: 19.8189697
std: 0.5234375 ,  0.877441406 SigReg: 19.8189697
std: 0.446044922 ,  0.846679688 SigReg: 25.7091255
std: 0.468261719 ,  0.849609375 SigReg: 25.7091255
std: 0.483642578 ,  0.865234375 SigReg: 23.8788948
std: 0.586914062 ,  0.742675781 SigReg: 23.8788948
std: 0.518066406 ,  0.886230469 SigReg: 23.8574409
std: 0.533691406 ,  0.875488281 SigReg: 23.8574409
std: 0.5078125 ,  0.928222656 SigReg: 20.7007084
std: 0.514648438 ,  0.9453125 SigReg: 20.7007084
std: 0.59765625 ,  0.937011719 SigReg: 21.4602203
std: 0.564941406 ,  0.81640625 SigReg: 21.4602203
std: 0.601074219 ,  0.887695312 SigReg: 23.0401154
std: 0.726074219 ,  0.885253906 SigReg: 23.0401154
std: 0.770507812 ,  0.937988281 SigReg: 19.8764305
std: 0.710449219 ,  0.844238281 SigReg: 19.8764305
std: 0.764648438 ,  0.786132812 SigReg: 20.7255592
std: 0.683105469 ,  0.847167969 SigReg: 20.7255592
std: 0.756347656 ,  0.831054688 SigReg: 19.5948315
std: 0.736328125 ,  0.799316406 SigReg: 19.5948315
std: 0.762695312 ,  0.685058594 SigReg: 21.8608131
std: 0.691894531 ,  0.727050781 SigReg: 21.8608131
std: 0.715820312 ,  0.791015625 SigReg: 21.9054604
std: 0.779785156 ,  0.806152344 SigReg: 21.9054604
std: 0.84375 ,  0.626464844 SigReg: 22.9102478
std: 0.811523438 ,  0.665527344 SigReg: 22.9102478
std: 0.648925781 ,  0.843261719 SigReg: 24.1252632
std: 0.783203125 ,  0.815917969 SigReg: 24.1252632
std: 0.684082031 ,  0.868652344 SigReg: 29.7232018
std: 0.79296875 ,  0.903320312 SigReg: 29.7232018
std: 0.770996094 ,  0.899414062 SigReg: 24.8905392
std: 0.765625 ,  0.771972656 SigReg: 24.8905392
std: 0.780761719 ,  0.881835938 SigReg: 28.268713
std: 0.754394531 ,  0.731445312 SigReg: 28.268713
std: 0.666015625 ,  0.864257812 SigReg: 26.3178043
std: 0.735351562 ,  0.809570312 SigReg: 26.3178043
std: 0.554199219 ,  0.885253906 SigReg: 21.3762112
std: 0.6015625 ,  0.956054688 SigReg: 21.3762112
std: 0.528808594 ,  0.905273438 SigReg: 23.4884
std: 0.569335938 ,  0.951660156 SigReg: 23.4884
std: 0.571777344 ,  0.842773438 SigReg: 24.5344849
std: 0.577636719 ,  0.77734375 SigReg: 24.5344849
  Step 100: Backbone Loss = 2.3528, SIGReg Loss = 24.5345 Probe Loss = 305.7890, Acc = 0.5292
std: 0.614746094 ,  0.716308594 SigReg: 20.0838814
std: 0.56640625 ,  0.909179688 SigReg: 20.0838814
std: 0.637207031 ,  0.733398438 SigReg: 21.4964485
std: 0.541015625 ,  0.857421875 SigReg: 21.4964485
std: 0.575195312 ,  0.768066406 SigReg: 18.8994064
std: 0.573242188 ,  0.783691406 SigReg: 18.8994064
std: 0.498779297 ,  0.849121094 SigReg: 19.9566746
std: 0.580078125 ,  0.825195312 SigReg: 19.9566746
std: 0.474365234 ,  0.751464844 SigReg: 19.9479599
std: 0.491699219 ,  0.732910156 SigReg: 19.9479599
std: 0.522460938 ,  0.764648438 SigReg: 24.4050369
std: 0.455322266 ,  0.737304688 SigReg: 24.4050369
std: 0.472412109 ,  0.78515625 SigReg: 23.0547867
std: 0.448730469 ,  0.674804688 SigReg: 23.0547867
std: 0.372314453 ,  0.900878906 SigReg: 20.9224052
std: 0.462402344 ,  0.811523438 SigReg: 20.9224052
std: 0.448974609 ,  0.771972656 SigReg: 19.4888573
std: 0.402832031 ,  0.818359375 SigReg: 19.4888573
std: 0.369628906 ,  0.911132812 SigReg: 21.7350578
std: 0.430175781 ,  0.884277344 SigReg: 21.7350578
std: 0.484130859 ,  0.757324219 SigReg: 20.262516
std: 0.468994141 ,  0.926269531 SigReg: 20.262516
std: 0.443115234 ,  0.809082031 SigReg: 21.4247322
std: 0.359130859 ,  0.818847656 SigReg: 21.4247322
std: 0.411376953 ,  0.857421875 SigReg: 28.740036
std: 0.395507812 ,  0.787597656 SigReg: 28.740036
std: 0.410888672 ,  0.881835938 SigReg: 21.9247169
std: 0.465820312 ,  0.852050781 SigReg: 21.9247169
std: 0.383300781 ,  0.858398438 SigReg: 22.3136959
std: 0.421142578 ,  0.849121094 SigReg: 22.3136959
std: 0.429931641 ,  0.83203125 SigReg: 21.6489449
std: 0.514648438 ,  0.932617188 SigReg: 21.6489449
std: 0.452880859 ,  0.835449219 SigReg: 20.9634247
std: 0.387695312 ,  0.825195312 SigReg: 20.9634247
std: 0.44921875 ,  0.701171875 SigReg: 19.3216915
std: 0.365722656 ,  0.877441406 SigReg: 19.3216915
std: 0.505371094 ,  0.836425781 SigReg: 20.4125175
std: 0.466796875 ,  0.835449219 SigReg: 20.4125175
std: 0.588867188 ,  0.870605469 SigReg: 21.679266
std: 0.498535156 ,  0.8984375 SigReg: 21.679266
std: 0.446777344 ,  0.838378906 SigReg: 23.8552952
std: 0.454833984 ,  0.905273438 SigReg: 23.8552952
std: 0.413818359 ,  0.876464844 SigReg: 19.2584457
std: 0.459960938 ,  0.8984375 SigReg: 19.2584457
std: 0.427978516 ,  0.963378906 SigReg: 26.3246231
std: 0.458496094 ,  0.976074219 SigReg: 26.3246231
std: 0.484619141 ,  0.973632812 SigReg: 28.9632168
std: 0.423095703 ,  0.999023438 SigReg: 28.9632168
std: 0.534667969 ,  0.841308594 SigReg: 25.7226372
std: 0.411132812 ,  0.984863281 SigReg: 25.7226372
std: 0.524414062 ,  0.903808594 SigReg: 21.8301601
std: 0.477050781 ,  0.897460938 SigReg: 21.8301601
std: 0.395996094 ,  0.941894531 SigReg: 27.2614746
std: 0.488037109 ,  1.05761719 SigReg: 27.2614746
std: 0.391845703 ,  1.03125 SigReg: 22.501833
std: 0.516113281 ,  1.02539062 SigReg: 22.501833
std: 0.371337891 ,  0.857910156 SigReg: 22.7551727
std: 0.397216797 ,  0.997558594 SigReg: 22.7551727
std: 0.414550781 ,  0.943359375 SigReg: 23.4968033
std: 0.407470703 ,  0.863769531 SigReg: 23.4968033
std: 0.302978516 ,  0.948242188 SigReg: 29.0011845
std: 0.359619141 ,  0.793945312 SigReg: 29.0011845
std: 0.284179688 ,  0.944824219 SigReg: 20.104105
std: 0.26171875 ,  0.828125 SigReg: 20.104105
std: 0.248657227 ,  0.779296875 SigReg: 22.6904469
std: 0.249145508 ,  0.806640625 SigReg: 22.6904469
std: 0.326904297 ,  0.8125 SigReg: 20.5681934
std: 0.287597656 ,  0.922851562 SigReg: 20.5681934
std: 0.358642578 ,  0.747070312 SigReg: 20.0342045
std: 0.300048828 ,  0.893554688 SigReg: 20.0342045
std: 0.312255859 ,  0.822265625 SigReg: 23.9788094
std: 0.337402344 ,  0.922851562 SigReg: 23.9788094
std: 0.340087891 ,  0.83203125 SigReg: 21.3436394
std: 0.422363281 ,  0.821777344 SigReg: 21.3436394
std: 0.335449219 ,  0.96484375 SigReg: 19.0999413
std: 0.269042969 ,  0.83203125 SigReg: 19.0999413
std: 0.260742188 ,  1.03125 SigReg: 21.011095
std: 0.332763672 ,  0.931152344 SigReg: 21.011095
std: 0.308105469 ,  0.90234375 SigReg: 20.734705
std: 0.317138672 ,  0.814941406 SigReg: 20.734705
std: 0.244140625 ,  0.997070312 SigReg: 17.3265152
std: 0.28515625 ,  0.888671875 SigReg: 17.3265152
std: 0.279541016 ,  0.931152344 SigReg: 19.4903374
std: 0.327148438 ,  0.942871094 SigReg: 19.4903374
std: 0.319091797 ,  0.907226562 SigReg: 23.279171
std: 0.302978516 ,  1.01074219 SigReg: 23.279171
std: 0.392822266 ,  0.997558594 SigReg: 21.448885
std: 0.398681641 ,  0.989257812 SigReg: 21.448885
std: 0.289794922 ,  0.994140625 SigReg: 26.7535172
std: 0.311035156 ,  0.993164062 SigReg: 26.7535172
std: 0.327148438 ,  0.975097656 SigReg: 25.6992893
std: 0.334960938 ,  0.930664062 SigReg: 25.6992893
std: 0.328613281 ,  1.03125 SigReg: 21.833252
std: 0.359375 ,  1.00976562 SigReg: 21.833252
std: 0.354736328 ,  0.905273438 SigReg: 24.6263752
std: 0.332275391 ,  0.958984375 SigReg: 24.6263752
std: 0.330810547 ,  0.895996094 SigReg: 31.438467
std: 0.404541016 ,  1.02734375 SigReg: 31.438467
std: 0.364501953 ,  1.0234375 SigReg: 25.8651981
std: 0.322265625 ,  0.8828125 SigReg: 25.8651981
  Step 150: Backbone Loss = 2.4403, SIGReg Loss = 25.8652 Probe Loss = 300.0150, Acc = 0.5077
std: 0.349121094 ,  0.99609375 SigReg: 24.721777
std: 0.291503906 ,  1.11035156 SigReg: 24.721777
std: 0.304199219 ,  1.14746094 SigReg: 25.5969162
std: 0.384765625 ,  0.900878906 SigReg: 25.5969162
std: 0.336914062 ,  0.825683594 SigReg: 22.8720875
std: 0.335693359 ,  1.0234375 SigReg: 22.8720875
std: 0.363525391 ,  0.850097656 SigReg: 23.6874237
std: 0.362548828 ,  0.870605469 SigReg: 23.6874237
std: 0.321289062 ,  1.01367188 SigReg: 20.0025406
std: 0.320800781 ,  0.903320312 SigReg: 20.0025406
std: 0.352050781 ,  1.03125 SigReg: 23.4796562
std: 0.395019531 ,  0.953613281 SigReg: 23.4796562
std: 0.373779297 ,  0.999023438 SigReg: 23.0260849
std: 0.3359375 ,  1.07324219 SigReg: 23.0260849
std: 0.315917969 ,  0.875976562 SigReg: 20.6200371
std: 0.361328125 ,  0.883300781 SigReg: 20.6200371
std: 0.310302734 ,  0.87109375 SigReg: 25.2016
std: 0.375732422 ,  0.86328125 SigReg: 25.2016
std: 0.3046875 ,  0.769042969 SigReg: 22.4765
std: 0.404052734 ,  0.817871094 SigReg: 22.4765
std: 0.345947266 ,  0.802734375 SigReg: 23.8033638
std: 0.33984375 ,  0.848144531 SigReg: 23.8033638
std: 0.395507812 ,  0.870605469 SigReg: 20.5034161
std: 0.441894531 ,  0.861328125 SigReg: 20.5034161
std: 0.391601562 ,  0.889648438 SigReg: 23.1671867
std: 0.436035156 ,  0.810058594 SigReg: 23.1671867
std: 0.385009766 ,  0.887207031 SigReg: 24.5463867
std: 0.336181641 ,  0.9765625 SigReg: 24.5463867
std: 0.37890625 ,  0.828613281 SigReg: 24.8854942
std: 0.386474609 ,  0.89453125 SigReg: 24.8854942
std: 0.364746094 ,  0.953613281 SigReg: 23.5584087
std: 0.395751953 ,  0.840332031 SigReg: 23.5584087
std: 0.490722656 ,  0.840332031 SigReg: 21.2585487
std: 0.339111328 ,  0.908691406 SigReg: 21.2585487
std: 0.439941406 ,  0.928222656 SigReg: 18.4686203
std: 0.421386719 ,  0.941894531 SigReg: 18.4686203
std: 0.34765625 ,  1.00097656 SigReg: 20.8125076
std: 0.459472656 ,  0.983886719 SigReg: 20.8125076
std: 0.339111328 ,  0.852050781 SigReg: 22.2489471
std: 0.307617188 ,  0.854492188 SigReg: 22.2489471
std: 0.389648438 ,  0.8515625 SigReg: 18.3558884
std: 0.366210938 ,  0.941894531 SigReg: 18.3558884
std: 0.373779297 ,  0.860351562 SigReg: 23.2348022
std: 0.404785156 ,  0.870605469 SigReg: 23.2348022
std: 0.380859375 ,  0.829101562 SigReg: 23.8101254
std: 0.313964844 ,  0.829101562 SigReg: 23.8101254
std: 0.376220703 ,  0.926269531 SigReg: 20.755619
std: 0.328125 ,  0.896972656 SigReg: 20.755619
std: 0.412841797 ,  0.928710938 SigReg: 18.8741055
std: 0.362548828 ,  0.886230469 SigReg: 18.8741055
std: 0.369628906 ,  0.895996094 SigReg: 19.0193176
std: 0.422119141 ,  0.8515625 SigReg: 19.0193176
std: 0.3828125 ,  0.888671875 SigReg: 20.3119411
std: 0.369873047 ,  0.852050781 SigReg: 20.3119411
std: 0.420654297 ,  0.796875 SigReg: 23.1974659
std: 0.446777344 ,  0.7734375 SigReg: 23.1974659
std: 0.409912109 ,  0.810058594 SigReg: 22.2163601
std: 0.423095703 ,  0.896972656 SigReg: 22.2163601
std: 0.356933594 ,  0.819335938 SigReg: 18.6824665
std: 0.365478516 ,  0.71484375 SigReg: 18.6824665
std: 0.393310547 ,  0.925292969 SigReg: 22.0845642
std: 0.389160156 ,  0.903320312 SigReg: 22.0845642
std: 0.370605469 ,  0.897460938 SigReg: 25.6088619
std: 0.402587891 ,  0.925292969 SigReg: 25.6088619
std: 0.329589844 ,  0.749023438 SigReg: 23.2313404
std: 0.402099609 ,  0.8515625 SigReg: 23.2313404
std: 0.377197266 ,  0.828125 SigReg: 22.2511425
std: 0.353271484 ,  0.779296875 SigReg: 22.2511425
std: 0.35546875 ,  0.852539062 SigReg: 26.8846626
std: 0.424804688 ,  0.887695312 SigReg: 26.8846626
std: 0.3984375 ,  0.687988281 SigReg: 26.4162292
std: 0.351074219 ,  0.798828125 SigReg: 26.4162292
std: 0.373535156 ,  0.6796875 SigReg: 20.8455887
std: 0.366943359 ,  0.819824219 SigReg: 20.8455887
std: 0.357177734 ,  0.825195312 SigReg: 21.3773918
std: 0.341796875 ,  0.806152344 SigReg: 21.3773918
std: 0.313720703 ,  0.798339844 SigReg: 20.4518471
std: 0.330810547 ,  0.711914062 SigReg: 20.4518471
std: 0.310302734 ,  0.817382812 SigReg: 23.2448235
std: 0.325683594 ,  0.817871094 SigReg: 23.2448235
std: 0.318359375 ,  0.700683594 SigReg: 23.6485844
std: 0.370361328 ,  0.799804688 SigReg: 23.6485844
std: 0.402832031 ,  0.817382812 SigReg: 21.4142036
std: 0.329833984 ,  0.826660156 SigReg: 21.4142036
std: 0.398681641 ,  0.884765625 SigReg: 18.5216064
std: 0.35546875 ,  0.825683594 SigReg: 18.5216064
std: 0.380126953 ,  0.768554688 SigReg: 21.1113415
std: 0.352783203 ,  0.76171875 SigReg: 21.1113415
std: 0.372802734 ,  0.828125 SigReg: 21.9533672
std: 0.422363281 ,  0.76171875 SigReg: 21.9533672
std: 0.369140625 ,  0.683105469 SigReg: 24.9626122
std: 0.350585938 ,  0.809082031 SigReg: 24.9626122
std: 0.437011719 ,  0.704101562 SigReg: 26.8494625
std: 0.399902344 ,  0.615722656 SigReg: 26.8494625
std: 0.39453125 ,  0.657714844 SigReg: 25.1690521
std: 0.443115234 ,  0.642578125 SigReg: 25.1690521
std: 0.433349609 ,  0.572753906 SigReg: 20.6190224
std: 0.393554688 ,  0.678710938 SigReg: 20.6190224
std: 0.356445312 ,  0.691894531 SigReg: 21.1800098
std: 0.462646484 ,  0.673828125 SigReg: 21.1800098
  Step 200: Backbone Loss = 2.1529, SIGReg Loss = 21.1800 Probe Loss = 318.4559, Acc = 0.5408
std: 0.409912109 ,  0.578613281 SigReg: 21.9838448
std: 0.487060547 ,  0.625 SigReg: 21.9838448
std: 0.424072266 ,  0.657226562 SigReg: 19.848423
std: 0.500976562 ,  0.689453125 SigReg: 19.848423
std: 0.490234375 ,  0.666992188 SigReg: 20.4214096
std: 0.431884766 ,  0.643554688 SigReg: 20.4214096
std: 0.486328125 ,  0.677734375 SigReg: 22.2247467
std: 0.532714844 ,  0.678710938 SigReg: 22.2247467
std: 0.532226562 ,  0.715332031 SigReg: 19.1130657
std: 0.528808594 ,  0.596679688 SigReg: 19.1130657
std: 0.449951172 ,  0.732421875 SigReg: 18.8419571
std: 0.496337891 ,  0.703613281 SigReg: 18.8419571
std: 0.5625 ,  0.782226562 SigReg: 19.7803421
std: 0.57421875 ,  0.701660156 SigReg: 19.7803421
std: 0.509765625 ,  0.845703125 SigReg: 20.6340675
std: 0.545898438 ,  0.836425781 SigReg: 20.6340675
std: 0.573242188 ,  0.753417969 SigReg: 22.6738834
std: 0.521484375 ,  0.747070312 SigReg: 22.6738834
std: 0.605957031 ,  0.729492188 SigReg: 21.8743286
std: 0.467285156 ,  0.776367188 SigReg: 21.8743286
std: 0.585449219 ,  0.668945312 SigReg: 20.2463188
std: 0.514648438 ,  0.700683594 SigReg: 20.2463188
std: 0.481933594 ,  0.771972656 SigReg: 25.9787102
std: 0.441894531 ,  0.741699219 SigReg: 25.9787102
std: 0.439697266 ,  0.693359375 SigReg: 25.0538387
std: 0.457763672 ,  0.6953125 SigReg: 25.0538387
std: 0.591796875 ,  0.72265625 SigReg: 23.1308594
std: 0.460205078 ,  0.729492188 SigReg: 23.1308594
std: 0.447753906 ,  0.604980469 SigReg: 23.3818722
std: 0.500976562 ,  0.754882812 SigReg: 23.3818722
std: 0.592285156 ,  0.6953125 SigReg: 20.9805355
std: 0.547363281 ,  0.778320312 SigReg: 20.9805355
std: 0.608886719 ,  0.609863281 SigReg: 23.5396843
std: 0.552734375 ,  0.744628906 SigReg: 23.5396843
std: 0.468505859 ,  0.783691406 SigReg: 25.7898273
std: 0.589355469 ,  0.698242188 SigReg: 25.7898273
std: 0.605957031 ,  0.690917969 SigReg: 22.0637741
std: 0.516113281 ,  0.706542969 SigReg: 22.0637741
std: 0.495605469 ,  0.629394531 SigReg: 18.9221191
std: 0.583984375 ,  0.764160156 SigReg: 18.9221191
std: 0.500488281 ,  0.650878906 SigReg: 26.2899151
std: 0.544433594 ,  0.702148438 SigReg: 26.2899151
std: 0.473144531 ,  0.717285156 SigReg: 26.6889839
std: 0.489501953 ,  0.684570312 SigReg: 26.6889839
std: 0.443115234 ,  0.674804688 SigReg: 21.8215427
std: 0.477294922 ,  0.59375 SigReg: 21.8215427
std: 0.452636719 ,  0.646484375 SigReg: 24.8711967
std: 0.553222656 ,  0.713867188 SigReg: 24.8711967
std: 0.53515625 ,  0.658691406 SigReg: 26.2510395
std: 0.443115234 ,  0.733398438 SigReg: 26.2510395
std: 0.384521484 ,  0.692871094 SigReg: 21.2484322
std: 0.407714844 ,  0.704101562 SigReg: 21.2484322
std: 0.481201172 ,  0.576660156 SigReg: 22.7495689
std: 0.450927734 ,  0.754882812 SigReg: 22.7495689
std: 0.442382812 ,  0.632324219 SigReg: 19.8456879
std: 0.458251953 ,  0.711425781 SigReg: 19.8456879
std: 0.443115234 ,  0.602539062 SigReg: 21.57584
std: 0.444091797 ,  0.823730469 SigReg: 21.57584
std: 0.380859375 ,  0.627929688 SigReg: 25.6098061
std: 0.440673828 ,  0.683105469 SigReg: 25.6098061
std: 0.463134766 ,  0.66796875 SigReg: 28.6423855
std: 0.413574219 ,  0.549804688 SigReg: 28.6423855
std: 0.450195312 ,  0.672363281 SigReg: 20.6204224
std: 0.429443359 ,  0.73828125 SigReg: 20.6204224
std: 0.4453125 ,  0.768554688 SigReg: 20.1863
std: 0.400390625 ,  0.904296875 SigReg: 20.1863
std: 0.400878906 ,  0.83203125 SigReg: 21.1450768
std: 0.426513672 ,  0.723144531 SigReg: 21.1450768
std: 0.396484375 ,  0.770996094 SigReg: 22.145813
std: 0.367919922 ,  0.726074219 SigReg: 22.145813
std: 0.370605469 ,  0.73828125 SigReg: 20.3896236
std: 0.342041016 ,  0.803222656 SigReg: 20.3896236
std: 0.427490234 ,  0.743652344 SigReg: 22.7310562
std: 0.403320312 ,  0.737304688 SigReg: 22.7310562
std: 0.422363281 ,  0.8359375 SigReg: 21.7186432
std: 0.463623047 ,  0.832519531 SigReg: 21.7186432
std: 0.412597656 ,  0.768554688 SigReg: 17.4238338
std: 0.495117188 ,  0.829589844 SigReg: 17.4238338
std: 0.456542969 ,  0.690917969 SigReg: 19.9966545
std: 0.449462891 ,  0.6953125 SigReg: 19.9966545
std: 0.420166016 ,  0.855957031 SigReg: 20.4188824
std: 0.464111328 ,  0.784179688 SigReg: 20.4188824
std: 0.523925781 ,  0.741210938 SigReg: 24.2157879
std: 0.40234375 ,  0.856445312 SigReg: 24.2157879
std: 0.51953125 ,  0.724609375 SigReg: 21.5682201
std: 0.476318359 ,  0.77734375 SigReg: 21.5682201
std: 0.553710938 ,  0.786621094 SigReg: 23.4387035
std: 0.459472656 ,  0.881835938 SigReg: 23.4387035
std: 0.481445312 ,  0.816894531 SigReg: 22.5607872
std: 0.471191406 ,  0.78515625 SigReg: 22.5607872
std: 0.515625 ,  0.81640625 SigReg: 22.0430279
std: 0.498535156 ,  0.920898438 SigReg: 22.0430279
std: 0.557128906 ,  0.860839844 SigReg: 18.6808319
std: 0.519042969 ,  0.94921875 SigReg: 18.6808319
std: 0.505371094 ,  0.835449219 SigReg: 19.8127308
std: 0.565429688 ,  0.821777344 SigReg: 19.8127308
std: 0.438720703 ,  0.818847656 SigReg: 23.0126839
std: 0.526855469 ,  0.936035156 SigReg: 23.0126839
std: 0.552246094 ,  0.802734375 SigReg: 21.2778969
std: 0.491943359 ,  0.888183594 SigReg: 21.2778969
  Step 250: Backbone Loss = 2.2044, SIGReg Loss = 21.2779 Probe Loss = 317.5480, Acc = 0.5350
std: 0.503417969 ,  0.950195312 SigReg: 19.3393192
std: 0.571777344 ,  0.935546875 SigReg: 19.3393192
std: 0.510253906 ,  0.910644531 SigReg: 19.3702145
std: 0.530273438 ,  0.883789062 SigReg: 19.3702145
std: 0.495605469 ,  0.852539062 SigReg: 20.4400368
std: 0.479736328 ,  0.737792969 SigReg: 20.4400368
std: 0.467285156 ,  0.862304688 SigReg: 23.9325771
std: 0.521972656 ,  0.827636719 SigReg: 23.9325771
std: 0.464599609 ,  0.84375 SigReg: 18.8996277
std: 0.489990234 ,  0.966308594 SigReg: 18.8996277
std: 0.483886719 ,  0.85546875 SigReg: 22.3874645
std: 0.469726562 ,  0.794433594 SigReg: 22.3874645
std: 0.454589844 ,  0.77734375 SigReg: 24.9366741
std: 0.516113281 ,  0.945800781 SigReg: 24.9366741
std: 0.519042969 ,  0.776367188 SigReg: 25.5416794
std: 0.464355469 ,  0.878417969 SigReg: 25.5416794
std: 0.481933594 ,  0.790039062 SigReg: 27.8095036
std: 0.501953125 ,  0.8203125 SigReg: 27.8095036
std: 0.483886719 ,  0.745605469 SigReg: 20.5883522
std: 0.536621094 ,  0.759765625 SigReg: 20.5883522
std: 0.575195312 ,  0.795410156 SigReg: 23.3334084
std: 0.475585938 ,  0.759765625 SigReg: 23.3334084
std: 0.576660156 ,  0.784179688 SigReg: 20.0995426
std: 0.469970703 ,  0.774902344 SigReg: 20.0995426
std: 0.548339844 ,  0.715332031 SigReg: 19.3463955
std: 0.488525391 ,  0.701171875 SigReg: 19.3463955
std: 0.511230469 ,  0.641601562 SigReg: 23.2153
std: 0.486328125 ,  0.609863281 SigReg: 23.2153
std: 0.438964844 ,  0.708984375 SigReg: 21.0766945
std: 0.555664062 ,  0.671386719 SigReg: 21.0766945
std: 0.502929688 ,  0.581054688 SigReg: 18.2895088
std: 0.508300781 ,  0.645507812 SigReg: 18.2895088
std: 0.513671875 ,  0.653320312 SigReg: 17.9285889
std: 0.540039062 ,  0.551757812 SigReg: 17.9285889
std: 0.51171875 ,  0.604980469 SigReg: 23.3478775
std: 0.534179688 ,  0.703125 SigReg: 23.3478775
std: 0.479248047 ,  0.648925781 SigReg: 23.623848
std: 0.551757812 ,  0.645996094 SigReg: 23.623848
std: 0.518066406 ,  0.563964844 SigReg: 19.7336025
std: 0.534667969 ,  0.657226562 SigReg: 19.7336025
std: 0.465087891 ,  0.641113281 SigReg: 24.440239
std: 0.490966797 ,  0.600097656 SigReg: 24.440239
std: 0.560546875 ,  0.592285156 SigReg: 23.3606319
std: 0.56640625 ,  0.596679688 SigReg: 23.3606319
std: 0.552246094 ,  0.651855469 SigReg: 23.3830872
std: 0.563964844 ,  0.713378906 SigReg: 23.3830872
std: 0.496337891 ,  0.644042969 SigReg: 22.9615364
std: 0.475830078 ,  0.638671875 SigReg: 22.9615364
std: 0.475097656 ,  0.592773438 SigReg: 21.3421631
std: 0.493896484 ,  0.597167969 SigReg: 21.3421631
std: 0.489746094 ,  0.551757812 SigReg: 22.545372
std: 0.499267578 ,  0.688964844 SigReg: 22.545372
std: 0.472167969 ,  0.555664062 SigReg: 19.4163094
std: 0.44140625 ,  0.650878906 SigReg: 19.4163094
std: 0.546875 ,  0.653320312 SigReg: 18.0403748
std: 0.489501953 ,  0.580566406 SigReg: 18.0403748
std: 0.452392578 ,  0.702636719 SigReg: 17.5026951
std: 0.515136719 ,  0.671875 SigReg: 17.5026951
std: 0.470703125 ,  0.644042969 SigReg: 16.5543804
std: 0.492431641 ,  0.660644531 SigReg: 16.5543804
std: 0.417724609 ,  0.634765625 SigReg: 19.624197
std: 0.447265625 ,  0.6640625 SigReg: 19.624197
std: 0.462890625 ,  0.684082031 SigReg: 19.4517708
std: 0.479003906 ,  0.625976562 SigReg: 19.4517708
std: 0.516113281 ,  0.608886719 SigReg: 19.6819382
std: 0.451904297 ,  0.701660156 SigReg: 19.6819382
std: 0.514160156 ,  0.610839844 SigReg: 18.2477684
std: 0.485595703 ,  0.676269531 SigReg: 18.2477684
std: 0.530273438 ,  0.807617188 SigReg: 19.8863659
std: 0.489257812 ,  0.751464844 SigReg: 19.8863659
std: 0.501953125 ,  0.776855469 SigReg: 19.6250801
std: 0.515625 ,  0.705078125 SigReg: 19.6250801
std: 0.488037109 ,  0.822265625 SigReg: 21.0447
std: 0.575195312 ,  0.771972656 SigReg: 21.0447
std: 0.516601562 ,  0.847167969 SigReg: 21.1843014
std: 0.509765625 ,  0.746582031 SigReg: 21.1843014
std: 0.487060547 ,  0.794433594 SigReg: 25.7349663
std: 0.430664062 ,  0.794433594 SigReg: 25.7349663
std: 0.562011719 ,  0.706054688 SigReg: 25.5843525
std: 0.471679688 ,  0.625976562 SigReg: 25.5843525
std: 0.481201172 ,  0.66015625 SigReg: 25.2093029
std: 0.537109375 ,  0.660644531 SigReg: 25.2093029
std: 0.56640625 ,  0.636230469 SigReg: 23.708046
std: 0.486083984 ,  0.645996094 SigReg: 23.708046
std: 0.486328125 ,  0.526855469 SigReg: 22.524601
std: 0.51171875 ,  0.523925781 SigReg: 22.524601
std: 0.568847656 ,  0.514160156 SigReg: 20.5840836
std: 0.532714844 ,  0.546386719 SigReg: 20.5840836
std: 0.491210938 ,  0.444824219 SigReg: 27.8654
std: 0.588378906 ,  0.495849609 SigReg: 27.8654
std: 0.50390625 ,  0.426757812 SigReg: 24.0274792
std: 0.536132812 ,  0.544433594 SigReg: 24.0274792
std: 0.531738281 ,  0.489013672 SigReg: 23.228569
std: 0.530273438 ,  0.462158203 SigReg: 23.228569
std: 0.563476562 ,  0.496337891 SigReg: 27.2418652
std: 0.590332031 ,  0.400878906 SigReg: 27.2418652
std: 0.568847656 ,  0.469482422 SigReg: 24.0411415
std: 0.57421875 ,  0.504882812 SigReg: 24.0411415
std: 0.554199219 ,  0.495361328 SigReg: 22.621624
std: 0.491210938 ,  0.486083984 SigReg: 22.621624
  Step 300: Backbone Loss = 2.3331, SIGReg Loss = 22.6216 Probe Loss = 272.6791, Acc = 0.5182
std: 0.587890625 ,  0.522460938 SigReg: 23.2745171
std: 0.5625 ,  0.496337891 SigReg: 23.2745171
std: 0.710449219 ,  0.441162109 SigReg: 20.8329182
std: 0.639648438 ,  0.475830078 SigReg: 20.8329182
std: 0.612304688 ,  0.428222656 SigReg: 19.1875401
std: 0.65625 ,  0.407714844 SigReg: 19.1875401
std: 0.678710938 ,  0.416015625 SigReg: 19.5571537
std: 0.633300781 ,  0.412109375 SigReg: 19.5571537
std: 0.642089844 ,  0.430664062 SigReg: 19.8010292
std: 0.585449219 ,  0.495605469 SigReg: 19.8010292
std: 0.587402344 ,  0.437988281 SigReg: 19.5269318
std: 0.722167969 ,  0.500976562 SigReg: 19.5269318
Epoch 7 finished in 250.78s.
  Avg Backbone Loss: 2.2978
  Avg Probe Loss:    303.5244
  Avg Probe Accuracy: 0.5241

Epoch 8/100
std: 0.547363281 ,  0.471435547 SigReg: 20.2791
std: 0.595214844 ,  0.437744141 SigReg: 20.2791
  Step 0: Backbone Loss = 2.1781, SIGReg Loss = 20.2791 Probe Loss = 290.5616, Acc = 0.5296
std: 0.673828125 ,  0.46484375 SigReg: 19.8379021
std: 0.633789062 ,  0.454833984 SigReg: 19.8379021
std: 0.572265625 ,  0.518066406 SigReg: 21.7204494
std: 0.674316406 ,  0.505371094 SigReg: 21.7204494
std: 0.633300781 ,  0.495605469 SigReg: 19.8217888
std: 0.518554688 ,  0.514160156 SigReg: 19.8217888
std: 0.526855469 ,  0.524414062 SigReg: 21.8468418
std: 0.614746094 ,  0.464599609 SigReg: 21.8468418
std: 0.55078125 ,  0.484863281 SigReg: 19.1001472
std: 0.635253906 ,  0.516113281 SigReg: 19.1001472
std: 0.603027344 ,  0.569824219 SigReg: 20.0303268
std: 0.557617188 ,  0.492919922 SigReg: 20.0303268
std: 0.49609375 ,  0.460449219 SigReg: 19.0278683
std: 0.613769531 ,  0.488037109 SigReg: 19.0278683
std: 0.609863281 ,  0.490478516 SigReg: 19.8400555
std: 0.533691406 ,  0.611816406 SigReg: 19.8400555
std: 0.609375 ,  0.471923828 SigReg: 19.4005375
std: 0.625 ,  0.655273438 SigReg: 19.4005375
std: 0.581054688 ,  0.559082031 SigReg: 22.2598972
std: 0.523925781 ,  0.611328125 SigReg: 22.2598972
std: 0.607910156 ,  0.583007812 SigReg: 19.9452477
std: 0.603027344 ,  0.560546875 SigReg: 19.9452477
std: 0.571289062 ,  0.530273438 SigReg: 16.5142479
std: 0.651367188 ,  0.582519531 SigReg: 16.5142479
std: 0.617675781 ,  0.521972656 SigReg: 16.8709354
std: 0.612792969 ,  0.5078125 SigReg: 16.8709354
std: 0.586914062 ,  0.541015625 SigReg: 16.3720951
std: 0.617675781 ,  0.516113281 SigReg: 16.3720951
std: 0.553222656 ,  0.460693359 SigReg: 19.8061428
std: 0.641113281 ,  0.489501953 SigReg: 19.8061428
std: 0.715332031 ,  0.440185547 SigReg: 19.5693588
std: 0.66796875 ,  0.432128906 SigReg: 19.5693588
std: 0.659179688 ,  0.405761719 SigReg: 22.3481083
std: 0.733886719 ,  0.442626953 SigReg: 22.3481083
std: 0.687988281 ,  0.413085938 SigReg: 22.0961685
std: 0.66796875 ,  0.412353516 SigReg: 22.0961685
std: 0.7109375 ,  0.369873047 SigReg: 23.9171562
std: 0.696777344 ,  0.404296875 SigReg: 23.9171562
std: 0.701171875 ,  0.389160156 SigReg: 25.8126755
std: 0.740234375 ,  0.423095703 SigReg: 25.8126755
std: 0.638183594 ,  0.337402344 SigReg: 28.7663956
std: 0.718261719 ,  0.328613281 SigReg: 28.7663956
std: 0.693359375 ,  0.388916016 SigReg: 25.104084
std: 0.560546875 ,  0.408691406 SigReg: 25.104084
std: 0.845703125 ,  0.390380859 SigReg: 20.6810455
std: 0.756835938 ,  0.387695312 SigReg: 20.6810455
std: 0.661621094 ,  0.393798828 SigReg: 24.5671368
std: 0.756347656 ,  0.320068359 SigReg: 24.5671368
std: 0.719726562 ,  0.411132812 SigReg: 28.9316711
std: 0.696777344 ,  0.415283203 SigReg: 28.9316711
std: 0.709960938 ,  0.336181641 SigReg: 26.2801571
std: 0.528320312 ,  0.435546875 SigReg: 26.2801571
std: 0.527832031 ,  0.402099609 SigReg: 21.6055088
std: 0.650878906 ,  0.367675781 SigReg: 21.6055088
std: 0.548828125 ,  0.359619141 SigReg: 23.2767315
std: 0.65234375 ,  0.335205078 SigReg: 23.2767315
std: 0.600097656 ,  0.394042969 SigReg: 27.8260536
std: 0.62890625 ,  0.382080078 SigReg: 27.8260536
std: 0.702148438 ,  0.436523438 SigReg: 25.2315197
std: 0.676269531 ,  0.391357422 SigReg: 25.2315197
std: 0.764648438 ,  0.435058594 SigReg: 20.8518391
std: 0.624511719 ,  0.358154297 SigReg: 20.8518391
std: 0.797851562 ,  0.425292969 SigReg: 24.9224892
std: 0.743652344 ,  0.397216797 SigReg: 24.9224892
std: 0.660644531 ,  0.4296875 SigReg: 17.5726662
std: 0.605957031 ,  0.457763672 SigReg: 17.5726662
std: 0.62109375 ,  0.404541016 SigReg: 17.8388214
std: 0.686035156 ,  0.482666016 SigReg: 17.8388214
std: 0.781738281 ,  0.439208984 SigReg: 20.2092037
std: 0.580566406 ,  0.440673828 SigReg: 20.2092037
std: 0.625976562 ,  0.479492188 SigReg: 30.2035065
std: 0.681152344 ,  0.483398438 SigReg: 30.2035065
std: 0.712402344 ,  0.437988281 SigReg: 20.9347973
std: 0.694335938 ,  0.422119141 SigReg: 20.9347973
std: 0.630859375 ,  0.502441406 SigReg: 23.3279362
std: 0.651367188 ,  0.501953125 SigReg: 23.3279362
std: 0.65234375 ,  0.447265625 SigReg: 21.4082451
std: 0.692871094 ,  0.467041016 SigReg: 21.4082451
std: 0.73046875 ,  0.523925781 SigReg: 20.5390644
std: 0.719238281 ,  0.493896484 SigReg: 20.5390644
std: 0.657226562 ,  0.455322266 SigReg: 19.9353714
std: 0.681640625 ,  0.440185547 SigReg: 19.9353714
std: 0.673339844 ,  0.476318359 SigReg: 20.8739452
std: 0.646972656 ,  0.470458984 SigReg: 20.8739452
std: 0.666992188 ,  0.486816406 SigReg: 18.1033096
std: 0.662109375 ,  0.411865234 SigReg: 18.1033096
std: 0.74609375 ,  0.462890625 SigReg: 19.0654202
std: 0.638183594 ,  0.409423828 SigReg: 19.0654202
std: 0.739746094 ,  0.453857422 SigReg: 22.6970825
std: 0.629882812 ,  0.489746094 SigReg: 22.6970825
std: 0.709472656 ,  0.473144531 SigReg: 20.7783127
std: 0.654785156 ,  0.460449219 SigReg: 20.7783127
std: 0.652832031 ,  0.556152344 SigReg: 18.5974064
std: 0.774902344 ,  0.460205078 SigReg: 18.5974064
std: 0.742675781 ,  0.48828125 SigReg: 20.7632942
std: 0.7109375 ,  0.459716797 SigReg: 20.7632942
std: 0.630371094 ,  0.568359375 SigReg: 18.7370739
std: 0.643066406 ,  0.509765625 SigReg: 18.7370739
std: 0.579101562 ,  0.492919922 SigReg: 16.3707027
std: 0.647460938 ,  0.511230469 SigReg: 16.3707027
  Step 50: Backbone Loss = 1.9460, SIGReg Loss = 16.3707 Probe Loss = 281.9550, Acc = 0.5372
std: 0.653320312 ,  0.537109375 SigReg: 19.1601601
std: 0.660644531 ,  0.457763672 SigReg: 19.1601601
std: 0.689941406 ,  0.600585938 SigReg: 17.9324245
std: 0.58984375 ,  0.563476562 SigReg: 17.9324245
std: 0.559082031 ,  0.519042969 SigReg: 21.4657898
std: 0.665039062 ,  0.448974609 SigReg: 21.4657898
std: 0.659179688 ,  0.508789062 SigReg: 18.7195072
std: 0.717285156 ,  0.522460938 SigReg: 18.7195072
std: 0.689941406 ,  0.450195312 SigReg: 20.077383
std: 0.721679688 ,  0.565917969 SigReg: 20.077383
std: 0.7265625 ,  0.596191406 SigReg: 19.741518
std: 0.647949219 ,  0.438720703 SigReg: 19.741518
std: 0.708984375 ,  0.591308594 SigReg: 22.8295345
std: 0.693359375 ,  0.577636719 SigReg: 22.8295345
std: 0.712402344 ,  0.497070312 SigReg: 20.2600269
std: 0.631347656 ,  0.552734375 SigReg: 20.2600269
std: 0.64453125 ,  0.557128906 SigReg: 18.1404877
std: 0.685058594 ,  0.539550781 SigReg: 18.1404877
std: 0.619140625 ,  0.643554688 SigReg: 21.3746853
std: 0.693847656 ,  0.606933594 SigReg: 21.3746853
std: 0.639160156 ,  0.603515625 SigReg: 21.8048897
std: 0.6328125 ,  0.505371094 SigReg: 21.8048897
std: 0.623535156 ,  0.63671875 SigReg: 22.1587486
std: 0.655273438 ,  0.690429688 SigReg: 22.1587486
std: 0.561035156 ,  0.575683594 SigReg: 17.6989574
std: 0.551757812 ,  0.557617188 SigReg: 17.6989574
std: 0.538574219 ,  0.559082031 SigReg: 18.3149834
std: 0.6796875 ,  0.493408203 SigReg: 18.3149834
std: 0.674316406 ,  0.474609375 SigReg: 18.7884712
std: 0.622070312 ,  0.55859375 SigReg: 18.7884712
std: 0.739257812 ,  0.6328125 SigReg: 20.2380295
std: 0.7109375 ,  0.517578125 SigReg: 20.2380295
std: 0.714355469 ,  0.605957031 SigReg: 17.0130863
std: 0.716796875 ,  0.6328125 SigReg: 17.0130863
std: 0.745117188 ,  0.598632812 SigReg: 22.0527363
std: 0.687988281 ,  0.539550781 SigReg: 22.0527363
std: 0.715820312 ,  0.651367188 SigReg: 18.2337856
std: 0.743652344 ,  0.585449219 SigReg: 18.2337856
std: 0.711425781 ,  0.603515625 SigReg: 17.9664879
std: 0.658691406 ,  0.579589844 SigReg: 17.9664879
std: 0.66796875 ,  0.5703125 SigReg: 20.7631588
std: 0.706542969 ,  0.658203125 SigReg: 20.7631588
std: 0.638671875 ,  0.58203125 SigReg: 20.6987
std: 0.725097656 ,  0.455078125 SigReg: 20.6987
std: 0.71875 ,  0.542480469 SigReg: 18.5499821
std: 0.701171875 ,  0.605957031 SigReg: 18.5499821
std: 0.754394531 ,  0.592285156 SigReg: 21.3482246
std: 0.714355469 ,  0.58203125 SigReg: 21.3482246
std: 0.708984375 ,  0.67578125 SigReg: 19.5820179
std: 0.783203125 ,  0.697753906 SigReg: 19.5820179
std: 0.815917969 ,  0.646484375 SigReg: 19.1993942
std: 0.825683594 ,  0.658691406 SigReg: 19.1993942
std: 0.668945312 ,  0.686035156 SigReg: 19.7571087
std: 0.784667969 ,  0.731933594 SigReg: 19.7571087
std: 0.65625 ,  0.625 SigReg: 20.9880714
std: 0.665039062 ,  0.61328125 SigReg: 20.9880714
std: 0.624511719 ,  0.637207031 SigReg: 18.8257294
std: 0.703125 ,  0.622070312 SigReg: 18.8257294
std: 0.757324219 ,  0.606933594 SigReg: 20.8234291
std: 0.632324219 ,  0.734375 SigReg: 20.8234291
std: 0.729980469 ,  0.589355469 SigReg: 19.8144855
std: 0.799316406 ,  0.549804688 SigReg: 19.8144855
std: 0.770019531 ,  0.601074219 SigReg: 16.5476074
std: 0.732421875 ,  0.624023438 SigReg: 16.5476074
std: 0.790039062 ,  0.653808594 SigReg: 18.0638885
std: 0.770019531 ,  0.520996094 SigReg: 18.0638885
std: 0.76171875 ,  0.538085938 SigReg: 19.0380745
std: 0.726074219 ,  0.586914062 SigReg: 19.0380745
std: 0.696777344 ,  0.620117188 SigReg: 17.5342808
std: 0.689941406 ,  0.672363281 SigReg: 17.5342808
std: 0.698730469 ,  0.560058594 SigReg: 16.4554062
std: 0.720214844 ,  0.563476562 SigReg: 16.4554062
std: 0.718261719 ,  0.496826172 SigReg: 18.146225
std: 0.6328125 ,  0.4765625 SigReg: 18.146225
std: 0.716796875 ,  0.476074219 SigReg: 16.8720837
std: 0.739257812 ,  0.540039062 SigReg: 16.8720837
std: 0.646972656 ,  0.55078125 SigReg: 17.2453079
std: 0.684082031 ,  0.571777344 SigReg: 17.2453079
std: 0.636230469 ,  0.646484375 SigReg: 16.58251
std: 0.637207031 ,  0.559570312 SigReg: 16.58251
std: 0.675292969 ,  0.60546875 SigReg: 16.6307354
std: 0.675292969 ,  0.520019531 SigReg: 16.6307354
std: 0.631835938 ,  0.567871094 SigReg: 16.0836964
std: 0.708496094 ,  0.554199219 SigReg: 16.0836964
std: 0.787597656 ,  0.639648438 SigReg: 19.2122765
std: 0.73046875 ,  0.549804688 SigReg: 19.2122765
std: 0.658203125 ,  0.619140625 SigReg: 17.484539
std: 0.625976562 ,  0.5859375 SigReg: 17.484539
std: 0.592285156 ,  0.551269531 SigReg: 18.7962914
std: 0.671875 ,  0.681152344 SigReg: 18.7962914
std: 0.826660156 ,  0.555664062 SigReg: 17.6565132
std: 0.747558594 ,  0.489257812 SigReg: 17.6565132
std: 0.783203125 ,  0.469970703 SigReg: 15.496767
std: 0.768554688 ,  0.491210938 SigReg: 15.496767
std: 0.8359375 ,  0.500976562 SigReg: 16.8230171
std: 0.752929688 ,  0.455078125 SigReg: 16.8230171
std: 0.680664062 ,  0.473388672 SigReg: 16.8702049
std: 0.743164062 ,  0.510253906 SigReg: 16.8702049
std: 0.68359375 ,  0.466552734 SigReg: 14.8880987
std: 0.748046875 ,  0.448974609 SigReg: 14.8880987
  Step 100: Backbone Loss = 1.8301, SIGReg Loss = 14.8881 Probe Loss = 307.4535, Acc = 0.5450
std: 0.732421875 ,  0.396728516 SigReg: 17.6702538
std: 0.700683594 ,  0.404296875 SigReg: 17.6702538
std: 0.548339844 ,  0.548828125 SigReg: 18.7735729
std: 0.668457031 ,  0.546386719 SigReg: 18.7735729
std: 0.633300781 ,  0.498535156 SigReg: 15.8919773
std: 0.662109375 ,  0.516601562 SigReg: 15.8919773
std: 0.678222656 ,  0.453369141 SigReg: 18.9649086
std: 0.645019531 ,  0.537597656 SigReg: 18.9649086
std: 0.765625 ,  0.392089844 SigReg: 17.34478
std: 0.626953125 ,  0.472900391 SigReg: 17.34478
std: 0.687011719 ,  0.413818359 SigReg: 17.8186531
std: 0.700195312 ,  0.473144531 SigReg: 17.8186531
std: 0.629882812 ,  0.448486328 SigReg: 17.9222717
std: 0.62109375 ,  0.449951172 SigReg: 17.9222717
std: 0.59375 ,  0.445068359 SigReg: 21.1598969
std: 0.65234375 ,  0.458496094 SigReg: 21.1598969
std: 0.584960938 ,  0.432617188 SigReg: 18.8714981
std: 0.542480469 ,  0.407470703 SigReg: 18.8714981
std: 0.608398438 ,  0.435791016 SigReg: 18.2400074
std: 0.663574219 ,  0.446533203 SigReg: 18.2400074
std: 0.654296875 ,  0.440917969 SigReg: 16.5736084
std: 0.764648438 ,  0.409179688 SigReg: 16.5736084
std: 0.657714844 ,  0.421630859 SigReg: 18.7311783
std: 0.717773438 ,  0.394042969 SigReg: 18.7311783
std: 0.658691406 ,  0.408691406 SigReg: 17.3764191
std: 0.770996094 ,  0.411376953 SigReg: 17.3764191
std: 0.581542969 ,  0.451416016 SigReg: 18.5157871
std: 0.538574219 ,  0.398193359 SigReg: 18.5157871
std: 0.601074219 ,  0.405273438 SigReg: 15.7654381
std: 0.680664062 ,  0.370361328 SigReg: 15.7654381
std: 0.759277344 ,  0.406005859 SigReg: 15.5607662
std: 0.87890625 ,  0.404785156 SigReg: 15.5607662
std: 0.700683594 ,  0.476074219 SigReg: 16.1400127
std: 0.717773438 ,  0.4140625 SigReg: 16.1400127
std: 0.733398438 ,  0.390625 SigReg: 17.3324394
std: 0.658691406 ,  0.363769531 SigReg: 17.3324394
std: 0.736816406 ,  0.516113281 SigReg: 17.8091259
std: 0.82421875 ,  0.449462891 SigReg: 17.8091259
std: 0.747070312 ,  0.425537109 SigReg: 20.8501167
std: 0.752441406 ,  0.464111328 SigReg: 20.8501167
std: 0.791992188 ,  0.476074219 SigReg: 15.2838745
std: 0.681640625 ,  0.465332031 SigReg: 15.2838745
std: 0.616699219 ,  0.494873047 SigReg: 17.2159424
std: 0.793945312 ,  0.403320312 SigReg: 17.2159424
std: 0.645019531 ,  0.458496094 SigReg: 20.3465786
std: 0.683105469 ,  0.424072266 SigReg: 20.3465786
std: 0.650878906 ,  0.461181641 SigReg: 15.8459187
std: 0.6484375 ,  0.464599609 SigReg: 15.8459187
std: 0.672363281 ,  0.487304688 SigReg: 16.4167557
std: 0.796875 ,  0.395751953 SigReg: 16.4167557
std: 0.666015625 ,  0.370605469 SigReg: 17.8994
std: 0.715820312 ,  0.454833984 SigReg: 17.8994
std: 0.82421875 ,  0.447509766 SigReg: 16.7027359
std: 0.833984375 ,  0.406738281 SigReg: 16.7027359
std: 0.623046875 ,  0.450439453 SigReg: 18.9339809
std: 0.741210938 ,  0.351074219 SigReg: 18.9339809
std: 0.836914062 ,  0.526367188 SigReg: 18.0022755
std: 0.8359375 ,  0.421630859 SigReg: 18.0022755
std: 0.844726562 ,  0.4609375 SigReg: 17.6852036
std: 0.681640625 ,  0.446777344 SigReg: 17.6852036
std: 0.881835938 ,  0.483154297 SigReg: 19.4715233
std: 0.790039062 ,  0.453369141 SigReg: 19.4715233
std: 0.810546875 ,  0.439941406 SigReg: 14.7843161
std: 0.783691406 ,  0.390380859 SigReg: 14.7843161
std: 0.764648438 ,  0.459716797 SigReg: 17.7313309
std: 0.862304688 ,  0.345458984 SigReg: 17.7313309
std: 0.684082031 ,  0.432373047 SigReg: 19.6759453
std: 0.668457031 ,  0.581054688 SigReg: 19.6759453
std: 0.868652344 ,  0.476074219 SigReg: 19.6026592
std: 0.752441406 ,  0.413574219 SigReg: 19.6026592
std: 0.737304688 ,  0.520996094 SigReg: 17.376318
std: 0.749511719 ,  0.536621094 SigReg: 17.376318
std: 0.668945312 ,  0.465820312 SigReg: 19.5433178
std: 0.579589844 ,  0.580078125 SigReg: 19.5433178
std: 0.782714844 ,  0.365722656 SigReg: 21.6614761
std: 0.6328125 ,  0.471679688 SigReg: 21.6614761
std: 0.649902344 ,  0.603515625 SigReg: 22.7589817
std: 0.633300781 ,  0.557617188 SigReg: 22.7589817
std: 0.627441406 ,  0.447998047 SigReg: 18.698225
std: 0.772949219 ,  0.595214844 SigReg: 18.698225
std: 0.629882812 ,  0.664550781 SigReg: 16.7233238
std: 0.641601562 ,  0.587402344 SigReg: 16.7233238
std: 0.690917969 ,  0.618164062 SigReg: 17.4142113
std: 0.723632812 ,  0.541503906 SigReg: 17.4142113
std: 0.645996094 ,  0.579101562 SigReg: 19.1096458
std: 0.591308594 ,  0.58203125 SigReg: 19.1096458
std: 0.693359375 ,  0.618652344 SigReg: 14.9376869
std: 0.733398438 ,  0.618652344 SigReg: 14.9376869
std: 0.693359375 ,  0.579101562 SigReg: 17.7910576
std: 0.745605469 ,  0.432128906 SigReg: 17.7910576
std: 0.716796875 ,  0.706054688 SigReg: 17.7624588
std: 0.611816406 ,  0.622070312 SigReg: 17.7624588
std: 0.627929688 ,  0.553710938 SigReg: 18.6726379
std: 0.715820312 ,  0.506835938 SigReg: 18.6726379
std: 0.647949219 ,  0.633300781 SigReg: 18.3058376
std: 0.766113281 ,  0.538085938 SigReg: 18.3058376
std: 0.701171875 ,  0.565429688 SigReg: 20.177515
std: 0.749023438 ,  0.576171875 SigReg: 20.177515
std: 0.587890625 ,  0.496826172 SigReg: 16.6932297
std: 0.66015625 ,  0.660644531 SigReg: 16.6932297
  Step 150: Backbone Loss = 1.9317, SIGReg Loss = 16.6932 Probe Loss = 333.2239, Acc = 0.5579
std: 0.676757812 ,  0.573242188 SigReg: 16.8733406
std: 0.666992188 ,  0.51171875 SigReg: 16.8733406
std: 0.599121094 ,  0.693359375 SigReg: 18.4443092
std: 0.710449219 ,  0.616699219 SigReg: 18.4443092
std: 0.657714844 ,  0.687011719 SigReg: 17.4311123
std: 0.675292969 ,  0.571777344 SigReg: 17.4311123
std: 0.662597656 ,  0.619628906 SigReg: 20.6269588
std: 0.680175781 ,  0.569824219 SigReg: 20.6269588
std: 0.59375 ,  0.636230469 SigReg: 17.3922348
std: 0.710449219 ,  0.661132812 SigReg: 17.3922348
std: 0.552734375 ,  0.640136719 SigReg: 18.726511
std: 0.700683594 ,  0.604980469 SigReg: 18.726511
std: 0.813476562 ,  0.549316406 SigReg: 19.4224453
std: 0.862792969 ,  0.602050781 SigReg: 19.4224453
std: 0.716796875 ,  0.581054688 SigReg: 19.1429253
std: 0.692382812 ,  0.659667969 SigReg: 19.1429253
std: 0.75 ,  0.508300781 SigReg: 18.2398205
std: 0.819824219 ,  0.509765625 SigReg: 18.2398205
std: 0.845214844 ,  0.458007812 SigReg: 24.0042706
std: 0.720214844 ,  0.456542969 SigReg: 24.0042706
std: 0.775390625 ,  0.501464844 SigReg: 17.802681
std: 0.784667969 ,  0.482421875 SigReg: 17.802681
std: 0.754394531 ,  0.554199219 SigReg: 17.594511
std: 0.811523438 ,  0.396972656 SigReg: 17.594511
std: 0.770996094 ,  0.476806641 SigReg: 19.6093369
std: 0.804199219 ,  0.678710938 SigReg: 19.6093369
std: 0.714355469 ,  0.575195312 SigReg: 18.3499947
std: 0.831054688 ,  0.626953125 SigReg: 18.3499947
std: 0.796875 ,  0.627441406 SigReg: 16.933609
std: 0.65234375 ,  0.678222656 SigReg: 16.933609
std: 0.82421875 ,  0.546875 SigReg: 18.0235462
std: 0.762695312 ,  0.768554688 SigReg: 18.0235462
std: 0.685546875 ,  0.56640625 SigReg: 18.8274937
std: 0.746582031 ,  0.639160156 SigReg: 18.8274937
std: 0.577148438 ,  0.678710938 SigReg: 20.342474
std: 0.658691406 ,  0.584960938 SigReg: 20.342474
std: 0.61328125 ,  0.711425781 SigReg: 18.6186924
std: 0.647460938 ,  0.579589844 SigReg: 18.6186924
std: 0.622070312 ,  0.701660156 SigReg: 22.6863823
std: 0.731445312 ,  0.560058594 SigReg: 22.6863823
std: 0.708496094 ,  0.672363281 SigReg: 20.112545
std: 0.697753906 ,  0.672363281 SigReg: 20.112545
std: 0.728027344 ,  0.544921875 SigReg: 19.205431
std: 0.539550781 ,  0.728027344 SigReg: 19.205431
std: 0.62109375 ,  0.594726562 SigReg: 18.2274075
std: 0.706542969 ,  0.73046875 SigReg: 18.2274075
std: 0.589355469 ,  0.7265625 SigReg: 21.0885925
std: 0.615234375 ,  0.718261719 SigReg: 21.0885925
std: 0.688476562 ,  0.567382812 SigReg: 18.5482197
std: 0.729980469 ,  0.729003906 SigReg: 18.5482197
std: 0.649902344 ,  0.77734375 SigReg: 21.8652134
std: 0.624511719 ,  0.662597656 SigReg: 21.8652134
std: 0.858398438 ,  0.625976562 SigReg: 18.2265854
std: 0.83984375 ,  0.533691406 SigReg: 18.2265854
std: 0.875 ,  0.561523438 SigReg: 19.7868843
std: 0.750488281 ,  0.504394531 SigReg: 19.7868843
std: 0.881347656 ,  0.678710938 SigReg: 14.7682629
std: 0.809082031 ,  0.585449219 SigReg: 14.7682629
std: 0.685546875 ,  0.60546875 SigReg: 19.2556057
std: 0.760742188 ,  0.539550781 SigReg: 19.2556057
std: 0.65625 ,  0.53125 SigReg: 19.7287102
std: 0.778808594 ,  0.587402344 SigReg: 19.7287102
std: 0.719238281 ,  0.516113281 SigReg: 20.6994209
std: 0.754394531 ,  0.659179688 SigReg: 20.6994209
std: 0.815917969 ,  0.658203125 SigReg: 16.4933853
std: 0.583984375 ,  0.737304688 SigReg: 16.4933853
std: 0.622070312 ,  0.532226562 SigReg: 18.1155
std: 0.721679688 ,  0.576171875 SigReg: 18.1155
std: 0.825683594 ,  0.72265625 SigReg: 17.806633
std: 0.80078125 ,  0.809082031 SigReg: 17.806633
std: 0.7109375 ,  0.782714844 SigReg: 20.2536049
std: 0.706054688 ,  0.815917969 SigReg: 20.2536049
std: 0.868652344 ,  0.742675781 SigReg: 16.7512741
std: 0.721191406 ,  0.782226562 SigReg: 16.7512741
std: 0.716308594 ,  0.771972656 SigReg: 18.0277843
std: 0.841308594 ,  0.866210938 SigReg: 18.0277843
std: 0.795410156 ,  0.6484375 SigReg: 18.7437782
std: 0.867675781 ,  0.723632812 SigReg: 18.7437782
std: 0.76171875 ,  0.666015625 SigReg: 17.5036087
std: 0.625 ,  0.552734375 SigReg: 17.5036087
std: 0.774902344 ,  0.687988281 SigReg: 19.0311298
std: 0.747558594 ,  0.618164062 SigReg: 19.0311298
std: 0.702148438 ,  0.71484375 SigReg: 18.1526966
std: 0.660644531 ,  0.732910156 SigReg: 18.1526966
std: 0.678222656 ,  0.897949219 SigReg: 20.6100597
std: 0.656738281 ,  0.878417969 SigReg: 20.6100597
std: 0.806640625 ,  0.700195312 SigReg: 18.3961182
std: 0.648925781 ,  0.878417969 SigReg: 18.3961182
std: 0.631347656 ,  0.941894531 SigReg: 16.5948524
std: 0.626953125 ,  0.797363281 SigReg: 16.5948524
std: 0.434326172 ,  0.83203125 SigReg: 16.8515453
std: 0.697753906 ,  0.854492188 SigReg: 16.8515453
std: 0.625 ,  0.906738281 SigReg: 17.4888515
std: 0.573730469 ,  0.850585938 SigReg: 17.4888515
std: 0.778320312 ,  0.886230469 SigReg: 17.6850853
std: 0.561523438 ,  1 SigReg: 17.6850853
std: 0.601074219 ,  0.823242188 SigReg: 19.0097122
std: 0.689941406 ,  0.826660156 SigReg: 19.0097122
std: 0.791992188 ,  0.966796875 SigReg: 17.1234207
std: 0.795410156 ,  0.854003906 SigReg: 17.1234207
  Step 200: Backbone Loss = 1.9743, SIGReg Loss = 17.1234 Probe Loss = 307.3169, Acc = 0.5133
std: 0.704589844 ,  0.900878906 SigReg: 17.7263927
std: 0.638183594 ,  0.987792969 SigReg: 17.7263927
std: 0.791503906 ,  0.852539062 SigReg: 16.5639858
std: 0.785644531 ,  0.818847656 SigReg: 16.5639858
std: 0.697753906 ,  0.853027344 SigReg: 17.605835
std: 0.5625 ,  0.806640625 SigReg: 17.605835
std: 0.804199219 ,  0.965332031 SigReg: 18.9268208
std: 0.729980469 ,  0.916503906 SigReg: 18.9268208
std: 0.742675781 ,  0.770507812 SigReg: 17.9410763
std: 0.673339844 ,  0.879394531 SigReg: 17.9410763
std: 0.72265625 ,  0.729980469 SigReg: 18.3583508
std: 0.7890625 ,  0.778808594 SigReg: 18.3583508
std: 0.825683594 ,  0.864746094 SigReg: 17.7973061
std: 0.76171875 ,  0.853515625 SigReg: 17.7973061
std: 0.655761719 ,  0.735839844 SigReg: 19.1504784
std: 0.833007812 ,  0.819335938 SigReg: 19.1504784
std: 0.737792969 ,  0.92578125 SigReg: 17.8905411
std: 0.841308594 ,  0.820800781 SigReg: 17.8905411
std: 0.653808594 ,  0.841308594 SigReg: 18.3632355
std: 0.80078125 ,  0.740722656 SigReg: 18.3632355
std: 0.725097656 ,  0.829101562 SigReg: 19.1135178
std: 0.812011719 ,  0.879882812 SigReg: 19.1135178
std: 0.782226562 ,  0.716308594 SigReg: 18.4538422
std: 0.776855469 ,  0.834960938 SigReg: 18.4538422
std: 0.720214844 ,  0.901855469 SigReg: 18.3227482
std: 0.711425781 ,  0.731445312 SigReg: 18.3227482
std: 0.683105469 ,  0.84375 SigReg: 18.2019138
std: 0.651367188 ,  0.682128906 SigReg: 18.2019138
std: 0.589355469 ,  0.733398438 SigReg: 20.3002892
std: 0.533203125 ,  0.8359375 SigReg: 20.3002892
std: 0.671386719 ,  0.787597656 SigReg: 17.4189396
std: 0.482666016 ,  0.76953125 SigReg: 17.4189396
std: 0.666015625 ,  0.777832031 SigReg: 17.5836086
std: 0.580566406 ,  0.794433594 SigReg: 17.5836086
std: 0.6796875 ,  0.750976562 SigReg: 16.8183212
std: 0.570800781 ,  0.830078125 SigReg: 16.8183212
std: 0.49609375 ,  0.599121094 SigReg: 15.9085112
std: 0.645019531 ,  0.680175781 SigReg: 15.9085112
std: 0.695800781 ,  0.740722656 SigReg: 16.4443722
std: 0.495361328 ,  0.815917969 SigReg: 16.4443722
std: 0.650390625 ,  0.731933594 SigReg: 19.8380737
std: 0.711425781 ,  0.66796875 SigReg: 19.8380737
std: 0.760253906 ,  0.733886719 SigReg: 18.1058159
std: 0.708984375 ,  0.643066406 SigReg: 18.1058159
std: 0.697265625 ,  0.812988281 SigReg: 17.4054661
std: 0.681640625 ,  0.726074219 SigReg: 17.4054661
std: 0.724609375 ,  0.742675781 SigReg: 17.2293
std: 0.68359375 ,  0.66015625 SigReg: 17.2293
std: 0.69921875 ,  0.670898438 SigReg: 16.1252022
std: 0.628417969 ,  0.708984375 SigReg: 16.1252022
std: 0.747558594 ,  0.638183594 SigReg: 19.7064476
std: 0.696289062 ,  0.596679688 SigReg: 19.7064476
std: 0.934082031 ,  0.6484375 SigReg: 17.2894115
std: 0.75 ,  0.688964844 SigReg: 17.2894115
std: 0.739746094 ,  0.686035156 SigReg: 15.9524097
std: 0.723632812 ,  0.646972656 SigReg: 15.9524097
std: 0.851074219 ,  0.6640625 SigReg: 18.4479294
std: 0.803222656 ,  0.583984375 SigReg: 18.4479294
std: 0.823242188 ,  0.604980469 SigReg: 20.9907227
std: 0.755371094 ,  0.579101562 SigReg: 20.9907227
std: 0.734375 ,  0.649414062 SigReg: 16.7937851
std: 0.804199219 ,  0.590332031 SigReg: 16.7937851
std: 0.702148438 ,  0.627929688 SigReg: 15.7410183
std: 0.806152344 ,  0.600097656 SigReg: 15.7410183
std: 0.73046875 ,  0.650390625 SigReg: 17.1215057
std: 0.756835938 ,  0.624023438 SigReg: 17.1215057
std: 0.673828125 ,  0.583984375 SigReg: 17.8089924
std: 0.723632812 ,  0.655273438 SigReg: 17.8089924
std: 0.692871094 ,  0.640625 SigReg: 16.5735435
std: 0.673828125 ,  0.620117188 SigReg: 16.5735435
std: 0.693359375 ,  0.627929688 SigReg: 18.5293522
std: 0.70703125 ,  0.586914062 SigReg: 18.5293522
std: 0.780273438 ,  0.490478516 SigReg: 20.7607651
std: 0.709472656 ,  0.572265625 SigReg: 20.7607651
std: 0.71875 ,  0.599609375 SigReg: 15.5642405
std: 0.681640625 ,  0.671875 SigReg: 15.5642405
std: 0.639648438 ,  0.629882812 SigReg: 18.4840183
std: 0.698242188 ,  0.639648438 SigReg: 18.4840183
std: 0.689941406 ,  0.630859375 SigReg: 16.347435
std: 0.790527344 ,  0.718261719 SigReg: 16.347435
std: 0.627929688 ,  0.642578125 SigReg: 17.1217213
std: 0.730957031 ,  0.662597656 SigReg: 17.1217213
std: 0.735351562 ,  0.613769531 SigReg: 17.8468075
std: 0.71484375 ,  0.680664062 SigReg: 17.8468075
std: 0.75390625 ,  0.589355469 SigReg: 20.8596077
std: 0.807128906 ,  0.642578125 SigReg: 20.8596077
std: 0.645996094 ,  0.625 SigReg: 16.0825424
std: 0.759277344 ,  0.713867188 SigReg: 16.0825424
std: 0.731445312 ,  0.650878906 SigReg: 16.7678547
std: 0.694335938 ,  0.721679688 SigReg: 16.7678547
std: 0.737304688 ,  0.65625 SigReg: 18.0359192
std: 0.806640625 ,  0.606933594 SigReg: 18.0359192
std: 0.760253906 ,  0.562011719 SigReg: 16.3754044
std: 0.731445312 ,  0.614257812 SigReg: 16.3754044
std: 0.756347656 ,  0.580566406 SigReg: 18.8856373
std: 0.747070312 ,  0.606933594 SigReg: 18.8856373
std: 0.740722656 ,  0.523925781 SigReg: 17.683588
std: 0.756835938 ,  0.482666016 SigReg: 17.683588
std: 0.6875 ,  0.552246094 SigReg: 19.0159683
std: 0.778320312 ,  0.503417969 SigReg: 19.0159683
  Step 250: Backbone Loss = 2.0499, SIGReg Loss = 19.0160 Probe Loss = 295.3087, Acc = 0.5091
std: 0.736328125 ,  0.51171875 SigReg: 15.9499378
std: 0.808105469 ,  0.625 SigReg: 15.9499378
std: 0.760253906 ,  0.477050781 SigReg: 17.2178097
std: 0.713867188 ,  0.498535156 SigReg: 17.2178097
std: 0.797363281 ,  0.469482422 SigReg: 23.0627956
std: 0.758789062 ,  0.490722656 SigReg: 23.0627956
std: 0.751464844 ,  0.457763672 SigReg: 18.5987892
std: 0.852050781 ,  0.438476562 SigReg: 18.5987892
std: 0.8671875 ,  0.528808594 SigReg: 17.1140022
std: 0.787597656 ,  0.511230469 SigReg: 17.1140022
std: 0.843261719 ,  0.47265625 SigReg: 21.572937
std: 0.760253906 ,  0.503417969 SigReg: 21.572937
std: 0.730957031 ,  0.456298828 SigReg: 17.7170258
std: 0.766601562 ,  0.531738281 SigReg: 17.7170258
std: 0.781738281 ,  0.473144531 SigReg: 16.6617126
std: 0.731933594 ,  0.397705078 SigReg: 16.6617126
std: 0.8828125 ,  0.500488281 SigReg: 17.2127514
std: 0.767089844 ,  0.487060547 SigReg: 17.2127514
std: 0.6953125 ,  0.440917969 SigReg: 16.511076
std: 0.77734375 ,  0.560058594 SigReg: 16.511076
std: 0.732421875 ,  0.455078125 SigReg: 19.2626266
std: 0.860351562 ,  0.524902344 SigReg: 19.2626266
std: 0.83203125 ,  0.430908203 SigReg: 18.5034218
std: 0.859863281 ,  0.509765625 SigReg: 18.5034218
std: 0.733398438 ,  0.532714844 SigReg: 16.682272
std: 0.755371094 ,  0.415283203 SigReg: 16.682272
std: 0.671875 ,  0.4453125 SigReg: 17.4246101
std: 0.7890625 ,  0.515136719 SigReg: 17.4246101
std: 0.799316406 ,  0.445556641 SigReg: 18.0227184
std: 0.801757812 ,  0.521484375 SigReg: 18.0227184
std: 0.836914062 ,  0.492919922 SigReg: 17.0028572
std: 0.837402344 ,  0.515625 SigReg: 17.0028572
std: 0.762207031 ,  0.5390625 SigReg: 19.6050797
std: 0.766601562 ,  0.557617188 SigReg: 19.6050797
std: 0.735351562 ,  0.525878906 SigReg: 16.7459698
std: 0.731445312 ,  0.533203125 SigReg: 16.7459698
std: 0.762695312 ,  0.469970703 SigReg: 18.2693806
std: 0.688476562 ,  0.482910156 SigReg: 18.2693806
std: 0.748535156 ,  0.562011719 SigReg: 16.5081806
std: 0.715820312 ,  0.509765625 SigReg: 16.5081806
std: 0.590820312 ,  0.53125 SigReg: 19.6821785
std: 0.788574219 ,  0.488037109 SigReg: 19.6821785
std: 0.583984375 ,  0.497802734 SigReg: 18.3292
std: 0.604980469 ,  0.481201172 SigReg: 18.3292
std: 0.757324219 ,  0.506347656 SigReg: 17.4865379
std: 0.625488281 ,  0.512207031 SigReg: 17.4865379
std: 0.6796875 ,  0.549804688 SigReg: 17.0174923
std: 0.694335938 ,  0.501464844 SigReg: 17.0174923
std: 0.675292969 ,  0.533203125 SigReg: 17.0363598
std: 0.640625 ,  0.525878906 SigReg: 17.0363598
std: 0.673339844 ,  0.40234375 SigReg: 16.2003479
std: 0.676269531 ,  0.507324219 SigReg: 16.2003479
std: 0.625 ,  0.541503906 SigReg: 17.0434341
std: 0.608886719 ,  0.489746094 SigReg: 17.0434341
std: 0.649902344 ,  0.547363281 SigReg: 17.1124077
std: 0.719238281 ,  0.465820312 SigReg: 17.1124077
std: 0.622070312 ,  0.561035156 SigReg: 16.9566765
std: 0.715820312 ,  0.484619141 SigReg: 16.9566765
std: 0.65625 ,  0.467041016 SigReg: 16.1820641
std: 0.727050781 ,  0.563476562 SigReg: 16.1820641
std: 0.671386719 ,  0.45703125 SigReg: 17.2379608
std: 0.625 ,  0.486083984 SigReg: 17.2379608
std: 0.6796875 ,  0.477539062 SigReg: 15.9958391
std: 0.673339844 ,  0.538085938 SigReg: 15.9958391
std: 0.603515625 ,  0.501953125 SigReg: 20.5688515
std: 0.678222656 ,  0.556640625 SigReg: 20.5688515
std: 0.651367188 ,  0.389648438 SigReg: 23.3574581
std: 0.614257812 ,  0.390869141 SigReg: 23.3574581
std: 0.595214844 ,  0.389160156 SigReg: 16.9572601
std: 0.635253906 ,  0.482666016 SigReg: 16.9572601
std: 0.683105469 ,  0.478271484 SigReg: 19.9775105
std: 0.542480469 ,  0.380859375 SigReg: 19.9775105
std: 0.595214844 ,  0.491210938 SigReg: 19.4638615
std: 0.703125 ,  0.458496094 SigReg: 19.4638615
std: 0.622070312 ,  0.473876953 SigReg: 19.1676731
std: 0.634765625 ,  0.602050781 SigReg: 19.1676731
std: 0.639648438 ,  0.501953125 SigReg: 16.7024059
std: 0.65625 ,  0.436035156 SigReg: 16.7024059
std: 0.671875 ,  0.534667969 SigReg: 15.9150257
std: 0.719238281 ,  0.495605469 SigReg: 15.9150257
std: 0.672363281 ,  0.446044922 SigReg: 16.8199711
std: 0.677734375 ,  0.407714844 SigReg: 16.8199711
std: 0.727539062 ,  0.459228516 SigReg: 17.1173687
std: 0.712402344 ,  0.474121094 SigReg: 17.1173687
std: 0.687988281 ,  0.430419922 SigReg: 17.0642471
std: 0.699707031 ,  0.505371094 SigReg: 17.0642471
std: 0.753417969 ,  0.479736328 SigReg: 16.0321
std: 0.625976562 ,  0.473144531 SigReg: 16.0321
std: 0.711914062 ,  0.490966797 SigReg: 15.7974138
std: 0.673828125 ,  0.484130859 SigReg: 15.7974138
std: 0.811523438 ,  0.459472656 SigReg: 17.249157
std: 0.828125 ,  0.468261719 SigReg: 17.249157
std: 0.724121094 ,  0.484375 SigReg: 16.0916824
std: 0.762695312 ,  0.492431641 SigReg: 16.0916824
std: 0.763671875 ,  0.595214844 SigReg: 16.898365
std: 0.795410156 ,  0.526855469 SigReg: 16.898365
std: 0.642089844 ,  0.49609375 SigReg: 16.5345974
std: 0.708007812 ,  0.498535156 SigReg: 16.5345974
std: 0.698242188 ,  0.569335938 SigReg: 16.193573
std: 0.747070312 ,  0.549316406 SigReg: 16.193573
  Step 300: Backbone Loss = 1.8996, SIGReg Loss = 16.1936 Probe Loss = 288.7130, Acc = 0.5313
std: 0.779296875 ,  0.440673828 SigReg: 16.2294159
std: 0.764648438 ,  0.53125 SigReg: 16.2294159
std: 0.848144531 ,  0.506347656 SigReg: 15.4860878
std: 0.821289062 ,  0.592773438 SigReg: 15.4860878
std: 0.856445312 ,  0.521972656 SigReg: 15.6599016
std: 0.764648438 ,  0.583984375 SigReg: 15.6599016
std: 0.734375 ,  0.453857422 SigReg: 18.1653423
std: 0.878417969 ,  0.53515625 SigReg: 18.1653423
std: 0.822265625 ,  0.522460938 SigReg: 16.4422016
std: 0.844238281 ,  0.504882812 SigReg: 16.4422016
std: 0.749511719 ,  0.506835938 SigReg: 17.7048721
std: 0.757324219 ,  0.574707031 SigReg: 17.7048721
Epoch 8 finished in 249.82s.
  Avg Backbone Loss: 2.0437
  Avg Probe Loss:    301.1964
  Avg Probe Accuracy: 0.5265

Epoch 9/100
std: 0.881347656 ,  0.517578125 SigReg: 16.2517929
std: 0.830566406 ,  0.604003906 SigReg: 16.2517929
  Step 0: Backbone Loss = 1.8779, SIGReg Loss = 16.2518 Probe Loss = 306.2721, Acc = 0.5371
std: 0.7734375 ,  0.572265625 SigReg: 15.3349199
std: 0.871582031 ,  0.61328125 SigReg: 15.3349199
std: 0.815429688 ,  0.631835938 SigReg: 16.9072094
std: 0.880859375 ,  0.525878906 SigReg: 16.9072094
std: 0.770019531 ,  0.526855469 SigReg: 18.7638569
std: 0.922363281 ,  0.3515625 SigReg: 18.7638569
std: 0.838867188 ,  0.573730469 SigReg: 17.2029514
std: 0.922363281 ,  0.509765625 SigReg: 17.2029514
std: 0.838867188 ,  0.401611328 SigReg: 17.7505131
std: 0.846191406 ,  0.533203125 SigReg: 17.7505131
std: 0.797851562 ,  0.388427734 SigReg: 18.8075867
std: 0.880371094 ,  0.438476562 SigReg: 18.8075867
std: 0.974609375 ,  0.495605469 SigReg: 17.2520638
std: 0.769042969 ,  0.569335938 SigReg: 17.2520638
std: 0.940917969 ,  0.481933594 SigReg: 16.2501297
std: 0.916503906 ,  0.534179688 SigReg: 16.2501297
std: 1.05859375 ,  0.590820312 SigReg: 16.605957
std: 0.96875 ,  0.529296875 SigReg: 16.605957
std: 0.863769531 ,  0.59765625 SigReg: 19.0106869
std: 0.881347656 ,  0.528808594 SigReg: 19.0106869
std: 0.854492188 ,  0.58203125 SigReg: 17.5307522
std: 0.911621094 ,  0.669433594 SigReg: 17.5307522
std: 0.875976562 ,  0.5234375 SigReg: 18.1035061
std: 0.97265625 ,  0.554199219 SigReg: 18.1035061
std: 1.04394531 ,  0.504394531 SigReg: 17.3117447
std: 0.920898438 ,  0.500488281 SigReg: 17.3117447
std: 0.997070312 ,  0.442138672 SigReg: 21.98456
std: 1.09765625 ,  0.499511719 SigReg: 21.98456
std: 0.87890625 ,  0.545410156 SigReg: 17.3997746
std: 0.779296875 ,  0.5234375 SigReg: 17.3997746
std: 0.9453125 ,  0.494384766 SigReg: 17.1000862
std: 0.947265625 ,  0.517578125 SigReg: 17.1000862
std: 0.860351562 ,  0.54296875 SigReg: 14.9762411
std: 0.966796875 ,  0.455078125 SigReg: 14.9762411
std: 0.878417969 ,  0.467041016 SigReg: 19.6375332
std: 0.719238281 ,  0.469238281 SigReg: 19.6375332
std: 0.823730469 ,  0.535644531 SigReg: 19.3590698
std: 0.820800781 ,  0.562988281 SigReg: 19.3590698
std: 0.905273438 ,  0.499755859 SigReg: 18.424963
std: 0.84375 ,  0.479248047 SigReg: 18.424963
std: 0.885742188 ,  0.50390625 SigReg: 19.581234
std: 0.862792969 ,  0.499023438 SigReg: 19.581234
std: 0.802734375 ,  0.567871094 SigReg: 21.8703384
std: 0.895507812 ,  0.508300781 SigReg: 21.8703384
std: 0.842285156 ,  0.525878906 SigReg: 18.4794712
std: 0.869628906 ,  0.465576172 SigReg: 18.4794712
std: 0.891113281 ,  0.463134766 SigReg: 17.8514595
std: 0.728027344 ,  0.505371094 SigReg: 17.8514595
std: 0.6796875 ,  0.521484375 SigReg: 20.3208694
std: 0.836425781 ,  0.432128906 SigReg: 20.3208694
std: 0.841796875 ,  0.547363281 SigReg: 19.1598492
std: 0.751953125 ,  0.439697266 SigReg: 19.1598492
std: 0.822753906 ,  0.513183594 SigReg: 17.2065
std: 0.879394531 ,  0.551757812 SigReg: 17.2065
std: 0.858398438 ,  0.525878906 SigReg: 16.702383
std: 0.790039062 ,  0.444335938 SigReg: 16.702383
std: 0.879394531 ,  0.543945312 SigReg: 15.8483419
std: 0.71875 ,  0.482421875 SigReg: 15.8483419
std: 0.707519531 ,  0.552246094 SigReg: 18.1622791
std: 0.803222656 ,  0.564453125 SigReg: 18.1622791
std: 0.895019531 ,  0.567871094 SigReg: 19.7587776
std: 0.801757812 ,  0.549316406 SigReg: 19.7587776
std: 0.741699219 ,  0.461669922 SigReg: 20.3591499
std: 0.942382812 ,  0.538574219 SigReg: 20.3591499
std: 0.877441406 ,  0.543457031 SigReg: 15.1988983
std: 0.854003906 ,  0.525390625 SigReg: 15.1988983
std: 0.892089844 ,  0.526855469 SigReg: 13.8116045
std: 0.835449219 ,  0.484863281 SigReg: 13.8116045
std: 0.8359375 ,  0.498291016 SigReg: 18.7205677
std: 0.870605469 ,  0.426025391 SigReg: 18.7205677
std: 0.918457031 ,  0.513183594 SigReg: 19.3160973
std: 0.808105469 ,  0.549804688 SigReg: 19.3160973
std: 1.01171875 ,  0.56640625 SigReg: 17.4705715
std: 0.756835938 ,  0.417480469 SigReg: 17.4705715
std: 0.916992188 ,  0.489501953 SigReg: 14.9629316
std: 0.999511719 ,  0.431640625 SigReg: 14.9629316
std: 0.786132812 ,  0.45703125 SigReg: 18.4170914
std: 0.994140625 ,  0.464355469 SigReg: 18.4170914
std: 1.00683594 ,  0.479492188 SigReg: 17.9638824
std: 0.986328125 ,  0.447509766 SigReg: 17.9638824
std: 0.880371094 ,  0.393798828 SigReg: 17.6066208
std: 0.983398438 ,  0.437255859 SigReg: 17.6066208
std: 1.05761719 ,  0.406005859 SigReg: 22.8613758
std: 1.09570312 ,  0.416503906 SigReg: 22.8613758
std: 1.04589844 ,  0.404541016 SigReg: 19.4166775
std: 1.01074219 ,  0.459960938 SigReg: 19.4166775
std: 0.984863281 ,  0.396972656 SigReg: 16.0889
std: 0.956054688 ,  0.464599609 SigReg: 16.0889
std: 1.03320312 ,  0.494384766 SigReg: 18.1042328
std: 0.841796875 ,  0.434082031 SigReg: 18.1042328
std: 1.13671875 ,  0.475830078 SigReg: 17.5929756
std: 0.904296875 ,  0.478515625 SigReg: 17.5929756
std: 0.854492188 ,  0.517578125 SigReg: 19.704401
std: 0.842773438 ,  0.532714844 SigReg: 19.704401
std: 1.09179688 ,  0.549804688 SigReg: 17.9136581
std: 0.950195312 ,  0.611816406 SigReg: 17.9136581
std: 1.07324219 ,  0.352783203 SigReg: 19.1872864
std: 0.989257812 ,  0.493896484 SigReg: 19.1872864
std: 1.05761719 ,  0.53125 SigReg: 19.5606136
std: 1.08007812 ,  0.484863281 SigReg: 19.5606136
  Step 50: Backbone Loss = 2.0726, SIGReg Loss = 19.5606 Probe Loss = 281.6501, Acc = 0.5387
std: 1.03125 ,  0.439208984 SigReg: 15.6803188
std: 0.958007812 ,  0.495849609 SigReg: 15.6803188
std: 0.982421875 ,  0.546875 SigReg: 16.5435829
std: 0.99609375 ,  0.500976562 SigReg: 16.5435829
std: 1.04003906 ,  0.523925781 SigReg: 17.0186329
std: 0.985351562 ,  0.487548828 SigReg: 17.0186329
std: 0.928710938 ,  0.520507812 SigReg: 15.8906288
std: 1.05957031 ,  0.509277344 SigReg: 15.8906288
std: 0.943359375 ,  0.389404297 SigReg: 15.0893974
std: 0.76171875 ,  0.487304688 SigReg: 15.0893974
std: 0.98828125 ,  0.473876953 SigReg: 15.3603535
std: 1.0078125 ,  0.425537109 SigReg: 15.3603535
std: 0.960449219 ,  0.472412109 SigReg: 18.5659809
std: 0.783691406 ,  0.432861328 SigReg: 18.5659809
std: 0.948730469 ,  0.416015625 SigReg: 17.6103516
std: 0.948730469 ,  0.462402344 SigReg: 17.6103516
std: 0.884765625 ,  0.517578125 SigReg: 16.7139244
std: 0.844238281 ,  0.465820312 SigReg: 16.7139244
std: 0.923828125 ,  0.536132812 SigReg: 15.5793133
std: 0.939453125 ,  0.495605469 SigReg: 15.5793133
std: 0.775878906 ,  0.515625 SigReg: 17.0261345
std: 0.884765625 ,  0.544433594 SigReg: 17.0261345
std: 0.988769531 ,  0.596191406 SigReg: 14.1705961
std: 0.829589844 ,  0.53125 SigReg: 14.1705961
std: 0.757324219 ,  0.552734375 SigReg: 16.1056557
std: 0.864257812 ,  0.539550781 SigReg: 16.1056557
std: 0.963378906 ,  0.539550781 SigReg: 14.9726334
std: 0.816894531 ,  0.529296875 SigReg: 14.9726334
std: 0.890625 ,  0.544433594 SigReg: 14.9488192
std: 0.867675781 ,  0.521484375 SigReg: 14.9488192
std: 0.908691406 ,  0.564453125 SigReg: 16.3997822
std: 0.869140625 ,  0.450683594 SigReg: 16.3997822
std: 0.868652344 ,  0.614746094 SigReg: 16.6402702
std: 1.02050781 ,  0.572753906 SigReg: 16.6402702
std: 0.96484375 ,  0.476074219 SigReg: 15.0214634
std: 0.774902344 ,  0.545898438 SigReg: 15.0214634
std: 0.981933594 ,  0.484375 SigReg: 16.9705868
std: 1.03808594 ,  0.547363281 SigReg: 16.9705868
std: 0.943847656 ,  0.659179688 SigReg: 17.0027828
std: 0.953613281 ,  0.547363281 SigReg: 17.0027828
std: 0.996582031 ,  0.680664062 SigReg: 15.1159639
std: 1.01953125 ,  0.530761719 SigReg: 15.1159639
std: 1.08300781 ,  0.526367188 SigReg: 16.3337135
std: 0.930175781 ,  0.618164062 SigReg: 16.3337135
std: 0.813964844 ,  0.548828125 SigReg: 15.9694786
std: 0.916015625 ,  0.569824219 SigReg: 15.9694786
std: 0.864257812 ,  0.605957031 SigReg: 16.3351593
std: 0.949707031 ,  0.505371094 SigReg: 16.3351593
std: 0.798339844 ,  0.600585938 SigReg: 16.2225533
std: 0.762695312 ,  0.483642578 SigReg: 16.2225533
std: 0.743652344 ,  0.636230469 SigReg: 17.8816
std: 0.78515625 ,  0.813476562 SigReg: 17.8816
std: 0.797363281 ,  0.657714844 SigReg: 16.77952
std: 0.873046875 ,  0.634277344 SigReg: 16.77952
std: 0.837402344 ,  0.664550781 SigReg: 16.2044029
std: 0.848144531 ,  0.746582031 SigReg: 16.2044029
std: 0.835449219 ,  0.599609375 SigReg: 14.4479504
std: 0.939453125 ,  0.659667969 SigReg: 14.4479504
std: 0.789550781 ,  0.681640625 SigReg: 20.8505135
std: 0.807617188 ,  0.611816406 SigReg: 20.8505135
std: 0.689453125 ,  0.614746094 SigReg: 17.1628761
std: 0.717285156 ,  0.571777344 SigReg: 17.1628761
std: 0.581054688 ,  0.632324219 SigReg: 17.3197441
std: 0.65625 ,  0.6484375 SigReg: 17.3197441
std: 0.742675781 ,  0.685546875 SigReg: 20.8025246
std: 0.912109375 ,  0.611816406 SigReg: 20.8025246
std: 0.908691406 ,  0.428222656 SigReg: 21.0095921
std: 0.791992188 ,  0.715820312 SigReg: 21.0095921
std: 0.848632812 ,  0.663574219 SigReg: 16.3819714
std: 0.785644531 ,  0.61328125 SigReg: 16.3819714
std: 0.793457031 ,  0.575195312 SigReg: 19.4126415
std: 0.903320312 ,  0.505371094 SigReg: 19.4126415
std: 0.845703125 ,  0.608398438 SigReg: 16.1149216
std: 0.967285156 ,  0.510742188 SigReg: 16.1149216
std: 1.01660156 ,  0.500488281 SigReg: 16.2810154
std: 0.938964844 ,  0.508300781 SigReg: 16.2810154
std: 0.938476562 ,  0.5234375 SigReg: 15.4110746
std: 0.919921875 ,  0.472900391 SigReg: 15.4110746
std: 0.893066406 ,  0.484863281 SigReg: 19.1835423
std: 0.985839844 ,  0.510742188 SigReg: 19.1835423
std: 0.910644531 ,  0.486328125 SigReg: 19.5725212
std: 0.915527344 ,  0.561523438 SigReg: 19.5725212
std: 0.920898438 ,  0.524902344 SigReg: 18.5054417
std: 0.922363281 ,  0.493408203 SigReg: 18.5054417
std: 0.948242188 ,  0.500976562 SigReg: 15.6400757
std: 0.905273438 ,  0.419189453 SigReg: 15.6400757
std: 0.796386719 ,  0.4921875 SigReg: 16.4226036
std: 1.046875 ,  0.608398438 SigReg: 16.4226036
std: 0.874511719 ,  0.607910156 SigReg: 16.9372158
std: 0.769042969 ,  0.559082031 SigReg: 16.9372158
std: 0.902832031 ,  0.481445312 SigReg: 17.2317429
std: 0.822265625 ,  0.542480469 SigReg: 17.2317429
std: 0.740234375 ,  0.54296875 SigReg: 15.6290245
std: 0.837890625 ,  0.557617188 SigReg: 15.6290245
std: 0.779296875 ,  0.543945312 SigReg: 16.6680336
std: 0.670898438 ,  0.550292969 SigReg: 16.6680336
std: 0.650878906 ,  0.496337891 SigReg: 17.2763939
std: 0.68359375 ,  0.505371094 SigReg: 17.2763939
std: 0.649902344 ,  0.55078125 SigReg: 15.8998089
std: 0.825683594 ,  0.5703125 SigReg: 15.8998089
  Step 100: Backbone Loss = 1.8993, SIGReg Loss = 15.8998 Probe Loss = 293.1414, Acc = 0.5207
std: 0.735351562 ,  0.621582031 SigReg: 18.5443363
std: 0.725585938 ,  0.556152344 SigReg: 18.5443363
std: 0.784179688 ,  0.555664062 SigReg: 16.5584126
std: 0.853515625 ,  0.468505859 SigReg: 16.5584126
std: 0.732421875 ,  0.507324219 SigReg: 16.223484
std: 0.588378906 ,  0.474853516 SigReg: 16.223484
std: 0.662597656 ,  0.517089844 SigReg: 17.2261276
std: 0.774414062 ,  0.573242188 SigReg: 17.2261276
std: 0.698242188 ,  0.452636719 SigReg: 18.3402538
std: 0.641601562 ,  0.428955078 SigReg: 18.3402538
std: 0.6875 ,  0.434814453 SigReg: 18.6510048
std: 0.806152344 ,  0.458740234 SigReg: 18.6510048
std: 0.752441406 ,  0.487548828 SigReg: 17.0465164
std: 0.746582031 ,  0.436767578 SigReg: 17.0465164
std: 0.741699219 ,  0.61328125 SigReg: 20.7871819
std: 0.692871094 ,  0.382324219 SigReg: 20.7871819
std: 0.651367188 ,  0.54296875 SigReg: 17.1667061
std: 0.734375 ,  0.525390625 SigReg: 17.1667061
std: 0.669433594 ,  0.410400391 SigReg: 17.7676506
std: 0.645996094 ,  0.471923828 SigReg: 17.7676506
std: 0.873535156 ,  0.455078125 SigReg: 17.4765625
std: 0.716308594 ,  0.56640625 SigReg: 17.4765625
std: 0.77734375 ,  0.498291016 SigReg: 16.6205521
std: 0.595214844 ,  0.504394531 SigReg: 16.6205521
std: 0.804199219 ,  0.521972656 SigReg: 16.6433487
std: 0.768066406 ,  0.603027344 SigReg: 16.6433487
std: 0.807617188 ,  0.515625 SigReg: 18.6777763
std: 0.827148438 ,  0.541992188 SigReg: 18.6777763
std: 0.812011719 ,  0.518066406 SigReg: 19.0259399
std: 0.769042969 ,  0.497070312 SigReg: 19.0259399
std: 0.735839844 ,  0.590332031 SigReg: 17.8745766
std: 0.802246094 ,  0.502441406 SigReg: 17.8745766
std: 0.767089844 ,  0.538085938 SigReg: 17.2343044
std: 0.766113281 ,  0.445556641 SigReg: 17.2343044
std: 0.83203125 ,  0.493896484 SigReg: 28.497921
std: 0.808105469 ,  0.508789062 SigReg: 28.497921
std: 0.862304688 ,  0.385986328 SigReg: 19.6493435
std: 0.706542969 ,  0.471679688 SigReg: 19.6493435
std: 0.737304688 ,  0.359130859 SigReg: 18.0344238
std: 0.839355469 ,  0.544921875 SigReg: 18.0344238
std: 0.751464844 ,  0.393066406 SigReg: 17.3403625
std: 0.74609375 ,  0.504394531 SigReg: 17.3403625
std: 0.745117188 ,  0.516113281 SigReg: 15.8696852
std: 0.700195312 ,  0.438964844 SigReg: 15.8696852
std: 0.680175781 ,  0.585449219 SigReg: 16.767519
std: 0.69140625 ,  0.59765625 SigReg: 16.767519
std: 0.760253906 ,  0.541015625 SigReg: 17.3482628
std: 0.745605469 ,  0.645507812 SigReg: 17.3482628
std: 0.676757812 ,  0.5859375 SigReg: 14.3481674
std: 0.739257812 ,  0.583007812 SigReg: 14.3481674
std: 0.690917969 ,  0.623535156 SigReg: 19.6226063
std: 0.559082031 ,  0.501464844 SigReg: 19.6226063
std: 0.746582031 ,  0.504394531 SigReg: 18.1451893
std: 0.729492188 ,  0.62109375 SigReg: 18.1451893
std: 0.737792969 ,  0.506347656 SigReg: 17.7755432
std: 0.786621094 ,  0.435302734 SigReg: 17.7755432
std: 0.701171875 ,  0.522949219 SigReg: 18.548893
std: 0.654785156 ,  0.508300781 SigReg: 18.548893
std: 0.73828125 ,  0.731933594 SigReg: 18.7559395
std: 0.733398438 ,  0.624511719 SigReg: 18.7559395
std: 0.809082031 ,  0.586914062 SigReg: 17.1928978
std: 0.764648438 ,  0.611816406 SigReg: 17.1928978
std: 0.7578125 ,  0.599121094 SigReg: 17.9898643
std: 0.664550781 ,  0.573242188 SigReg: 17.9898643
std: 0.611816406 ,  0.616699219 SigReg: 14.9376211
std: 0.606445312 ,  0.653320312 SigReg: 14.9376211
std: 0.657714844 ,  0.541015625 SigReg: 17.5962067
std: 0.598632812 ,  0.676269531 SigReg: 17.5962067
std: 0.71484375 ,  0.565917969 SigReg: 16.2036896
std: 0.683105469 ,  0.565917969 SigReg: 16.2036896
std: 0.717773438 ,  0.601074219 SigReg: 20.0598068
std: 0.775390625 ,  0.548339844 SigReg: 20.0598068
std: 0.805175781 ,  0.576660156 SigReg: 19.2464809
std: 0.739746094 ,  0.459716797 SigReg: 19.2464809
std: 0.772460938 ,  0.523925781 SigReg: 16.3111382
std: 0.833984375 ,  0.635742188 SigReg: 16.3111382
std: 0.74609375 ,  0.511230469 SigReg: 16.1236191
std: 0.767578125 ,  0.458984375 SigReg: 16.1236191
std: 0.728027344 ,  0.579101562 SigReg: 16.5704327
std: 0.708007812 ,  0.648925781 SigReg: 16.5704327
std: 0.703125 ,  0.612792969 SigReg: 16.2927094
std: 0.796386719 ,  0.603515625 SigReg: 16.2927094
std: 0.704101562 ,  0.637695312 SigReg: 15.4880638
std: 0.71875 ,  0.616210938 SigReg: 15.4880638
std: 0.770019531 ,  0.706054688 SigReg: 16.6623
std: 0.845703125 ,  0.653320312 SigReg: 16.6623
std: 0.75390625 ,  0.765136719 SigReg: 18.89505
std: 0.647949219 ,  0.645996094 SigReg: 18.89505
std: 0.739257812 ,  0.624023438 SigReg: 17.3178368
std: 0.791992188 ,  0.677246094 SigReg: 17.3178368
std: 0.790039062 ,  0.639160156 SigReg: 16.4184532
std: 0.700683594 ,  0.638183594 SigReg: 16.4184532
std: 0.637695312 ,  0.653808594 SigReg: 17.9558735
std: 0.810546875 ,  0.721191406 SigReg: 17.9558735
std: 0.720214844 ,  0.676757812 SigReg: 16.7302303
std: 0.751464844 ,  0.737304688 SigReg: 16.7302303
std: 0.672363281 ,  0.661132812 SigReg: 19.1583176
std: 0.778808594 ,  0.729492188 SigReg: 19.1583176
std: 0.756835938 ,  0.657226562 SigReg: 16.6053658
std: 0.767089844 ,  0.640136719 SigReg: 16.6053658
  Step 150: Backbone Loss = 1.8819, SIGReg Loss = 16.6054 Probe Loss = 279.3056, Acc = 0.5172
std: 0.693847656 ,  0.6484375 SigReg: 16.1778374
std: 0.813476562 ,  0.571777344 SigReg: 16.1778374
std: 0.779296875 ,  0.558105469 SigReg: 17.6035709
std: 0.818847656 ,  0.632324219 SigReg: 17.6035709
std: 0.852050781 ,  0.535644531 SigReg: 17.1187325
std: 0.728515625 ,  0.533691406 SigReg: 17.1187325
std: 0.907226562 ,  0.391357422 SigReg: 17.6279831
std: 0.985839844 ,  0.459716797 SigReg: 17.6279831
std: 0.875976562 ,  0.400146484 SigReg: 26.4095612
std: 0.795898438 ,  0.413330078 SigReg: 26.4095612
std: 0.724609375 ,  0.431396484 SigReg: 18.5374374
std: 0.891113281 ,  0.380859375 SigReg: 18.5374374
std: 0.819824219 ,  0.444091797 SigReg: 17.1242599
std: 0.847167969 ,  0.483398438 SigReg: 17.1242599
std: 0.842773438 ,  0.468017578 SigReg: 17.0041981
std: 0.846191406 ,  0.548828125 SigReg: 17.0041981
std: 0.729492188 ,  0.576171875 SigReg: 16.8905888
std: 0.690917969 ,  0.455810547 SigReg: 16.8905888
std: 0.780273438 ,  0.531738281 SigReg: 16.6024017
std: 0.8984375 ,  0.566894531 SigReg: 16.6024017
std: 0.902832031 ,  0.476318359 SigReg: 18.3933792
std: 0.851074219 ,  0.562988281 SigReg: 18.3933792
std: 0.700683594 ,  0.439941406 SigReg: 15.4504471
std: 0.723632812 ,  0.616210938 SigReg: 15.4504471
std: 0.689941406 ,  0.56640625 SigReg: 16.4259243
std: 0.715332031 ,  0.596679688 SigReg: 16.4259243
std: 0.862792969 ,  0.572753906 SigReg: 18.3608742
std: 0.732910156 ,  0.610839844 SigReg: 18.3608742
std: 0.649902344 ,  0.470458984 SigReg: 18.6167774
std: 0.92578125 ,  0.393310547 SigReg: 18.6167774
std: 0.693847656 ,  0.562988281 SigReg: 19.4887486
std: 0.66796875 ,  0.526855469 SigReg: 19.4887486
std: 0.689453125 ,  0.453125 SigReg: 16.4163303
std: 0.872558594 ,  0.472412109 SigReg: 16.4163303
std: 0.733398438 ,  0.485839844 SigReg: 16.8692436
std: 0.825195312 ,  0.480224609 SigReg: 16.8692436
std: 0.776855469 ,  0.499511719 SigReg: 17.0835629
std: 0.867675781 ,  0.485107422 SigReg: 17.0835629
std: 0.913574219 ,  0.456542969 SigReg: 17.1111774
std: 0.80078125 ,  0.526855469 SigReg: 17.1111774
std: 0.780761719 ,  0.433837891 SigReg: 22.2930641
std: 0.825195312 ,  0.491455078 SigReg: 22.2930641
std: 0.689453125 ,  0.414550781 SigReg: 18.9183903
std: 0.778320312 ,  0.493652344 SigReg: 18.9183903
std: 0.676269531 ,  0.362792969 SigReg: 16.4393101
std: 0.816894531 ,  0.486572266 SigReg: 16.4393101
std: 0.866210938 ,  0.500976562 SigReg: 15.9453907
std: 0.822265625 ,  0.559570312 SigReg: 15.9453907
std: 0.782226562 ,  0.537109375 SigReg: 18.3150826
std: 0.979003906 ,  0.561523438 SigReg: 18.3150826
std: 0.739257812 ,  0.568359375 SigReg: 19.7731552
std: 0.723144531 ,  0.58984375 SigReg: 19.7731552
std: 0.747558594 ,  0.527832031 SigReg: 17.4342785
std: 0.841308594 ,  0.514160156 SigReg: 17.4342785
std: 0.7734375 ,  0.618164062 SigReg: 15.7149324
std: 0.742675781 ,  0.499511719 SigReg: 15.7149324
std: 0.896484375 ,  0.613769531 SigReg: 16.5518456
std: 0.737304688 ,  0.666015625 SigReg: 16.5518456
std: 0.761230469 ,  0.550292969 SigReg: 15.4355536
std: 0.715820312 ,  0.612792969 SigReg: 15.4355536
std: 0.765136719 ,  0.501953125 SigReg: 15.7017384
std: 0.821777344 ,  0.517578125 SigReg: 15.7017384
std: 0.861328125 ,  0.5859375 SigReg: 15.2387886
std: 0.733398438 ,  0.544921875 SigReg: 15.2387886
std: 0.769042969 ,  0.479980469 SigReg: 15.0607605
std: 0.678710938 ,  0.367675781 SigReg: 15.0607605
std: 0.897460938 ,  0.500488281 SigReg: 15.1849117
std: 0.738769531 ,  0.518066406 SigReg: 15.1849117
std: 0.833496094 ,  0.406738281 SigReg: 16.9885731
std: 0.690917969 ,  0.504394531 SigReg: 16.9885731
std: 0.743652344 ,  0.387207031 SigReg: 15.9343662
std: 0.762695312 ,  0.528808594 SigReg: 15.9343662
std: 0.747070312 ,  0.447509766 SigReg: 15.1056843
std: 0.885253906 ,  0.536621094 SigReg: 15.1056843
std: 0.916503906 ,  0.447509766 SigReg: 16.5979481
std: 0.850585938 ,  0.387695312 SigReg: 16.5979481
std: 0.868164062 ,  0.461669922 SigReg: 15.8115358
std: 0.900878906 ,  0.435791016 SigReg: 15.8115358
std: 0.905761719 ,  0.491699219 SigReg: 15.7596588
std: 0.753417969 ,  0.415527344 SigReg: 15.7596588
std: 0.582519531 ,  0.469482422 SigReg: 12.7605858
std: 0.972167969 ,  0.485107422 SigReg: 12.7605858
std: 0.630859375 ,  0.403320312 SigReg: 15.9710026
std: 0.784179688 ,  0.509765625 SigReg: 15.9710026
std: 0.888671875 ,  0.458251953 SigReg: 15.4851427
std: 0.902832031 ,  0.514160156 SigReg: 15.4851427
std: 0.897460938 ,  0.559082031 SigReg: 17.9469185
std: 0.798339844 ,  0.544433594 SigReg: 17.9469185
std: 0.928710938 ,  0.432128906 SigReg: 16.0296669
std: 0.94921875 ,  0.428710938 SigReg: 16.0296669
std: 0.9609375 ,  0.499267578 SigReg: 16.5021935
std: 0.799316406 ,  0.413330078 SigReg: 16.5021935
std: 0.838378906 ,  0.536132812 SigReg: 18.6821709
std: 1.07128906 ,  0.562988281 SigReg: 18.6821709
std: 0.915039062 ,  0.462158203 SigReg: 17.3293934
std: 0.98046875 ,  0.50390625 SigReg: 17.3293934
std: 0.90625 ,  0.395019531 SigReg: 18.5185356
std: 1.00683594 ,  0.397705078 SigReg: 18.5185356
std: 1.01953125 ,  0.486816406 SigReg: 19.4947739
std: 1.07617188 ,  0.418945312 SigReg: 19.4947739
  Step 200: Backbone Loss = 1.9976, SIGReg Loss = 19.4948 Probe Loss = 265.3045, Acc = 0.5187
std: 0.840332031 ,  0.410400391 SigReg: 19.2355728
std: 0.884765625 ,  0.485595703 SigReg: 19.2355728
std: 1.00292969 ,  0.520996094 SigReg: 18.4295
std: 1.0078125 ,  0.559082031 SigReg: 18.4295
std: 0.962402344 ,  0.441650391 SigReg: 18.2328663
std: 1.03808594 ,  0.540039062 SigReg: 18.2328663
std: 0.981445312 ,  0.548828125 SigReg: 16.8800678
std: 0.935546875 ,  0.466796875 SigReg: 16.8800678
std: 0.899414062 ,  0.447998047 SigReg: 15.2657719
std: 1.07421875 ,  0.453857422 SigReg: 15.2657719
std: 0.934082031 ,  0.379638672 SigReg: 15.9724188
std: 0.911621094 ,  0.497070312 SigReg: 15.9724188
std: 0.854492188 ,  0.47265625 SigReg: 17.5459328
std: 0.973144531 ,  0.368896484 SigReg: 17.5459328
std: 0.904785156 ,  0.588867188 SigReg: 17.9324894
std: 1.01464844 ,  0.58984375 SigReg: 17.9324894
std: 0.901855469 ,  0.500976562 SigReg: 15.3435793
std: 0.865722656 ,  0.548339844 SigReg: 15.3435793
std: 0.899902344 ,  0.530761719 SigReg: 18.5462875
std: 0.983398438 ,  0.510742188 SigReg: 18.5462875
std: 0.979003906 ,  0.555664062 SigReg: 15.6016178
std: 0.965820312 ,  0.467529297 SigReg: 15.6016178
std: 0.825683594 ,  0.470947266 SigReg: 17.9299278
std: 0.973144531 ,  0.534667969 SigReg: 17.9299278
std: 0.884765625 ,  0.574707031 SigReg: 17.5166492
std: 0.826660156 ,  0.585449219 SigReg: 17.5166492
std: 0.887207031 ,  0.445556641 SigReg: 16.2885132
std: 0.78515625 ,  0.481445312 SigReg: 16.2885132
std: 0.98046875 ,  0.456542969 SigReg: 16.402998
std: 0.978515625 ,  0.534667969 SigReg: 16.402998
std: 0.904296875 ,  0.505371094 SigReg: 16.4304028
std: 0.810546875 ,  0.515136719 SigReg: 16.4304028
std: 0.876464844 ,  0.510253906 SigReg: 15.5857134
std: 0.873535156 ,  0.486328125 SigReg: 15.5857134
std: 1.01074219 ,  0.527832031 SigReg: 17.2292519
std: 1.05664062 ,  0.425537109 SigReg: 17.2292519
std: 0.972167969 ,  0.554199219 SigReg: 14.0516062
std: 1.00097656 ,  0.462890625 SigReg: 14.0516062
std: 0.920898438 ,  0.502929688 SigReg: 17.8354263
std: 0.791015625 ,  0.526855469 SigReg: 17.8354263
std: 1.09863281 ,  0.545898438 SigReg: 14.9610262
std: 1.10449219 ,  0.460205078 SigReg: 14.9610262
std: 1.11523438 ,  0.525878906 SigReg: 14.530817
std: 0.974609375 ,  0.470947266 SigReg: 14.530817
std: 0.947265625 ,  0.517089844 SigReg: 14.2593584
std: 1.00488281 ,  0.583007812 SigReg: 14.2593584
std: 0.794921875 ,  0.478515625 SigReg: 17.0136433
std: 0.994140625 ,  0.461181641 SigReg: 17.0136433
std: 0.844238281 ,  0.444824219 SigReg: 14.5441971
std: 0.77734375 ,  0.490478516 SigReg: 14.5441971
std: 0.814941406 ,  0.505371094 SigReg: 15.7811069
std: 0.778320312 ,  0.416748047 SigReg: 15.7811069
std: 0.756835938 ,  0.389648438 SigReg: 15.9366207
std: 0.787597656 ,  0.530273438 SigReg: 15.9366207
std: 0.9453125 ,  0.525878906 SigReg: 18.2453671
std: 0.855957031 ,  0.548828125 SigReg: 18.2453671
std: 0.704589844 ,  0.539550781 SigReg: 15.9161901
std: 0.868652344 ,  0.449707031 SigReg: 15.9161901
std: 0.802734375 ,  0.513183594 SigReg: 16.3112488
std: 0.7578125 ,  0.482910156 SigReg: 16.3112488
std: 0.726074219 ,  0.555664062 SigReg: 14.8026886
std: 0.637207031 ,  0.558105469 SigReg: 14.8026886
std: 0.75 ,  0.529785156 SigReg: 16.6110306
std: 0.798828125 ,  0.55859375 SigReg: 16.6110306
std: 0.790039062 ,  0.515136719 SigReg: 14.9629946
std: 0.772949219 ,  0.500976562 SigReg: 14.9629946
std: 0.673828125 ,  0.572265625 SigReg: 16.0849552
std: 0.912597656 ,  0.5859375 SigReg: 16.0849552
std: 0.736816406 ,  0.55078125 SigReg: 15.7073669
std: 0.767578125 ,  0.552734375 SigReg: 15.7073669
std: 0.838867188 ,  0.559570312 SigReg: 16.1436825
std: 0.783203125 ,  0.562988281 SigReg: 16.1436825
std: 0.836425781 ,  0.639648438 SigReg: 16.1090508
std: 0.821289062 ,  0.529785156 SigReg: 16.1090508
std: 0.862304688 ,  0.61328125 SigReg: 20.1213646
std: 0.822753906 ,  0.605957031 SigReg: 20.1213646
std: 0.704101562 ,  0.658203125 SigReg: 17.8978252
std: 0.857910156 ,  0.631835938 SigReg: 17.8978252
std: 0.724121094 ,  0.569824219 SigReg: 17.6722507
std: 0.740234375 ,  0.564453125 SigReg: 17.6722507
std: 0.791992188 ,  0.586425781 SigReg: 14.9911804
std: 0.765625 ,  0.604003906 SigReg: 14.9911804
std: 0.736328125 ,  0.545898438 SigReg: 16.4149036
std: 0.725585938 ,  0.56640625 SigReg: 16.4149036
std: 0.717285156 ,  0.518554688 SigReg: 17.8349113
std: 0.729003906 ,  0.518554688 SigReg: 17.8349113
std: 0.751464844 ,  0.559570312 SigReg: 16.2989788
std: 0.940429688 ,  0.555664062 SigReg: 16.2989788
std: 0.780273438 ,  0.557128906 SigReg: 15.7347441
std: 0.750976562 ,  0.569824219 SigReg: 15.7347441
std: 0.943359375 ,  0.440185547 SigReg: 15.016614
std: 0.840332031 ,  0.564453125 SigReg: 15.016614
std: 0.884765625 ,  0.602050781 SigReg: 13.5916777
std: 0.690429688 ,  0.565429688 SigReg: 13.5916777
std: 0.700195312 ,  0.556152344 SigReg: 14.3708591
std: 0.904296875 ,  0.594726562 SigReg: 14.3708591
std: 0.817871094 ,  0.666503906 SigReg: 14.2778091
std: 0.849121094 ,  0.580566406 SigReg: 14.2778091
std: 0.708007812 ,  0.649902344 SigReg: 14.2260294
std: 0.663574219 ,  0.579589844 SigReg: 14.2260294
  Step 250: Backbone Loss = 1.8049, SIGReg Loss = 14.2260 Probe Loss = 278.0004, Acc = 0.5352
std: 0.852539062 ,  0.673828125 SigReg: 16.2981682
std: 0.618652344 ,  0.60546875 SigReg: 16.2981682
std: 0.975585938 ,  0.641601562 SigReg: 13.0918894
std: 0.686523438 ,  0.658691406 SigReg: 13.0918894
std: 0.628417969 ,  0.682128906 SigReg: 16.8495712
std: 0.708984375 ,  0.582519531 SigReg: 16.8495712
std: 0.745605469 ,  0.701171875 SigReg: 15.0723305
std: 0.71484375 ,  0.495605469 SigReg: 15.0723305
std: 0.694824219 ,  0.642578125 SigReg: 14.5129185
std: 0.611816406 ,  0.608398438 SigReg: 14.5129185
std: 0.805664062 ,  0.686523438 SigReg: 15.3547478
std: 0.809570312 ,  0.692871094 SigReg: 15.3547478
std: 0.707519531 ,  0.646972656 SigReg: 14.7515945
std: 0.642578125 ,  0.657714844 SigReg: 14.7515945
std: 0.886230469 ,  0.616210938 SigReg: 14.8149529
std: 0.883300781 ,  0.640625 SigReg: 14.8149529
std: 0.868164062 ,  0.614746094 SigReg: 15.2071953
std: 0.889648438 ,  0.641113281 SigReg: 15.2071953
std: 0.826660156 ,  0.740722656 SigReg: 13.9709158
std: 0.844726562 ,  0.607910156 SigReg: 13.9709158
std: 0.806640625 ,  0.653808594 SigReg: 16.0881596
std: 0.727050781 ,  0.714355469 SigReg: 16.0881596
std: 0.804199219 ,  0.719726562 SigReg: 13.8396339
std: 0.939453125 ,  0.678222656 SigReg: 13.8396339
std: 0.736328125 ,  0.629882812 SigReg: 15.2186575
std: 0.929199219 ,  0.657714844 SigReg: 15.2186575
std: 0.865234375 ,  0.634765625 SigReg: 13.0026894
std: 0.862792969 ,  0.555664062 SigReg: 13.0026894
std: 0.928222656 ,  0.693847656 SigReg: 13.4477921
std: 0.946289062 ,  0.64453125 SigReg: 13.4477921
std: 0.929199219 ,  0.579589844 SigReg: 14.4692326
std: 0.745605469 ,  0.666992188 SigReg: 14.4692326
std: 0.7421875 ,  0.638671875 SigReg: 12.375701
std: 0.864257812 ,  0.662597656 SigReg: 12.375701
std: 0.866210938 ,  0.690429688 SigReg: 13.9111605
std: 0.968261719 ,  0.735351562 SigReg: 13.9111605
std: 0.965820312 ,  0.564453125 SigReg: 12.9130096
std: 0.840332031 ,  0.66015625 SigReg: 12.9130096
std: 0.890625 ,  0.741210938 SigReg: 13.4474764
std: 0.726074219 ,  0.704589844 SigReg: 13.4474764
std: 0.802246094 ,  0.564941406 SigReg: 12.3262625
std: 0.865234375 ,  0.734375 SigReg: 12.3262625
std: 0.781738281 ,  0.593261719 SigReg: 13.2502441
std: 0.828125 ,  0.598632812 SigReg: 13.2502441
std: 0.826171875 ,  0.611816406 SigReg: 17.3144341
std: 0.833984375 ,  0.602539062 SigReg: 17.3144341
std: 0.860839844 ,  0.602539062 SigReg: 16.3349915
std: 0.903808594 ,  0.532226562 SigReg: 16.3349915
std: 0.837402344 ,  0.610351562 SigReg: 14.804369
std: 0.866699219 ,  0.594726562 SigReg: 14.804369
std: 0.825683594 ,  0.699707031 SigReg: 16.7162838
std: 0.870117188 ,  0.553710938 SigReg: 16.7162838
std: 0.8046875 ,  0.564453125 SigReg: 14.8446674
std: 0.848144531 ,  0.567382812 SigReg: 14.8446674
std: 0.8984375 ,  0.697753906 SigReg: 14.5663605
std: 0.793945312 ,  0.610839844 SigReg: 14.5663605
std: 0.857421875 ,  0.671386719 SigReg: 15.2461376
std: 0.655273438 ,  0.593261719 SigReg: 15.2461376
std: 0.810546875 ,  0.641601562 SigReg: 13.5938549
std: 0.799316406 ,  0.555175781 SigReg: 13.5938549
std: 0.918945312 ,  0.576171875 SigReg: 15.2868223
std: 0.752441406 ,  0.590332031 SigReg: 15.2868223
std: 0.828125 ,  0.516113281 SigReg: 16.4387
std: 0.886230469 ,  0.559570312 SigReg: 16.4387
std: 0.915039062 ,  0.699707031 SigReg: 17.1703644
std: 0.795898438 ,  0.557617188 SigReg: 17.1703644
std: 0.815917969 ,  0.555175781 SigReg: 14.6555119
std: 0.841308594 ,  0.544921875 SigReg: 14.6555119
std: 0.72265625 ,  0.549316406 SigReg: 15.406455
std: 0.921875 ,  0.562988281 SigReg: 15.406455
std: 0.83984375 ,  0.565917969 SigReg: 14.1491957
std: 0.715332031 ,  0.561035156 SigReg: 14.1491957
std: 0.912597656 ,  0.586425781 SigReg: 14.4044647
std: 0.84765625 ,  0.5234375 SigReg: 14.4044647
std: 0.903320312 ,  0.587402344 SigReg: 17.1988716
std: 0.619628906 ,  0.511230469 SigReg: 17.1988716
std: 0.765136719 ,  0.590820312 SigReg: 14.1092091
std: 0.724609375 ,  0.555664062 SigReg: 14.1092091
std: 0.850585938 ,  0.421386719 SigReg: 16.1548977
std: 0.677734375 ,  0.478515625 SigReg: 16.1548977
std: 0.813476562 ,  0.554199219 SigReg: 15.0544233
std: 0.728515625 ,  0.446777344 SigReg: 15.0544233
std: 0.916503906 ,  0.565429688 SigReg: 15.6605062
std: 0.73828125 ,  0.50390625 SigReg: 15.6605062
std: 0.696289062 ,  0.457519531 SigReg: 16.0961609
std: 0.602539062 ,  0.500976562 SigReg: 16.0961609
std: 0.921875 ,  0.551757812 SigReg: 15.3243256
std: 0.73046875 ,  0.473144531 SigReg: 15.3243256
std: 0.738769531 ,  0.541015625 SigReg: 15.9222775
std: 0.9140625 ,  0.529785156 SigReg: 15.9222775
std: 0.753417969 ,  0.574707031 SigReg: 20.6581326
std: 0.9296875 ,  0.516113281 SigReg: 20.6581326
std: 0.822265625 ,  0.555664062 SigReg: 16.2746925
std: 0.840332031 ,  0.650878906 SigReg: 16.2746925
std: 0.710449219 ,  0.638671875 SigReg: 15.2524242
std: 0.814453125 ,  0.645507812 SigReg: 15.2524242
std: 0.717773438 ,  0.637207031 SigReg: 17.5219
std: 0.603515625 ,  0.552734375 SigReg: 17.5219
std: 0.844238281 ,  0.653320312 SigReg: 13.3994694
std: 0.595703125 ,  0.611816406 SigReg: 13.3994694
  Step 300: Backbone Loss = 1.7503, SIGReg Loss = 13.3995 Probe Loss = 282.2080, Acc = 0.5310
std: 0.835449219 ,  0.666992188 SigReg: 21.2787895
std: 0.888183594 ,  0.588867188 SigReg: 21.2787895
std: 0.741210938 ,  0.671386719 SigReg: 15.3172312
std: 0.920898438 ,  0.672363281 SigReg: 15.3172312
std: 0.815917969 ,  0.718261719 SigReg: 16.3298435
std: 0.817871094 ,  0.657226562 SigReg: 16.3298435
std: 0.790039062 ,  0.703613281 SigReg: 17.3279552
std: 0.694824219 ,  0.654296875 SigReg: 17.3279552
std: 0.55859375 ,  0.514648438 SigReg: 20.5712738
std: 0.686035156 ,  0.597167969 SigReg: 20.5712738
std: 0.664550781 ,  0.637695312 SigReg: 18.0303326
std: 0.566894531 ,  0.592773438 SigReg: 18.0303326
Epoch 9 finished in 250.06s.
  Avg Backbone Loss: 1.9255
  Avg Probe Loss:    280.2687
  Avg Probe Accuracy: 0.5291

Epoch 10/100
std: 0.809570312 ,  0.684082031 SigReg: 15.8949261
std: 0.721679688 ,  0.596191406 SigReg: 15.8949261
  Step 0: Backbone Loss = 1.8398, SIGReg Loss = 15.8949 Probe Loss = 289.7777, Acc = 0.5290
std: 0.69921875 ,  0.70703125 SigReg: 20.4360733
std: 0.758300781 ,  0.68359375 SigReg: 20.4360733
std: 0.828125 ,  0.648925781 SigReg: 15.9212942
std: 0.846191406 ,  0.79296875 SigReg: 15.9212942
std: 0.775390625 ,  0.680175781 SigReg: 14.3782749
std: 0.680664062 ,  0.598632812 SigReg: 14.3782749
std: 0.872070312 ,  0.793457031 SigReg: 16.9396896
std: 0.760742188 ,  0.583984375 SigReg: 16.9396896
std: 0.890136719 ,  0.624511719 SigReg: 17.8818626
std: 0.89453125 ,  0.755859375 SigReg: 17.8818626
std: 0.862304688 ,  0.623046875 SigReg: 14.076539
std: 0.888671875 ,  0.736328125 SigReg: 14.076539
std: 1.00390625 ,  0.668457031 SigReg: 18.6503124
std: 0.855957031 ,  0.720214844 SigReg: 18.6503124
std: 0.916015625 ,  0.692871094 SigReg: 15.9865284
std: 0.919921875 ,  0.672363281 SigReg: 15.9865284
std: 0.814453125 ,  0.712402344 SigReg: 15.8049259
std: 0.796875 ,  0.6796875 SigReg: 15.8049259
std: 0.905761719 ,  0.689941406 SigReg: 20.1254101
std: 0.902832031 ,  0.638671875 SigReg: 20.1254101
std: 0.774414062 ,  0.636230469 SigReg: 17.0130596
std: 0.812011719 ,  0.571777344 SigReg: 17.0130596
std: 0.822265625 ,  0.648925781 SigReg: 15.6243877
std: 0.827148438 ,  0.609375 SigReg: 15.6243877
std: 0.873046875 ,  0.603027344 SigReg: 12.3479586
std: 0.770019531 ,  0.644042969 SigReg: 12.3479586
std: 0.920898438 ,  0.66796875 SigReg: 13.9197359
std: 0.885742188 ,  0.623046875 SigReg: 13.9197359
std: 0.845703125 ,  0.487304688 SigReg: 16.2233658
std: 0.65234375 ,  0.582519531 SigReg: 16.2233658
std: 0.811523438 ,  0.650878906 SigReg: 16.0872784
std: 0.66015625 ,  0.583984375 SigReg: 16.0872784
std: 0.827148438 ,  0.549804688 SigReg: 14.5644436
std: 0.528320312 ,  0.621582031 SigReg: 14.5644436
std: 0.748535156 ,  0.525390625 SigReg: 13.8581676
std: 0.649902344 ,  0.612304688 SigReg: 13.8581676
std: 0.637695312 ,  0.650878906 SigReg: 15.8286047
std: 0.774902344 ,  0.600097656 SigReg: 15.8286047
std: 0.815429688 ,  0.595214844 SigReg: 15.594718
std: 0.733398438 ,  0.68359375 SigReg: 15.594718
std: 0.643066406 ,  0.675292969 SigReg: 13.8952694
std: 0.653808594 ,  0.708007812 SigReg: 13.8952694
std: 0.827636719 ,  0.627441406 SigReg: 15.1308575
std: 0.589355469 ,  0.609863281 SigReg: 15.1308575
std: 0.747558594 ,  0.59375 SigReg: 14.1885614
std: 0.799804688 ,  0.60546875 SigReg: 14.1885614
std: 0.790039062 ,  0.729492188 SigReg: 14.2813969
std: 0.88671875 ,  0.653808594 SigReg: 14.2813969
std: 0.888183594 ,  0.692382812 SigReg: 16.8206081
std: 0.925292969 ,  0.651367188 SigReg: 16.8206081
std: 0.877441406 ,  0.713867188 SigReg: 19.0233173
std: 0.918945312 ,  0.766601562 SigReg: 19.0233173
std: 0.873535156 ,  0.666015625 SigReg: 14.583106
std: 0.798828125 ,  0.864257812 SigReg: 14.583106
std: 0.720214844 ,  0.708984375 SigReg: 14.796979
std: 0.801269531 ,  0.686035156 SigReg: 14.796979
std: 0.76171875 ,  0.766601562 SigReg: 13.8881168
std: 0.732910156 ,  0.6484375 SigReg: 13.8881168
std: 0.804199219 ,  0.561035156 SigReg: 15.5429955
std: 0.877929688 ,  0.62109375 SigReg: 15.5429955
std: 0.751464844 ,  0.529296875 SigReg: 17.0330696
std: 0.645996094 ,  0.594238281 SigReg: 17.0330696
std: 0.506347656 ,  0.577148438 SigReg: 14.6644077
std: 0.83203125 ,  0.610351562 SigReg: 14.6644077
std: 0.71484375 ,  0.595703125 SigReg: 15.0970612
std: 0.583984375 ,  0.566894531 SigReg: 15.0970612
std: 0.763183594 ,  0.515625 SigReg: 17.7212639
std: 0.838867188 ,  0.67578125 SigReg: 17.7212639
std: 0.769042969 ,  0.643066406 SigReg: 15.474824
std: 0.584472656 ,  0.706054688 SigReg: 15.474824
std: 0.860839844 ,  0.629882812 SigReg: 16.6844444
std: 0.661132812 ,  0.500488281 SigReg: 16.6844444
std: 0.795410156 ,  0.637207031 SigReg: 16.8477821
std: 0.775390625 ,  0.65625 SigReg: 16.8477821
std: 0.757324219 ,  0.689453125 SigReg: 14.3673592
std: 0.869628906 ,  0.476074219 SigReg: 14.3673592
std: 0.842285156 ,  0.700195312 SigReg: 13.3744392
std: 0.765136719 ,  0.522949219 SigReg: 13.3744392
std: 0.835449219 ,  0.572753906 SigReg: 15.5444469
std: 0.778320312 ,  0.567871094 SigReg: 15.5444469
std: 0.733398438 ,  0.568847656 SigReg: 14.9842577
std: 0.78515625 ,  0.615234375 SigReg: 14.9842577
std: 0.837890625 ,  0.6875 SigReg: 14.8738174
std: 0.776855469 ,  0.576660156 SigReg: 14.8738174
std: 0.702148438 ,  0.630859375 SigReg: 14.8765612
std: 0.819335938 ,  0.574707031 SigReg: 14.8765612
std: 0.763183594 ,  0.622070312 SigReg: 15.3207741
std: 0.930664062 ,  0.60546875 SigReg: 15.3207741
std: 0.839355469 ,  0.667480469 SigReg: 14.8406754
std: 0.825195312 ,  0.554199219 SigReg: 14.8406754
std: 0.775390625 ,  0.687011719 SigReg: 14.5095291
std: 0.802734375 ,  0.639160156 SigReg: 14.5095291
std: 0.821777344 ,  0.752929688 SigReg: 13.9613724
std: 0.904785156 ,  0.592285156 SigReg: 13.9613724
std: 0.848632812 ,  0.761230469 SigReg: 15.9491034
std: 0.780761719 ,  0.619140625 SigReg: 15.9491034
std: 0.967773438 ,  0.770996094 SigReg: 14.7620335
std: 0.829589844 ,  0.757324219 SigReg: 14.7620335
std: 0.872070312 ,  0.64453125 SigReg: 13.6407986
std: 0.841796875 ,  0.655761719 SigReg: 13.6407986
  Step 50: Backbone Loss = 1.7361, SIGReg Loss = 13.6408 Probe Loss = 292.1244, Acc = 0.5188
std: 0.883789062 ,  0.620117188 SigReg: 16.1842365
std: 0.922851562 ,  0.613769531 SigReg: 16.1842365
std: 0.827148438 ,  0.747558594 SigReg: 15.3232327
std: 0.853515625 ,  0.71484375 SigReg: 15.3232327
std: 0.779296875 ,  0.726074219 SigReg: 13.3922586
std: 0.800292969 ,  0.6875 SigReg: 13.3922586
std: 0.684082031 ,  0.899414062 SigReg: 16.1458454
std: 0.748535156 ,  0.799804688 SigReg: 16.1458454
std: 0.841308594 ,  0.900878906 SigReg: 16.6123161
std: 0.884765625 ,  0.728515625 SigReg: 16.6123161
std: 0.884277344 ,  0.743652344 SigReg: 15.7181396
std: 0.9375 ,  0.868164062 SigReg: 15.7181396
std: 0.879882812 ,  0.792480469 SigReg: 17.3451576
std: 0.921386719 ,  0.650878906 SigReg: 17.3451576
std: 0.947753906 ,  0.6640625 SigReg: 17.5901451
std: 0.940429688 ,  0.731933594 SigReg: 17.5901451
std: 0.8125 ,  0.787597656 SigReg: 17.9970837
std: 0.91796875 ,  0.683105469 SigReg: 17.9970837
std: 0.861328125 ,  0.752441406 SigReg: 14.3277836
std: 0.663574219 ,  0.724609375 SigReg: 14.3277836
std: 0.758789062 ,  0.843261719 SigReg: 17.5627937
std: 0.775390625 ,  0.757324219 SigReg: 17.5627937
std: 0.712890625 ,  0.829589844 SigReg: 14.543829
std: 0.80078125 ,  0.608398438 SigReg: 14.543829
std: 0.731445312 ,  0.899902344 SigReg: 17.2177372
std: 0.693359375 ,  0.842773438 SigReg: 17.2177372
std: 0.7578125 ,  0.659667969 SigReg: 17.5736637
std: 0.779785156 ,  0.717285156 SigReg: 17.5736637
std: 0.750976562 ,  0.733398438 SigReg: 17.3584423
std: 0.571289062 ,  0.607421875 SigReg: 17.3584423
std: 0.732421875 ,  0.663085938 SigReg: 15.7154865
std: 0.670898438 ,  0.708007812 SigReg: 15.7154865
std: 0.879882812 ,  0.883789062 SigReg: 13.9872751
std: 0.815429688 ,  0.745605469 SigReg: 13.9872751
std: 0.954589844 ,  0.685546875 SigReg: 17.4689903
std: 0.899414062 ,  0.740234375 SigReg: 17.4689903
std: 0.803222656 ,  0.686523438 SigReg: 13.0956526
std: 0.889160156 ,  0.704101562 SigReg: 13.0956526
std: 0.740722656 ,  0.538085938 SigReg: 15.1141014
std: 0.827148438 ,  0.860839844 SigReg: 15.1141014
std: 0.750488281 ,  0.765625 SigReg: 16.1287251
std: 0.755859375 ,  0.765625 SigReg: 16.1287251
std: 0.745605469 ,  0.63671875 SigReg: 16.1410618
std: 0.642578125 ,  0.687011719 SigReg: 16.1410618
std: 0.813964844 ,  0.598144531 SigReg: 15.1640015
std: 0.900390625 ,  0.652832031 SigReg: 15.1640015
std: 0.937988281 ,  0.693847656 SigReg: 18.1000977
std: 0.86328125 ,  0.725585938 SigReg: 18.1000977
std: 0.751464844 ,  0.820800781 SigReg: 18.3984222
std: 1.05664062 ,  0.89453125 SigReg: 18.3984222
std: 0.842773438 ,  0.755859375 SigReg: 15.460393
std: 0.697265625 ,  0.724609375 SigReg: 15.460393
std: 0.825195312 ,  0.682617188 SigReg: 12.9078608
std: 0.913085938 ,  0.749511719 SigReg: 12.9078608
std: 0.91796875 ,  0.613769531 SigReg: 15.9989605
std: 1.00976562 ,  0.627441406 SigReg: 15.9989605
std: 0.978027344 ,  0.68359375 SigReg: 13.9840069
std: 1.046875 ,  0.628417969 SigReg: 13.9840069
std: 0.936035156 ,  0.774414062 SigReg: 15.7273092
std: 0.964355469 ,  0.726074219 SigReg: 15.7273092
std: 0.91015625 ,  0.848144531 SigReg: 15.1404467
std: 0.899902344 ,  0.818359375 SigReg: 15.1404467
std: 0.996582031 ,  0.700195312 SigReg: 16.3045578
std: 1.08886719 ,  0.651367188 SigReg: 16.3045578
std: 0.821289062 ,  0.612792969 SigReg: 15.8312883
std: 0.979003906 ,  0.705566406 SigReg: 15.8312883
std: 0.912597656 ,  0.736816406 SigReg: 14.6856556
std: 0.840820312 ,  0.576660156 SigReg: 14.6856556
std: 0.823242188 ,  0.689941406 SigReg: 14.7339392
std: 0.951171875 ,  0.693359375 SigReg: 14.7339392
std: 0.782226562 ,  0.651367188 SigReg: 15.7870693
std: 0.836914062 ,  0.52734375 SigReg: 15.7870693
std: 0.962890625 ,  0.581054688 SigReg: 15.4711399
std: 0.885253906 ,  0.685058594 SigReg: 15.4711399
std: 0.877929688 ,  0.568847656 SigReg: 16.6537323
std: 0.991210938 ,  0.578125 SigReg: 16.6537323
std: 0.829589844 ,  0.719238281 SigReg: 14.6109982
std: 0.82421875 ,  0.814453125 SigReg: 14.6109982
std: 0.866699219 ,  0.577148438 SigReg: 19.2751675
std: 0.847167969 ,  0.684082031 SigReg: 19.2751675
std: 0.853515625 ,  0.59765625 SigReg: 13.9708729
std: 0.891601562 ,  0.583984375 SigReg: 13.9708729
std: 0.931152344 ,  0.551269531 SigReg: 14.8454514
std: 0.928222656 ,  0.669921875 SigReg: 14.8454514
std: 0.901855469 ,  0.65234375 SigReg: 14.1216011
std: 0.767089844 ,  0.635742188 SigReg: 14.1216011
std: 0.840332031 ,  0.448242188 SigReg: 17.6988831
std: 0.905761719 ,  0.738769531 SigReg: 17.6988831
std: 0.8984375 ,  0.594238281 SigReg: 14.6811695
std: 0.895019531 ,  0.624511719 SigReg: 14.6811695
std: 0.852050781 ,  0.67578125 SigReg: 16.1096153
std: 0.935058594 ,  0.6640625 SigReg: 16.1096153
std: 0.875 ,  0.729492188 SigReg: 16.524971
std: 0.978515625 ,  0.54296875 SigReg: 16.524971
std: 0.879882812 ,  0.556640625 SigReg: 14.6476526
std: 0.924316406 ,  0.657226562 SigReg: 14.6476526
std: 1.17871094 ,  0.636230469 SigReg: 15.5378151
std: 0.895507812 ,  0.740234375 SigReg: 15.5378151
std: 0.848144531 ,  0.565429688 SigReg: 18.1942081
std: 1.11816406 ,  0.726074219 SigReg: 18.1942081
  Step 100: Backbone Loss = 1.9418, SIGReg Loss = 18.1942 Probe Loss = 272.1118, Acc = 0.5517
std: 0.810546875 ,  0.681640625 SigReg: 15.6067905
std: 0.924804688 ,  0.737304688 SigReg: 15.6067905
std: 0.940917969 ,  0.654296875 SigReg: 13.6066332
std: 0.938964844 ,  0.594238281 SigReg: 13.6066332
std: 0.908203125 ,  0.675292969 SigReg: 15.1211452
std: 0.789550781 ,  0.645507812 SigReg: 15.1211452
std: 0.905761719 ,  0.573730469 SigReg: 14.4709301
std: 0.841308594 ,  0.6328125 SigReg: 14.4709301
std: 0.943847656 ,  0.669921875 SigReg: 15.8777027
std: 0.874023438 ,  0.732910156 SigReg: 15.8777027
std: 0.904296875 ,  0.661132812 SigReg: 13.568923
std: 0.8046875 ,  0.598632812 SigReg: 13.568923
std: 0.901855469 ,  0.615234375 SigReg: 16.3039742
std: 0.806152344 ,  0.595214844 SigReg: 16.3039742
std: 0.958496094 ,  0.620605469 SigReg: 13.8357983
std: 0.867675781 ,  0.515625 SigReg: 13.8357983
std: 0.785644531 ,  0.689941406 SigReg: 16.2352905
std: 0.900878906 ,  0.671386719 SigReg: 16.2352905
std: 0.893066406 ,  0.702636719 SigReg: 15.0938473
std: 1.01269531 ,  0.592773438 SigReg: 15.0938473
std: 0.768554688 ,  0.616699219 SigReg: 15.5443745
std: 0.878417969 ,  0.659179688 SigReg: 15.5443745
std: 0.833496094 ,  0.618164062 SigReg: 18.1151886
std: 0.774414062 ,  0.662597656 SigReg: 18.1151886
std: 0.770996094 ,  0.693847656 SigReg: 20.7054634
std: 0.818847656 ,  0.603027344 SigReg: 20.7054634
std: 0.844726562 ,  0.6640625 SigReg: 15.7352257
std: 0.873535156 ,  0.760253906 SigReg: 15.7352257
std: 0.862792969 ,  0.568359375 SigReg: 15.3721561
std: 0.837890625 ,  0.741210938 SigReg: 15.3721561
std: 0.923828125 ,  0.666992188 SigReg: 13.7788963
std: 0.705566406 ,  0.728515625 SigReg: 13.7788963
std: 0.771972656 ,  0.809570312 SigReg: 16.1080151
std: 0.745605469 ,  0.658691406 SigReg: 16.1080151
std: 0.878417969 ,  0.669433594 SigReg: 14.2815619
std: 0.786621094 ,  0.747558594 SigReg: 14.2815619
std: 0.842285156 ,  0.598632812 SigReg: 15.7323141
std: 0.794433594 ,  0.571777344 SigReg: 15.7323141
std: 0.825683594 ,  0.564453125 SigReg: 15.9029045
std: 0.981445312 ,  0.617675781 SigReg: 15.9029045
std: 0.864257812 ,  0.684082031 SigReg: 17.1583424
std: 0.803222656 ,  0.6328125 SigReg: 17.1583424
std: 0.734863281 ,  0.778320312 SigReg: 13.7925148
std: 0.900878906 ,  0.737304688 SigReg: 13.7925148
std: 0.786132812 ,  0.644042969 SigReg: 13.9202566
std: 0.933105469 ,  0.761230469 SigReg: 13.9202566
std: 0.815917969 ,  0.72265625 SigReg: 16.0398216
std: 0.967773438 ,  0.849121094 SigReg: 16.0398216
std: 0.878417969 ,  0.812011719 SigReg: 14.327467
std: 0.862304688 ,  0.763183594 SigReg: 14.327467
std: 0.693359375 ,  0.802734375 SigReg: 16.3264313
std: 0.918457031 ,  0.728027344 SigReg: 16.3264313
std: 0.728515625 ,  0.717285156 SigReg: 13.5151949
std: 0.868164062 ,  0.859375 SigReg: 13.5151949
std: 0.872070312 ,  0.69921875 SigReg: 15.9400578
std: 0.916503906 ,  0.73828125 SigReg: 15.9400578
std: 0.870605469 ,  0.836425781 SigReg: 15.8823624
std: 0.821777344 ,  0.800292969 SigReg: 15.8823624
std: 0.944335938 ,  0.732421875 SigReg: 14.8567724
std: 0.834960938 ,  0.787109375 SigReg: 14.8567724
std: 0.87109375 ,  0.731933594 SigReg: 12.9116402
std: 0.8515625 ,  0.723632812 SigReg: 12.9116402
std: 0.804199219 ,  0.822753906 SigReg: 14.7678518
std: 0.815917969 ,  0.82421875 SigReg: 14.7678518
std: 0.770507812 ,  0.676269531 SigReg: 16.8826447
std: 0.751464844 ,  0.789550781 SigReg: 16.8826447
std: 0.551269531 ,  0.642089844 SigReg: 14.4977493
std: 0.631835938 ,  0.687011719 SigReg: 14.4977493
std: 0.740234375 ,  0.686523438 SigReg: 14.8865509
std: 0.59765625 ,  0.726074219 SigReg: 14.8865509
std: 0.684570312 ,  0.622558594 SigReg: 13.8649483
std: 0.705078125 ,  0.641601562 SigReg: 13.8649483
std: 0.6875 ,  0.729980469 SigReg: 15.4063015
std: 0.729980469 ,  0.834960938 SigReg: 15.4063015
std: 0.845214844 ,  0.65234375 SigReg: 13.9932423
std: 0.747070312 ,  0.758789062 SigReg: 13.9932423
std: 0.772949219 ,  0.879882812 SigReg: 15.7762547
std: 0.837402344 ,  0.776855469 SigReg: 15.7762547
std: 0.757324219 ,  0.6875 SigReg: 19.6936035
std: 0.717285156 ,  0.797851562 SigReg: 19.6936035
std: 0.879882812 ,  0.734375 SigReg: 15.0398741
std: 0.940429688 ,  0.814453125 SigReg: 15.0398741
std: 0.966796875 ,  0.693847656 SigReg: 18.8982372
std: 0.946289062 ,  0.859863281 SigReg: 18.8982372
std: 0.993164062 ,  0.716796875 SigReg: 24.3096523
std: 0.921875 ,  0.720214844 SigReg: 24.3096523
std: 0.964355469 ,  0.697753906 SigReg: 17.7027359
std: 0.925292969 ,  0.851074219 SigReg: 17.7027359
std: 1.03710938 ,  0.790039062 SigReg: 19.250988
std: 0.966308594 ,  0.577148438 SigReg: 19.250988
std: 1.00097656 ,  0.727539062 SigReg: 18.8121834
std: 0.932128906 ,  0.623535156 SigReg: 18.8121834
std: 0.901855469 ,  0.781738281 SigReg: 15.6762829
std: 1.00488281 ,  0.668945312 SigReg: 15.6762829
std: 0.929199219 ,  0.842285156 SigReg: 16.1336327
std: 0.897949219 ,  0.622070312 SigReg: 16.1336327
std: 0.884277344 ,  0.759277344 SigReg: 16.1999187
std: 0.813476562 ,  0.80078125 SigReg: 16.1999187
std: 0.861816406 ,  0.805175781 SigReg: 15.1774063
std: 0.848144531 ,  0.803710938 SigReg: 15.1774063
  Step 150: Backbone Loss = 1.8254, SIGReg Loss = 15.1774 Probe Loss = 262.7401, Acc = 0.5214
std: 0.854980469 ,  0.683105469 SigReg: 16.9273548
std: 0.772949219 ,  0.807617188 SigReg: 16.9273548
std: 0.787109375 ,  0.788574219 SigReg: 15.8286409
std: 0.825195312 ,  0.818847656 SigReg: 15.8286409
std: 0.801269531 ,  0.766601562 SigReg: 14.7118244
std: 0.732421875 ,  0.6328125 SigReg: 14.7118244
std: 0.797851562 ,  0.864257812 SigReg: 16.1606197
std: 0.870117188 ,  0.835449219 SigReg: 16.1606197
std: 0.66796875 ,  0.794433594 SigReg: 14.6760216
std: 0.725097656 ,  0.818847656 SigReg: 14.6760216
std: 0.547363281 ,  0.834960938 SigReg: 15.2367887
std: 0.797363281 ,  0.821289062 SigReg: 15.2367887
std: 0.747558594 ,  0.821289062 SigReg: 16.8177338
std: 0.667480469 ,  0.776367188 SigReg: 16.8177338
std: 0.71484375 ,  0.851074219 SigReg: 15.1091852
std: 0.938476562 ,  0.830566406 SigReg: 15.1091852
std: 0.919921875 ,  0.793457031 SigReg: 13.3955431
std: 0.737304688 ,  0.874511719 SigReg: 13.3955431
std: 0.729980469 ,  0.798339844 SigReg: 15.9545469
std: 0.830078125 ,  0.892578125 SigReg: 15.9545469
std: 0.755371094 ,  0.884277344 SigReg: 15.0736065
std: 0.827636719 ,  0.918457031 SigReg: 15.0736065
std: 0.780761719 ,  1.01953125 SigReg: 16.7503777
std: 0.841796875 ,  0.924316406 SigReg: 16.7503777
std: 0.852539062 ,  0.964355469 SigReg: 15.9098358
std: 0.911132812 ,  0.87890625 SigReg: 15.9098358
std: 0.775878906 ,  1.04394531 SigReg: 19.3110332
std: 0.801269531 ,  1.01464844 SigReg: 19.3110332
std: 0.677246094 ,  0.909179688 SigReg: 19.4804745
std: 0.667480469 ,  0.941894531 SigReg: 19.4804745
std: 0.634277344 ,  0.678710938 SigReg: 18.0420036
std: 0.743652344 ,  0.861816406 SigReg: 18.0420036
std: 0.753417969 ,  0.844726562 SigReg: 17.049799
std: 0.844726562 ,  0.792480469 SigReg: 17.049799
std: 0.789550781 ,  0.841308594 SigReg: 20.8347473
std: 0.782714844 ,  0.735839844 SigReg: 20.8347473
std: 0.850585938 ,  0.815917969 SigReg: 19.2936039
std: 0.797363281 ,  0.791992188 SigReg: 19.2936039
std: 0.851074219 ,  0.740722656 SigReg: 17.1786232
std: 0.864746094 ,  0.682128906 SigReg: 17.1786232
std: 0.794433594 ,  0.784179688 SigReg: 17.95924
std: 0.724121094 ,  0.797851562 SigReg: 17.95924
std: 0.759277344 ,  0.674804688 SigReg: 18.6226902
std: 0.86328125 ,  0.779785156 SigReg: 18.6226902
std: 0.85546875 ,  0.78515625 SigReg: 15.4983196
std: 0.895507812 ,  0.714355469 SigReg: 15.4983196
std: 0.877441406 ,  0.749023438 SigReg: 15.693079
std: 0.837890625 ,  0.922851562 SigReg: 15.693079
std: 1.00683594 ,  0.815429688 SigReg: 16.4936867
std: 0.981933594 ,  0.737304688 SigReg: 16.4936867
std: 0.915527344 ,  0.819824219 SigReg: 14.1380119
std: 0.833496094 ,  0.703613281 SigReg: 14.1380119
std: 0.91015625 ,  0.723144531 SigReg: 15.9462738
std: 0.938964844 ,  0.583984375 SigReg: 15.9462738
std: 1.04785156 ,  0.71484375 SigReg: 16.1308746
std: 1.02148438 ,  0.758300781 SigReg: 16.1308746
std: 1.00878906 ,  0.802246094 SigReg: 14.6438465
std: 1.03515625 ,  0.731445312 SigReg: 14.6438465
std: 0.884765625 ,  0.795898438 SigReg: 17.4502296
std: 0.935058594 ,  0.699707031 SigReg: 17.4502296
std: 0.793945312 ,  0.91796875 SigReg: 14.5323868
std: 0.908691406 ,  0.810058594 SigReg: 14.5323868
std: 0.882324219 ,  0.781738281 SigReg: 15.9511356
std: 0.650878906 ,  0.738769531 SigReg: 15.9511356
std: 0.768554688 ,  0.756347656 SigReg: 18.459753
std: 0.813476562 ,  0.732910156 SigReg: 18.459753
std: 0.712890625 ,  0.692871094 SigReg: 15.5931168
std: 0.651855469 ,  0.834960938 SigReg: 15.5931168
std: 0.854003906 ,  0.744628906 SigReg: 16.8851318
std: 0.818359375 ,  0.799804688 SigReg: 16.8851318
std: 0.818847656 ,  0.702148438 SigReg: 14.6725779
std: 0.861328125 ,  0.756347656 SigReg: 14.6725779
std: 0.959960938 ,  0.888183594 SigReg: 16.3165894
std: 0.874023438 ,  0.835449219 SigReg: 16.3165894
std: 0.8828125 ,  0.959960938 SigReg: 15.4115248
std: 0.961914062 ,  0.838867188 SigReg: 15.4115248
std: 0.903320312 ,  0.853027344 SigReg: 17.4356651
std: 1.05761719 ,  0.75390625 SigReg: 17.4356651
std: 0.892089844 ,  1.0234375 SigReg: 19.2032776
std: 0.981445312 ,  0.935058594 SigReg: 19.2032776
std: 0.895507812 ,  0.801757812 SigReg: 19.863308
std: 0.951660156 ,  0.921875 SigReg: 19.863308
std: 0.873535156 ,  0.788574219 SigReg: 20.2875748
std: 0.84765625 ,  0.874511719 SigReg: 20.2875748
std: 0.895996094 ,  0.734375 SigReg: 19.255024
std: 0.841796875 ,  0.750488281 SigReg: 19.255024
std: 1.02148438 ,  0.62890625 SigReg: 17.027935
std: 1.07324219 ,  0.850585938 SigReg: 17.027935
std: 0.754394531 ,  0.887207031 SigReg: 16.8680687
std: 1.08300781 ,  0.704101562 SigReg: 16.8680687
std: 0.955078125 ,  0.939941406 SigReg: 18.7502098
std: 1.015625 ,  0.775390625 SigReg: 18.7502098
std: 0.972167969 ,  0.813476562 SigReg: 14.2954845
std: 0.982421875 ,  0.569824219 SigReg: 14.2954845
std: 1.0078125 ,  0.655273438 SigReg: 15.4620161
std: 1.05761719 ,  0.611816406 SigReg: 15.4620161
std: 0.997070312 ,  0.625 SigReg: 17.3844242
std: 1.09082031 ,  0.599609375 SigReg: 17.3844242
std: 0.928222656 ,  0.606445312 SigReg: 17.648674
std: 1.11035156 ,  0.712402344 SigReg: 17.648674
  Step 200: Backbone Loss = 1.9390, SIGReg Loss = 17.6487 Probe Loss = 252.1469, Acc = 0.5225
std: 0.906738281 ,  0.711914062 SigReg: 13.6521511
std: 1.12109375 ,  0.793457031 SigReg: 13.6521511
std: 1.0390625 ,  0.834472656 SigReg: 14.6916809
std: 1.08886719 ,  0.821777344 SigReg: 14.6916809
std: 1.03125 ,  0.733886719 SigReg: 14.476368
std: 1.08886719 ,  0.823242188 SigReg: 14.476368
std: 1.14160156 ,  0.709472656 SigReg: 15.2576838
std: 1.10839844 ,  0.904785156 SigReg: 15.2576838
std: 1.02050781 ,  0.961425781 SigReg: 15.8908806
std: 1.04492188 ,  0.841308594 SigReg: 15.8908806
std: 1.09082031 ,  0.895507812 SigReg: 18.0963917
std: 1.03710938 ,  0.816894531 SigReg: 18.0963917
std: 1.02636719 ,  0.985351562 SigReg: 16.587862
std: 1.01171875 ,  0.979980469 SigReg: 16.587862
std: 0.950195312 ,  0.855957031 SigReg: 16.2042961
std: 0.954101562 ,  0.798339844 SigReg: 16.2042961
std: 0.927734375 ,  0.789550781 SigReg: 13.6415396
std: 0.9921875 ,  0.83984375 SigReg: 13.6415396
std: 0.924804688 ,  0.657714844 SigReg: 16.6446667
std: 1.00195312 ,  0.697753906 SigReg: 16.6446667
std: 0.892089844 ,  0.877929688 SigReg: 22.5662346
std: 0.974121094 ,  0.895996094 SigReg: 22.5662346
std: 1.01367188 ,  0.856445312 SigReg: 15.9157419
std: 0.936035156 ,  0.912597656 SigReg: 15.9157419
std: 0.900390625 ,  0.754394531 SigReg: 15.5199213
std: 0.904785156 ,  0.933105469 SigReg: 15.5199213
std: 0.868164062 ,  0.9921875 SigReg: 16.2463551
std: 0.763671875 ,  0.884277344 SigReg: 16.2463551
std: 0.72265625 ,  0.762207031 SigReg: 15.6182642
std: 0.764160156 ,  0.742675781 SigReg: 15.6182642
std: 0.766601562 ,  0.948242188 SigReg: 13.9647694
std: 0.869628906 ,  0.921875 SigReg: 13.9647694
std: 0.803222656 ,  0.849121094 SigReg: 16.6332188
std: 0.734863281 ,  0.759765625 SigReg: 16.6332188
std: 0.755859375 ,  0.782714844 SigReg: 15.4516239
std: 0.795898438 ,  0.9140625 SigReg: 15.4516239
std: 0.774414062 ,  0.891113281 SigReg: 15.5763769
std: 0.672851562 ,  0.865234375 SigReg: 15.5763769
std: 0.832519531 ,  0.854003906 SigReg: 15.8499985
std: 0.77734375 ,  0.654296875 SigReg: 15.8499985
std: 0.726074219 ,  0.713867188 SigReg: 15.8280926
std: 0.838867188 ,  0.904785156 SigReg: 15.8280926
std: 0.791992188 ,  0.796875 SigReg: 25.139595
std: 0.781738281 ,  0.823242188 SigReg: 25.139595
std: 0.883789062 ,  0.858398438 SigReg: 18.2113781
std: 0.888183594 ,  0.879882812 SigReg: 18.2113781
std: 0.885742188 ,  0.792480469 SigReg: 14.5827579
std: 0.833984375 ,  0.897460938 SigReg: 14.5827579
std: 0.847167969 ,  0.955566406 SigReg: 16.2095966
std: 0.776855469 ,  0.953613281 SigReg: 16.2095966
std: 0.735351562 ,  0.855957031 SigReg: 16.9717903
std: 0.760742188 ,  0.875976562 SigReg: 16.9717903
std: 0.818359375 ,  0.951171875 SigReg: 13.1601696
std: 0.8203125 ,  0.908203125 SigReg: 13.1601696
std: 0.936523438 ,  0.834960938 SigReg: 15.4167747
std: 0.772460938 ,  0.966796875 SigReg: 15.4167747
std: 0.704101562 ,  0.685546875 SigReg: 15.6584263
std: 0.729003906 ,  0.883789062 SigReg: 15.6584263
std: 0.763671875 ,  0.761230469 SigReg: 13.9923077
std: 0.816894531 ,  0.899902344 SigReg: 13.9923077
std: 0.750488281 ,  0.834472656 SigReg: 13.867281
std: 0.783203125 ,  0.709472656 SigReg: 13.867281
std: 0.83203125 ,  0.748046875 SigReg: 14.0353279
std: 0.569335938 ,  0.924316406 SigReg: 14.0353279
std: 0.953125 ,  0.855957031 SigReg: 20.2525139
std: 0.823730469 ,  0.778320312 SigReg: 20.2525139
std: 0.741699219 ,  0.794433594 SigReg: 14.2513466
std: 0.747070312 ,  1.00195312 SigReg: 14.2513466
std: 0.768554688 ,  0.807128906 SigReg: 12.865715
std: 0.750488281 ,  0.98046875 SigReg: 12.865715
std: 0.615722656 ,  1.01660156 SigReg: 13.0243111
std: 0.693847656 ,  0.919433594 SigReg: 13.0243111
std: 0.689453125 ,  0.915039062 SigReg: 13.8068171
std: 0.782226562 ,  0.9453125 SigReg: 13.8068171
std: 0.740722656 ,  0.922363281 SigReg: 12.3253899
std: 0.669433594 ,  0.965332031 SigReg: 12.3253899
std: 0.741699219 ,  0.984375 SigReg: 14.7380505
std: 0.763671875 ,  1.04101562 SigReg: 14.7380505
std: 0.706542969 ,  1.1015625 SigReg: 12.7463675
std: 0.762207031 ,  1.13574219 SigReg: 12.7463675
std: 0.79296875 ,  1.06542969 SigReg: 12.3874922
std: 0.847167969 ,  0.858398438 SigReg: 12.3874922
std: 0.806640625 ,  0.943359375 SigReg: 14.2601595
std: 0.76953125 ,  0.983886719 SigReg: 14.2601595
std: 0.719726562 ,  1.13964844 SigReg: 13.1834993
std: 0.768554688 ,  1.10351562 SigReg: 13.1834993
std: 0.786621094 ,  1.0078125 SigReg: 14.8409643
std: 0.799804688 ,  0.987304688 SigReg: 14.8409643
std: 0.733398438 ,  0.984375 SigReg: 14.5789528
std: 0.633300781 ,  0.935058594 SigReg: 14.5789528
std: 0.836914062 ,  1.04199219 SigReg: 15.2576942
std: 0.606445312 ,  1.01660156 SigReg: 15.2576942
std: 0.784179688 ,  0.990722656 SigReg: 15.4701481
std: 0.750488281 ,  1.07519531 SigReg: 15.4701481
std: 0.739746094 ,  0.968261719 SigReg: 13.4916945
std: 0.719726562 ,  1.0234375 SigReg: 13.4916945
std: 0.829101562 ,  1.07421875 SigReg: 16.7382755
std: 0.732421875 ,  0.978027344 SigReg: 16.7382755
std: 0.693359375 ,  0.923828125 SigReg: 15.317647
std: 0.779296875 ,  1.03222656 SigReg: 15.317647
  Step 250: Backbone Loss = 1.8467, SIGReg Loss = 15.3176 Probe Loss = 271.7062, Acc = 0.5372
std: 0.758789062 ,  0.896972656 SigReg: 16.4581852
std: 0.733398438 ,  1.12402344 SigReg: 16.4581852
std: 0.626953125 ,  1.04199219 SigReg: 15.5179167
std: 0.765625 ,  0.948242188 SigReg: 15.5179167
std: 0.892578125 ,  0.934082031 SigReg: 16.362381
std: 0.832519531 ,  0.979492188 SigReg: 16.362381
std: 0.706542969 ,  0.921875 SigReg: 15.8662987
std: 0.876953125 ,  0.999023438 SigReg: 15.8662987
std: 0.98046875 ,  1.11621094 SigReg: 15.104002
std: 0.772460938 ,  0.999023438 SigReg: 15.104002
std: 0.718261719 ,  0.840332031 SigReg: 13.6575422
std: 0.702148438 ,  0.95703125 SigReg: 13.6575422
std: 0.741210938 ,  0.883789062 SigReg: 14.8233833
std: 0.698242188 ,  0.955078125 SigReg: 14.8233833
std: 0.688476562 ,  0.896972656 SigReg: 14.0301304
std: 0.793457031 ,  1.03417969 SigReg: 14.0301304
std: 0.802246094 ,  0.874511719 SigReg: 14.3319139
std: 0.761230469 ,  0.98046875 SigReg: 14.3319139
std: 0.746582031 ,  0.835449219 SigReg: 14.1106215
std: 0.757324219 ,  0.893066406 SigReg: 14.1106215
std: 0.730957031 ,  0.927246094 SigReg: 19.4812298
std: 0.875976562 ,  0.915039062 SigReg: 19.4812298
std: 0.8046875 ,  0.92578125 SigReg: 17.8612099
std: 0.770019531 ,  0.979492188 SigReg: 17.8612099
std: 0.970703125 ,  1.08691406 SigReg: 16.521225
std: 0.912597656 ,  0.901367188 SigReg: 16.521225
std: 0.845214844 ,  1.01660156 SigReg: 13.3075352
std: 0.970214844 ,  0.909179688 SigReg: 13.3075352
std: 0.910644531 ,  1.05078125 SigReg: 13.5104647
std: 0.857421875 ,  0.925292969 SigReg: 13.5104647
std: 0.854003906 ,  0.939941406 SigReg: 15.3774986
std: 0.904296875 ,  0.919921875 SigReg: 15.3774986
std: 0.892578125 ,  0.910644531 SigReg: 14.612752
std: 0.876953125 ,  0.927734375 SigReg: 14.612752
std: 0.845703125 ,  1.0078125 SigReg: 12.6805096
std: 0.791503906 ,  0.890625 SigReg: 12.6805096
std: 0.6640625 ,  0.841308594 SigReg: 15.2267447
std: 0.886230469 ,  0.830566406 SigReg: 15.2267447
std: 0.666503906 ,  0.851074219 SigReg: 15.0392036
std: 0.670410156 ,  0.884765625 SigReg: 15.0392036
std: 0.720214844 ,  0.881347656 SigReg: 14.0042524
std: 0.852050781 ,  0.854003906 SigReg: 14.0042524
std: 0.7421875 ,  0.971679688 SigReg: 13.6301498
std: 0.739257812 ,  0.84765625 SigReg: 13.6301498
std: 0.809082031 ,  0.854492188 SigReg: 13.6442804
std: 0.78515625 ,  0.919433594 SigReg: 13.6442804
std: 0.820800781 ,  0.922363281 SigReg: 13.0837564
std: 0.940429688 ,  0.985839844 SigReg: 13.0837564
std: 0.744628906 ,  0.895507812 SigReg: 14.5680237
std: 0.918945312 ,  0.742675781 SigReg: 14.5680237
std: 0.778320312 ,  0.80078125 SigReg: 14.4498129
std: 1.07128906 ,  0.795410156 SigReg: 14.4498129
std: 0.728027344 ,  0.933105469 SigReg: 13.3924398
std: 0.961425781 ,  0.957519531 SigReg: 13.3924398
std: 0.806152344 ,  0.842773438 SigReg: 15.0956898
std: 0.979980469 ,  0.803710938 SigReg: 15.0956898
std: 1.05859375 ,  0.854492188 SigReg: 14.6208248
std: 0.7578125 ,  0.855957031 SigReg: 14.6208248
std: 0.840332031 ,  0.966308594 SigReg: 12.0173187
std: 0.83984375 ,  0.791015625 SigReg: 12.0173187
std: 0.888671875 ,  0.761230469 SigReg: 11.8993177
std: 0.803710938 ,  0.870605469 SigReg: 11.8993177
std: 0.892089844 ,  0.833007812 SigReg: 13.6107883
std: 0.687988281 ,  0.80859375 SigReg: 13.6107883
std: 0.817382812 ,  0.838867188 SigReg: 12.411911
std: 0.909179688 ,  0.844238281 SigReg: 12.411911
std: 0.928710938 ,  0.812988281 SigReg: 12.2796373
std: 0.770507812 ,  0.933105469 SigReg: 12.2796373
std: 0.88671875 ,  0.879394531 SigReg: 15.1035957
std: 0.885742188 ,  0.784667969 SigReg: 15.1035957
std: 0.977539062 ,  0.819824219 SigReg: 12.6802731
std: 1.04296875 ,  0.883300781 SigReg: 12.6802731
std: 0.887207031 ,  0.790039062 SigReg: 11.2648029
std: 0.92578125 ,  0.868164062 SigReg: 11.2648029
std: 0.758300781 ,  0.779785156 SigReg: 14.4830513
std: 0.899902344 ,  0.755371094 SigReg: 14.4830513
std: 0.879882812 ,  0.798339844 SigReg: 14.8250732
std: 0.809570312 ,  0.864257812 SigReg: 14.8250732
std: 0.874511719 ,  0.819824219 SigReg: 13.8560772
std: 0.854492188 ,  0.851074219 SigReg: 13.8560772
std: 0.819824219 ,  0.852050781 SigReg: 15.762742
std: 0.834960938 ,  0.912109375 SigReg: 15.762742
std: 0.916992188 ,  0.912597656 SigReg: 13.9037905
std: 0.929199219 ,  0.997558594 SigReg: 13.9037905
std: 0.916503906 ,  1.01464844 SigReg: 13.7248735
std: 0.836425781 ,  0.942871094 SigReg: 13.7248735
std: 0.887207031 ,  0.983398438 SigReg: 14.0664139
std: 0.692382812 ,  0.916015625 SigReg: 14.0664139
std: 0.718261719 ,  0.936035156 SigReg: 13.9359922
std: 0.880371094 ,  0.984375 SigReg: 13.9359922
std: 0.855957031 ,  0.974609375 SigReg: 14.1952057
std: 0.837890625 ,  0.917480469 SigReg: 14.1952057
std: 0.733886719 ,  0.992675781 SigReg: 12.6954336
std: 0.691894531 ,  0.908691406 SigReg: 12.6954336
std: 0.780761719 ,  1.01757812 SigReg: 12.668314
std: 0.756347656 ,  1.01757812 SigReg: 12.668314
std: 0.720214844 ,  1.1171875 SigReg: 13.0772371
std: 0.749511719 ,  0.953613281 SigReg: 13.0772371
std: 0.786621094 ,  0.975097656 SigReg: 15.1785278
std: 0.793457031 ,  1.08398438 SigReg: 15.1785278
  Step 300: Backbone Loss = 1.8203, SIGReg Loss = 15.1785 Probe Loss = 283.7009, Acc = 0.5220
std: 0.806640625 ,  0.96875 SigReg: 15.2720613
std: 0.734863281 ,  1.14257812 SigReg: 15.2720613
std: 0.654296875 ,  1.03125 SigReg: 13.1395473
std: 0.688964844 ,  0.870117188 SigReg: 13.1395473
std: 0.726074219 ,  0.913574219 SigReg: 16.4663982
std: 0.745605469 ,  0.827636719 SigReg: 16.4663982
std: 0.766601562 ,  1.03613281 SigReg: 12.3396454
std: 0.681640625 ,  0.817382812 SigReg: 12.3396454
std: 0.646972656 ,  0.837890625 SigReg: 15.8772545
std: 0.6953125 ,  0.877441406 SigReg: 15.8772545
std: 0.665039062 ,  1.12304688 SigReg: 13.8404713
std: 0.798828125 ,  1.07519531 SigReg: 13.8404713
Epoch 10 finished in 249.99s.
  Avg Backbone Loss: 1.8570
  Avg Probe Loss:    269.7660
  Avg Probe Accuracy: 0.5273

Epoch 11/100
std: 0.848144531 ,  1.11328125 SigReg: 14.3585711
std: 0.817871094 ,  1.09472656 SigReg: 14.3585711
  Step 0: Backbone Loss = 1.8052, SIGReg Loss = 14.3586 Probe Loss = 275.2136, Acc = 0.5312
std: 0.877929688 ,  1.24902344 SigReg: 11.5501661
std: 0.789550781 ,  1.22753906 SigReg: 11.5501661
std: 0.950195312 ,  0.869628906 SigReg: 11.7618332
std: 0.873535156 ,  1.14355469 SigReg: 11.7618332
std: 1.01269531 ,  1.15039062 SigReg: 13.5130796
std: 0.899414062 ,  0.98046875 SigReg: 13.5130796
std: 0.840332031 ,  1.14160156 SigReg: 13.3860435
std: 0.98046875 ,  0.898925781 SigReg: 13.3860435
std: 0.913574219 ,  0.932617188 SigReg: 12.9513845
std: 0.933105469 ,  0.951171875 SigReg: 12.9513845
std: 0.900390625 ,  0.967285156 SigReg: 12.5643978
std: 0.847167969 ,  0.919433594 SigReg: 12.5643978
std: 0.932617188 ,  1.16796875 SigReg: 14.5310268
std: 0.779296875 ,  0.886230469 SigReg: 14.5310268
std: 0.831054688 ,  0.869140625 SigReg: 15.1275158
std: 0.953125 ,  0.884277344 SigReg: 15.1275158
std: 0.890136719 ,  1.05078125 SigReg: 15.6542816
std: 0.615722656 ,  1.13671875 SigReg: 15.6542816
std: 0.759765625 ,  1.06738281 SigReg: 14.0434351
std: 0.775878906 ,  0.890625 SigReg: 14.0434351
std: 0.638183594 ,  1.08691406 SigReg: 14.1893454
std: 0.741699219 ,  0.758300781 SigReg: 14.1893454
std: 0.740722656 ,  0.954589844 SigReg: 12.5721321
std: 0.764648438 ,  0.996582031 SigReg: 12.5721321
std: 0.770996094 ,  0.895996094 SigReg: 15.7708244
std: 0.929199219 ,  0.911621094 SigReg: 15.7708244
std: 0.827148438 ,  0.888671875 SigReg: 14.7133989
std: 0.851074219 ,  1.11425781 SigReg: 14.7133989
std: 0.840332031 ,  0.938964844 SigReg: 13.4670343
std: 0.731445312 ,  0.949707031 SigReg: 13.4670343
std: 0.83984375 ,  0.824707031 SigReg: 14.8928328
std: 0.796875 ,  1.12890625 SigReg: 14.8928328
std: 0.828613281 ,  1.02148438 SigReg: 15.3731413
std: 0.789550781 ,  1.01660156 SigReg: 15.3731413
std: 0.802734375 ,  0.989257812 SigReg: 15.2409649
std: 0.839355469 ,  1.33300781 SigReg: 15.2409649
std: 0.782226562 ,  0.950195312 SigReg: 14.4675407
std: 0.831054688 ,  1.19824219 SigReg: 14.4675407
std: 0.858398438 ,  0.932617188 SigReg: 14.503727
std: 0.927246094 ,  1.04589844 SigReg: 14.503727
std: 0.927246094 ,  1.08300781 SigReg: 13.3984594
std: 0.86328125 ,  1.00585938 SigReg: 13.3984594
std: 0.845214844 ,  0.990722656 SigReg: 13.1877213
std: 0.764648438 ,  0.969726562 SigReg: 13.1877213
std: 0.905273438 ,  0.998535156 SigReg: 13.4522343
std: 0.962402344 ,  0.940429688 SigReg: 13.4522343
std: 0.80859375 ,  1.08300781 SigReg: 13.0452328
std: 0.949707031 ,  0.978027344 SigReg: 13.0452328
std: 0.692382812 ,  0.985839844 SigReg: 15.3049307
std: 0.861328125 ,  0.928222656 SigReg: 15.3049307
std: 0.815917969 ,  1.0859375 SigReg: 13.3911676
std: 0.9375 ,  0.825195312 SigReg: 13.3911676
std: 0.775390625 ,  0.856933594 SigReg: 12.8994255
std: 0.957519531 ,  0.909667969 SigReg: 12.8994255
std: 0.823242188 ,  0.760253906 SigReg: 14.7419243
std: 0.843261719 ,  0.979003906 SigReg: 14.7419243
std: 0.848144531 ,  0.775878906 SigReg: 16.153059
std: 0.716308594 ,  0.939453125 SigReg: 16.153059
std: 0.948730469 ,  0.926269531 SigReg: 13.2899647
std: 0.837890625 ,  0.89453125 SigReg: 13.2899647
std: 0.956054688 ,  1.01660156 SigReg: 15.1568203
std: 0.790039062 ,  0.953125 SigReg: 15.1568203
std: 0.840332031 ,  0.933105469 SigReg: 15.0748253
std: 0.846191406 ,  1.03515625 SigReg: 15.0748253
std: 0.948730469 ,  0.939941406 SigReg: 12.5513287
std: 0.856933594 ,  0.943847656 SigReg: 12.5513287
std: 0.906738281 ,  0.888183594 SigReg: 12.8819504
std: 0.855957031 ,  1.06445312 SigReg: 12.8819504
std: 0.875488281 ,  0.980957031 SigReg: 16.4406757
std: 0.859375 ,  0.965820312 SigReg: 16.4406757
std: 0.900878906 ,  1.08789062 SigReg: 15.9453907
std: 0.926757812 ,  0.895019531 SigReg: 15.9453907
std: 0.772949219 ,  0.857421875 SigReg: 14.4525471
std: 0.872558594 ,  0.823242188 SigReg: 14.4525471
std: 0.838867188 ,  0.916992188 SigReg: 13.3191929
std: 0.909667969 ,  0.805664062 SigReg: 13.3191929
std: 0.831542969 ,  0.974609375 SigReg: 13.935051
std: 0.752441406 ,  1.04492188 SigReg: 13.935051
std: 0.864257812 ,  1.03808594 SigReg: 11.4502697
std: 0.974609375 ,  0.999023438 SigReg: 11.4502697
std: 1.12109375 ,  0.954101562 SigReg: 18.8812809
std: 0.954101562 ,  0.908203125 SigReg: 18.8812809
std: 1.06152344 ,  1.11230469 SigReg: 15.2436028
std: 1.03320312 ,  1.08007812 SigReg: 15.2436028
std: 0.935546875 ,  1.05664062 SigReg: 16.6686039
std: 0.951171875 ,  1.046875 SigReg: 16.6686039
std: 0.8828125 ,  1.02148438 SigReg: 14.879859
std: 0.888183594 ,  1.09667969 SigReg: 14.879859
std: 0.890136719 ,  1.04199219 SigReg: 16.3594971
std: 0.92578125 ,  1.18457031 SigReg: 16.3594971
std: 0.797851562 ,  1.11914062 SigReg: 14.651082
std: 0.926757812 ,  1.17773438 SigReg: 14.651082
std: 0.884765625 ,  1.12988281 SigReg: 17.3821621
std: 0.698730469 ,  1.31347656 SigReg: 17.3821621
std: 0.870117188 ,  1.21386719 SigReg: 15.7955351
std: 0.858886719 ,  1.2109375 SigReg: 15.7955351
std: 0.962890625 ,  1.29101562 SigReg: 14.8650665
std: 0.810058594 ,  1.0703125 SigReg: 14.8650665
std: 0.798828125 ,  1.19628906 SigReg: 15.8523722
std: 0.860839844 ,  1.31835938 SigReg: 15.8523722
  Step 50: Backbone Loss = 1.8213, SIGReg Loss = 15.8524 Probe Loss = 271.4748, Acc = 0.5284
std: 0.771484375 ,  1.15722656 SigReg: 13.7753668
std: 0.87109375 ,  1.35351562 SigReg: 13.7753668
std: 0.931640625 ,  0.959960938 SigReg: 13.6120319
std: 0.757324219 ,  1.015625 SigReg: 13.6120319
std: 0.759277344 ,  1.05371094 SigReg: 13.7314425
std: 0.827148438 ,  1.21875 SigReg: 13.7314425
std: 0.979003906 ,  1.10351562 SigReg: 14.0112991
std: 0.775390625 ,  1.11230469 SigReg: 14.0112991
std: 0.861328125 ,  1.01367188 SigReg: 13.052906
std: 1.06445312 ,  1.15917969 SigReg: 13.052906
std: 0.980957031 ,  1.06835938 SigReg: 11.715064
std: 0.931640625 ,  1.1328125 SigReg: 11.715064
std: 0.870117188 ,  1.19921875 SigReg: 12.6526461
std: 0.859375 ,  0.994628906 SigReg: 12.6526461
std: 0.983886719 ,  1.0859375 SigReg: 13.5143795
std: 1.04199219 ,  1.3359375 SigReg: 13.5143795
std: 1.01953125 ,  1.09375 SigReg: 13.5056343
std: 0.961425781 ,  1.27148438 SigReg: 13.5056343
std: 0.961914062 ,  0.957519531 SigReg: 12.6605825
std: 0.900878906 ,  1.06738281 SigReg: 12.6605825
std: 0.919921875 ,  0.964355469 SigReg: 18.828764
std: 0.871582031 ,  1.07519531 SigReg: 18.828764
std: 0.954101562 ,  1.05957031 SigReg: 12.0342712
std: 0.797851562 ,  1.1953125 SigReg: 12.0342712
std: 0.983886719 ,  1.08496094 SigReg: 14.404274
std: 0.779296875 ,  1.109375 SigReg: 14.404274
std: 0.743652344 ,  0.949707031 SigReg: 13.039
std: 0.843261719 ,  1.11425781 SigReg: 13.039
std: 0.916503906 ,  1.01660156 SigReg: 13.5679817
std: 0.909667969 ,  0.986816406 SigReg: 13.5679817
std: 0.730957031 ,  1.09667969 SigReg: 15.3558302
std: 0.90234375 ,  1.046875 SigReg: 15.3558302
std: 1.05078125 ,  1.09277344 SigReg: 13.0048094
std: 0.8359375 ,  0.793457031 SigReg: 13.0048094
std: 0.840332031 ,  1.11035156 SigReg: 12.1240501
std: 0.954589844 ,  1.05175781 SigReg: 12.1240501
std: 0.97265625 ,  0.836425781 SigReg: 12.7246246
std: 0.969238281 ,  1.04785156 SigReg: 12.7246246
std: 1.0546875 ,  1.17871094 SigReg: 13.9186563
std: 0.959960938 ,  1.07910156 SigReg: 13.9186563
std: 0.908203125 ,  1.12109375 SigReg: 11.9121618
std: 0.900390625 ,  0.993164062 SigReg: 11.9121618
std: 0.901855469 ,  1.046875 SigReg: 12.4482851
std: 1.0234375 ,  1.16992188 SigReg: 12.4482851
std: 0.946777344 ,  1.078125 SigReg: 13.3155794
std: 1.07324219 ,  1.12304688 SigReg: 13.3155794
std: 0.854492188 ,  0.889160156 SigReg: 11.7455788
std: 0.907226562 ,  1.17480469 SigReg: 11.7455788
std: 0.7421875 ,  1.10839844 SigReg: 15.5910234
std: 0.958984375 ,  1.21289062 SigReg: 15.5910234
std: 0.989257812 ,  1.02929688 SigReg: 13.346899
std: 0.874511719 ,  1.1640625 SigReg: 13.346899
std: 0.958496094 ,  1.08203125 SigReg: 11.9343185
std: 0.866210938 ,  1.07714844 SigReg: 11.9343185
std: 0.799316406 ,  1.08984375 SigReg: 12.6611919
std: 0.802734375 ,  1.04394531 SigReg: 12.6611919
std: 0.829589844 ,  0.870117188 SigReg: 14.1246157
std: 0.9296875 ,  1.06738281 SigReg: 14.1246157
std: 0.779785156 ,  1.13574219 SigReg: 14.9739103
std: 0.838378906 ,  1.18847656 SigReg: 14.9739103
std: 0.747558594 ,  1.31347656 SigReg: 13.8265533
std: 0.854492188 ,  1.12109375 SigReg: 13.8265533
std: 0.7890625 ,  0.984863281 SigReg: 12.2501736
std: 0.73828125 ,  1.17871094 SigReg: 12.2501736
std: 0.749023438 ,  1.12011719 SigReg: 15.9043074
std: 0.893066406 ,  1.00390625 SigReg: 15.9043074
std: 0.733398438 ,  1.21289062 SigReg: 14.3596878
std: 0.69140625 ,  1.13671875 SigReg: 14.3596878
std: 0.7578125 ,  1.20117188 SigReg: 13.6281586
std: 0.823242188 ,  0.853515625 SigReg: 13.6281586
std: 0.908203125 ,  0.918457031 SigReg: 14.4523239
std: 0.772949219 ,  1.18066406 SigReg: 14.4523239
std: 0.904296875 ,  0.994140625 SigReg: 14.5749111
std: 0.711914062 ,  0.977539062 SigReg: 14.5749111
std: 0.842773438 ,  1.10742188 SigReg: 12.4105129
std: 0.884765625 ,  0.764648438 SigReg: 12.4105129
std: 0.904296875 ,  1.01660156 SigReg: 13.0917425
std: 0.846679688 ,  0.972167969 SigReg: 13.0917425
std: 0.895019531 ,  0.71484375 SigReg: 14.5885458
std: 0.861328125 ,  1.1171875 SigReg: 14.5885458
std: 0.884277344 ,  1.10546875 SigReg: 14.8903036
std: 1.00488281 ,  0.903808594 SigReg: 14.8903036
std: 0.808105469 ,  0.867675781 SigReg: 14.2658215
std: 0.930664062 ,  0.993652344 SigReg: 14.2658215
std: 0.8515625 ,  0.987792969 SigReg: 17.6844406
std: 0.831054688 ,  1.02050781 SigReg: 17.6844406
std: 0.85546875 ,  0.926269531 SigReg: 14.1167488
std: 0.827148438 ,  1.02246094 SigReg: 14.1167488
std: 0.891113281 ,  1.05371094 SigReg: 14.0331669
std: 0.86328125 ,  0.850585938 SigReg: 14.0331669
std: 0.839355469 ,  0.889648438 SigReg: 13.3129816
std: 0.809570312 ,  0.977539062 SigReg: 13.3129816
std: 0.71875 ,  0.764648438 SigReg: 13.8532791
std: 0.669921875 ,  0.759277344 SigReg: 13.8532791
std: 0.752441406 ,  0.816894531 SigReg: 14.7122736
std: 0.727539062 ,  0.982910156 SigReg: 14.7122736
std: 0.678222656 ,  0.944824219 SigReg: 15.0744505
std: 0.678710938 ,  1.03320312 SigReg: 15.0744505
std: 0.7890625 ,  0.954101562 SigReg: 13.8376408
std: 0.740722656 ,  1.13574219 SigReg: 13.8376408
  Step 100: Backbone Loss = 1.7485, SIGReg Loss = 13.8376 Probe Loss = 261.9017, Acc = 0.5207
std: 0.765625 ,  1.13671875 SigReg: 14.5187359
std: 0.743652344 ,  0.967285156 SigReg: 14.5187359
std: 0.755371094 ,  0.986328125 SigReg: 12.3967886
std: 0.697265625 ,  1.10546875 SigReg: 12.3967886
std: 0.700195312 ,  1.05859375 SigReg: 14.9412928
std: 0.812988281 ,  0.931640625 SigReg: 14.9412928
std: 0.694335938 ,  1.27832031 SigReg: 12.5337391
std: 0.731445312 ,  1.03027344 SigReg: 12.5337391
std: 0.677734375 ,  1.09765625 SigReg: 13.7417479
std: 0.843261719 ,  0.833984375 SigReg: 13.7417479
std: 0.729980469 ,  1.30566406 SigReg: 16.1946964
std: 0.695800781 ,  1.05859375 SigReg: 16.1946964
std: 0.726074219 ,  1.13867188 SigReg: 15.8818083
std: 0.859863281 ,  1.0390625 SigReg: 15.8818083
std: 0.731933594 ,  1.02441406 SigReg: 11.2321196
std: 0.741699219 ,  0.849609375 SigReg: 11.2321196
std: 0.822753906 ,  0.883789062 SigReg: 16.3946209
std: 0.717285156 ,  1.078125 SigReg: 16.3946209
std: 0.65625 ,  1.03125 SigReg: 15.4842958
std: 0.703125 ,  0.927246094 SigReg: 15.4842958
std: 0.716308594 ,  1.12304688 SigReg: 15.4397621
std: 0.638183594 ,  1.05664062 SigReg: 15.4397621
std: 0.750976562 ,  1.22949219 SigReg: 13.2422428
std: 0.744140625 ,  0.946289062 SigReg: 13.2422428
std: 0.754394531 ,  1.19335938 SigReg: 13.4817209
std: 0.607421875 ,  0.951660156 SigReg: 13.4817209
std: 0.723632812 ,  0.974609375 SigReg: 13.9540243
std: 0.781738281 ,  1.06640625 SigReg: 13.9540243
std: 0.755371094 ,  1.10742188 SigReg: 13.3861856
std: 0.640625 ,  1.10839844 SigReg: 13.3861856
std: 0.771972656 ,  1.15527344 SigReg: 12.4106426
std: 0.712402344 ,  0.918945312 SigReg: 12.4106426
std: 0.778320312 ,  1.18066406 SigReg: 12.4297361
std: 0.739257812 ,  0.987792969 SigReg: 12.4297361
std: 0.706054688 ,  0.944335938 SigReg: 15.106163
std: 0.712890625 ,  0.859375 SigReg: 15.106163
std: 0.574707031 ,  1.05371094 SigReg: 15.2858181
std: 0.753417969 ,  0.94921875 SigReg: 15.2858181
std: 0.583984375 ,  1.03710938 SigReg: 13.3274307
std: 0.732910156 ,  1.02539062 SigReg: 13.3274307
std: 0.875488281 ,  0.934082031 SigReg: 11.3893929
std: 0.758789062 ,  1.10546875 SigReg: 11.3893929
std: 0.798339844 ,  1.19335938 SigReg: 13.6333151
std: 0.702636719 ,  1.09570312 SigReg: 13.6333151
std: 0.841796875 ,  1.10253906 SigReg: 13.8275948
std: 0.874023438 ,  1.20214844 SigReg: 13.8275948
std: 0.751464844 ,  1.12890625 SigReg: 14.6028833
std: 0.759765625 ,  1.14648438 SigReg: 14.6028833
std: 0.729492188 ,  1.02929688 SigReg: 13.6451225
std: 0.748046875 ,  1.04785156 SigReg: 13.6451225
std: 0.789550781 ,  1.13476562 SigReg: 12.283555
std: 0.854003906 ,  1.05273438 SigReg: 12.283555
std: 0.918457031 ,  1.08886719 SigReg: 20.0674782
std: 0.889648438 ,  1.16015625 SigReg: 20.0674782
std: 0.861328125 ,  1.1328125 SigReg: 14.6868
std: 0.811523438 ,  1.03320312 SigReg: 14.6868
std: 0.758789062 ,  0.947265625 SigReg: 13.0633793
std: 0.824707031 ,  1.05566406 SigReg: 13.0633793
std: 0.742675781 ,  1.015625 SigReg: 12.2424011
std: 0.739746094 ,  0.936523438 SigReg: 12.2424011
std: 0.924316406 ,  1.02539062 SigReg: 11.9439335
std: 0.922363281 ,  0.962402344 SigReg: 11.9439335
std: 0.8203125 ,  0.935546875 SigReg: 12.3047113
std: 0.77734375 ,  0.97265625 SigReg: 12.3047113
std: 0.735839844 ,  1.11230469 SigReg: 16.1440506
std: 0.934570312 ,  0.952636719 SigReg: 16.1440506
std: 0.947265625 ,  1.109375 SigReg: 16.3831253
std: 0.870117188 ,  1.05566406 SigReg: 16.3831253
std: 0.779785156 ,  1.09179688 SigReg: 11.862071
std: 0.805175781 ,  1.05859375 SigReg: 11.862071
std: 0.767578125 ,  0.962890625 SigReg: 18.260582
std: 0.760253906 ,  0.974121094 SigReg: 18.260582
std: 0.922851562 ,  1.1171875 SigReg: 16.0174103
std: 1.01757812 ,  1.015625 SigReg: 16.0174103
std: 0.812011719 ,  1.1640625 SigReg: 16.547657
std: 0.886230469 ,  1.05664062 SigReg: 16.547657
std: 0.701171875 ,  1.15625 SigReg: 13.3139715
std: 0.697753906 ,  1.07128906 SigReg: 13.3139715
std: 0.749023438 ,  0.988769531 SigReg: 12.2601042
std: 0.796875 ,  0.958496094 SigReg: 12.2601042
std: 0.878417969 ,  1.22460938 SigReg: 12.1680984
std: 0.624511719 ,  1.04101562 SigReg: 12.1680984
std: 0.598632812 ,  0.991210938 SigReg: 13.6952467
std: 0.707519531 ,  0.947265625 SigReg: 13.6952467
std: 0.715820312 ,  0.8984375 SigReg: 14.2642746
std: 0.656738281 ,  0.776367188 SigReg: 14.2642746
std: 0.486816406 ,  0.851074219 SigReg: 13.6399364
std: 0.800292969 ,  0.922851562 SigReg: 13.6399364
std: 1.00390625 ,  1.05078125 SigReg: 15.6984777
std: 0.746582031 ,  1.16699219 SigReg: 15.6984777
std: 0.886230469 ,  1.07617188 SigReg: 13.5098667
std: 0.735839844 ,  1.07226562 SigReg: 13.5098667
std: 0.741210938 ,  0.983886719 SigReg: 14.0909452
std: 0.922363281 ,  1.02246094 SigReg: 14.0909452
std: 1.06054688 ,  1.13769531 SigReg: 16.0422897
std: 1.046875 ,  1.05957031 SigReg: 16.0422897
std: 1.046875 ,  1.07714844 SigReg: 12.5707932
std: 0.9375 ,  1.15039062 SigReg: 12.5707932
std: 0.982910156 ,  1.16894531 SigReg: 14.7426243
std: 0.993164062 ,  1.13867188 SigReg: 14.7426243
  Step 150: Backbone Loss = 1.7969, SIGReg Loss = 14.7426 Probe Loss = 262.3345, Acc = 0.5245
std: 0.911132812 ,  1.17675781 SigReg: 15.2166786
std: 1.13183594 ,  1.14746094 SigReg: 15.2166786
std: 1.05273438 ,  0.959472656 SigReg: 13.9858265
std: 0.703125 ,  1.16796875 SigReg: 13.9858265
std: 0.671386719 ,  1.02148438 SigReg: 15.8584509
std: 0.746582031 ,  1.02148438 SigReg: 15.8584509
std: 0.880371094 ,  0.996582031 SigReg: 12.7070036
std: 0.795410156 ,  1.14746094 SigReg: 12.7070036
std: 0.833984375 ,  0.998046875 SigReg: 15.3581295
std: 0.922851562 ,  1.04199219 SigReg: 15.3581295
std: 0.6171875 ,  1.01074219 SigReg: 14.4987221
std: 0.828613281 ,  1.01855469 SigReg: 14.4987221
std: 0.952636719 ,  1.09472656 SigReg: 14.0113363
std: 0.743652344 ,  1.08789062 SigReg: 14.0113363
std: 0.673828125 ,  1.12792969 SigReg: 18.954195
std: 0.852539062 ,  0.86328125 SigReg: 18.954195
std: 0.760742188 ,  1.16113281 SigReg: 16.00317
std: 0.872558594 ,  1.12109375 SigReg: 16.00317
std: 0.864746094 ,  0.969726562 SigReg: 13.2646017
std: 0.791015625 ,  1.14257812 SigReg: 13.2646017
std: 0.768554688 ,  0.905273438 SigReg: 15.7578907
std: 0.572265625 ,  1 SigReg: 15.7578907
std: 0.541503906 ,  1.06933594 SigReg: 17.777277
std: 0.880371094 ,  1.00585938 SigReg: 17.777277
std: 0.574707031 ,  0.975097656 SigReg: 13.8401127
std: 0.553710938 ,  0.904296875 SigReg: 13.8401127
std: 0.522460938 ,  1.06152344 SigReg: 13.7872305
std: 0.603515625 ,  0.850585938 SigReg: 13.7872305
std: 0.556152344 ,  0.900390625 SigReg: 17.8015862
std: 0.686523438 ,  0.735351562 SigReg: 17.8015862
std: 0.638671875 ,  1.03125 SigReg: 13.7740803
std: 0.637207031 ,  0.940917969 SigReg: 13.7740803
std: 0.718261719 ,  0.967773438 SigReg: 14.4352884
std: 0.729980469 ,  1.10351562 SigReg: 14.4352884
std: 0.846679688 ,  0.977539062 SigReg: 13.9619389
std: 0.595703125 ,  0.992675781 SigReg: 13.9619389
std: 0.588378906 ,  0.964355469 SigReg: 15.6277981
std: 0.553222656 ,  0.980957031 SigReg: 15.6277981
std: 0.749511719 ,  0.816894531 SigReg: 16.0340366
std: 0.726074219 ,  1.00878906 SigReg: 16.0340366
std: 0.796875 ,  1.11816406 SigReg: 14.7371387
std: 0.705078125 ,  1.08984375 SigReg: 14.7371387
std: 0.713378906 ,  1.125 SigReg: 13.6121635
std: 0.635742188 ,  0.873046875 SigReg: 13.6121635
std: 0.824707031 ,  1.00878906 SigReg: 16.6389351
std: 0.779296875 ,  1.11816406 SigReg: 16.6389351
std: 0.841796875 ,  0.85546875 SigReg: 13.9863892
std: 0.718261719 ,  0.971191406 SigReg: 13.9863892
std: 0.817382812 ,  1.02832031 SigReg: 15.2486639
std: 0.946289062 ,  0.929199219 SigReg: 15.2486639
std: 0.712402344 ,  0.924316406 SigReg: 12.8450584
std: 0.812988281 ,  1.08203125 SigReg: 12.8450584
std: 0.692382812 ,  1.015625 SigReg: 14.2886162
std: 0.737304688 ,  0.84765625 SigReg: 14.2886162
std: 0.772460938 ,  0.978515625 SigReg: 15.5618258
std: 0.740234375 ,  0.890136719 SigReg: 15.5618258
std: 0.680175781 ,  1.00878906 SigReg: 12.3244228
std: 0.650878906 ,  0.939941406 SigReg: 12.3244228
std: 0.78515625 ,  0.999023438 SigReg: 14.8400736
std: 0.830078125 ,  1.0078125 SigReg: 14.8400736
std: 0.710449219 ,  0.923828125 SigReg: 13.6196461
std: 0.580566406 ,  0.848144531 SigReg: 13.6196461
std: 0.589355469 ,  0.674804688 SigReg: 14.0546227
std: 0.598144531 ,  0.981445312 SigReg: 14.0546227
std: 0.656738281 ,  1.19042969 SigReg: 14.2691822
std: 0.735839844 ,  0.984375 SigReg: 14.2691822
std: 0.616699219 ,  0.995605469 SigReg: 13.98522
std: 0.446044922 ,  0.956054688 SigReg: 13.98522
std: 0.408691406 ,  0.971191406 SigReg: 11.8757591
std: 0.766113281 ,  0.926269531 SigReg: 11.8757591
std: 0.599121094 ,  0.919433594 SigReg: 14.9138699
std: 0.522460938 ,  0.980957031 SigReg: 14.9138699
std: 0.563476562 ,  1.13085938 SigReg: 18.5412979
std: 0.481445312 ,  0.888183594 SigReg: 18.5412979
std: 0.478759766 ,  1.05371094 SigReg: 14.8681288
std: 0.416992188 ,  1.04003906 SigReg: 14.8681288
std: 0.521972656 ,  1.00976562 SigReg: 12.538063
std: 0.524414062 ,  1.02148438 SigReg: 12.538063
std: 0.525390625 ,  0.9140625 SigReg: 15.0675669
std: 0.624511719 ,  1.13574219 SigReg: 15.0675669
std: 0.472412109 ,  1.09375 SigReg: 13.2101259
std: 0.525390625 ,  1.0078125 SigReg: 13.2101259
std: 0.545410156 ,  0.878417969 SigReg: 13.3933067
std: 0.529785156 ,  1.07226562 SigReg: 13.3933067
std: 0.588867188 ,  0.894042969 SigReg: 12.3183432
std: 0.525878906 ,  0.982910156 SigReg: 12.3183432
std: 0.607910156 ,  1.09863281 SigReg: 15.3981085
std: 0.704101562 ,  0.995605469 SigReg: 15.3981085
std: 0.646484375 ,  0.962890625 SigReg: 14.8817759
std: 0.534179688 ,  0.982421875 SigReg: 14.8817759
std: 0.502441406 ,  0.855957031 SigReg: 13.925252
std: 0.59765625 ,  0.823730469 SigReg: 13.925252
std: 0.571777344 ,  0.755371094 SigReg: 15.6471615
std: 0.584960938 ,  0.924316406 SigReg: 15.6471615
std: 0.686035156 ,  0.900390625 SigReg: 13.5861835
std: 0.635253906 ,  0.69921875 SigReg: 13.5861835
std: 0.514160156 ,  0.89453125 SigReg: 14.9482946
std: 0.475341797 ,  0.887207031 SigReg: 14.9482946
std: 0.693847656 ,  0.88671875 SigReg: 14.0287142
std: 0.581054688 ,  0.977539062 SigReg: 14.0287142
  Step 200: Backbone Loss = 1.7265, SIGReg Loss = 14.0287 Probe Loss = 264.1511, Acc = 0.5351
std: 0.519042969 ,  0.766113281 SigReg: 14.3507452
std: 0.555175781 ,  0.881347656 SigReg: 14.3507452
std: 0.620605469 ,  0.940917969 SigReg: 14.691658
std: 0.512207031 ,  0.857910156 SigReg: 14.691658
std: 0.523925781 ,  0.866699219 SigReg: 14.7699518
std: 0.575195312 ,  0.956542969 SigReg: 14.7699518
std: 0.708007812 ,  0.921875 SigReg: 20.7663956
std: 0.746582031 ,  0.743652344 SigReg: 20.7663956
std: 0.548339844 ,  0.951660156 SigReg: 15.7714882
std: 0.528320312 ,  0.932128906 SigReg: 15.7714882
std: 0.583984375 ,  0.916992188 SigReg: 12.8378944
std: 0.651367188 ,  1.01269531 SigReg: 12.8378944
std: 0.606933594 ,  1.00878906 SigReg: 14.3365784
std: 0.470947266 ,  0.92578125 SigReg: 14.3365784
std: 0.606445312 ,  1.01757812 SigReg: 13.1235161
std: 0.6328125 ,  0.981933594 SigReg: 13.1235161
std: 0.56640625 ,  1.07128906 SigReg: 18.3959732
std: 0.666503906 ,  0.934082031 SigReg: 18.3959732
std: 0.744628906 ,  0.896972656 SigReg: 16.9311848
std: 0.653320312 ,  1.1484375 SigReg: 16.9311848
std: 0.627441406 ,  1.01953125 SigReg: 14.4628496
std: 0.542480469 ,  0.994628906 SigReg: 14.4628496
std: 0.591308594 ,  0.791503906 SigReg: 14.3293419
std: 0.583007812 ,  1.01367188 SigReg: 14.3293419
std: 0.661621094 ,  0.844238281 SigReg: 14.8188896
std: 0.546875 ,  0.878417969 SigReg: 14.8188896
std: 0.720703125 ,  0.892089844 SigReg: 13.6490784
std: 0.666992188 ,  0.874023438 SigReg: 13.6490784
std: 0.730957031 ,  0.884277344 SigReg: 13.7035894
std: 0.744628906 ,  0.987304688 SigReg: 13.7035894
std: 0.763671875 ,  0.958496094 SigReg: 15.7887182
std: 0.859375 ,  0.811523438 SigReg: 15.7887182
std: 0.69140625 ,  0.864746094 SigReg: 12.6897869
std: 0.812011719 ,  0.793457031 SigReg: 12.6897869
std: 0.773925781 ,  0.681640625 SigReg: 13.992094
std: 0.752929688 ,  0.787109375 SigReg: 13.992094
std: 0.748535156 ,  0.920410156 SigReg: 18.7047043
std: 0.916015625 ,  0.791015625 SigReg: 18.7047043
std: 0.884765625 ,  1.01464844 SigReg: 15.4227762
std: 0.795410156 ,  1.13183594 SigReg: 15.4227762
std: 0.85546875 ,  1.1171875 SigReg: 14.3550005
std: 0.852539062 ,  1.09375 SigReg: 14.3550005
std: 0.941894531 ,  0.981933594 SigReg: 14.9853382
std: 0.836914062 ,  1.00390625 SigReg: 14.9853382
std: 0.78125 ,  1.01464844 SigReg: 17.4880638
std: 0.86328125 ,  0.974609375 SigReg: 17.4880638
std: 0.831542969 ,  0.859863281 SigReg: 11.9305506
std: 0.783203125 ,  0.875488281 SigReg: 11.9305506
std: 0.848632812 ,  1.14355469 SigReg: 12.5286427
std: 0.697265625 ,  0.969238281 SigReg: 12.5286427
std: 0.655273438 ,  0.910644531 SigReg: 12.5034695
std: 0.794433594 ,  0.873535156 SigReg: 12.5034695
std: 0.663085938 ,  0.721679688 SigReg: 14.833581
std: 0.693359375 ,  1.03222656 SigReg: 14.833581
std: 0.828125 ,  1.05957031 SigReg: 15.7280502
std: 0.67578125 ,  0.931640625 SigReg: 15.7280502
std: 0.744628906 ,  0.923828125 SigReg: 14.8727255
std: 0.647949219 ,  0.713378906 SigReg: 14.8727255
std: 0.738769531 ,  1.05566406 SigReg: 16.358326
std: 0.748046875 ,  0.978027344 SigReg: 16.358326
std: 0.656738281 ,  0.971679688 SigReg: 16.1658421
std: 0.638671875 ,  0.875 SigReg: 16.1658421
std: 0.5 ,  0.884277344 SigReg: 14.8894711
std: 0.620117188 ,  1.04980469 SigReg: 14.8894711
std: 0.716796875 ,  0.948730469 SigReg: 12.553297
std: 0.668457031 ,  0.908203125 SigReg: 12.553297
std: 0.652832031 ,  0.844238281 SigReg: 16.6444588
std: 0.663574219 ,  0.80078125 SigReg: 16.6444588
std: 0.595703125 ,  0.930664062 SigReg: 13.9532328
std: 0.733398438 ,  1.02539062 SigReg: 13.9532328
std: 0.631835938 ,  0.959472656 SigReg: 16.5929241
std: 0.729003906 ,  0.910644531 SigReg: 16.5929241
std: 0.622070312 ,  0.868164062 SigReg: 13.6167202
std: 0.66015625 ,  0.912597656 SigReg: 13.6167202
std: 0.631347656 ,  0.782226562 SigReg: 14.5848341
std: 0.904296875 ,  0.944824219 SigReg: 14.5848341
std: 0.702148438 ,  0.939453125 SigReg: 12.3650351
std: 0.595214844 ,  0.932128906 SigReg: 12.3650351
std: 0.694335938 ,  0.825195312 SigReg: 12.637619
std: 0.759765625 ,  0.934082031 SigReg: 12.637619
std: 0.643554688 ,  1.00097656 SigReg: 13.8392553
std: 0.504882812 ,  1.01464844 SigReg: 13.8392553
std: 0.630859375 ,  0.85546875 SigReg: 15.4475136
std: 0.680664062 ,  0.697265625 SigReg: 15.4475136
std: 0.673339844 ,  1.02050781 SigReg: 17.1527882
std: 0.609375 ,  0.841308594 SigReg: 17.1527882
std: 0.639648438 ,  0.959472656 SigReg: 13.3274479
std: 0.656738281 ,  0.967773438 SigReg: 13.3274479
std: 0.797363281 ,  0.919921875 SigReg: 14.7911615
std: 0.660644531 ,  0.853027344 SigReg: 14.7911615
std: 0.635253906 ,  0.83984375 SigReg: 18.10569
std: 0.53515625 ,  0.755859375 SigReg: 18.10569
std: 0.6796875 ,  1.06152344 SigReg: 16.9393368
std: 0.685546875 ,  0.934570312 SigReg: 16.9393368
std: 0.765625 ,  0.859863281 SigReg: 14.25525
std: 0.632324219 ,  0.990234375 SigReg: 14.25525
std: 0.668945312 ,  0.956542969 SigReg: 15.5004292
std: 0.673339844 ,  1.17675781 SigReg: 15.5004292
std: 0.674316406 ,  0.914550781 SigReg: 14.9627428
std: 0.634765625 ,  0.96484375 SigReg: 14.9627428
  Step 250: Backbone Loss = 1.7699, SIGReg Loss = 14.9627 Probe Loss = 284.7646, Acc = 0.5241
std: 0.547851562 ,  1.03515625 SigReg: 14.6987152
std: 0.616699219 ,  0.995117188 SigReg: 14.6987152
std: 0.748535156 ,  1.046875 SigReg: 14.2642
std: 0.611816406 ,  1.15039062 SigReg: 14.2642
std: 0.640625 ,  1.06738281 SigReg: 14.5821552
std: 0.68359375 ,  0.764648438 SigReg: 14.5821552
std: 0.706542969 ,  0.974121094 SigReg: 14.3661184
std: 0.687988281 ,  0.833496094 SigReg: 14.3661184
std: 0.672851562 ,  0.9375 SigReg: 12.2323809
std: 0.673828125 ,  0.877441406 SigReg: 12.2323809
std: 0.693847656 ,  0.931640625 SigReg: 13.9959641
std: 0.713867188 ,  1.11425781 SigReg: 13.9959641
std: 0.7734375 ,  0.985351562 SigReg: 14.0010185
std: 0.815429688 ,  0.973632812 SigReg: 14.0010185
std: 0.712402344 ,  1.12304688 SigReg: 16.8534622
std: 0.616699219 ,  1.12890625 SigReg: 16.8534622
std: 0.713867188 ,  1.05566406 SigReg: 16.4130268
std: 0.747558594 ,  1.0546875 SigReg: 16.4130268
std: 0.823730469 ,  1.01953125 SigReg: 13.3851261
std: 0.646484375 ,  1.16503906 SigReg: 13.3851261
std: 0.704101562 ,  1.19921875 SigReg: 15.0112591
std: 0.610839844 ,  1.203125 SigReg: 15.0112591
std: 0.697265625 ,  1.19140625 SigReg: 13.1015759
std: 0.635253906 ,  1.11328125 SigReg: 13.1015759
std: 0.573730469 ,  1.27832031 SigReg: 17.0933647
std: 0.53515625 ,  1.13378906 SigReg: 17.0933647
std: 0.668945312 ,  1.03613281 SigReg: 12.2107143
std: 0.602050781 ,  1.30273438 SigReg: 12.2107143
std: 0.578125 ,  1.06835938 SigReg: 13.690836
std: 0.612304688 ,  0.991699219 SigReg: 13.690836
std: 0.614257812 ,  1.14257812 SigReg: 13.2290058
std: 0.615722656 ,  1.14355469 SigReg: 13.2290058
std: 0.648925781 ,  1.03808594 SigReg: 15.354764
std: 0.53515625 ,  0.939453125 SigReg: 15.354764
std: 0.583984375 ,  0.9609375 SigReg: 14.4566994
std: 0.536621094 ,  0.750976562 SigReg: 14.4566994
std: 0.546386719 ,  0.958984375 SigReg: 14.1203642
std: 0.582519531 ,  1.04785156 SigReg: 14.1203642
std: 0.529785156 ,  0.915527344 SigReg: 12.9065456
std: 0.559082031 ,  0.758789062 SigReg: 12.9065456
std: 0.674804688 ,  1.06542969 SigReg: 14.241641
std: 0.546875 ,  0.939453125 SigReg: 14.241641
std: 0.575683594 ,  0.694824219 SigReg: 12.3706722
std: 0.584960938 ,  0.809570312 SigReg: 12.3706722
std: 0.537109375 ,  0.909667969 SigReg: 15.5854931
std: 0.538574219 ,  1.00976562 SigReg: 15.5854931
std: 0.497802734 ,  0.928710938 SigReg: 14.6709967
std: 0.582519531 ,  0.857421875 SigReg: 14.6709967
std: 0.498291016 ,  0.758789062 SigReg: 14.5815449
std: 0.556640625 ,  0.854003906 SigReg: 14.5815449
std: 0.625 ,  0.778808594 SigReg: 13.5220747
std: 0.616699219 ,  0.854980469 SigReg: 13.5220747
std: 0.542480469 ,  0.723632812 SigReg: 13.3251934
std: 0.436035156 ,  0.84765625 SigReg: 13.3251934
std: 0.579589844 ,  0.972167969 SigReg: 12.8416576
std: 0.549804688 ,  0.793457031 SigReg: 12.8416576
std: 0.636230469 ,  0.687988281 SigReg: 12.7394857
std: 0.575195312 ,  0.817382812 SigReg: 12.7394857
std: 0.489257812 ,  0.806640625 SigReg: 15.2471161
std: 0.579101562 ,  0.778320312 SigReg: 15.2471161
std: 0.626953125 ,  0.818847656 SigReg: 14.7566166
std: 0.630859375 ,  0.643554688 SigReg: 14.7566166
std: 0.602539062 ,  0.853027344 SigReg: 13.3883066
std: 0.541015625 ,  0.699707031 SigReg: 13.3883066
std: 0.545898438 ,  0.611816406 SigReg: 13.3615055
std: 0.625488281 ,  0.78125 SigReg: 13.3615055
std: 0.592773438 ,  0.820800781 SigReg: 13.4509573
std: 0.622558594 ,  0.819824219 SigReg: 13.4509573
std: 0.503417969 ,  0.847167969 SigReg: 16.9807281
std: 0.544921875 ,  0.872070312 SigReg: 16.9807281
std: 0.579589844 ,  0.850097656 SigReg: 13.4556818
std: 0.536132812 ,  0.860351562 SigReg: 13.4556818
std: 0.582519531 ,  0.684082031 SigReg: 13.8458328
std: 0.65234375 ,  0.689941406 SigReg: 13.8458328
std: 0.541503906 ,  0.772949219 SigReg: 14.1994419
std: 0.60546875 ,  0.795898438 SigReg: 14.1994419
std: 0.510742188 ,  0.70703125 SigReg: 14.6657257
std: 0.529296875 ,  0.950195312 SigReg: 14.6657257
std: 0.641113281 ,  0.79296875 SigReg: 11.7670565
std: 0.478759766 ,  0.811035156 SigReg: 11.7670565
std: 0.489257812 ,  0.784179688 SigReg: 12.8585176
std: 0.476806641 ,  0.786621094 SigReg: 12.8585176
std: 0.529785156 ,  0.865234375 SigReg: 13.1655979
std: 0.461425781 ,  0.805175781 SigReg: 13.1655979
std: 0.575195312 ,  0.829589844 SigReg: 12.2448187
std: 0.508300781 ,  0.802734375 SigReg: 12.2448187
std: 0.513671875 ,  0.78515625 SigReg: 11.1722164
std: 0.430664062 ,  0.860839844 SigReg: 11.1722164
std: 0.502441406 ,  0.903320312 SigReg: 13.70259
std: 0.547851562 ,  0.746582031 SigReg: 13.70259
std: 0.514648438 ,  0.887207031 SigReg: 12.5088682
std: 0.469970703 ,  0.940429688 SigReg: 12.5088682
std: 0.489501953 ,  0.919921875 SigReg: 12.4646206
std: 0.517578125 ,  0.952148438 SigReg: 12.4646206
std: 0.457519531 ,  0.802246094 SigReg: 12.3718853
std: 0.471435547 ,  0.811035156 SigReg: 12.3718853
std: 0.476806641 ,  0.925292969 SigReg: 12.8686104
std: 0.498535156 ,  0.876464844 SigReg: 12.8686104
std: 0.459472656 ,  0.780761719 SigReg: 14.1835632
std: 0.374267578 ,  0.870605469 SigReg: 14.1835632
  Step 300: Backbone Loss = 1.7801, SIGReg Loss = 14.1836 Probe Loss = 277.7151, Acc = 0.5335
std: 0.555175781 ,  0.893066406 SigReg: 12.021533
std: 0.58984375 ,  0.781738281 SigReg: 12.021533
std: 0.517578125 ,  0.603515625 SigReg: 12.4780693
std: 0.621582031 ,  0.826660156 SigReg: 12.4780693
std: 0.452880859 ,  0.841308594 SigReg: 12.4306183
std: 0.50390625 ,  0.773925781 SigReg: 12.4306183
std: 0.497314453 ,  0.731445312 SigReg: 15.0293255
std: 0.510742188 ,  0.6875 SigReg: 15.0293255
std: 0.505371094 ,  0.717773438 SigReg: 11.071023
std: 0.454345703 ,  0.758300781 SigReg: 11.071023
std: 0.450927734 ,  0.677734375 SigReg: 14.400281
std: 0.516113281 ,  0.62890625 SigReg: 14.400281
Epoch 11 finished in 248.49s.
  Avg Backbone Loss: 1.7511
  Avg Probe Loss:    269.4111
  Avg Probe Accuracy: 0.5286

Epoch 12/100
std: 0.647949219 ,  0.734863281 SigReg: 12.1353073
std: 0.5625 ,  0.654296875 SigReg: 12.1353073
  Step 0: Backbone Loss = 1.6209, SIGReg Loss = 12.1353 Probe Loss = 270.3419, Acc = 0.5345
std: 0.543945312 ,  0.717285156 SigReg: 13.4455748
std: 0.526855469 ,  0.488525391 SigReg: 13.4455748
std: 0.509765625 ,  0.65234375 SigReg: 14.1059895
std: 0.550292969 ,  0.748535156 SigReg: 14.1059895
std: 0.52734375 ,  0.758300781 SigReg: 16.1401043
std: 0.487304688 ,  0.6875 SigReg: 16.1401043
std: 0.571777344 ,  0.873046875 SigReg: 13.1031189
std: 0.545898438 ,  0.706542969 SigReg: 13.1031189
std: 0.627441406 ,  0.642089844 SigReg: 13.5485821
std: 0.6484375 ,  0.676269531 SigReg: 13.5485821
std: 0.630371094 ,  0.72265625 SigReg: 18.5172653
std: 0.770019531 ,  0.670410156 SigReg: 18.5172653
std: 0.789550781 ,  0.740722656 SigReg: 17.1848202
std: 0.817382812 ,  0.624023438 SigReg: 17.1848202
std: 0.670898438 ,  0.673828125 SigReg: 16.3049679
std: 0.698242188 ,  0.690917969 SigReg: 16.3049679
std: 0.749511719 ,  0.647460938 SigReg: 15.3545341
std: 0.512207031 ,  0.739746094 SigReg: 15.3545341
std: 0.562988281 ,  0.784179688 SigReg: 17.1574688
std: 0.524902344 ,  0.788574219 SigReg: 17.1574688
std: 0.688964844 ,  0.739257812 SigReg: 18.3203659
std: 0.546875 ,  0.793457031 SigReg: 18.3203659
std: 0.556640625 ,  0.766601562 SigReg: 14.7120495
std: 0.559082031 ,  0.749023438 SigReg: 14.7120495
std: 0.549804688 ,  0.676757812 SigReg: 14.3264666
std: 0.549316406 ,  0.832519531 SigReg: 14.3264666
std: 0.638671875 ,  0.82421875 SigReg: 14.8359585
std: 0.694335938 ,  0.715332031 SigReg: 14.8359585
std: 0.631835938 ,  0.850585938 SigReg: 13.9305134
std: 0.741699219 ,  0.755371094 SigReg: 13.9305134
std: 0.63671875 ,  0.747558594 SigReg: 12.7815924
std: 0.728027344 ,  0.750976562 SigReg: 12.7815924
std: 0.778320312 ,  0.882324219 SigReg: 14.1502228
std: 0.79296875 ,  0.716308594 SigReg: 14.1502228
std: 0.610839844 ,  0.777832031 SigReg: 17.8906021
std: 0.702636719 ,  0.789550781 SigReg: 17.8906021
std: 0.770019531 ,  0.759765625 SigReg: 13.3214264
std: 0.7890625 ,  0.829589844 SigReg: 13.3214264
std: 0.726074219 ,  0.862792969 SigReg: 13.5131931
std: 0.903320312 ,  0.783691406 SigReg: 13.5131931
std: 0.748535156 ,  0.860839844 SigReg: 16.0604477
std: 0.726074219 ,  0.796386719 SigReg: 16.0604477
std: 0.833496094 ,  0.653808594 SigReg: 13.2369738
std: 0.900390625 ,  0.749511719 SigReg: 13.2369738
std: 0.8828125 ,  0.783691406 SigReg: 13.8326969
std: 0.951660156 ,  0.696289062 SigReg: 13.8326969
std: 0.896972656 ,  0.781738281 SigReg: 13.7530842
std: 0.951171875 ,  0.703613281 SigReg: 13.7530842
std: 0.974121094 ,  0.723144531 SigReg: 13.9451237
std: 0.904296875 ,  0.660644531 SigReg: 13.9451237
std: 0.912109375 ,  0.858398438 SigReg: 12.9124985
std: 0.880859375 ,  0.685058594 SigReg: 12.9124985
std: 0.959472656 ,  0.874511719 SigReg: 16.3870087
std: 1.03125 ,  0.848144531 SigReg: 16.3870087
std: 0.884277344 ,  0.857421875 SigReg: 13.752943
std: 1.06933594 ,  0.821777344 SigReg: 13.752943
std: 0.9765625 ,  0.872558594 SigReg: 13.6867256
std: 1.00976562 ,  0.953613281 SigReg: 13.6867256
std: 0.818847656 ,  0.811523438 SigReg: 14.5244102
std: 0.738769531 ,  0.819335938 SigReg: 14.5244102
std: 1.09667969 ,  0.772949219 SigReg: 13.3998995
std: 1.03808594 ,  0.796386719 SigReg: 13.3998995
std: 0.841308594 ,  0.895996094 SigReg: 13.2182865
std: 0.907714844 ,  0.680175781 SigReg: 13.2182865
std: 0.859375 ,  0.66796875 SigReg: 13.6937943
std: 0.871582031 ,  0.825195312 SigReg: 13.6937943
std: 1.05175781 ,  0.717285156 SigReg: 12.3220634
std: 1.09082031 ,  0.765625 SigReg: 12.3220634
std: 1.07617188 ,  0.614746094 SigReg: 14.6173191
std: 1.1875 ,  0.638183594 SigReg: 14.6173191
std: 1.08886719 ,  0.78515625 SigReg: 11.3107643
std: 1.00976562 ,  0.763183594 SigReg: 11.3107643
std: 1.04882812 ,  0.968261719 SigReg: 13.2928658
std: 0.894042969 ,  0.779296875 SigReg: 13.2928658
std: 0.940429688 ,  0.754394531 SigReg: 10.9193516
std: 0.937011719 ,  0.778320312 SigReg: 10.9193516
std: 1.08496094 ,  0.719238281 SigReg: 12.9879389
std: 1.02832031 ,  0.736816406 SigReg: 12.9879389
std: 0.993164062 ,  0.802246094 SigReg: 15.6627798
std: 1.05664062 ,  0.876464844 SigReg: 15.6627798
std: 0.907226562 ,  0.901855469 SigReg: 12.2549915
std: 1.03417969 ,  0.70703125 SigReg: 12.2549915
std: 1.09765625 ,  0.614746094 SigReg: 13.7754879
std: 1.14941406 ,  0.761230469 SigReg: 13.7754879
std: 1.12207031 ,  0.70703125 SigReg: 13.9863501
std: 1.27441406 ,  0.737304688 SigReg: 13.9863501
std: 1.15722656 ,  0.712402344 SigReg: 14.8306017
std: 1.1875 ,  0.728027344 SigReg: 14.8306017
std: 1.12402344 ,  0.747070312 SigReg: 12.2107267
std: 1.32324219 ,  0.670410156 SigReg: 12.2107267
std: 1.22558594 ,  0.645019531 SigReg: 15.0726881
std: 1.31445312 ,  0.552734375 SigReg: 15.0726881
std: 1.32226562 ,  0.69921875 SigReg: 17.6545982
std: 1.29882812 ,  0.653808594 SigReg: 17.6545982
std: 1.04296875 ,  0.865234375 SigReg: 15.1409359
std: 1.21386719 ,  0.704589844 SigReg: 15.1409359
std: 1.04589844 ,  0.717285156 SigReg: 14.4037437
std: 0.790527344 ,  0.786132812 SigReg: 14.4037437
std: 0.87109375 ,  0.897949219 SigReg: 15.058671
std: 0.7734375 ,  0.921875 SigReg: 15.058671
  Step 50: Backbone Loss = 1.8433, SIGReg Loss = 15.0587 Probe Loss = 285.3907, Acc = 0.5081
std: 0.784179688 ,  0.724121094 SigReg: 12.6833172
std: 0.908691406 ,  0.906738281 SigReg: 12.6833172
std: 0.86328125 ,  0.883789062 SigReg: 14.8074074
std: 0.743652344 ,  0.992675781 SigReg: 14.8074074
std: 1.0703125 ,  0.795410156 SigReg: 17.1809807
std: 0.876464844 ,  0.797363281 SigReg: 17.1809807
std: 1.02148438 ,  0.771972656 SigReg: 13.8241081
std: 0.906738281 ,  0.719238281 SigReg: 13.8241081
std: 0.875976562 ,  0.852539062 SigReg: 14.0551176
std: 0.88671875 ,  0.711425781 SigReg: 14.0551176
std: 0.920410156 ,  0.878417969 SigReg: 12.041419
std: 0.958984375 ,  0.915039062 SigReg: 12.041419
std: 0.935058594 ,  0.821777344 SigReg: 14.1760855
std: 0.911621094 ,  0.804199219 SigReg: 14.1760855
std: 0.900390625 ,  0.780273438 SigReg: 12.6245594
std: 0.979003906 ,  0.85546875 SigReg: 12.6245594
std: 0.878417969 ,  0.809082031 SigReg: 14.4193649
std: 0.684082031 ,  0.88671875 SigReg: 14.4193649
std: 0.890625 ,  0.830566406 SigReg: 14.4934216
std: 0.832519531 ,  0.958007812 SigReg: 14.4934216
std: 0.958496094 ,  0.878417969 SigReg: 13.5461292
std: 1 ,  0.818847656 SigReg: 13.5461292
std: 1 ,  0.808105469 SigReg: 12.9541798
std: 0.997558594 ,  0.844238281 SigReg: 12.9541798
std: 1.10839844 ,  0.735351562 SigReg: 13.2760115
std: 1.09179688 ,  0.795410156 SigReg: 13.2760115
std: 1.03222656 ,  0.965332031 SigReg: 11.7637949
std: 1.10449219 ,  0.736328125 SigReg: 11.7637949
std: 1.08886719 ,  0.740722656 SigReg: 13.4868584
std: 1.06542969 ,  0.947265625 SigReg: 13.4868584
std: 1.10742188 ,  0.721679688 SigReg: 14.2534332
std: 1.11035156 ,  0.909667969 SigReg: 14.2534332
std: 1.05371094 ,  0.93359375 SigReg: 14.3768063
std: 1.0234375 ,  0.857910156 SigReg: 14.3768063
std: 0.920898438 ,  0.893554688 SigReg: 11.8506279
std: 0.825683594 ,  0.908203125 SigReg: 11.8506279
std: 0.967773438 ,  1.11914062 SigReg: 12.059494
std: 1.01074219 ,  0.915039062 SigReg: 12.059494
std: 0.733398438 ,  0.862792969 SigReg: 13.7874603
std: 0.977050781 ,  0.58203125 SigReg: 13.7874603
std: 0.825195312 ,  0.823730469 SigReg: 12.5686836
std: 0.890625 ,  0.887695312 SigReg: 12.5686836
std: 0.806640625 ,  0.743164062 SigReg: 11.2198019
std: 0.924804688 ,  0.962890625 SigReg: 11.2198019
std: 0.821777344 ,  0.848144531 SigReg: 12.7614021
std: 0.860839844 ,  0.841308594 SigReg: 12.7614021
std: 0.774902344 ,  1.0625 SigReg: 15.8349314
std: 0.739746094 ,  1.1484375 SigReg: 15.8349314
std: 0.85546875 ,  0.955078125 SigReg: 15.1392536
std: 0.886230469 ,  0.835449219 SigReg: 15.1392536
std: 0.886230469 ,  0.997558594 SigReg: 13.5183916
std: 1.04589844 ,  0.822753906 SigReg: 13.5183916
std: 0.920410156 ,  1.0546875 SigReg: 13.0333281
std: 0.775390625 ,  0.908203125 SigReg: 13.0333281
std: 0.825683594 ,  0.979980469 SigReg: 16.6888447
std: 0.56640625 ,  1.05566406 SigReg: 16.6888447
std: 0.78515625 ,  0.975585938 SigReg: 13.5795126
std: 0.713867188 ,  1.14453125 SigReg: 13.5795126
std: 0.637207031 ,  0.9609375 SigReg: 12.7460356
std: 0.614257812 ,  1.03808594 SigReg: 12.7460356
std: 0.65625 ,  0.70703125 SigReg: 12.2781487
std: 0.58984375 ,  1.00097656 SigReg: 12.2781487
std: 0.688964844 ,  1.05078125 SigReg: 13.9017649
std: 0.740234375 ,  0.712402344 SigReg: 13.9017649
std: 0.629882812 ,  0.998046875 SigReg: 12.2935247
std: 0.655273438 ,  0.985351562 SigReg: 12.2935247
std: 0.732910156 ,  0.734375 SigReg: 13.0242233
std: 0.639648438 ,  0.946777344 SigReg: 13.0242233
std: 0.614257812 ,  0.795410156 SigReg: 12.5212469
std: 0.594238281 ,  0.976074219 SigReg: 12.5212469
std: 0.645019531 ,  0.864257812 SigReg: 11.643899
std: 0.572265625 ,  0.632324219 SigReg: 11.643899
std: 0.834960938 ,  0.849121094 SigReg: 13.854723
std: 0.702148438 ,  0.701171875 SigReg: 13.854723
std: 0.722167969 ,  0.599609375 SigReg: 13.7021399
std: 0.56640625 ,  0.872070312 SigReg: 13.7021399
std: 0.5078125 ,  0.814453125 SigReg: 14.2576809
std: 0.524902344 ,  0.700195312 SigReg: 14.2576809
std: 0.668457031 ,  0.770507812 SigReg: 13.8328085
std: 0.711425781 ,  0.608886719 SigReg: 13.8328085
std: 0.650878906 ,  0.677734375 SigReg: 13.3949766
std: 0.634277344 ,  0.848144531 SigReg: 13.3949766
std: 0.576660156 ,  0.685546875 SigReg: 13.8244085
std: 0.545410156 ,  0.866210938 SigReg: 13.8244085
std: 0.65234375 ,  0.614746094 SigReg: 14.1656933
std: 0.608886719 ,  0.649902344 SigReg: 14.1656933
std: 0.603027344 ,  0.791015625 SigReg: 12.9831734
std: 0.8671875 ,  0.587890625 SigReg: 12.9831734
std: 0.671875 ,  0.67578125 SigReg: 15.3340549
std: 0.652832031 ,  0.696289062 SigReg: 15.3340549
std: 0.60546875 ,  0.701171875 SigReg: 12.1340857
std: 0.571777344 ,  0.739257812 SigReg: 12.1340857
std: 0.717773438 ,  0.686035156 SigReg: 16.4127712
std: 0.825195312 ,  0.747558594 SigReg: 16.4127712
std: 0.579101562 ,  0.879394531 SigReg: 13.1163425
std: 0.734375 ,  0.880371094 SigReg: 13.1163425
std: 0.762695312 ,  0.801757812 SigReg: 13.5006723
std: 0.591308594 ,  0.883789062 SigReg: 13.5006723
std: 0.763183594 ,  0.897460938 SigReg: 14.201252
std: 0.749023438 ,  0.881835938 SigReg: 14.201252
  Step 100: Backbone Loss = 1.7600, SIGReg Loss = 14.2013 Probe Loss = 271.4973, Acc = 0.5456
std: 0.892089844 ,  0.659667969 SigReg: 13.8644657
std: 0.752441406 ,  0.750488281 SigReg: 13.8644657
std: 0.704101562 ,  0.7890625 SigReg: 16.7183952
std: 0.924804688 ,  0.693359375 SigReg: 16.7183952
std: 0.737304688 ,  0.87109375 SigReg: 14.0355301
std: 0.547363281 ,  0.818359375 SigReg: 14.0355301
std: 0.708007812 ,  0.828613281 SigReg: 14.8187847
std: 0.729980469 ,  0.830078125 SigReg: 14.8187847
std: 0.619628906 ,  0.712402344 SigReg: 11.6302967
std: 0.6875 ,  0.82421875 SigReg: 11.6302967
std: 0.653320312 ,  0.721679688 SigReg: 13.2553358
std: 0.784179688 ,  0.698730469 SigReg: 13.2553358
std: 0.853515625 ,  0.833496094 SigReg: 15.2852087
std: 0.749511719 ,  0.696777344 SigReg: 15.2852087
std: 0.796875 ,  0.746582031 SigReg: 13.1008415
std: 0.85546875 ,  0.666992188 SigReg: 13.1008415
std: 0.919921875 ,  0.816894531 SigReg: 13.507514
std: 0.908203125 ,  0.678222656 SigReg: 13.507514
std: 0.722167969 ,  0.794921875 SigReg: 13.3714695
std: 0.79296875 ,  0.621582031 SigReg: 13.3714695
std: 0.787597656 ,  0.8125 SigReg: 12.6945648
std: 0.550292969 ,  0.804199219 SigReg: 12.6945648
std: 0.556152344 ,  0.834960938 SigReg: 16.8984928
std: 0.828613281 ,  0.7265625 SigReg: 16.8984928
std: 0.600585938 ,  0.716308594 SigReg: 13.5250168
std: 0.687011719 ,  0.765625 SigReg: 13.5250168
std: 0.712890625 ,  0.9140625 SigReg: 15.6356153
std: 0.548828125 ,  0.821777344 SigReg: 15.6356153
std: 0.762695312 ,  0.791992188 SigReg: 14.0963688
std: 0.701660156 ,  0.864746094 SigReg: 14.0963688
std: 0.757324219 ,  0.816894531 SigReg: 13.579958
std: 0.667480469 ,  0.810546875 SigReg: 13.579958
std: 0.728027344 ,  0.788574219 SigReg: 13.4053764
std: 0.77734375 ,  0.858398438 SigReg: 13.4053764
std: 0.702636719 ,  0.751953125 SigReg: 12.7332153
std: 0.717285156 ,  0.814453125 SigReg: 12.7332153
std: 0.864746094 ,  0.826660156 SigReg: 11.7588634
std: 0.726074219 ,  0.706542969 SigReg: 11.7588634
std: 0.622070312 ,  0.9140625 SigReg: 14.1516123
std: 0.806640625 ,  0.928222656 SigReg: 14.1516123
std: 0.947753906 ,  0.630859375 SigReg: 12.9972467
std: 0.853027344 ,  0.756347656 SigReg: 12.9972467
std: 0.826171875 ,  0.671875 SigReg: 14.0968218
std: 0.947753906 ,  0.726074219 SigReg: 14.0968218
std: 0.736816406 ,  0.932128906 SigReg: 12.5622816
std: 0.817382812 ,  0.749511719 SigReg: 12.5622816
std: 0.947753906 ,  0.727050781 SigReg: 14.0481033
std: 0.846191406 ,  0.706054688 SigReg: 14.0481033
std: 0.818359375 ,  0.687988281 SigReg: 13.6944513
std: 0.813964844 ,  0.677246094 SigReg: 13.6944513
std: 0.85546875 ,  0.745605469 SigReg: 12.7973289
std: 0.834960938 ,  0.784179688 SigReg: 12.7973289
std: 0.794921875 ,  0.8046875 SigReg: 14.0190678
std: 0.710449219 ,  0.778320312 SigReg: 14.0190678
std: 0.776855469 ,  0.851074219 SigReg: 15.5902958
std: 0.721679688 ,  0.86328125 SigReg: 15.5902958
std: 0.719238281 ,  0.850585938 SigReg: 14.789464
std: 0.743652344 ,  0.877929688 SigReg: 14.789464
std: 0.544921875 ,  0.823730469 SigReg: 13.4642172
std: 0.638183594 ,  0.806640625 SigReg: 13.4642172
std: 0.8984375 ,  0.73046875 SigReg: 13.6693335
std: 0.761230469 ,  0.900390625 SigReg: 13.6693335
std: 0.729492188 ,  0.747558594 SigReg: 12.6069546
std: 0.80078125 ,  0.755371094 SigReg: 12.6069546
std: 0.951660156 ,  0.743652344 SigReg: 12.8003149
std: 0.871582031 ,  0.729492188 SigReg: 12.8003149
std: 0.752929688 ,  0.684082031 SigReg: 14.4638319
std: 0.848144531 ,  0.6953125 SigReg: 14.4638319
std: 0.8046875 ,  0.717773438 SigReg: 14.0143223
std: 0.566894531 ,  0.768554688 SigReg: 14.0143223
std: 0.746582031 ,  0.717285156 SigReg: 13.6638269
std: 0.544433594 ,  0.788574219 SigReg: 13.6638269
std: 0.734863281 ,  0.598144531 SigReg: 12.7272606
std: 0.700683594 ,  0.853027344 SigReg: 12.7272606
std: 0.696777344 ,  0.676757812 SigReg: 14.636632
std: 0.698242188 ,  0.637207031 SigReg: 14.636632
std: 0.792480469 ,  0.599121094 SigReg: 13.0675077
std: 0.759277344 ,  0.763671875 SigReg: 13.0675077
std: 0.923339844 ,  0.620117188 SigReg: 14.5781221
std: 0.854003906 ,  0.734375 SigReg: 14.5781221
std: 0.844726562 ,  0.765136719 SigReg: 13.4450541
std: 0.869628906 ,  0.766113281 SigReg: 13.4450541
std: 0.84765625 ,  0.864257812 SigReg: 14.8098516
std: 0.663085938 ,  0.812988281 SigReg: 14.8098516
std: 0.731445312 ,  0.854492188 SigReg: 13.5535622
std: 0.790039062 ,  0.797363281 SigReg: 13.5535622
std: 0.779785156 ,  0.805175781 SigReg: 13.7830658
std: 0.773925781 ,  0.847167969 SigReg: 13.7830658
std: 0.765625 ,  0.875976562 SigReg: 13.6448154
std: 0.763671875 ,  0.902832031 SigReg: 13.6448154
std: 0.671875 ,  0.904296875 SigReg: 14.1959791
std: 0.868652344 ,  0.704589844 SigReg: 14.1959791
std: 0.696777344 ,  0.857421875 SigReg: 13.1591625
std: 0.866699219 ,  0.896972656 SigReg: 13.1591625
std: 0.849121094 ,  0.757324219 SigReg: 14.8377476
std: 0.867675781 ,  0.825683594 SigReg: 14.8377476
std: 0.744140625 ,  0.682617188 SigReg: 13.6549273
std: 0.73828125 ,  0.816894531 SigReg: 13.6549273
std: 0.834960938 ,  0.818847656 SigReg: 12.8890676
std: 0.440673828 ,  0.848144531 SigReg: 12.8890676
  Step 150: Backbone Loss = 1.7076, SIGReg Loss = 12.8891 Probe Loss = 274.4587, Acc = 0.5341
std: 0.626464844 ,  0.740722656 SigReg: 11.8845234
std: 0.743652344 ,  0.795898438 SigReg: 11.8845234
std: 0.660644531 ,  0.90234375 SigReg: 11.8351822
std: 0.731933594 ,  0.838378906 SigReg: 11.8351822
std: 0.741699219 ,  0.887695312 SigReg: 11.9148188
std: 0.72265625 ,  0.689453125 SigReg: 11.9148188
std: 0.688964844 ,  0.928710938 SigReg: 12.9237652
std: 0.685546875 ,  0.851074219 SigReg: 12.9237652
std: 0.6015625 ,  0.878417969 SigReg: 13.4506121
std: 0.946777344 ,  0.69140625 SigReg: 13.4506121
std: 0.731933594 ,  0.789550781 SigReg: 13.2931318
std: 0.646484375 ,  0.853027344 SigReg: 13.2931318
std: 0.607910156 ,  0.864746094 SigReg: 15.9917822
std: 0.697753906 ,  0.750488281 SigReg: 15.9917822
std: 0.734375 ,  0.884765625 SigReg: 12.5998449
std: 0.827636719 ,  0.815917969 SigReg: 12.5998449
std: 0.7265625 ,  0.671875 SigReg: 12.4337854
std: 0.777832031 ,  0.735351562 SigReg: 12.4337854
std: 0.771484375 ,  0.796386719 SigReg: 11.2991743
std: 0.733886719 ,  0.791015625 SigReg: 11.2991743
std: 0.8046875 ,  0.706054688 SigReg: 13.4348869
std: 0.8125 ,  0.698730469 SigReg: 13.4348869
std: 0.821777344 ,  0.689941406 SigReg: 12.0703669
std: 0.896972656 ,  0.779785156 SigReg: 12.0703669
std: 0.897460938 ,  0.875 SigReg: 12.3335285
std: 0.749511719 ,  0.744628906 SigReg: 12.3335285
std: 0.821289062 ,  0.818847656 SigReg: 13.7047539
std: 0.736816406 ,  0.749511719 SigReg: 13.7047539
std: 0.838867188 ,  0.863769531 SigReg: 11.7121801
std: 0.724121094 ,  0.819335938 SigReg: 11.7121801
std: 0.567382812 ,  0.900390625 SigReg: 12.6856594
std: 0.849121094 ,  0.794921875 SigReg: 12.6856594
std: 0.595703125 ,  0.875488281 SigReg: 12.6859093
std: 0.69140625 ,  0.875488281 SigReg: 12.6859093
std: 0.769042969 ,  0.825195312 SigReg: 13.268858
std: 0.728027344 ,  0.763671875 SigReg: 13.268858
std: 0.751464844 ,  0.756347656 SigReg: 12.9774523
std: 0.578613281 ,  0.747558594 SigReg: 12.9774523
std: 0.805664062 ,  0.936035156 SigReg: 17.8665867
std: 0.591796875 ,  0.8359375 SigReg: 17.8665867
std: 0.678222656 ,  0.823730469 SigReg: 13.0976353
std: 0.71484375 ,  0.931152344 SigReg: 13.0976353
std: 0.5859375 ,  0.858398438 SigReg: 13.5262566
std: 0.665527344 ,  0.890136719 SigReg: 13.5262566
std: 0.717285156 ,  0.767089844 SigReg: 13.2637205
std: 0.625976562 ,  0.717285156 SigReg: 13.2637205
std: 0.622070312 ,  0.727539062 SigReg: 12.0326672
std: 0.716308594 ,  0.839355469 SigReg: 12.0326672
std: 0.525878906 ,  0.736816406 SigReg: 12.5117397
std: 0.654296875 ,  0.837402344 SigReg: 12.5117397
std: 0.727050781 ,  0.949707031 SigReg: 16.9368515
std: 0.743652344 ,  0.878417969 SigReg: 16.9368515
std: 0.899902344 ,  0.874023438 SigReg: 11.7619839
std: 0.801757812 ,  0.821777344 SigReg: 11.7619839
std: 0.813964844 ,  0.829589844 SigReg: 14.0047159
std: 0.736816406 ,  0.846191406 SigReg: 14.0047159
std: 0.934570312 ,  0.881835938 SigReg: 12.4554348
std: 0.769042969 ,  0.744628906 SigReg: 12.4554348
std: 0.817382812 ,  0.642089844 SigReg: 13.0982008
std: 0.677246094 ,  0.689453125 SigReg: 13.0982008
std: 0.709472656 ,  0.736328125 SigReg: 11.0685978
std: 0.915527344 ,  0.825683594 SigReg: 11.0685978
std: 0.822265625 ,  0.671386719 SigReg: 14.6483326
std: 0.782226562 ,  0.732421875 SigReg: 14.6483326
std: 0.8203125 ,  0.735351562 SigReg: 14.4681673
std: 0.77734375 ,  0.604980469 SigReg: 14.4681673
std: 0.818359375 ,  0.727050781 SigReg: 14.3445301
std: 0.828125 ,  0.72265625 SigReg: 14.3445301
std: 0.858398438 ,  0.614746094 SigReg: 17.1798878
std: 0.922363281 ,  0.811035156 SigReg: 17.1798878
std: 0.827148438 ,  0.735351562 SigReg: 13.8122616
std: 0.8125 ,  0.776855469 SigReg: 13.8122616
std: 0.723144531 ,  0.708496094 SigReg: 11.1795502
std: 0.782226562 ,  0.78125 SigReg: 11.1795502
std: 0.812011719 ,  0.541503906 SigReg: 12.2834215
std: 0.800292969 ,  0.6484375 SigReg: 12.2834215
std: 0.846191406 ,  0.813476562 SigReg: 14.5820265
std: 0.864746094 ,  0.825683594 SigReg: 14.5820265
std: 0.815917969 ,  0.850585938 SigReg: 14.6898127
std: 0.736328125 ,  0.754394531 SigReg: 14.6898127
std: 0.723144531 ,  0.612304688 SigReg: 12.9361343
std: 0.697265625 ,  0.828125 SigReg: 12.9361343
std: 0.812988281 ,  0.700683594 SigReg: 12.4521742
std: 0.737304688 ,  0.637695312 SigReg: 12.4521742
std: 0.705078125 ,  0.612792969 SigReg: 14.8039951
std: 0.841796875 ,  0.754882812 SigReg: 14.8039951
std: 0.649414062 ,  0.604492188 SigReg: 13.0258894
std: 0.776367188 ,  0.8125 SigReg: 13.0258894
std: 0.66796875 ,  0.690429688 SigReg: 14.6866455
std: 0.635742188 ,  0.662597656 SigReg: 14.6866455
std: 0.627929688 ,  0.78125 SigReg: 14.8047991
std: 0.707519531 ,  0.731445312 SigReg: 14.8047991
std: 0.617675781 ,  0.744140625 SigReg: 13.9022884
std: 0.650878906 ,  0.746582031 SigReg: 13.9022884
std: 0.567382812 ,  0.705566406 SigReg: 11.1915789
std: 0.604980469 ,  0.732421875 SigReg: 11.1915789
std: 0.610839844 ,  0.878417969 SigReg: 12.8826513
std: 0.568847656 ,  0.618652344 SigReg: 12.8826513
std: 0.604980469 ,  0.62109375 SigReg: 13.5794277
std: 0.577636719 ,  0.67578125 SigReg: 13.5794277
  Step 200: Backbone Loss = 1.7780, SIGReg Loss = 13.5794 Probe Loss = 260.2729, Acc = 0.5189
std: 0.706054688 ,  0.741210938 SigReg: 11.9225292
std: 0.6640625 ,  0.72265625 SigReg: 11.9225292
std: 0.538574219 ,  0.711914062 SigReg: 13.518363
std: 0.625 ,  0.721679688 SigReg: 13.518363
std: 0.604980469 ,  0.634765625 SigReg: 12.1763792
std: 0.65234375 ,  0.93359375 SigReg: 12.1763792
std: 0.766113281 ,  0.717773438 SigReg: 12.2699671
std: 0.618652344 ,  0.756347656 SigReg: 12.2699671
std: 0.69921875 ,  0.829589844 SigReg: 15.9880648
std: 0.693359375 ,  0.933105469 SigReg: 15.9880648
std: 0.541015625 ,  0.853027344 SigReg: 15.6240215
std: 0.734375 ,  0.821289062 SigReg: 15.6240215
std: 0.674316406 ,  0.900390625 SigReg: 13.1325407
std: 0.729492188 ,  0.903808594 SigReg: 13.1325407
std: 0.690429688 ,  0.6484375 SigReg: 13.3182726
std: 0.68359375 ,  0.831054688 SigReg: 13.3182726
std: 0.827636719 ,  1.00390625 SigReg: 13.3942223
std: 0.565429688 ,  0.830566406 SigReg: 13.3942223
std: 0.625488281 ,  0.770996094 SigReg: 14.4153194
std: 0.673339844 ,  0.84765625 SigReg: 14.4153194
std: 0.6796875 ,  0.838378906 SigReg: 12.4938641
std: 0.772460938 ,  0.927734375 SigReg: 12.4938641
std: 0.678710938 ,  0.813476562 SigReg: 12.8364077
std: 0.622558594 ,  0.910644531 SigReg: 12.8364077
std: 0.756347656 ,  0.915527344 SigReg: 13.3225098
std: 0.640625 ,  0.736328125 SigReg: 13.3225098
std: 0.680175781 ,  0.72265625 SigReg: 12.0467262
std: 0.811523438 ,  0.675292969 SigReg: 12.0467262
std: 0.613769531 ,  0.740234375 SigReg: 13.7317286
std: 0.766601562 ,  0.752929688 SigReg: 13.7317286
std: 0.78515625 ,  0.821777344 SigReg: 17.1274033
std: 0.8828125 ,  0.858886719 SigReg: 17.1274033
std: 0.775390625 ,  0.841308594 SigReg: 14.5276737
std: 0.579589844 ,  0.688964844 SigReg: 14.5276737
std: 0.846191406 ,  0.743652344 SigReg: 13.2656679
std: 0.720703125 ,  0.66015625 SigReg: 13.2656679
std: 0.790039062 ,  0.779296875 SigReg: 13.9613886
std: 0.614746094 ,  0.701660156 SigReg: 13.9613886
std: 0.708007812 ,  0.739257812 SigReg: 14.6497202
std: 0.761230469 ,  0.769042969 SigReg: 14.6497202
std: 0.761230469 ,  0.688476562 SigReg: 12.9914799
std: 0.668945312 ,  0.8359375 SigReg: 12.9914799
std: 0.701171875 ,  0.880859375 SigReg: 13.3108311
std: 0.598632812 ,  0.761230469 SigReg: 13.3108311
std: 0.804199219 ,  0.69921875 SigReg: 12.6087847
std: 0.806640625 ,  0.780761719 SigReg: 12.6087847
std: 0.873046875 ,  0.723632812 SigReg: 13.0010023
std: 0.780761719 ,  0.802246094 SigReg: 13.0010023
std: 0.624511719 ,  0.780761719 SigReg: 11.913928
std: 0.703613281 ,  0.791992188 SigReg: 11.913928
std: 0.754394531 ,  0.883300781 SigReg: 14.1567116
std: 0.766601562 ,  0.681640625 SigReg: 14.1567116
std: 0.869140625 ,  0.767089844 SigReg: 12.5364065
std: 0.876464844 ,  0.801757812 SigReg: 12.5364065
std: 0.821289062 ,  0.864257812 SigReg: 13.0966539
std: 0.733886719 ,  0.751464844 SigReg: 13.0966539
std: 0.65625 ,  0.645996094 SigReg: 12.2010088
std: 0.723144531 ,  0.779785156 SigReg: 12.2010088
std: 0.53515625 ,  0.842773438 SigReg: 13.8509092
std: 0.627929688 ,  0.871582031 SigReg: 13.8509092
std: 0.711914062 ,  0.799316406 SigReg: 11.3623295
std: 0.583984375 ,  0.844726562 SigReg: 11.3623295
std: 0.79296875 ,  0.871582031 SigReg: 12.4765015
std: 0.703125 ,  0.733398438 SigReg: 12.4765015
std: 0.71484375 ,  0.806152344 SigReg: 11.2228355
std: 0.664550781 ,  0.691894531 SigReg: 11.2228355
std: 0.576660156 ,  0.847167969 SigReg: 11.9901867
std: 0.581542969 ,  0.672851562 SigReg: 11.9901867
std: 0.880371094 ,  0.773925781 SigReg: 12.2808371
std: 0.774902344 ,  0.816894531 SigReg: 12.2808371
std: 0.701660156 ,  0.619140625 SigReg: 13.2437792
std: 0.654296875 ,  0.641113281 SigReg: 13.2437792
std: 0.612304688 ,  0.806640625 SigReg: 13.9278164
std: 0.619140625 ,  0.818847656 SigReg: 13.9278164
std: 0.715820312 ,  0.852050781 SigReg: 13.3653069
std: 0.658691406 ,  0.838378906 SigReg: 13.3653069
std: 0.68359375 ,  0.73828125 SigReg: 12.7535648
std: 0.689941406 ,  0.687011719 SigReg: 12.7535648
std: 0.712402344 ,  0.682128906 SigReg: 11.5484486
std: 0.770996094 ,  0.6484375 SigReg: 11.5484486
std: 0.741210938 ,  0.751464844 SigReg: 12.7725163
std: 0.700683594 ,  0.538085938 SigReg: 12.7725163
std: 0.568359375 ,  0.673339844 SigReg: 13.9612226
std: 0.716796875 ,  0.806152344 SigReg: 13.9612226
std: 0.848144531 ,  0.763183594 SigReg: 12.9010897
std: 0.756347656 ,  0.781738281 SigReg: 12.9010897
std: 0.8203125 ,  0.895019531 SigReg: 13.1527586
std: 0.720214844 ,  0.814453125 SigReg: 13.1527586
std: 0.738769531 ,  0.768554688 SigReg: 13.3955297
std: 0.702636719 ,  0.879394531 SigReg: 13.3955297
std: 0.702636719 ,  0.867675781 SigReg: 14.6343403
std: 0.745605469 ,  0.842285156 SigReg: 14.6343403
std: 0.623046875 ,  0.932617188 SigReg: 13.3979244
std: 0.782714844 ,  0.747558594 SigReg: 13.3979244
std: 0.830566406 ,  0.854492188 SigReg: 14.8659983
std: 0.856445312 ,  0.930175781 SigReg: 14.8659983
std: 0.876464844 ,  0.874023438 SigReg: 16.9212818
std: 0.843261719 ,  0.937011719 SigReg: 16.9212818
std: 0.795898438 ,  0.939453125 SigReg: 12.4811516
std: 0.935546875 ,  0.875488281 SigReg: 12.4811516
  Step 250: Backbone Loss = 1.6582, SIGReg Loss = 12.4812 Probe Loss = 291.7628, Acc = 0.5398
std: 0.894042969 ,  0.981445312 SigReg: 13.2758579
std: 0.838378906 ,  0.941894531 SigReg: 13.2758579
std: 0.844726562 ,  0.845703125 SigReg: 13.0344076
std: 0.773925781 ,  0.886230469 SigReg: 13.0344076
std: 0.806152344 ,  0.966796875 SigReg: 13.4262495
std: 0.829589844 ,  0.857421875 SigReg: 13.4262495
std: 0.821777344 ,  0.973632812 SigReg: 12.4095402
std: 0.918457031 ,  0.890625 SigReg: 12.4095402
std: 0.9453125 ,  0.742675781 SigReg: 12.7463026
std: 0.930175781 ,  0.908691406 SigReg: 12.7463026
std: 0.797851562 ,  0.903320312 SigReg: 12.8962517
std: 0.856445312 ,  0.912597656 SigReg: 12.8962517
std: 0.978515625 ,  0.880371094 SigReg: 13.6228638
std: 0.762207031 ,  0.889648438 SigReg: 13.6228638
std: 0.873046875 ,  0.836914062 SigReg: 17.7944431
std: 0.915039062 ,  0.892578125 SigReg: 17.7944431
std: 0.963867188 ,  0.75390625 SigReg: 15.8437624
std: 0.959472656 ,  0.764648438 SigReg: 15.8437624
std: 0.943359375 ,  0.736328125 SigReg: 16.6698589
std: 0.884765625 ,  0.797851562 SigReg: 16.6698589
std: 0.943359375 ,  0.766601562 SigReg: 14.9973249
std: 0.851074219 ,  0.879394531 SigReg: 14.9973249
std: 0.84765625 ,  0.912597656 SigReg: 12.3644123
std: 0.947753906 ,  0.715820312 SigReg: 12.3644123
std: 0.5703125 ,  1.03320312 SigReg: 13.0656481
std: 0.806640625 ,  0.770019531 SigReg: 13.0656481
std: 0.723632812 ,  0.926269531 SigReg: 12.5697994
std: 0.859375 ,  0.941894531 SigReg: 12.5697994
std: 0.794921875 ,  1.0703125 SigReg: 13.7394915
std: 0.741210938 ,  0.993164062 SigReg: 13.7394915
std: 0.710449219 ,  0.687011719 SigReg: 13.2763977
std: 0.59765625 ,  1.04394531 SigReg: 13.2763977
std: 0.778808594 ,  0.951171875 SigReg: 13.6702919
std: 0.745605469 ,  0.98046875 SigReg: 13.6702919
std: 0.733398438 ,  1.08886719 SigReg: 15.1095533
std: 0.645507812 ,  0.983398438 SigReg: 15.1095533
std: 0.716308594 ,  0.892089844 SigReg: 13.201436
std: 0.53125 ,  1.13476562 SigReg: 13.201436
std: 0.770019531 ,  0.885742188 SigReg: 14.9224062
std: 0.638183594 ,  0.90625 SigReg: 14.9224062
std: 0.685546875 ,  0.7890625 SigReg: 14.392374
std: 0.825195312 ,  0.966796875 SigReg: 14.392374
std: 0.646972656 ,  0.821289062 SigReg: 16.0414352
std: 0.754394531 ,  0.81640625 SigReg: 16.0414352
std: 0.736816406 ,  0.759277344 SigReg: 14.1073074
std: 0.752441406 ,  0.8125 SigReg: 14.1073074
std: 0.738769531 ,  0.646484375 SigReg: 11.1528587
std: 0.597167969 ,  0.720703125 SigReg: 11.1528587
std: 0.558105469 ,  0.645019531 SigReg: 14.03615
std: 0.779296875 ,  0.634277344 SigReg: 14.03615
std: 0.620605469 ,  0.766113281 SigReg: 11.6308956
std: 0.801757812 ,  0.606445312 SigReg: 11.6308956
std: 0.881347656 ,  0.638183594 SigReg: 13.6076622
std: 0.82421875 ,  0.72265625 SigReg: 13.6076622
std: 0.67578125 ,  0.513671875 SigReg: 13.4680367
std: 0.962402344 ,  0.542480469 SigReg: 13.4680367
std: 0.896972656 ,  0.633789062 SigReg: 12.6682005
std: 0.83984375 ,  0.646484375 SigReg: 12.6682005
std: 0.907714844 ,  0.597167969 SigReg: 14.5322428
std: 0.718261719 ,  0.595703125 SigReg: 14.5322428
std: 0.844726562 ,  0.530273438 SigReg: 14.7843781
std: 0.791503906 ,  0.437255859 SigReg: 14.7843781
std: 0.763671875 ,  0.552734375 SigReg: 12.5038624
std: 0.844238281 ,  0.685546875 SigReg: 12.5038624
std: 0.731445312 ,  0.640625 SigReg: 11.7909451
std: 0.666992188 ,  0.456298828 SigReg: 11.7909451
std: 0.684570312 ,  0.660644531 SigReg: 13.3526402
std: 0.68359375 ,  0.611816406 SigReg: 13.3526402
std: 0.69140625 ,  0.735351562 SigReg: 14.3175182
std: 0.802734375 ,  0.614257812 SigReg: 14.3175182
std: 0.717773438 ,  0.796875 SigReg: 11.7395267
std: 0.838378906 ,  0.640625 SigReg: 11.7395267
std: 0.734375 ,  0.645507812 SigReg: 12.3789635
std: 0.749511719 ,  0.630859375 SigReg: 12.3789635
std: 0.741699219 ,  0.629882812 SigReg: 13.6052351
std: 0.694335938 ,  0.748535156 SigReg: 13.6052351
std: 0.896972656 ,  0.694335938 SigReg: 11.8343487
std: 0.790039062 ,  0.645996094 SigReg: 11.8343487
std: 0.880859375 ,  0.764648438 SigReg: 15.1564684
std: 0.835449219 ,  0.666992188 SigReg: 15.1564684
std: 0.857910156 ,  0.6796875 SigReg: 13.6374397
std: 0.728027344 ,  0.83203125 SigReg: 13.6374397
std: 0.784179688 ,  0.893554688 SigReg: 11.3206387
std: 0.719238281 ,  0.884765625 SigReg: 11.3206387
std: 0.679199219 ,  0.624023438 SigReg: 12.7473555
std: 0.735351562 ,  0.771972656 SigReg: 12.7473555
std: 0.705566406 ,  0.802246094 SigReg: 12.5053158
std: 0.739746094 ,  0.691894531 SigReg: 12.5053158
std: 0.655761719 ,  0.720214844 SigReg: 11.8898287
std: 0.645996094 ,  0.738769531 SigReg: 11.8898287
std: 0.751464844 ,  0.739746094 SigReg: 11.8184109
std: 0.724121094 ,  0.681640625 SigReg: 11.8184109
std: 0.635253906 ,  0.587890625 SigReg: 11.4434404
std: 0.734375 ,  0.654785156 SigReg: 11.4434404
std: 0.856445312 ,  0.787597656 SigReg: 14.7797146
std: 0.857910156 ,  0.745605469 SigReg: 14.7797146
std: 0.820800781 ,  0.671386719 SigReg: 13.8870678
std: 0.791503906 ,  0.767089844 SigReg: 13.8870678
std: 0.6484375 ,  0.639648438 SigReg: 10.9813414
std: 0.723144531 ,  0.57421875 SigReg: 10.9813414
  Step 300: Backbone Loss = 1.6470, SIGReg Loss = 10.9813 Probe Loss = 293.0929, Acc = 0.5054
std: 0.902832031 ,  0.670898438 SigReg: 13.0686483
std: 0.7109375 ,  0.634277344 SigReg: 13.0686483
std: 0.871582031 ,  0.633300781 SigReg: 13.8301363
std: 0.881347656 ,  0.587890625 SigReg: 13.8301363
std: 0.838378906 ,  0.59375 SigReg: 11.9871922
std: 0.690917969 ,  0.67578125 SigReg: 11.9871922
std: 0.785644531 ,  0.596679688 SigReg: 10.8156347
std: 0.815917969 ,  0.688964844 SigReg: 10.8156347
std: 0.859863281 ,  0.729003906 SigReg: 11.3408489
std: 0.699707031 ,  0.631347656 SigReg: 11.3408489
std: 0.664550781 ,  0.68359375 SigReg: 12.9365406
std: 0.668945312 ,  0.743164062 SigReg: 12.9365406
Epoch 12 finished in 249.43s.
  Avg Backbone Loss: 1.7411
  Avg Probe Loss:    279.8677
  Avg Probe Accuracy: 0.5280

Epoch 13/100
std: 0.752929688 ,  0.741210938 SigReg: 10.3555708
std: 0.850585938 ,  0.713867188 SigReg: 10.3555708
  Step 0: Backbone Loss = 1.5703, SIGReg Loss = 10.3556 Probe Loss = 281.0597, Acc = 0.5386
std: 0.618652344 ,  0.579589844 SigReg: 12.0702724
std: 0.695800781 ,  0.634765625 SigReg: 12.0702724
std: 0.716308594 ,  0.638183594 SigReg: 12.8424082
std: 0.815917969 ,  0.62890625 SigReg: 12.8424082
std: 0.780273438 ,  0.687011719 SigReg: 10.594348
std: 0.661621094 ,  0.730957031 SigReg: 10.594348
std: 0.646972656 ,  0.675292969 SigReg: 12.5054388
std: 0.671386719 ,  0.521972656 SigReg: 12.5054388
std: 0.762207031 ,  0.557128906 SigReg: 12.0033321
std: 0.876464844 ,  0.639648438 SigReg: 12.0033321
std: 0.801757812 ,  0.635253906 SigReg: 12.3672886
std: 0.829101562 ,  0.608398438 SigReg: 12.3672886
std: 0.743652344 ,  0.671875 SigReg: 13.0130415
std: 0.652832031 ,  0.712402344 SigReg: 13.0130415
std: 0.749023438 ,  0.65234375 SigReg: 10.2197256
std: 0.808105469 ,  0.672851562 SigReg: 10.2197256
std: 0.791503906 ,  0.590820312 SigReg: 12.2199554
std: 0.816894531 ,  0.681640625 SigReg: 12.2199554
std: 0.810058594 ,  0.679199219 SigReg: 12.9735765
std: 0.705078125 ,  0.628417969 SigReg: 12.9735765
std: 0.915039062 ,  0.762695312 SigReg: 11.9613152
std: 0.809082031 ,  0.679199219 SigReg: 11.9613152
std: 0.78515625 ,  0.670898438 SigReg: 12.952939
std: 0.681152344 ,  0.687011719 SigReg: 12.952939
std: 0.827636719 ,  0.701171875 SigReg: 12.6568565
std: 0.882324219 ,  0.588378906 SigReg: 12.6568565
std: 0.957519531 ,  0.661621094 SigReg: 14.8866291
std: 0.833984375 ,  0.605957031 SigReg: 14.8866291
std: 0.625976562 ,  0.547851562 SigReg: 11.9862309
std: 0.743652344 ,  0.646972656 SigReg: 11.9862309
std: 0.641113281 ,  0.532226562 SigReg: 12.7538481
std: 0.795898438 ,  0.610351562 SigReg: 12.7538481
std: 0.76953125 ,  0.578125 SigReg: 11.3764315
std: 0.69140625 ,  0.616699219 SigReg: 11.3764315
std: 0.841308594 ,  0.669921875 SigReg: 16.5441437
std: 0.756347656 ,  0.702148438 SigReg: 16.5441437
std: 0.773925781 ,  0.74609375 SigReg: 13.1153221
std: 0.657714844 ,  0.638671875 SigReg: 13.1153221
std: 0.866210938 ,  0.53125 SigReg: 14.614563
std: 0.73828125 ,  0.69921875 SigReg: 14.614563
std: 0.758789062 ,  0.592285156 SigReg: 12.0825481
std: 0.704589844 ,  0.6015625 SigReg: 12.0825481
std: 0.698730469 ,  0.606933594 SigReg: 13.9909124
std: 0.693847656 ,  0.491943359 SigReg: 13.9909124
std: 0.997558594 ,  0.5546875 SigReg: 12.792346
std: 0.802734375 ,  0.6015625 SigReg: 12.792346
std: 0.707519531 ,  0.503417969 SigReg: 12.5359621
std: 0.721679688 ,  0.56640625 SigReg: 12.5359621
std: 0.8125 ,  0.484375 SigReg: 11.4628639
std: 0.75390625 ,  0.405273438 SigReg: 11.4628639
std: 0.833496094 ,  0.432617188 SigReg: 10.5493927
std: 0.691894531 ,  0.655273438 SigReg: 10.5493927
std: 0.842773438 ,  0.660644531 SigReg: 11.1101208
std: 0.797363281 ,  0.502929688 SigReg: 11.1101208
std: 0.929199219 ,  0.608398438 SigReg: 11.6724043
std: 0.753417969 ,  0.520996094 SigReg: 11.6724043
std: 0.823730469 ,  0.517089844 SigReg: 11.4163046
std: 0.741699219 ,  0.526855469 SigReg: 11.4163046
std: 0.803222656 ,  0.555175781 SigReg: 11.3064594
std: 0.822753906 ,  0.555175781 SigReg: 11.3064594
std: 0.751953125 ,  0.333740234 SigReg: 12.5240536
std: 0.811523438 ,  0.574707031 SigReg: 12.5240536
std: 0.862792969 ,  0.5390625 SigReg: 13.3887959
std: 0.873535156 ,  0.538085938 SigReg: 13.3887959
std: 0.834960938 ,  0.409179688 SigReg: 12.4052315
std: 0.708984375 ,  0.549316406 SigReg: 12.4052315
std: 0.838378906 ,  0.543457031 SigReg: 12.7113228
std: 0.723144531 ,  0.662109375 SigReg: 12.7113228
std: 0.770019531 ,  0.582519531 SigReg: 12.0420609
std: 0.697753906 ,  0.504882812 SigReg: 12.0420609
std: 0.557617188 ,  0.485839844 SigReg: 12.9856796
std: 0.742675781 ,  0.729492188 SigReg: 12.9856796
std: 0.904785156 ,  0.518066406 SigReg: 10.9743481
std: 0.749511719 ,  0.404052734 SigReg: 10.9743481
std: 0.800292969 ,  0.487792969 SigReg: 11.492775
std: 0.767089844 ,  0.466064453 SigReg: 11.492775
std: 0.766601562 ,  0.485351562 SigReg: 11.9635487
std: 0.808105469 ,  0.572753906 SigReg: 11.9635487
std: 0.708496094 ,  0.552246094 SigReg: 12.0629892
std: 0.725097656 ,  0.422851562 SigReg: 12.0629892
std: 0.836425781 ,  0.556640625 SigReg: 12.0810909
std: 0.719238281 ,  0.535644531 SigReg: 12.0810909
std: 0.742675781 ,  0.598632812 SigReg: 10.4261742
std: 0.699707031 ,  0.502441406 SigReg: 10.4261742
std: 0.534179688 ,  0.686035156 SigReg: 12.4563341
std: 0.692871094 ,  0.639160156 SigReg: 12.4563341
std: 0.743652344 ,  0.544433594 SigReg: 12.2301102
std: 0.774414062 ,  0.488769531 SigReg: 12.2301102
std: 0.742675781 ,  0.615234375 SigReg: 11.5588741
std: 0.703613281 ,  0.55859375 SigReg: 11.5588741
std: 0.639648438 ,  0.511230469 SigReg: 11.4553099
std: 0.859375 ,  0.619628906 SigReg: 11.4553099
std: 0.724609375 ,  0.65234375 SigReg: 10.5297394
std: 0.957519531 ,  0.470458984 SigReg: 10.5297394
std: 0.778320312 ,  0.539550781 SigReg: 11.3573618
std: 0.680175781 ,  0.5390625 SigReg: 11.3573618
std: 0.826660156 ,  0.482666016 SigReg: 12.5138035
std: 0.791992188 ,  0.597167969 SigReg: 12.5138035
std: 0.821289062 ,  0.520996094 SigReg: 10.5633268
std: 0.716308594 ,  0.548339844 SigReg: 10.5633268
  Step 50: Backbone Loss = 1.5643, SIGReg Loss = 10.5633 Probe Loss = 293.5767, Acc = 0.5284
std: 1.08105469 ,  0.409179688 SigReg: 19.0427513
std: 0.87109375 ,  0.467041016 SigReg: 19.0427513
std: 0.949707031 ,  0.594238281 SigReg: 10.8102646
std: 0.687988281 ,  0.544433594 SigReg: 10.8102646
std: 0.910644531 ,  0.617675781 SigReg: 14.896431
std: 0.801757812 ,  0.470947266 SigReg: 14.896431
std: 0.895507812 ,  0.61328125 SigReg: 13.3804064
std: 0.770019531 ,  0.545898438 SigReg: 13.3804064
std: 0.604003906 ,  0.617675781 SigReg: 12.8695555
std: 0.681640625 ,  0.65234375 SigReg: 12.8695555
std: 0.525390625 ,  0.773925781 SigReg: 13.5203648
std: 0.556640625 ,  0.621582031 SigReg: 13.5203648
std: 0.548828125 ,  0.624511719 SigReg: 12.5303688
std: 0.577148438 ,  0.631347656 SigReg: 12.5303688
std: 0.617675781 ,  0.687988281 SigReg: 14.020813
std: 0.651367188 ,  0.791015625 SigReg: 14.020813
std: 0.708984375 ,  0.706054688 SigReg: 15.3107071
std: 0.745605469 ,  0.843261719 SigReg: 15.3107071
std: 0.717285156 ,  0.822753906 SigReg: 12.9032278
std: 0.548828125 ,  0.805175781 SigReg: 12.9032278
std: 0.617675781 ,  0.840820312 SigReg: 16.0611134
std: 0.640625 ,  0.815429688 SigReg: 16.0611134
std: 0.685058594 ,  0.807617188 SigReg: 15.8944426
std: 0.443847656 ,  0.725585938 SigReg: 15.8944426
std: 0.637695312 ,  0.767578125 SigReg: 14.616209
std: 0.747558594 ,  0.768554688 SigReg: 14.616209
std: 0.64453125 ,  0.663574219 SigReg: 12.8162251
std: 0.749511719 ,  0.733398438 SigReg: 12.8162251
std: 0.687988281 ,  0.740234375 SigReg: 13.0408878
std: 0.710449219 ,  0.721679688 SigReg: 13.0408878
std: 0.634765625 ,  0.7734375 SigReg: 15.525033
std: 0.674316406 ,  0.654785156 SigReg: 15.525033
std: 0.695800781 ,  0.684082031 SigReg: 15.1679258
std: 0.623535156 ,  0.723144531 SigReg: 15.1679258
std: 0.689941406 ,  0.645996094 SigReg: 14.1004238
std: 0.631835938 ,  0.544433594 SigReg: 14.1004238
std: 0.600585938 ,  0.604980469 SigReg: 13.4084177
std: 0.783203125 ,  0.755371094 SigReg: 13.4084177
std: 0.681640625 ,  0.448242188 SigReg: 13.6671886
std: 0.729980469 ,  0.564453125 SigReg: 13.6671886
std: 0.716796875 ,  0.604980469 SigReg: 13.6583796
std: 0.644042969 ,  0.492919922 SigReg: 13.6583796
std: 0.721679688 ,  0.477783203 SigReg: 14.7251263
std: 0.638671875 ,  0.518554688 SigReg: 14.7251263
std: 0.593261719 ,  0.564453125 SigReg: 18.3466187
std: 0.652832031 ,  0.419189453 SigReg: 18.3466187
std: 0.670898438 ,  0.533691406 SigReg: 13.1326084
std: 0.702148438 ,  0.469726562 SigReg: 13.1326084
std: 0.700683594 ,  0.504394531 SigReg: 12.4110298
std: 0.735351562 ,  0.579589844 SigReg: 12.4110298
std: 0.673828125 ,  0.694335938 SigReg: 13.0196
std: 0.67578125 ,  0.541503906 SigReg: 13.0196
std: 0.648925781 ,  0.521972656 SigReg: 12.8013458
std: 0.677246094 ,  0.517089844 SigReg: 12.8013458
std: 0.698730469 ,  0.562988281 SigReg: 14.0366764
std: 0.591308594 ,  0.460449219 SigReg: 14.0366764
std: 0.648925781 ,  0.544921875 SigReg: 13.3173342
std: 0.727539062 ,  0.528808594 SigReg: 13.3173342
std: 0.682128906 ,  0.559570312 SigReg: 13.7600527
std: 0.767578125 ,  0.455322266 SigReg: 13.7600527
std: 0.736816406 ,  0.582519531 SigReg: 14.1143742
std: 0.631347656 ,  0.6796875 SigReg: 14.1143742
std: 0.679199219 ,  0.469726562 SigReg: 16.483902
std: 0.701171875 ,  0.515625 SigReg: 16.483902
std: 0.625976562 ,  0.523925781 SigReg: 13.6180735
std: 0.57421875 ,  0.572753906 SigReg: 13.6180735
std: 0.584960938 ,  0.650390625 SigReg: 13.045186
std: 0.605957031 ,  0.603515625 SigReg: 13.045186
std: 0.611328125 ,  0.578125 SigReg: 12.0973577
std: 0.528808594 ,  0.626953125 SigReg: 12.0973577
std: 0.6015625 ,  0.680175781 SigReg: 15.5505295
std: 0.529785156 ,  0.734863281 SigReg: 15.5505295
std: 0.550292969 ,  0.766113281 SigReg: 12.8758554
std: 0.524414062 ,  0.705566406 SigReg: 12.8758554
std: 0.469482422 ,  0.637207031 SigReg: 15.4687653
std: 0.552246094 ,  0.664550781 SigReg: 15.4687653
std: 0.740234375 ,  0.6171875 SigReg: 12.5357294
std: 0.497070312 ,  0.694335938 SigReg: 12.5357294
std: 0.586425781 ,  0.672363281 SigReg: 13.0052938
std: 0.537597656 ,  0.718261719 SigReg: 13.0052938
std: 0.567871094 ,  0.748535156 SigReg: 13.8366413
std: 0.572753906 ,  0.791992188 SigReg: 13.8366413
std: 0.490234375 ,  0.699707031 SigReg: 11.720871
std: 0.564941406 ,  0.642578125 SigReg: 11.720871
std: 0.717285156 ,  0.746582031 SigReg: 13.5390844
std: 0.565429688 ,  0.7890625 SigReg: 13.5390844
std: 0.499023438 ,  0.820800781 SigReg: 13.9965811
std: 0.534179688 ,  0.930664062 SigReg: 13.9965811
std: 0.61328125 ,  0.775390625 SigReg: 12.8346701
std: 0.600585938 ,  0.717285156 SigReg: 12.8346701
std: 0.567871094 ,  0.927246094 SigReg: 12.6182194
std: 0.442382812 ,  0.709960938 SigReg: 12.6182194
std: 0.506347656 ,  0.875 SigReg: 14.4571285
std: 0.472900391 ,  0.895507812 SigReg: 14.4571285
std: 0.516601562 ,  0.705566406 SigReg: 14.179884
std: 0.554199219 ,  0.786132812 SigReg: 14.179884
std: 0.62890625 ,  0.774414062 SigReg: 16.1856785
std: 0.640136719 ,  0.737304688 SigReg: 16.1856785
std: 0.545410156 ,  0.786132812 SigReg: 13.4732113
std: 0.586425781 ,  0.750976562 SigReg: 13.4732113
  Step 100: Backbone Loss = 1.7039, SIGReg Loss = 13.4732 Probe Loss = 291.1106, Acc = 0.5016
std: 0.572265625 ,  0.603515625 SigReg: 13.4192066
std: 0.549804688 ,  0.58984375 SigReg: 13.4192066
std: 0.59375 ,  0.508300781 SigReg: 13.76579
std: 0.572753906 ,  0.701171875 SigReg: 13.76579
std: 0.663574219 ,  0.58984375 SigReg: 13.6404171
std: 0.611816406 ,  0.512207031 SigReg: 13.6404171
std: 0.561523438 ,  0.532714844 SigReg: 15.6961
std: 0.657226562 ,  0.606933594 SigReg: 15.6961
std: 0.62890625 ,  0.515136719 SigReg: 12.9509268
std: 0.673339844 ,  0.419677734 SigReg: 12.9509268
std: 0.637207031 ,  0.481201172 SigReg: 12.5906696
std: 0.686523438 ,  0.626464844 SigReg: 12.5906696
std: 0.681152344 ,  0.618164062 SigReg: 15.1000109
std: 0.767578125 ,  0.453369141 SigReg: 15.1000109
std: 0.724609375 ,  0.5 SigReg: 12.5337257
std: 0.768554688 ,  0.398925781 SigReg: 12.5337257
std: 0.865234375 ,  0.476806641 SigReg: 14.8908768
std: 0.859863281 ,  0.469726562 SigReg: 14.8908768
std: 0.933105469 ,  0.493164062 SigReg: 16.6734333
std: 0.893066406 ,  0.444091797 SigReg: 16.6734333
std: 0.915527344 ,  0.479248047 SigReg: 18.3626289
std: 0.965332031 ,  0.498535156 SigReg: 18.3626289
std: 0.897460938 ,  0.465820312 SigReg: 15.1439648
std: 0.874023438 ,  0.44140625 SigReg: 15.1439648
std: 0.8203125 ,  0.46484375 SigReg: 13.2262716
std: 0.664550781 ,  0.479980469 SigReg: 13.2262716
std: 0.924316406 ,  0.382080078 SigReg: 13.6875143
std: 0.711425781 ,  0.435302734 SigReg: 13.6875143
std: 0.813476562 ,  0.433837891 SigReg: 13.8682985
std: 0.826660156 ,  0.472412109 SigReg: 13.8682985
std: 0.958496094 ,  0.435791016 SigReg: 12.6623974
std: 0.834472656 ,  0.482666016 SigReg: 12.6623974
std: 0.819335938 ,  0.433105469 SigReg: 11.452342
std: 0.799316406 ,  0.5078125 SigReg: 11.452342
std: 0.90234375 ,  0.520019531 SigReg: 13.1764278
std: 0.994140625 ,  0.436279297 SigReg: 13.1764278
std: 0.860839844 ,  0.435546875 SigReg: 11.8839817
std: 0.710449219 ,  0.434326172 SigReg: 11.8839817
std: 0.841308594 ,  0.533691406 SigReg: 14.3690233
std: 0.699707031 ,  0.434814453 SigReg: 14.3690233
std: 0.721679688 ,  0.576171875 SigReg: 12.0185184
std: 0.844238281 ,  0.553222656 SigReg: 12.0185184
std: 0.563964844 ,  0.506347656 SigReg: 13.7013102
std: 0.725097656 ,  0.510253906 SigReg: 13.7013102
std: 0.691894531 ,  0.627929688 SigReg: 13.3112307
std: 0.571777344 ,  0.58203125 SigReg: 13.3112307
std: 0.540527344 ,  0.715332031 SigReg: 12.7253408
std: 0.614257812 ,  0.526855469 SigReg: 12.7253408
std: 0.83203125 ,  0.4296875 SigReg: 11.1186924
std: 0.717773438 ,  0.602050781 SigReg: 11.1186924
std: 0.886230469 ,  0.514160156 SigReg: 11.200243
std: 0.752441406 ,  0.669921875 SigReg: 11.200243
std: 0.834960938 ,  0.594726562 SigReg: 11.8639231
std: 0.884277344 ,  0.638671875 SigReg: 11.8639231
std: 0.745117188 ,  0.448486328 SigReg: 13.2438393
std: 0.668457031 ,  0.49609375 SigReg: 13.2438393
std: 0.765136719 ,  0.47265625 SigReg: 13.1413803
std: 0.767089844 ,  0.610839844 SigReg: 13.1413803
std: 0.564941406 ,  0.624023438 SigReg: 12.4113855
std: 0.789550781 ,  0.444091797 SigReg: 12.4113855
std: 0.838867188 ,  0.724609375 SigReg: 10.966445
std: 0.786621094 ,  0.546386719 SigReg: 10.966445
std: 0.893554688 ,  0.608886719 SigReg: 11.620739
std: 0.641601562 ,  0.738769531 SigReg: 11.620739
std: 0.788574219 ,  0.490722656 SigReg: 11.796587
std: 0.671875 ,  0.508300781 SigReg: 11.796587
std: 0.676269531 ,  0.525390625 SigReg: 14.6802902
std: 1.03710938 ,  0.589355469 SigReg: 14.6802902
std: 0.906738281 ,  0.611328125 SigReg: 11.2838726
std: 0.666992188 ,  0.483154297 SigReg: 11.2838726
std: 0.918945312 ,  0.71484375 SigReg: 12.9961491
std: 0.92578125 ,  0.592773438 SigReg: 12.9961491
std: 0.870605469 ,  0.652832031 SigReg: 16.1425724
std: 0.990234375 ,  0.603515625 SigReg: 16.1425724
std: 0.759277344 ,  0.57421875 SigReg: 13.0411835
std: 0.801757812 ,  0.603027344 SigReg: 13.0411835
std: 0.935058594 ,  0.456298828 SigReg: 12.5689697
std: 0.723632812 ,  0.618164062 SigReg: 12.5689697
std: 0.673339844 ,  0.647460938 SigReg: 15.0990639
std: 0.72265625 ,  0.602539062 SigReg: 15.0990639
std: 0.620605469 ,  0.76171875 SigReg: 14.2606583
std: 0.617675781 ,  0.685058594 SigReg: 14.2606583
std: 0.527832031 ,  0.733886719 SigReg: 11.7838049
std: 0.526367188 ,  0.666503906 SigReg: 11.7838049
std: 0.670410156 ,  0.726074219 SigReg: 13.9664917
std: 0.614257812 ,  0.787597656 SigReg: 13.9664917
std: 0.783691406 ,  0.745117188 SigReg: 12.8166246
std: 0.638671875 ,  0.67578125 SigReg: 12.8166246
std: 0.616210938 ,  0.663574219 SigReg: 12.9704027
std: 0.599121094 ,  0.645996094 SigReg: 12.9704027
std: 0.544433594 ,  0.692871094 SigReg: 13.4252129
std: 0.711425781 ,  0.680664062 SigReg: 13.4252129
std: 0.6875 ,  0.688964844 SigReg: 12.7778378
std: 0.517578125 ,  0.766601562 SigReg: 12.7778378
std: 0.600585938 ,  0.768554688 SigReg: 14.8109007
std: 0.680175781 ,  0.634277344 SigReg: 14.8109007
std: 0.613769531 ,  0.674316406 SigReg: 14.1489878
std: 0.674316406 ,  0.654296875 SigReg: 14.1489878
std: 0.744628906 ,  0.710449219 SigReg: 11.7423143
std: 0.703613281 ,  0.720214844 SigReg: 11.7423143
  Step 150: Backbone Loss = 1.6117, SIGReg Loss = 11.7423 Probe Loss = 278.1047, Acc = 0.5166
std: 0.772949219 ,  0.591796875 SigReg: 13.0593824
std: 0.781738281 ,  0.63671875 SigReg: 13.0593824
std: 0.876953125 ,  0.648925781 SigReg: 14.0560179
std: 0.92578125 ,  0.545898438 SigReg: 14.0560179
std: 0.87890625 ,  0.638183594 SigReg: 13.3646107
std: 0.866210938 ,  0.638183594 SigReg: 13.3646107
std: 0.743164062 ,  0.63671875 SigReg: 13.3304453
std: 0.814453125 ,  0.76171875 SigReg: 13.3304453
std: 0.8828125 ,  0.671875 SigReg: 13.8886375
std: 0.692871094 ,  0.66796875 SigReg: 13.8886375
std: 0.845214844 ,  0.5546875 SigReg: 13.1180935
std: 0.8671875 ,  0.678710938 SigReg: 13.1180935
std: 0.779785156 ,  0.63671875 SigReg: 12.5426188
std: 0.815917969 ,  0.592773438 SigReg: 12.5426188
std: 0.902832031 ,  0.580566406 SigReg: 13.5023537
std: 0.780761719 ,  0.631347656 SigReg: 13.5023537
std: 1.09179688 ,  0.549316406 SigReg: 14.5866203
std: 0.813476562 ,  0.617675781 SigReg: 14.5866203
std: 1.09570312 ,  0.545898438 SigReg: 16.4051552
std: 1.08007812 ,  0.642578125 SigReg: 16.4051552
std: 0.994140625 ,  0.689453125 SigReg: 14.4623299
std: 0.9609375 ,  0.660644531 SigReg: 14.4623299
std: 0.826660156 ,  0.686035156 SigReg: 14.9070959
std: 0.824707031 ,  0.609375 SigReg: 14.9070959
std: 0.753417969 ,  0.618164062 SigReg: 11.8526936
std: 0.836425781 ,  0.571777344 SigReg: 11.8526936
std: 0.868652344 ,  0.684082031 SigReg: 13.3755589
std: 0.879394531 ,  0.586425781 SigReg: 13.3755589
std: 0.888671875 ,  0.55859375 SigReg: 13.3690023
std: 0.643066406 ,  0.565917969 SigReg: 13.3690023
std: 0.633300781 ,  0.527832031 SigReg: 11.8446445
std: 0.682128906 ,  0.664550781 SigReg: 11.8446445
std: 0.768554688 ,  0.475585938 SigReg: 13.1919947
std: 0.624511719 ,  0.61328125 SigReg: 13.1919947
std: 0.783691406 ,  0.694824219 SigReg: 13.8784456
std: 0.724121094 ,  0.632324219 SigReg: 13.8784456
std: 0.571777344 ,  0.698730469 SigReg: 14.950304
std: 0.701171875 ,  0.553710938 SigReg: 14.950304
std: 0.537109375 ,  0.612792969 SigReg: 14.0171928
std: 0.789550781 ,  0.673828125 SigReg: 14.0171928
std: 0.580566406 ,  0.676269531 SigReg: 12.5564232
std: 0.718261719 ,  0.676757812 SigReg: 12.5564232
std: 0.664550781 ,  0.689453125 SigReg: 12.2931442
std: 0.801757812 ,  0.470947266 SigReg: 12.2931442
std: 0.654785156 ,  0.61328125 SigReg: 12.0383368
std: 0.711425781 ,  0.676757812 SigReg: 12.0383368
std: 0.789550781 ,  0.613769531 SigReg: 12.1858025
std: 0.643554688 ,  0.62890625 SigReg: 12.1858025
std: 0.7421875 ,  0.685546875 SigReg: 11.7262697
std: 0.6640625 ,  0.64453125 SigReg: 11.7262697
std: 0.782714844 ,  0.666503906 SigReg: 13.6454496
std: 0.927246094 ,  0.635253906 SigReg: 13.6454496
std: 0.745605469 ,  0.683105469 SigReg: 12.7126369
std: 0.688476562 ,  0.630859375 SigReg: 12.7126369
std: 0.991699219 ,  0.617675781 SigReg: 13.3838692
std: 0.793457031 ,  0.681152344 SigReg: 13.3838692
std: 0.743652344 ,  0.679199219 SigReg: 12.4333363
std: 0.798828125 ,  0.720214844 SigReg: 12.4333363
std: 0.72265625 ,  0.580566406 SigReg: 12.4175539
std: 0.676757812 ,  0.689941406 SigReg: 12.4175539
std: 0.862304688 ,  0.577148438 SigReg: 12.3543777
std: 0.899902344 ,  0.690917969 SigReg: 12.3543777
std: 0.7265625 ,  0.724609375 SigReg: 12.1008015
std: 0.929199219 ,  0.526367188 SigReg: 12.1008015
std: 0.958496094 ,  0.71875 SigReg: 11.2783604
std: 0.805664062 ,  0.619140625 SigReg: 11.2783604
std: 0.943359375 ,  0.739746094 SigReg: 11.2437057
std: 0.779296875 ,  0.574707031 SigReg: 11.2437057
std: 0.924804688 ,  0.590820312 SigReg: 11.1922216
std: 1.0625 ,  0.6171875 SigReg: 11.1922216
std: 0.808105469 ,  0.628417969 SigReg: 12.0642662
std: 0.674804688 ,  0.645507812 SigReg: 12.0642662
std: 0.75390625 ,  0.55078125 SigReg: 12.3837957
std: 0.754882812 ,  0.603027344 SigReg: 12.3837957
std: 0.736328125 ,  0.604980469 SigReg: 12.5515652
std: 0.888183594 ,  0.560058594 SigReg: 12.5515652
std: 0.859375 ,  0.52734375 SigReg: 11.3947506
std: 0.701171875 ,  0.626953125 SigReg: 11.3947506
std: 0.814941406 ,  0.612792969 SigReg: 10.9330664
std: 0.822753906 ,  0.73828125 SigReg: 10.9330664
std: 0.6484375 ,  0.762695312 SigReg: 10.5492821
std: 0.584960938 ,  0.711914062 SigReg: 10.5492821
std: 0.770019531 ,  0.429443359 SigReg: 13.5471287
std: 0.797851562 ,  0.486816406 SigReg: 13.5471287
std: 0.700195312 ,  0.575195312 SigReg: 14.8153849
std: 0.767578125 ,  0.5234375 SigReg: 14.8153849
std: 0.811523438 ,  0.802734375 SigReg: 9.79265785
std: 0.748046875 ,  0.740722656 SigReg: 9.79265785
std: 0.799316406 ,  0.567382812 SigReg: 11.7347813
std: 0.702636719 ,  0.694824219 SigReg: 11.7347813
std: 0.71875 ,  0.630859375 SigReg: 11.2480717
std: 0.730957031 ,  0.686035156 SigReg: 11.2480717
std: 0.635742188 ,  0.71484375 SigReg: 13.0843163
std: 0.724121094 ,  0.659179688 SigReg: 13.0843163
std: 0.812988281 ,  0.507324219 SigReg: 11.9942932
std: 0.6875 ,  0.62890625 SigReg: 11.9942932
std: 0.539550781 ,  0.711425781 SigReg: 14.9136
std: 0.653808594 ,  0.66796875 SigReg: 14.9136
std: 0.599609375 ,  0.734375 SigReg: 12.5722485
std: 0.624511719 ,  0.692382812 SigReg: 12.5722485
  Step 200: Backbone Loss = 1.6791, SIGReg Loss = 12.5722 Probe Loss = 291.4727, Acc = 0.5179
std: 0.701171875 ,  0.724121094 SigReg: 11.8408966
std: 0.65234375 ,  0.752441406 SigReg: 11.8408966
std: 0.703613281 ,  0.779296875 SigReg: 12.6713886
std: 0.622070312 ,  0.709472656 SigReg: 12.6713886
std: 0.697265625 ,  0.547851562 SigReg: 11.2876396
std: 0.813476562 ,  0.669433594 SigReg: 11.2876396
std: 0.681152344 ,  0.688964844 SigReg: 11.7311811
std: 0.739746094 ,  0.632324219 SigReg: 11.7311811
std: 0.829101562 ,  0.601074219 SigReg: 11.6350965
std: 0.73828125 ,  0.595703125 SigReg: 11.6350965
std: 0.719238281 ,  0.550292969 SigReg: 13.5210085
std: 0.730957031 ,  0.583007812 SigReg: 13.5210085
std: 0.753417969 ,  0.551269531 SigReg: 10.4689436
std: 0.872558594 ,  0.592285156 SigReg: 10.4689436
std: 0.816894531 ,  0.684082031 SigReg: 10.7570372
std: 0.812988281 ,  0.665527344 SigReg: 10.7570372
std: 0.934082031 ,  0.625976562 SigReg: 10.8759041
std: 0.814453125 ,  0.633300781 SigReg: 10.8759041
std: 0.896972656 ,  0.60546875 SigReg: 11.9786482
std: 0.880371094 ,  0.548339844 SigReg: 11.9786482
std: 0.868164062 ,  0.708984375 SigReg: 10.7888994
std: 0.757324219 ,  0.502441406 SigReg: 10.7888994
std: 0.82421875 ,  0.647949219 SigReg: 12.5306683
std: 0.81640625 ,  0.610839844 SigReg: 12.5306683
std: 0.775390625 ,  0.588867188 SigReg: 12.655817
std: 0.685058594 ,  0.591308594 SigReg: 12.655817
std: 0.66015625 ,  0.602539062 SigReg: 10.2044582
std: 0.798828125 ,  0.638671875 SigReg: 10.2044582
std: 0.815429688 ,  0.740234375 SigReg: 11.9495468
std: 0.694824219 ,  0.630859375 SigReg: 11.9495468
std: 0.800292969 ,  0.6328125 SigReg: 11.6816568
std: 0.733398438 ,  0.5234375 SigReg: 11.6816568
std: 0.845703125 ,  0.683105469 SigReg: 13.1320591
std: 0.615722656 ,  0.523925781 SigReg: 13.1320591
std: 0.743652344 ,  0.607910156 SigReg: 12.9314423
std: 0.611816406 ,  0.711425781 SigReg: 12.9314423
std: 0.598144531 ,  0.710449219 SigReg: 12.9896688
std: 0.668457031 ,  0.602050781 SigReg: 12.9896688
std: 0.597167969 ,  0.621582031 SigReg: 16.2618694
std: 0.665527344 ,  0.553222656 SigReg: 16.2618694
std: 0.536132812 ,  0.667480469 SigReg: 12.5126781
std: 0.638183594 ,  0.729980469 SigReg: 12.5126781
std: 0.601074219 ,  0.760253906 SigReg: 16.7967262
std: 0.598144531 ,  0.674316406 SigReg: 16.7967262
std: 0.66015625 ,  0.703125 SigReg: 13.2609177
std: 0.6171875 ,  0.745117188 SigReg: 13.2609177
std: 0.660644531 ,  0.811035156 SigReg: 11.9572067
std: 0.705078125 ,  0.698730469 SigReg: 11.9572067
std: 0.763183594 ,  0.769042969 SigReg: 12.7696114
std: 0.668457031 ,  0.771972656 SigReg: 12.7696114
std: 0.80078125 ,  0.734375 SigReg: 13.5668964
std: 0.788085938 ,  0.741699219 SigReg: 13.5668964
std: 0.812011719 ,  0.684082031 SigReg: 13.0297
std: 0.686035156 ,  0.618652344 SigReg: 13.0297
std: 0.8125 ,  0.682617188 SigReg: 10.8095703
std: 0.835449219 ,  0.720214844 SigReg: 10.8095703
std: 0.835449219 ,  0.681640625 SigReg: 9.86798763
std: 0.686035156 ,  0.784179688 SigReg: 9.86798763
std: 0.766601562 ,  0.540527344 SigReg: 12.036438
std: 0.864257812 ,  0.615722656 SigReg: 12.036438
std: 0.796386719 ,  0.691894531 SigReg: 12.6699104
std: 0.841308594 ,  0.6953125 SigReg: 12.6699104
std: 0.825683594 ,  0.764160156 SigReg: 12.0307655
std: 0.774902344 ,  0.609375 SigReg: 12.0307655
std: 0.734375 ,  0.704589844 SigReg: 11.5654268
std: 0.814453125 ,  0.739746094 SigReg: 11.5654268
std: 0.760742188 ,  0.648925781 SigReg: 13.8645554
std: 0.723144531 ,  0.603027344 SigReg: 13.8645554
std: 0.899902344 ,  0.709472656 SigReg: 14.2174892
std: 0.797851562 ,  0.597167969 SigReg: 14.2174892
std: 0.797363281 ,  0.678222656 SigReg: 12.0383739
std: 0.719238281 ,  0.603027344 SigReg: 12.0383739
std: 0.860839844 ,  0.656738281 SigReg: 12.6978655
std: 0.763671875 ,  0.761230469 SigReg: 12.6978655
std: 0.723632812 ,  0.68359375 SigReg: 11.7643337
std: 0.708984375 ,  0.6328125 SigReg: 11.7643337
std: 0.660644531 ,  0.711425781 SigReg: 13.0686798
std: 0.532714844 ,  0.629882812 SigReg: 13.0686798
std: 0.774414062 ,  0.725585938 SigReg: 11.3440466
std: 0.7265625 ,  0.623046875 SigReg: 11.3440466
std: 0.62890625 ,  0.782226562 SigReg: 13.1205111
std: 0.645019531 ,  0.669433594 SigReg: 13.1205111
std: 0.751953125 ,  0.784667969 SigReg: 13.5931234
std: 0.719238281 ,  0.700195312 SigReg: 13.5931234
std: 0.577148438 ,  0.71484375 SigReg: 12.4566307
std: 0.567871094 ,  0.663085938 SigReg: 12.4566307
std: 0.699707031 ,  0.651367188 SigReg: 13.9639502
std: 0.521484375 ,  0.713867188 SigReg: 13.9639502
std: 0.598632812 ,  0.678710938 SigReg: 14.8294563
std: 0.673828125 ,  0.591308594 SigReg: 14.8294563
std: 0.590820312 ,  0.645996094 SigReg: 12.0629387
std: 0.537109375 ,  0.651367188 SigReg: 12.0629387
std: 0.686035156 ,  0.725097656 SigReg: 11.898428
std: 0.647460938 ,  0.663574219 SigReg: 11.898428
std: 0.624023438 ,  0.6640625 SigReg: 12.6773882
std: 0.750976562 ,  0.584472656 SigReg: 12.6773882
std: 0.658691406 ,  0.686035156 SigReg: 12.0787106
std: 0.666015625 ,  0.435302734 SigReg: 12.0787106
std: 0.707519531 ,  0.568359375 SigReg: 14.1521749
std: 0.920898438 ,  0.611816406 SigReg: 14.1521749
  Step 250: Backbone Loss = 1.7417, SIGReg Loss = 14.1522 Probe Loss = 307.9149, Acc = 0.5046
std: 0.713378906 ,  0.651367188 SigReg: 13.0561342
std: 0.836425781 ,  0.614257812 SigReg: 13.0561342
std: 0.796875 ,  0.6015625 SigReg: 13.5607433
std: 0.7265625 ,  0.521972656 SigReg: 13.5607433
std: 0.829101562 ,  0.568847656 SigReg: 13.0631666
std: 0.550292969 ,  0.665039062 SigReg: 13.0631666
std: 0.710449219 ,  0.551269531 SigReg: 14.3755894
std: 0.79296875 ,  0.729003906 SigReg: 14.3755894
std: 0.661132812 ,  0.684570312 SigReg: 15.7316198
std: 0.59375 ,  0.634277344 SigReg: 15.7316198
std: 0.715820312 ,  0.740722656 SigReg: 12.0713387
std: 0.7421875 ,  0.786132812 SigReg: 12.0713387
std: 0.641601562 ,  0.834960938 SigReg: 11.4396038
std: 0.708007812 ,  0.764648438 SigReg: 11.4396038
std: 0.98046875 ,  0.623046875 SigReg: 16.5866451
std: 0.884765625 ,  0.733398438 SigReg: 16.5866451
std: 0.754882812 ,  0.659667969 SigReg: 12.7422686
std: 0.8671875 ,  0.768066406 SigReg: 12.7422686
std: 0.884277344 ,  0.742675781 SigReg: 13.7053795
std: 0.834960938 ,  0.581542969 SigReg: 13.7053795
std: 0.891113281 ,  0.750488281 SigReg: 12.9785805
std: 0.92578125 ,  0.787109375 SigReg: 12.9785805
std: 0.867675781 ,  0.645507812 SigReg: 14.1991577
std: 0.799316406 ,  0.711425781 SigReg: 14.1991577
std: 0.709472656 ,  0.672851562 SigReg: 11.5596809
std: 0.97265625 ,  0.736328125 SigReg: 11.5596809
std: 0.793457031 ,  0.827148438 SigReg: 15.1285477
std: 0.622558594 ,  0.753417969 SigReg: 15.1285477
std: 0.784179688 ,  0.807617188 SigReg: 12.9373493
std: 0.766601562 ,  0.667480469 SigReg: 12.9373493
std: 0.729492188 ,  0.6875 SigReg: 12.6035881
std: 0.774902344 ,  0.720214844 SigReg: 12.6035881
std: 0.747558594 ,  0.782714844 SigReg: 11.2014771
std: 0.856445312 ,  0.837402344 SigReg: 11.2014771
std: 0.650878906 ,  0.713378906 SigReg: 12.2527103
std: 0.699707031 ,  0.560546875 SigReg: 12.2527103
std: 0.651855469 ,  0.683105469 SigReg: 12.661521
std: 0.844238281 ,  0.646484375 SigReg: 12.661521
std: 0.715820312 ,  0.657714844 SigReg: 11.6072512
std: 0.815917969 ,  0.678222656 SigReg: 11.6072512
std: 0.800292969 ,  0.654785156 SigReg: 9.59786701
std: 0.756347656 ,  0.688476562 SigReg: 9.59786701
std: 0.596191406 ,  0.733398438 SigReg: 11.5878048
std: 0.768554688 ,  0.775390625 SigReg: 11.5878048
std: 0.83984375 ,  0.663574219 SigReg: 11.8003931
std: 0.697753906 ,  0.748535156 SigReg: 11.8003931
std: 0.67578125 ,  0.788085938 SigReg: 11.4219656
std: 0.700683594 ,  0.768554688 SigReg: 11.4219656
std: 0.703613281 ,  0.717773438 SigReg: 12.9490986
std: 0.737792969 ,  0.591796875 SigReg: 12.9490986
std: 0.760742188 ,  0.706542969 SigReg: 13.0821009
std: 0.771972656 ,  0.678710938 SigReg: 13.0821009
std: 0.698730469 ,  0.771972656 SigReg: 12.4871645
std: 0.732421875 ,  0.706054688 SigReg: 12.4871645
std: 0.766601562 ,  0.807617188 SigReg: 12.8524818
std: 0.741699219 ,  0.675292969 SigReg: 12.8524818
std: 0.748046875 ,  0.787597656 SigReg: 13.4140244
std: 0.629882812 ,  0.72265625 SigReg: 13.4140244
std: 0.867675781 ,  0.720703125 SigReg: 12.9635887
std: 0.795410156 ,  0.747070312 SigReg: 12.9635887
std: 0.717285156 ,  0.75 SigReg: 12.0305462
std: 0.816894531 ,  0.733398438 SigReg: 12.0305462
std: 0.770019531 ,  0.717773438 SigReg: 13.6662254
std: 0.815429688 ,  0.791503906 SigReg: 13.6662254
std: 0.696289062 ,  0.86328125 SigReg: 12.4260912
std: 0.84375 ,  0.760253906 SigReg: 12.4260912
std: 0.711914062 ,  0.7890625 SigReg: 13.11866
std: 0.661621094 ,  0.791015625 SigReg: 13.11866
std: 0.782226562 ,  0.764648438 SigReg: 13.6181316
std: 0.773925781 ,  0.846191406 SigReg: 13.6181316
std: 0.762207031 ,  0.822265625 SigReg: 13.7374945
std: 0.911132812 ,  0.976074219 SigReg: 13.7374945
std: 0.867675781 ,  0.7421875 SigReg: 12.2830477
std: 0.782226562 ,  0.817382812 SigReg: 12.2830477
std: 0.774902344 ,  0.731445312 SigReg: 12.4979115
std: 0.755371094 ,  0.83203125 SigReg: 12.4979115
std: 0.779785156 ,  0.811523438 SigReg: 13.9228745
std: 0.818847656 ,  0.905761719 SigReg: 13.9228745
std: 0.778320312 ,  0.905273438 SigReg: 12.8476868
std: 0.844238281 ,  0.828613281 SigReg: 12.8476868
std: 0.720214844 ,  0.774414062 SigReg: 15.5330229
std: 0.721679688 ,  0.948730469 SigReg: 15.5330229
std: 0.915039062 ,  0.811523438 SigReg: 13.8576918
std: 0.855957031 ,  0.726074219 SigReg: 13.8576918
std: 0.803222656 ,  0.779296875 SigReg: 12.4882545
std: 0.844238281 ,  0.798828125 SigReg: 12.4882545
std: 0.838867188 ,  0.766601562 SigReg: 12.8576584
std: 0.831054688 ,  0.861328125 SigReg: 12.8576584
std: 0.913085938 ,  0.761230469 SigReg: 14.3816595
std: 0.767089844 ,  0.702148438 SigReg: 14.3816595
std: 0.847167969 ,  0.734863281 SigReg: 14.317482
std: 0.712890625 ,  0.824707031 SigReg: 14.317482
std: 0.821777344 ,  0.7421875 SigReg: 14.6013985
std: 0.754882812 ,  0.721191406 SigReg: 14.6013985
std: 0.858886719 ,  0.750488281 SigReg: 14.3221178
std: 0.9921875 ,  0.741699219 SigReg: 14.3221178
std: 0.831054688 ,  0.702636719 SigReg: 13.9771051
std: 0.755859375 ,  0.716796875 SigReg: 13.9771051
std: 0.887695312 ,  0.507324219 SigReg: 20.9989223
std: 0.846191406 ,  0.622070312 SigReg: 20.9989223
  Step 300: Backbone Loss = 2.0981, SIGReg Loss = 20.9989 Probe Loss = 301.4084, Acc = 0.5414
std: 0.796875 ,  0.71484375 SigReg: 17.7081413
std: 1.0078125 ,  0.672851562 SigReg: 17.7081413
std: 0.721679688 ,  0.445068359 SigReg: 13.1802349
std: 0.702148438 ,  0.706542969 SigReg: 13.1802349
std: 0.927246094 ,  0.720214844 SigReg: 14.0914555
std: 0.722167969 ,  0.619628906 SigReg: 14.0914555
std: 0.798828125 ,  0.447509766 SigReg: 13.5732422
std: 0.823730469 ,  0.657714844 SigReg: 13.5732422
std: 0.741210938 ,  0.613769531 SigReg: 14.6814423
std: 0.771972656 ,  0.645019531 SigReg: 14.6814423
std: 0.66015625 ,  0.678222656 SigReg: 15.6977272
std: 0.676757812 ,  0.669921875 SigReg: 15.6977272
Epoch 13 finished in 265.17s.
  Avg Backbone Loss: 1.7115
  Avg Probe Loss:    286.5909
  Avg Probe Accuracy: 0.5261

Epoch 14/100
std: 0.583496094 ,  0.631347656 SigReg: 15.1623316
std: 0.770019531 ,  0.660644531 SigReg: 15.1623316
  Step 0: Backbone Loss = 1.8239, SIGReg Loss = 15.1623 Probe Loss = 282.1821, Acc = 0.5155
std: 0.684082031 ,  0.691894531 SigReg: 13.1922379
std: 0.694824219 ,  0.637207031 SigReg: 13.1922379
std: 0.727050781 ,  0.683105469 SigReg: 14.2246017
std: 0.706054688 ,  0.706054688 SigReg: 14.2246017
std: 0.778320312 ,  0.69140625 SigReg: 14.1365509
std: 0.582519531 ,  0.650390625 SigReg: 14.1365509
std: 0.758789062 ,  0.58984375 SigReg: 14.7364626
std: 0.659667969 ,  0.771484375 SigReg: 14.7364626
std: 0.829589844 ,  0.728515625 SigReg: 14.1299925
std: 0.844726562 ,  0.684082031 SigReg: 14.1299925
std: 0.702148438 ,  0.583496094 SigReg: 13.475647
std: 0.7890625 ,  0.700683594 SigReg: 13.475647
std: 0.713378906 ,  0.813476562 SigReg: 11.9720297
std: 0.781738281 ,  0.630859375 SigReg: 11.9720297
std: 0.836425781 ,  0.758789062 SigReg: 10.84021
std: 0.742675781 ,  0.592773438 SigReg: 10.84021
std: 0.861328125 ,  0.645507812 SigReg: 11.9807444
std: 0.712402344 ,  0.769042969 SigReg: 11.9807444
std: 0.772949219 ,  0.638183594 SigReg: 11.6968222
std: 0.724609375 ,  0.82421875 SigReg: 11.6968222
std: 0.876953125 ,  0.639648438 SigReg: 12.4544907
std: 0.8984375 ,  0.666015625 SigReg: 12.4544907
std: 0.721679688 ,  0.655273438 SigReg: 11.5599823
std: 0.895019531 ,  0.697265625 SigReg: 11.5599823
std: 0.817871094 ,  0.760253906 SigReg: 13.1845541
std: 0.98046875 ,  0.765136719 SigReg: 13.1845541
std: 0.825195312 ,  0.763671875 SigReg: 11.8054285
std: 0.890625 ,  0.71875 SigReg: 11.8054285
std: 0.928710938 ,  0.886230469 SigReg: 15.7754412
std: 0.895507812 ,  0.856445312 SigReg: 15.7754412
std: 0.911132812 ,  0.758300781 SigReg: 14.5782833
std: 0.725097656 ,  0.846191406 SigReg: 14.5782833
std: 0.994140625 ,  0.813476562 SigReg: 13.1176
std: 0.935058594 ,  0.692871094 SigReg: 13.1176
std: 1.03515625 ,  0.88671875 SigReg: 10.3594103
std: 0.923828125 ,  0.858886719 SigReg: 10.3594103
std: 1.07421875 ,  0.782714844 SigReg: 13.5112782
std: 0.954589844 ,  0.951171875 SigReg: 13.5112782
std: 0.887695312 ,  0.623046875 SigReg: 12.7396755
std: 0.816894531 ,  0.885742188 SigReg: 12.7396755
std: 0.883300781 ,  0.834960938 SigReg: 12.62815
std: 0.919921875 ,  0.749511719 SigReg: 12.62815
std: 0.883789062 ,  0.708007812 SigReg: 13.9363804
std: 0.953613281 ,  0.939941406 SigReg: 13.9363804
std: 1.08398438 ,  0.970703125 SigReg: 12.5134621
std: 0.932617188 ,  0.836425781 SigReg: 12.5134621
std: 0.826660156 ,  0.885742188 SigReg: 11.7708673
std: 0.873046875 ,  1.04394531 SigReg: 11.7708673
std: 0.783203125 ,  0.982421875 SigReg: 16.9652462
std: 0.895996094 ,  0.965820312 SigReg: 16.9652462
std: 0.952636719 ,  0.891113281 SigReg: 12.9306641
std: 0.884765625 ,  0.892089844 SigReg: 12.9306641
std: 0.98046875 ,  0.712890625 SigReg: 12.261198
std: 0.9921875 ,  0.912109375 SigReg: 12.261198
std: 0.864257812 ,  0.924316406 SigReg: 13.3508272
std: 0.890136719 ,  0.819335938 SigReg: 13.3508272
std: 0.943847656 ,  0.977050781 SigReg: 12.8333912
std: 1.06152344 ,  0.954101562 SigReg: 12.8333912
std: 0.951660156 ,  0.896972656 SigReg: 10.7489872
std: 1.03027344 ,  0.953613281 SigReg: 10.7489872
std: 1.07519531 ,  0.884765625 SigReg: 11.2003803
std: 0.91796875 ,  0.880371094 SigReg: 11.2003803
std: 0.920898438 ,  0.913574219 SigReg: 12.7904682
std: 1.07226562 ,  0.909179688 SigReg: 12.7904682
std: 1.09179688 ,  0.761230469 SigReg: 11.3669071
std: 0.993164062 ,  0.893066406 SigReg: 11.3669071
std: 1.00292969 ,  0.893554688 SigReg: 12.5168352
std: 0.977050781 ,  0.770507812 SigReg: 12.5168352
std: 0.98828125 ,  0.756347656 SigReg: 11.1256104
std: 0.885253906 ,  0.588378906 SigReg: 11.1256104
std: 1.01953125 ,  0.620605469 SigReg: 11.0413551
std: 0.827148438 ,  0.716308594 SigReg: 11.0413551
std: 0.963378906 ,  0.694335938 SigReg: 11.9618616
std: 0.825683594 ,  0.686523438 SigReg: 11.9618616
std: 0.888183594 ,  0.688964844 SigReg: 12.9923553
std: 0.822265625 ,  0.962402344 SigReg: 12.9923553
std: 0.894042969 ,  0.747558594 SigReg: 12.0752277
std: 1.04589844 ,  0.672363281 SigReg: 12.0752277
std: 1.01269531 ,  0.701171875 SigReg: 12.5978632
std: 1.05761719 ,  0.926269531 SigReg: 12.5978632
std: 0.877441406 ,  0.828125 SigReg: 12.2826977
std: 0.96875 ,  0.721191406 SigReg: 12.2826977
std: 0.880371094 ,  0.700195312 SigReg: 10.5550718
std: 0.974609375 ,  0.737304688 SigReg: 10.5550718
std: 0.978515625 ,  0.796875 SigReg: 11.1215553
std: 0.973632812 ,  0.891113281 SigReg: 11.1215553
std: 0.870117188 ,  0.747558594 SigReg: 11.5369434
std: 0.951171875 ,  0.861816406 SigReg: 11.5369434
std: 0.913574219 ,  0.78515625 SigReg: 13.0023832
std: 0.893066406 ,  0.904296875 SigReg: 13.0023832
std: 1.1015625 ,  0.833496094 SigReg: 12.2311773
std: 0.90625 ,  0.739746094 SigReg: 12.2311773
std: 1.00292969 ,  0.737792969 SigReg: 11.8479691
std: 0.885742188 ,  0.697265625 SigReg: 11.8479691
std: 0.996582031 ,  0.700683594 SigReg: 11.0744133
std: 0.830566406 ,  0.766601562 SigReg: 11.0744133
std: 1.0625 ,  0.645507812 SigReg: 14.6078148
std: 1.04003906 ,  0.650878906 SigReg: 14.6078148
std: 0.888671875 ,  0.916992188 SigReg: 12.0352516
std: 1.05664062 ,  0.654785156 SigReg: 12.0352516
  Step 50: Backbone Loss = 1.6460, SIGReg Loss = 12.0353 Probe Loss = 303.8048, Acc = 0.5500
Error loading spectrogram/audioset/balanced_train_segments/IZmHbeWdsk8_1.npy: 'size' must be a 1-D Tensor of 2 elements: new_height, new_width
[1;34mwandb[0m: 
[1;34mwandb[0m: 🚀 View run [33mpretty-fog-155[0m at: [34m[0m
[1;34mwandb[0m: Find logs at: [1;35m../../../../oscar/home/lwang223/MyGO/MyGo/wandb/run-20251207_015440-0wpy7hqv/logs[0m

==========================================
Python script finished at Sun Dec  7 02:51:03 AM EST 2025
Exit code: 1
==========================================
