## SLURM PROLOG ###############################################################
##    Job ID : 14735519
##  Job Name : MyGO
##  Nodelist : gpu2104
##      CPUs : 1
##  Mem/Node : 32000 MB
## Directory : /oscar/home/lwang223/MyGO/MyGo
##   Job Started : Sun Dec  7 03:23:54 PM EST 2025
###############################################################################

==========================================
Job started at: Sun Dec  7 03:23:54 PM EST 2025
Job ID: 14735519
Node: gpu2104
==========================================

GPU Information (from host):
Sun Dec  7 15:23:54 2025       
+---------------------------------------------------------------------------------------+
| NVIDIA-SMI 535.129.03             Driver Version: 535.129.03   CUDA Version: 12.2     |
|-----------------------------------------+----------------------+----------------------+
| GPU  Name                 Persistence-M | Bus-Id        Disp.A | Volatile Uncorr. ECC |
| Fan  Temp   Perf          Pwr:Usage/Cap |         Memory-Usage | GPU-Util  Compute M. |
|                                         |                      |               MIG M. |
|=========================================+======================+======================|
|   0  NVIDIA GeForce RTX 3090        On  | 00000000:A1:00.0 Off |                  N/A |
| 57%   50C    P8              42W / 350W |     35MiB / 24576MiB |      0%      Default |
|                                         |                      |                  N/A |
+-----------------------------------------+----------------------+----------------------+
|   1  NVIDIA GeForce RTX 3090        On  | 00000000:E1:00.0 Off |                  N/A |
| 59%   48C    P5              46W / 350W |     26MiB / 24576MiB |      0%      Default |
|                                         |                      |                  N/A |
+-----------------------------------------+----------------------+----------------------+
                                                                                         
+---------------------------------------------------------------------------------------+
| Processes:                                                                            |
|  GPU   GI   CI        PID   Type   Process name                            GPU Memory |
|        ID   ID                                                             Usage      |
|=======================================================================================|
|    0   N/A  N/A     51669      G   /usr/libexec/Xorg                            25MiB |
|    1   N/A  N/A     51669      G   /usr/libexec/Xorg                            17MiB |
+---------------------------------------------------------------------------------------+

mygo conda environment loaded
/oscar/rt/9.2/software/0.20-generic/0.20.1/opt/spack/linux-rhel9-x86_64_v3/gcc-11.3.1/ffmpeg-7.0-xny2fb2nz3demdcjhj6x74mcxz4iwmys/bin/ffmpeg
ffmpeg version 7.0 Copyright (c) 2000-2024 the FFmpeg developers
built with gcc 11 (GCC)
configuration: --prefix=/oscar/rt/9.2/software/0.20-generic/0.20.1/opt/spack/linux-rhel9-x86_64_v3/gcc-11.3.1/ffmpeg-7.0-xny2fb2nz3demdcjhj6x74mcxz4iwmys --enable-pic --cc=/oscar/rt/9.2/software/0.20-generic/0.20.1/lib/spack/env/gcc/gcc --cxx=/oscar/rt/9.2/software/0.20-generic/0.20.1/lib/spack/env/gcc/g++ --disable-libxcb --disable-libxcb-shape --disable-libxcb-shm --disable-libxcb-xfixes --disable-xlib --disable-libfontconfig --disable-libfreetype --disable-libfribidi --enable-bzlib --enable-gpl --disable-libmp3lame --disable-libopenjpeg --disable-libopus --disable-libspeex --disable-libvorbis --enable-libvpx --enable-libx264 --disable-nonfree --disable-openssl --enable-shared --enable-version3 --disable-libzmq --disable-libssh --enable-libwebp --disable-lzma --disable-libsnappy --disable-sdl2 --disable-libaom --disable-libxml2
libavutil      59.  8.100 / 59.  8.100
libavcodec     61.  3.100 / 61.  3.100
libavformat    61.  1.100 / 61.  1.100
libavdevice    61.  1.100 / 61.  1.100
libavfilter    10.  1.100 / 10.  1.100
libswscale      8.  1.100 /  8.  1.100
libswresample   5.  1.100 /  5.  1.100
libpostproc    58.  1.100 / 58.  1.100
TF version: 2.16.1
Built with CUDA: True
GPUs detected: 2
GPU devices: [PhysicalDevice(name='/physical_device:GPU:0', device_type='GPU'), PhysicalDevice(name='/physical_device:GPU:1', device_type='GPU')]
==========================================
Installing dependencies
==========================================


==========================================
Starting main Python script at Sun Dec  7 03:24:04 PM EST 2025
==========================================

Working directory: /users/lwang223/MyGO/MyGo

[PhysicalDevice(name='/physical_device:GPU:0', device_type='GPU'), PhysicalDevice(name='/physical_device:GPU:1', device_type='GPU')]
Using MirroredStrategy for multi-GPU training.
Number of devices: 2
No checkpoint found. Starting from scratch.
Model: "vi_t__ti"
_________________________________________________________________
 Layer (type)                Output Shape              Param #   
=================================================================
 vit (TFViTMainLayer)        multiple                  0 (unused)
                                                                 
=================================================================
Total params: 5536128 (21.12 MB)
Trainable params: 5536128 (21.12 MB)
Non-trainable params: 0 (0.00 Byte)
_________________________________________________________________
Model: "linear_probe"
_________________________________________________________________
 Layer (type)                Output Shape              Param #   
=================================================================
 dense (Dense)               multiple                  101711    
                                                                 
=================================================================
Total params: 101711 (397.31 KB)
Trainable params: 101711 (397.31 KB)
Non-trainable params: 0 (0.00 Byte)
_________________________________________________________________
Building optimizer variables...
Optimizer built.
Starting training...

Epoch 1/100
std: 0.0520935059 ,  0.0825195312 SigReg: 572.70166
std: 0.106018066 ,  0.14465332 SigReg: 572.70166
  Step 0: Backbone Loss = 29.3975, SIGReg Loss = 572.7017 Probe Loss = 414.5519, Acc = 0.4938
std: 0.0427246094 ,  0.059173584 SigReg: 587.750549
std: 0.025894165 ,  0.0586242676 SigReg: 587.750549
std: 0.0309448242 ,  0.0603942871 SigReg: 548.781677
std: 0.0260925293 ,  0.0534362793 SigReg: 548.781677
std: 0.0261535645 ,  0.0603637695 SigReg: 553.079102
std: 0.099609375 ,  0.109191895 SigReg: 553.079102
std: 0.0309143066 ,  0.0545349121 SigReg: 572.070374
std: 0.0521240234 ,  0.0712280273 SigReg: 572.070374
std: 0.0531921387 ,  0.071472168 SigReg: 559.283691
std: 0.0265808105 ,  0.0533447266 SigReg: 559.283691
std: 0.0222320557 ,  0.0545654297 SigReg: 545.530396
std: 0.0809326172 ,  0.0971679688 SigReg: 545.530396
std: 0.0383911133 ,  0.0591430664 SigReg: 571.897949
std: 0.0558776855 ,  0.0823364258 SigReg: 571.897949
std: 0.0288391113 ,  0.0596008301 SigReg: 570.813538
std: 0.0296173096 ,  0.0498046875 SigReg: 570.813538
std: 0.0478515625 ,  0.078125 SigReg: 591.989136
std: 0.0322875977 ,  0.0601806641 SigReg: 591.989136
std: 0.0271453857 ,  0.0464172363 SigReg: 561.458496
std: 0.0838623047 ,  0.107849121 SigReg: 561.458496
std: 0.0450744629 ,  0.0674438477 SigReg: 564.970032
std: 0.038848877 ,  0.0641479492 SigReg: 564.970032
std: 0.092956543 ,  0.0810546875 SigReg: 537.314392
std: 0.0270996094 ,  0.0584106445 SigReg: 537.314392
std: 0.357910156 ,  0.345947266 SigReg: 541.707
std: 0.0570983887 ,  0.0598754883 SigReg: 541.707
std: 0.0516967773 ,  0.0780639648 SigReg: 581.771606
std: 0.0719604492 ,  0.0944213867 SigReg: 581.771606
std: 0.360839844 ,  0.336181641 SigReg: 549.455688
std: 0.190063477 ,  0.213256836 SigReg: 549.455688
std: 0.0444030762 ,  0.132446289 SigReg: 549.421204
std: 0.0438537598 ,  0.0485534668 SigReg: 549.421204
std: 0.0469665527 ,  0.056060791 SigReg: 572.704895
std: 0.0439453125 ,  0.0701293945 SigReg: 572.704895
std: 0.110290527 ,  0.0924682617 SigReg: 553.608154
std: 0.0317382812 ,  0.0452270508 SigReg: 553.608154
std: 0.5078125 ,  0.473632812 SigReg: 537.606628
std: 0.058013916 ,  0.059967041 SigReg: 537.606628
std: 0.0280761719 ,  0.044708252 SigReg: 544.578918
std: 0.0346069336 ,  0.0599365234 SigReg: 544.578918
std: 0.0424804688 ,  0.078125 SigReg: 521.692
std: 0.226318359 ,  0.196289062 SigReg: 521.692
std: 0.0291595459 ,  0.0531616211 SigReg: 558.603882
std: 0.031829834 ,  0.0450134277 SigReg: 558.603882
std: 0.0405578613 ,  0.0972900391 SigReg: 527.684937
std: 0.044128418 ,  0.0550842285 SigReg: 527.684937
std: 0.0275421143 ,  0.0382385254 SigReg: 541.293884
std: 0.190429688 ,  0.193237305 SigReg: 541.293884
std: 0.0306243896 ,  0.0505065918 SigReg: 567.515808
std: 0.0261230469 ,  0.0586242676 SigReg: 567.515808
std: 0.0370178223 ,  0.0555725098 SigReg: 538.797729
std: 0.030670166 ,  0.046081543 SigReg: 538.797729
std: 0.0311737061 ,  0.045715332 SigReg: 541.199219
std: 0.0640869141 ,  0.0619812 SigReg: 541.199219
std: 0.0802612305 ,  0.0805053711 SigReg: 521.859497
std: 0.0286865234 ,  0.0539550781 SigReg: 521.859497
std: 0.0305938721 ,  0.0496826172 SigReg: 528.122437
std: 0.0302276611 ,  0.0485839844 SigReg: 528.122437
std: 0.0736694336 ,  0.0834350586 SigReg: 537.997559
std: 0.0240325928 ,  0.0352783203 SigReg: 537.997559
std: 0.0312042236 ,  0.0490112305 SigReg: 533.956543
std: 0.0305023193 ,  0.0443115234 SigReg: 533.956543
std: 0.0269775391 ,  0.0468444824 SigReg: 512.527405
std: 0.0510253906 ,  0.0530090332 SigReg: 512.527405
std: 0.0631713867 ,  0.063659668 SigReg: 528.009277
std: 0.032043457 ,  0.0364074707 SigReg: 528.009277
std: 0.0574951172 ,  0.0508422852 SigReg: 515.84314
std: 0.105224609 ,  0.278564453 SigReg: 515.84314
std: 0.0459594727 ,  0.129882812 SigReg: 522.609375
std: 0.0347290039 ,  0.0406494141 SigReg: 522.609375
std: 0.0764770508 ,  0.0799560547 SigReg: 523.64624
std: 0.0911254883 ,  0.0993652344 SigReg: 523.64624
std: 0.425292969 ,  0.389892578 SigReg: 511.533875
std: 0.0780029297 ,  0.0817260742 SigReg: 511.533875
std: 0.0520935059 ,  0.03515625 SigReg: 481.885803
std: 0.0272521973 ,  0.0361938477 SigReg: 481.885803
std: 0.0933227539 ,  0.079284668 SigReg: 480.866455
std: 0.0345153809 ,  0.0495910645 SigReg: 480.866455
std: 0.0282897949 ,  0.0321350098 SigReg: 479.545288
std: 0.0791015625 ,  0.092590332 SigReg: 479.545288
std: 0.385009766 ,  0.362792969 SigReg: 486.140594
std: 0.0595703125 ,  0.0532836914 SigReg: 486.140594
std: 0.0391845703 ,  0.0342407227 SigReg: 499.491699
std: 0.113830566 ,  0.0840454102 SigReg: 499.491699
std: 0.0230407715 ,  0.0347290039 SigReg: 487.418793
std: 0.293701172 ,  0.317138672 SigReg: 487.418793
std: 0.0360717773 ,  0.0658569336 SigReg: 489.597321
std: 0.0318603516 ,  0.0349731445 SigReg: 489.597321
std: 0.0748291 ,  0.129516602 SigReg: 473.473724
std: 0.0418396 ,  0.032409668 SigReg: 473.473724
std: 0.0600585938 ,  0.0383300781 SigReg: 488.419
std: 0.027130127 ,  0.0348510742 SigReg: 488.419
std: 0.0390625 ,  0.0566711426 SigReg: 463.447266
std: 0.0315551758 ,  0.0357971191 SigReg: 463.447266
std: 0.0881347656 ,  0.0676879883 SigReg: 459.182617
std: 0.0327453613 ,  0.0371398926 SigReg: 459.182617
std: 0.252441406 ,  0.263427734 SigReg: 444.496826
std: 0.0737304688 ,  0.0400390625 SigReg: 444.496826
std: 0.0255889893 ,  0.027923584 SigReg: 468.408661
std: 0.0452270508 ,  0.0339050293 SigReg: 468.408661
  Step 50: Backbone Loss = 25.0517, SIGReg Loss = 468.4087 Probe Loss = 411.7411, Acc = 0.4908
std: 0.0531921387 ,  0.0315551758 SigReg: 445.375244
std: 0.0285339355 ,  0.0334777832 SigReg: 445.375244
std: 0.0281982422 ,  0.0256500244 SigReg: 469.462646
std: 0.303710938 ,  0.315429688 SigReg: 469.462646
std: 0.0303344727 ,  0.0274353027 SigReg: 452.4375
std: 0.0333251953 ,  0.0320129395 SigReg: 452.4375
std: 0.0311889648 ,  0.0289917 SigReg: 456.809631
std: 0.0314331055 ,  0.0294799805 SigReg: 456.809631
std: 0.246826172 ,  0.21887207 SigReg: 443.145569
std: 0.0445861816 ,  0.0719604492 SigReg: 443.145569
std: 0.0364685059 ,  0.0301208496 SigReg: 471.631378
std: 0.0338439941 ,  0.0289917 SigReg: 471.631378
std: 0.0338134766 ,  0.0247497559 SigReg: 437.441681
std: 0.0822143555 ,  0.0759887695 SigReg: 437.441681
std: 0.0662841797 ,  0.0607299805 SigReg: 423.982117
std: 0.0303955078 ,  0.0319519043 SigReg: 423.982117
std: 0.0348510742 ,  0.0267944336 SigReg: 434.463959
std: 0.0641479492 ,  0.0433959961 SigReg: 434.463959
std: 0.0342407227 ,  0.0340271 SigReg: 437.559204
std: 0.298095703 ,  0.294677734 SigReg: 437.559204
std: 0.0869140625 ,  0.096862793 SigReg: 413.391
std: 0.0646972656 ,  0.029586792 SigReg: 413.391
std: 0.0317382812 ,  0.0249023438 SigReg: 431.806488
std: 0.0450134277 ,  0.0229187012 SigReg: 431.806488
std: 0.0344848633 ,  0.0284729 SigReg: 442.4776
std: 0.0338439941 ,  0.0286865234 SigReg: 442.4776
std: 0.0623779297 ,  0.0240936279 SigReg: 430.666046
std: 0.0363464355 ,  0.0299835205 SigReg: 430.666046
std: 0.0292358398 ,  0.0304107666 SigReg: 420.399353
std: 0.0354919434 ,  0.0304718018 SigReg: 420.399353
std: 0.0255737305 ,  0.0307006836 SigReg: 419.231873
std: 0.0788574219 ,  0.0673828125 SigReg: 419.231873
std: 0.194335938 ,  0.173461914 SigReg: 416.816559
std: 0.0419311523 ,  0.0322265625 SigReg: 416.816559
std: 0.0718383789 ,  0.0339355469 SigReg: 448.369507
std: 0.0740356445 ,  0.0415039062 SigReg: 448.369507
std: 0.0487976074 ,  0.0448303223 SigReg: 414.960327
std: 0.0274963379 ,  0.0208129883 SigReg: 414.960327
std: 0.0630493164 ,  0.0531311035 SigReg: 408.75238
std: 0.0305175781 ,  0.0298919678 SigReg: 408.75238
std: 0.0314025879 ,  0.0331420898 SigReg: 428.762238
std: 0.0368652344 ,  0.0384216309 SigReg: 428.762238
std: 0.0309906 ,  0.035949707 SigReg: 427.912872
std: 0.0299530029 ,  0.0251617432 SigReg: 427.912872
std: 0.067199707 ,  0.0540771484 SigReg: 405.274414
std: 0.391357422 ,  0.351806641 SigReg: 405.274414
std: 0.0241699219 ,  0.0269165039 SigReg: 407.178223
std: 0.16784668 ,  0.0896606445 SigReg: 407.178223
std: 0.0802001953 ,  0.0692749 SigReg: 413.867493
std: 0.116394043 ,  0.0817871094 SigReg: 413.867493
std: 0.0827636719 ,  0.0800170898 SigReg: 409.793518
std: 0.0340576172 ,  0.0294952393 SigReg: 409.793518
std: 0.0261230469 ,  0.0266571045 SigReg: 406.464233
std: 0.102722168 ,  0.0894165039 SigReg: 406.464233
std: 0.0334472656 ,  0.0471496582 SigReg: 396.722931
std: 0.117431641 ,  0.102355957 SigReg: 396.722931
std: 0.377197266 ,  0.190917969 SigReg: 390.874756
std: 0.0315856934 ,  0.0292510986 SigReg: 390.874756
std: 0.0462341309 ,  0.0428771973 SigReg: 396.45932
std: 0.040802002 ,  0.0328674316 SigReg: 396.45932
std: 0.0322265625 ,  0.0362548828 SigReg: 384.918457
std: 0.0476074219 ,  0.053314209 SigReg: 384.918457
std: 0.390625 ,  0.334960938 SigReg: 390.439209
std: 0.0274353027 ,  0.0372619629 SigReg: 390.439209
std: 0.0301971436 ,  0.0360717773 SigReg: 370.79657
std: 0.134643555 ,  0.0419006348 SigReg: 370.79657
std: 0.0346984863 ,  0.0280761719 SigReg: 394.270386
std: 0.0247192383 ,  0.0313720703 SigReg: 394.270386
std: 0.114074707 ,  0.0466003418 SigReg: 382.888672
std: 0.026550293 ,  0.0252227783 SigReg: 382.888672
std: 0.0353088379 ,  0.0453491211 SigReg: 340.931213
std: 0.0287323 ,  0.0321044922 SigReg: 340.931213
std: 0.0311126709 ,  0.0456237793 SigReg: 359.550232
std: 0.025390625 ,  0.0342102051 SigReg: 359.550232
std: 0.0263366699 ,  0.0257873535 SigReg: 384.013458
std: 0.0584106445 ,  0.0452575684 SigReg: 384.013458
std: 0.047668457 ,  0.0409545898 SigReg: 352.017548
std: 0.0254821777 ,  0.0293121338 SigReg: 352.017548
std: 0.0322570801 ,  0.0406799316 SigReg: 363.710693
std: 0.0359802246 ,  0.0523071289 SigReg: 363.710693
std: 0.0301361084 ,  0.0266265869 SigReg: 355.528503
std: 0.029876709 ,  0.0365905762 SigReg: 355.528503
std: 0.0274810791 ,  0.0267486572 SigReg: 341.8302
std: 0.0466003418 ,  0.0455932617 SigReg: 341.8302
std: 0.0899658203 ,  0.0575256348 SigReg: 363.098389
std: 0.030960083 ,  0.0345153809 SigReg: 363.098389
std: 0.0308532715 ,  0.0393066406 SigReg: 332.789398
std: 0.02784729 ,  0.0281982422 SigReg: 332.789398
std: 0.0810546875 ,  0.0724487305 SigReg: 321.970184
std: 0.239624023 ,  0.175537109 SigReg: 321.970184
std: 0.0300292969 ,  0.039642334 SigReg: 303.110504
std: 0.0419311523 ,  0.0567321777 SigReg: 303.110504
std: 0.0272521973 ,  0.0311889648 SigReg: 290.78653
std: 0.0277099609 ,  0.0452880859 SigReg: 290.78653
std: 0.0492248535 ,  0.0701904297 SigReg: 273.050446
std: 0.0379943848 ,  0.0508422852 SigReg: 273.050446
std: 0.196411133 ,  0.112976074 SigReg: 273.523499
std: 0.0283355713 ,  0.0433044434 SigReg: 273.523499
std: 0.0509643555 ,  0.0620422363 SigReg: 262.256134
std: 0.0307006836 ,  0.0387878418 SigReg: 262.256134
  Step 100: Backbone Loss = 14.8543, SIGReg Loss = 262.2561 Probe Loss = 405.6115, Acc = 0.4760
std: 0.0263824463 ,  0.0319213867 SigReg: 280.64035
std: 0.0226745605 ,  0.0310821533 SigReg: 280.64035
std: 0.0291595459 ,  0.031463623 SigReg: 255.723022
std: 0.0295562744 ,  0.0362548828 SigReg: 255.723022
std: 0.0294342041 ,  0.045715332 SigReg: 261.378387
std: 0.0275421143 ,  0.0256195068 SigReg: 261.378387
std: 0.029876709 ,  0.0379333496 SigReg: 222.318848
std: 0.0343933105 ,  0.0565185547 SigReg: 222.318848
std: 0.0752563477 ,  0.075378418 SigReg: 221.060547
std: 0.0314331055 ,  0.0354309082 SigReg: 221.060547
std: 0.0815429688 ,  0.0839233398 SigReg: 203.3638
std: 0.0308837891 ,  0.0519104 SigReg: 203.3638
std: 0.082824707 ,  0.071105957 SigReg: 195.330978
std: 0.0285339355 ,  0.038482666 SigReg: 195.330978
std: 0.0306243896 ,  0.0466918945 SigReg: 179.62735
std: 0.0935058594 ,  0.0971069336 SigReg: 179.62735
std: 0.0293273926 ,  0.0372924805 SigReg: 180.862518
std: 0.364013672 ,  0.283447266 SigReg: 180.862518
std: 0.0260467529 ,  0.0339050293 SigReg: 176.053284
std: 0.365722656 ,  0.287353516 SigReg: 176.053284
std: 0.510253906 ,  0.3984375 SigReg: 164.794098
std: 0.0330810547 ,  0.0562744141 SigReg: 164.794098
std: 0.0264892578 ,  0.0440368652 SigReg: 160.058075
std: 0.0266265869 ,  0.0373840332 SigReg: 160.058075
std: 0.023223877 ,  0.0446777344 SigReg: 166.742065
std: 0.0264434814 ,  0.0492248535 SigReg: 166.742065
std: 0.0299072266 ,  0.0370483398 SigReg: 159.527069
std: 0.0306243896 ,  0.0412902832 SigReg: 159.527069
std: 0.366699219 ,  0.294921875 SigReg: 162.395752
std: 0.0366210938 ,  0.0600280762 SigReg: 162.395752
std: 0.0248413086 ,  0.0395202637 SigReg: 158.457397
std: 0.0269927979 ,  0.0367736816 SigReg: 158.457397
std: 0.364990234 ,  0.276367188 SigReg: 142.299988
std: 0.0326843262 ,  0.037109375 SigReg: 142.299988
std: 0.0255889893 ,  0.0377502441 SigReg: 153.589691
std: 0.0258178711 ,  0.0565185547 SigReg: 153.589691
std: 0.112609863 ,  0.0973510742 SigReg: 146.336731
std: 0.0271148682 ,  0.0527954102 SigReg: 146.336731
std: 0.0262451172 ,  0.0357666 SigReg: 139.965012
std: 0.0283355713 ,  0.041809082 SigReg: 139.965012
std: 0.0736694336 ,  0.0556945801 SigReg: 137.477524
std: 0.0459899902 ,  0.0693969727 SigReg: 137.477524
std: 0.0464782715 ,  0.0680542 SigReg: 147.796677
std: 0.0296630859 ,  0.0374145508 SigReg: 147.796677
std: 0.364013672 ,  0.278808594 SigReg: 132.893417
std: 0.0373535156 ,  0.082824707 SigReg: 132.893417
std: 0.056060791 ,  0.0561523438 SigReg: 135.590881
std: 0.0802001953 ,  0.0788574219 SigReg: 135.590881
std: 0.0273895264 ,  0.0685424805 SigReg: 126.409744
std: 0.0318908691 ,  0.0717773438 SigReg: 126.409744
std: 0.0309448242 ,  0.0381164551 SigReg: 139.915314
std: 0.0257720947 ,  0.0328369141 SigReg: 139.915314
std: 0.0227508545 ,  0.0671386719 SigReg: 141.021606
std: 0.0248260498 ,  0.0280609131 SigReg: 141.021606
std: 0.0351257324 ,  0.0361328125 SigReg: 125.996933
std: 0.0997314453 ,  0.0728149414 SigReg: 125.996933
std: 0.0437927246 ,  0.0914306641 SigReg: 125.772934
std: 0.0321044922 ,  0.0648193359 SigReg: 125.772934
std: 0.0592651367 ,  0.0665283203 SigReg: 124.127113
std: 0.0751342773 ,  0.0854492188 SigReg: 124.127113
std: 0.029876709 ,  0.0825195312 SigReg: 115.280602
std: 0.0242156982 ,  0.0667724609 SigReg: 115.280602
std: 0.0620117188 ,  0.0775146484 SigReg: 119.00737
std: 0.0258789062 ,  0.0326538086 SigReg: 119.00737
std: 0.0356750488 ,  0.0814209 SigReg: 129.837433
std: 0.0246124268 ,  0.0470275879 SigReg: 129.837433
std: 0.0225830078 ,  0.0328979492 SigReg: 129.60379
std: 0.0354919434 ,  0.103881836 SigReg: 129.60379
std: 0.053314209 ,  0.0872192383 SigReg: 124.345848
std: 0.023147583 ,  0.0765991211 SigReg: 124.345848
std: 0.0233612061 ,  0.0483398438 SigReg: 125.60939
std: 0.0310516357 ,  0.0869751 SigReg: 125.60939
std: 0.027130127 ,  0.068359375 SigReg: 127.393478
std: 0.063293457 ,  0.0692138672 SigReg: 127.393478
std: 0.0261688232 ,  0.0324707031 SigReg: 115.259331
std: 0.058013916 ,  0.0825195312 SigReg: 115.259331
std: 0.0350341797 ,  0.0424194336 SigReg: 110.493309
std: 0.360839844 ,  0.283935547 SigReg: 110.493309
std: 0.0773925781 ,  0.100585938 SigReg: 128.549866
std: 0.0287780762 ,  0.0295715332 SigReg: 128.549866
std: 0.0261383057 ,  0.0373840332 SigReg: 113.001297
std: 0.02684021 ,  0.0562133789 SigReg: 113.001297
std: 0.0277862549 ,  0.0402832031 SigReg: 117.226227
std: 0.0233917236 ,  0.0434570312 SigReg: 117.226227
std: 0.0287780762 ,  0.0485839844 SigReg: 111.867973
std: 0.225463867 ,  0.159057617 SigReg: 111.867973
std: 0.0249938965 ,  0.0494689941 SigReg: 114.211807
std: 0.0369262695 ,  0.0436096191 SigReg: 114.211807
std: 0.0245361328 ,  0.0514221191 SigReg: 99.9568405
std: 0.0229949951 ,  0.0794677734 SigReg: 99.9568405
std: 0.0351257324 ,  0.0738525391 SigReg: 122.478439
std: 0.026260376 ,  0.080871582 SigReg: 122.478439
std: 0.0455932617 ,  0.0657348633 SigReg: 118.213173
std: 0.0239715576 ,  0.0283050537 SigReg: 118.213173
std: 0.0254669189 ,  0.0471191406 SigReg: 108.097626
std: 0.0238952637 ,  0.0391235352 SigReg: 108.097626
std: 0.0389099121 ,  0.0448608398 SigReg: 109.433449
std: 0.0233001709 ,  0.0334472656 SigReg: 109.433449
std: 0.020980835 ,  0.0341796875 SigReg: 114.646835
std: 0.0303955078 ,  0.0601806641 SigReg: 114.646835
  Step 150: Backbone Loss = 7.4950, SIGReg Loss = 114.6468 Probe Loss = 402.3345, Acc = 0.5089
std: 0.0283966064 ,  0.0381164551 SigReg: 104.788147
std: 0.0654907227 ,  0.0756835938 SigReg: 104.788147
std: 0.0626220703 ,  0.0518188477 SigReg: 100.608902
std: 0.0274505615 ,  0.0763549805 SigReg: 100.608902
std: 0.0323791504 ,  0.0404968262 SigReg: 112.463608
std: 0.0469665527 ,  0.0914917 SigReg: 112.463608
std: 0.0350646973 ,  0.0408630371 SigReg: 93.9846039
std: 0.0280609131 ,  0.0360717773 SigReg: 93.9846039
std: 0.0741577148 ,  0.0864257812 SigReg: 100.409698
std: 0.0276489258 ,  0.0291137695 SigReg: 100.409698
std: 0.0854492188 ,  0.0689086914 SigReg: 107.548157
std: 0.0392456055 ,  0.0635986328 SigReg: 107.548157
std: 0.0269775391 ,  0.0657959 SigReg: 96.6442
std: 0.0706787109 ,  0.0581970215 SigReg: 96.6442
std: 0.0263977051 ,  0.0384216309 SigReg: 105.283142
std: 0.0221405029 ,  0.0428466797 SigReg: 105.283142
std: 0.234619141 ,  0.17980957 SigReg: 94.7624
std: 0.0301055908 ,  0.0414428711 SigReg: 94.7624
std: 0.0268249512 ,  0.0290985107 SigReg: 97.7056808
std: 0.0286560059 ,  0.0546264648 SigReg: 97.7056808
std: 0.0993042 ,  0.0645141602 SigReg: 88.4319
std: 0.0376586914 ,  0.0857543945 SigReg: 88.4319
std: 0.026550293 ,  0.0395813 SigReg: 91.063942
std: 0.344970703 ,  0.252685547 SigReg: 91.063942
std: 0.0468444824 ,  0.0735473633 SigReg: 92.9360504
std: 0.0575866699 ,  0.0883178711 SigReg: 92.9360504
std: 0.023223877 ,  0.0276947021 SigReg: 101.555786
std: 0.0199432373 ,  0.0436401367 SigReg: 101.555786
std: 0.0236663818 ,  0.03515625 SigReg: 92.71064
std: 0.0271453857 ,  0.0386657715 SigReg: 92.71064
std: 0.0252227783 ,  0.035736084 SigReg: 95.6807175
std: 0.0252838135 ,  0.0451965332 SigReg: 95.6807175
std: 0.0267028809 ,  0.0265655518 SigReg: 87.8711472
std: 0.0356140137 ,  0.0704956055 SigReg: 87.8711472
std: 0.0778198242 ,  0.101135254 SigReg: 89.478035
std: 0.0220184326 ,  0.0467834473 SigReg: 89.478035
std: 0.340087891 ,  0.252441406 SigReg: 94.4395065
std: 0.025100708 ,  0.0526123047 SigReg: 94.4395065
std: 0.283935547 ,  0.186401367 SigReg: 98.5584106
std: 0.0240325928 ,  0.0397033691 SigReg: 98.5584106
std: 0.221557617 ,  0.142456055 SigReg: 91.0846252
std: 0.0200805664 ,  0.0560913086 SigReg: 91.0846252
std: 0.0324707031 ,  0.0749511719 SigReg: 85.8361
std: 0.0938110352 ,  0.113891602 SigReg: 85.8361
std: 0.0204467773 ,  0.0263366699 SigReg: 95.5883789
std: 0.0256500244 ,  0.0357971191 SigReg: 95.5883789
std: 0.0453796387 ,  0.0778198242 SigReg: 100.402016
std: 0.0253601074 ,  0.0256958 SigReg: 100.402016
std: 0.361083984 ,  0.242797852 SigReg: 89.7308044
std: 0.0556640625 ,  0.0897216797 SigReg: 89.7308044
std: 0.0649414062 ,  0.0370178223 SigReg: 91.1896744
std: 0.0222625732 ,  0.0367431641 SigReg: 91.1896744
std: 0.0282745361 ,  0.0514831543 SigReg: 96.3943863
std: 0.0703125 ,  0.0698242188 SigReg: 96.3943863
std: 0.0377502441 ,  0.0676879883 SigReg: 84.1998444
std: 0.336181641 ,  0.236572266 SigReg: 84.1998444
std: 0.0238342285 ,  0.0268096924 SigReg: 101.736923
std: 0.0427856445 ,  0.0537414551 SigReg: 101.736923
std: 0.146728516 ,  0.0830078125 SigReg: 92.698822
std: 0.251464844 ,  0.0434875488 SigReg: 92.698822
std: 0.0208282471 ,  0.0264434814 SigReg: 116.731651
std: 0.0413208 ,  0.0706176758 SigReg: 116.731651
std: 0.0287475586 ,  0.0426635742 SigReg: 93.3941345
std: 0.0225524902 ,  0.0294952393 SigReg: 93.3941345
std: 0.0203094482 ,  0.0253143311 SigReg: 89.9589462
std: 0.0250396729 ,  0.0395813 SigReg: 89.9589462
std: 0.0565185547 ,  0.073425293 SigReg: 80.3487778
std: 0.0238037109 ,  0.041015625 SigReg: 80.3487778
std: 0.063293457 ,  0.0850830078 SigReg: 83.2484131
std: 0.024887085 ,  0.0287017822 SigReg: 83.2484131
std: 0.0994262695 ,  0.103820801 SigReg: 87.459549
std: 0.0223846436 ,  0.0422668457 SigReg: 87.459549
std: 0.0297393799 ,  0.0405578613 SigReg: 88.8659821
std: 0.0279541016 ,  0.0335388184 SigReg: 88.8659821
std: 0.0299682617 ,  0.0801391602 SigReg: 80.8738
std: 0.0800170898 ,  0.0687255859 SigReg: 80.8738
std: 0.051574707 ,  0.0585632324 SigReg: 93.4589691
std: 0.0703735352 ,  0.0802612305 SigReg: 93.4589691
std: 0.0799560547 ,  0.0545043945 SigReg: 96.4581
std: 0.0331726074 ,  0.0402832031 SigReg: 96.4581
std: 0.0309295654 ,  0.0433044434 SigReg: 86.3970184
std: 0.0434570312 ,  0.0372924805 SigReg: 86.3970184
std: 0.029083252 ,  0.038848877 SigReg: 80.1150742
std: 0.0474853516 ,  0.0550231934 SigReg: 80.1150742
std: 0.0364990234 ,  0.052154541 SigReg: 92.8157578
std: 0.0332641602 ,  0.0545959473 SigReg: 92.8157578
std: 0.0301361084 ,  0.0373840332 SigReg: 81.4879456
std: 0.056427002 ,  0.0784912109 SigReg: 81.4879456
std: 0.0286102295 ,  0.0522155762 SigReg: 80.7618713
std: 0.169311523 ,  0.0367736816 SigReg: 80.7618713
std: 0.0232391357 ,  0.0420837402 SigReg: 84.6923752
std: 0.223876953 ,  0.160888672 SigReg: 84.6923752
std: 0.0271453857 ,  0.0372619629 SigReg: 80.2100296
std: 0.0203399658 ,  0.0297088623 SigReg: 80.2100296
std: 0.0251312256 ,  0.0297088623 SigReg: 92.4925461
std: 0.0237884521 ,  0.0540466309 SigReg: 92.4925461
std: 0.0270690918 ,  0.0273284912 SigReg: 101.845543
std: 0.039642334 ,  0.0395507812 SigReg: 101.845543
std: 0.0451965332 ,  0.0833129883 SigReg: 84.154
std: 0.0238952637 ,  0.0382385254 SigReg: 84.154
  Step 200: Backbone Loss = 5.8958, SIGReg Loss = 84.1540 Probe Loss = 399.0766, Acc = 0.5145
std: 0.0307769775 ,  0.0308074951 SigReg: 84.341774
std: 0.0582275391 ,  0.0659790039 SigReg: 84.341774
std: 0.327636719 ,  0.239013672 SigReg: 89.0100555
std: 0.0360412598 ,  0.0486450195 SigReg: 89.0100555
std: 0.0253448486 ,  0.0490112305 SigReg: 86.0232086
std: 0.328125 ,  0.230224609 SigReg: 86.0232086
std: 0.030380249 ,  0.0541992188 SigReg: 85.7667389
std: 0.152709961 ,  0.0820922852 SigReg: 85.7667389
std: 0.0238647461 ,  0.0387573242 SigReg: 86.1185
std: 0.0275726318 ,  0.0643310547 SigReg: 86.1185
std: 0.0489196777 ,  0.0497741699 SigReg: 94.6296387
std: 0.0276794434 ,  0.0370178223 SigReg: 94.6296387
std: 0.0249023438 ,  0.0319519043 SigReg: 100.008804
std: 0.0518493652 ,  0.0513305664 SigReg: 100.008804
std: 0.0261688232 ,  0.0539550781 SigReg: 87.5249557
std: 0.0721435547 ,  0.101623535 SigReg: 87.5249557
std: 0.0556335449 ,  0.0633544922 SigReg: 76.1007156
std: 0.086730957 ,  0.0756225586 SigReg: 76.1007156
std: 0.0300140381 ,  0.0793457 SigReg: 88.1826859
std: 0.0254516602 ,  0.0402832031 SigReg: 88.1826859
std: 0.0417785645 ,  0.0876464844 SigReg: 92.3532867
std: 0.0242462158 ,  0.0280303955 SigReg: 92.3532867
std: 0.0285644531 ,  0.0281677246 SigReg: 92.0259857
std: 0.0357666 ,  0.0377807617 SigReg: 92.0259857
std: 0.0348205566 ,  0.0343017578 SigReg: 73.531517
std: 0.0227966309 ,  0.0245666504 SigReg: 73.531517
std: 0.0364990234 ,  0.0561828613 SigReg: 86.7842102
std: 0.0440673828 ,  0.0689697266 SigReg: 86.7842102
std: 0.0433959961 ,  0.0491638184 SigReg: 90.9389954
std: 0.0307159424 ,  0.0625 SigReg: 90.9389954
std: 0.0243988037 ,  0.0328674316 SigReg: 93.9163895
std: 0.0403747559 ,  0.080078125 SigReg: 93.9163895
std: 0.131103516 ,  0.0678100586 SigReg: 82.1968384
std: 0.0694580078 ,  0.0589904785 SigReg: 82.1968384
std: 0.337646484 ,  0.229125977 SigReg: 83.8476
std: 0.329589844 ,  0.220581055 SigReg: 83.8476
std: 0.0345153809 ,  0.0412902832 SigReg: 85.7855682
std: 0.0251464844 ,  0.0302886963 SigReg: 85.7855682
std: 0.0201721191 ,  0.0296783447 SigReg: 84.6713409
std: 0.0260772705 ,  0.0526123047 SigReg: 84.6713409
std: 0.329589844 ,  0.220458984 SigReg: 85.687973
std: 0.036315918 ,  0.0249481201 SigReg: 85.687973
std: 0.0236816406 ,  0.0346984863 SigReg: 92.5341797
std: 0.0681152344 ,  0.0555725098 SigReg: 92.5341797
std: 0.0399780273 ,  0.0662841797 SigReg: 85.6382217
std: 0.0291595459 ,  0.0286865234 SigReg: 85.6382217
std: 0.0468444824 ,  0.0727539062 SigReg: 82.23526
std: 0.339111328 ,  0.230102539 SigReg: 82.23526
std: 0.0228424072 ,  0.0415039062 SigReg: 90.2739182
std: 0.0459899902 ,  0.0828857422 SigReg: 90.2739182
std: 0.023651123 ,  0.0305480957 SigReg: 102.191078
std: 0.030456543 ,  0.0262908936 SigReg: 102.191078
std: 0.0536804199 ,  0.075378418 SigReg: 83.1668167
std: 0.0385131836 ,  0.0363464355 SigReg: 83.1668167
std: 0.0230102539 ,  0.0355224609 SigReg: 82.7767258
std: 0.0340271 ,  0.0665893555 SigReg: 82.7767258
std: 0.0596313477 ,  0.0715332 SigReg: 80.0425186
std: 0.0216674805 ,  0.0352783203 SigReg: 80.0425186
std: 0.0245056152 ,  0.0289154053 SigReg: 70.7341309
std: 0.328857422 ,  0.22253418 SigReg: 70.7341309
std: 0.0798950195 ,  0.0741577148 SigReg: 79.0301895
std: 0.0498657227 ,  0.0565490723 SigReg: 79.0301895
std: 0.118530273 ,  0.0731811523 SigReg: 88.6491699
std: 0.120300293 ,  0.0642089844 SigReg: 88.6491699
std: 0.0254211426 ,  0.0488586426 SigReg: 80.3898773
std: 0.10949707 ,  0.11114502 SigReg: 80.3898773
std: 0.0982666 ,  0.0868530273 SigReg: 76.6088943
std: 0.0416259766 ,  0.0645141602 SigReg: 76.6088943
std: 0.0327453613 ,  0.0279693604 SigReg: 81.1025391
std: 0.0728759766 ,  0.0674438477 SigReg: 81.1025391
std: 0.126708984 ,  0.119567871 SigReg: 82.9030533
std: 0.0289611816 ,  0.0408630371 SigReg: 82.9030533
std: 0.0416259766 ,  0.0427246094 SigReg: 93.7772217
std: 0.0361328125 ,  0.0454101562 SigReg: 93.7772217
std: 0.336914062 ,  0.224487305 SigReg: 76.8172302
std: 0.0443115234 ,  0.0409545898 SigReg: 76.8172302
std: 0.0230712891 ,  0.0270385742 SigReg: 85.117485
std: 0.329589844 ,  0.222045898 SigReg: 85.117485
std: 0.0711669922 ,  0.0788574219 SigReg: 85.8629913
std: 0.0262146 ,  0.0308685303 SigReg: 85.8629913
std: 0.0578613281 ,  0.0483398438 SigReg: 84.3164749
std: 0.126708984 ,  0.0358886719 SigReg: 84.3164749
std: 0.0274505615 ,  0.0409240723 SigReg: 78.09758
std: 0.0248260498 ,  0.0225067139 SigReg: 78.09758
std: 0.162353516 ,  0.0437927246 SigReg: 88.9952621
std: 0.0244445801 ,  0.0372009277 SigReg: 88.9952621
std: 0.0623779297 ,  0.0727539062 SigReg: 82.7125778
std: 0.0311279297 ,  0.039855957 SigReg: 82.7125778
std: 0.0332946777 ,  0.0487670898 SigReg: 78.7160797
std: 0.0333557129 ,  0.0531005859 SigReg: 78.7160797
std: 0.0331115723 ,  0.0646362305 SigReg: 78.4869461
std: 0.0401000977 ,  0.0415344238 SigReg: 78.4869461
std: 0.119689941 ,  0.0928344727 SigReg: 79.8731613
std: 0.0332641602 ,  0.0509643555 SigReg: 79.8731613
std: 0.0338134766 ,  0.057220459 SigReg: 82.885231
std: 0.0310058594 ,  0.0330810547 SigReg: 82.885231
std: 0.0786743164 ,  0.0908813477 SigReg: 76.2230911
std: 0.326904297 ,  0.211669922 SigReg: 76.2230911
std: 0.0274810791 ,  0.0310211182 SigReg: 80.2942047
std: 0.146850586 ,  0.0508422852 SigReg: 80.2942047
  Step 250: Backbone Loss = 5.7185, SIGReg Loss = 80.2942 Probe Loss = 393.1907, Acc = 0.5096
std: 0.0281677246 ,  0.0319519043 SigReg: 90.3175125
std: 0.0289611816 ,  0.0395507812 SigReg: 90.3175125
std: 0.0867919922 ,  0.0868530273 SigReg: 80.9411621
std: 0.0286254883 ,  0.0395813 SigReg: 80.9411621
std: 0.0413513184 ,  0.0555114746 SigReg: 81.0763931
std: 0.0509033203 ,  0.0462341309 SigReg: 81.0763931
std: 0.0845947266 ,  0.0737304688 SigReg: 79.1403503
std: 0.0289154053 ,  0.0371704102 SigReg: 79.1403503
std: 0.325439453 ,  0.207397461 SigReg: 68.4097748
std: 0.0238952637 ,  0.0401916504 SigReg: 68.4097748
std: 0.0299224854 ,  0.0427246094 SigReg: 78.5022507
std: 0.0242156982 ,  0.0296173096 SigReg: 78.5022507
std: 0.0233612061 ,  0.0329589844 SigReg: 78.8273087
std: 0.0991821289 ,  0.102905273 SigReg: 78.8273087
std: 0.0381164551 ,  0.0541687 SigReg: 86.3114243
std: 0.0472106934 ,  0.0624084473 SigReg: 86.3114243
std: 0.0280456543 ,  0.0352783203 SigReg: 92.3508224
std: 0.142456055 ,  0.0762329102 SigReg: 92.3508224
std: 0.0385131836 ,  0.0402526855 SigReg: 83.7372131
std: 0.0576171875 ,  0.0689697266 SigReg: 83.7372131
std: 0.153564453 ,  0.0291137695 SigReg: 80.2507706
std: 0.0361022949 ,  0.0284729 SigReg: 80.2507706
std: 0.32421875 ,  0.202636719 SigReg: 80.6950684
std: 0.033416748 ,  0.0589294434 SigReg: 80.6950684
std: 0.0491943359 ,  0.0705566406 SigReg: 84.9822617
std: 0.0220184326 ,  0.0469055176 SigReg: 84.9822617
std: 0.103271484 ,  0.0658569336 SigReg: 73.2486191
std: 0.118713379 ,  0.0822753906 SigReg: 73.2486191
std: 0.0827636719 ,  0.0787353516 SigReg: 80.3512344
std: 0.0302276611 ,  0.0447387695 SigReg: 80.3512344
std: 0.0271453857 ,  0.0433044434 SigReg: 84.5664062
std: 0.0306243896 ,  0.0302276611 SigReg: 84.5664062
std: 0.0410766602 ,  0.035736084 SigReg: 75.489769
std: 0.0463562 ,  0.0446472168 SigReg: 75.489769
std: 0.0602417 ,  0.0535888672 SigReg: 85.5224686
std: 0.120117188 ,  0.0542907715 SigReg: 85.5224686
std: 0.0557556152 ,  0.0485229492 SigReg: 82.8647461
std: 0.0311584473 ,  0.0488891602 SigReg: 82.8647461
std: 0.0483398438 ,  0.0498657227 SigReg: 73.4972839
std: 0.0795898438 ,  0.0836181641 SigReg: 73.4972839
std: 0.0320129395 ,  0.0354003906 SigReg: 77.6317368
std: 0.0570068359 ,  0.0805053711 SigReg: 77.6317368
std: 0.0603942871 ,  0.0739746094 SigReg: 80.0652161
std: 0.0982666 ,  0.0952148438 SigReg: 80.0652161
std: 0.0236663818 ,  0.0286254883 SigReg: 86.8223877
std: 0.034942627 ,  0.0487060547 SigReg: 86.8223877
std: 0.0708618164 ,  0.0912475586 SigReg: 80.5909348
std: 0.331054688 ,  0.207519531 SigReg: 80.5909348
std: 0.0267028809 ,  0.0385437 SigReg: 72.4182129
std: 0.033416748 ,  0.0546569824 SigReg: 72.4182129
std: 0.02734375 ,  0.0205230713 SigReg: 76.9434814
std: 0.326904297 ,  0.201293945 SigReg: 76.9434814
std: 0.0938110352 ,  0.0869140625 SigReg: 76.5606766
std: 0.0281524658 ,  0.0260162354 SigReg: 76.5606766
std: 0.052154541 ,  0.0552978516 SigReg: 78.2335281
std: 0.0740356445 ,  0.0595397949 SigReg: 78.2335281
std: 0.0259399414 ,  0.0252838135 SigReg: 76.9303284
std: 0.0273590088 ,  0.0405883789 SigReg: 76.9303284
std: 0.0269470215 ,  0.0369567871 SigReg: 76.3400421
std: 0.113769531 ,  0.0985107422 SigReg: 76.3400421
std: 0.0283050537 ,  0.0494384766 SigReg: 84.1161041
std: 0.0310058594 ,  0.0435791 SigReg: 84.1161041
std: 0.0358581543 ,  0.0569152832 SigReg: 81.0005646
std: 0.150390625 ,  0.0442504883 SigReg: 81.0005646
std: 0.0396728516 ,  0.0340881348 SigReg: 77.8247452
std: 0.029586792 ,  0.0302124023 SigReg: 77.8247452
std: 0.0273132324 ,  0.0223693848 SigReg: 73.6062851
std: 0.0934448242 ,  0.0841064453 SigReg: 73.6062851
std: 0.0278167725 ,  0.0284423828 SigReg: 71.8277
std: 0.102050781 ,  0.076965332 SigReg: 71.8277
std: 0.328369141 ,  0.201538086 SigReg: 66.046608
std: 0.343994141 ,  0.215820312 SigReg: 66.046608
std: 0.127197266 ,  0.0790405273 SigReg: 74.5244
std: 0.0288696289 ,  0.034362793 SigReg: 74.5244
std: 0.0600280762 ,  0.0739135742 SigReg: 75.4644699
std: 0.101928711 ,  0.0798339844 SigReg: 75.4644699
std: 0.0366210938 ,  0.0513916 SigReg: 80.083252
std: 0.177246094 ,  0.0522766113 SigReg: 80.083252
std: 0.0951538086 ,  0.0604858398 SigReg: 81.3332291
std: 0.0708007812 ,  0.0529785156 SigReg: 81.3332291
std: 0.063293457 ,  0.0796508789 SigReg: 77.0318
std: 0.0799560547 ,  0.0685424805 SigReg: 77.0318
std: 0.037902832 ,  0.0390625 SigReg: 97.3597717
std: 0.0303344727 ,  0.0317382812 SigReg: 97.3597717
std: 0.0582885742 ,  0.0567016602 SigReg: 78.2937927
std: 0.0308380127 ,  0.0576171875 SigReg: 78.2937927
std: 0.0266418457 ,  0.0310516357 SigReg: 77.0558777
std: 0.168823242 ,  0.0736084 SigReg: 77.0558777
std: 0.0367126465 ,  0.0487976074 SigReg: 81.9707108
std: 0.0392150879 ,  0.0338439941 SigReg: 81.9707108
std: 0.058380127 ,  0.0598449707 SigReg: 73.0145874
std: 0.0840454102 ,  0.0610351562 SigReg: 73.0145874
std: 0.0278167725 ,  0.0252380371 SigReg: 72.0764313
std: 0.0279541016 ,  0.0243530273 SigReg: 72.0764313
std: 0.16394043 ,  0.0587768555 SigReg: 83.1643524
std: 0.0302429199 ,  0.0273742676 SigReg: 83.1643524
std: 0.0651245117 ,  0.0919189453 SigReg: 70.6705704
std: 0.11706543 ,  0.0933227539 SigReg: 70.6705704
std: 0.0308685303 ,  0.0490112305 SigReg: 79.8300781
std: 0.0295410156 ,  0.0363464355 SigReg: 79.8300781
  Step 300: Backbone Loss = 5.7614, SIGReg Loss = 79.8301 Probe Loss = 386.5654, Acc = 0.5153
std: 0.0308380127 ,  0.0558166504 SigReg: 86.0507889
std: 0.21862793 ,  0.122009277 SigReg: 86.0507889
std: 0.0542907715 ,  0.0631713867 SigReg: 90.5073853
std: 0.0386352539 ,  0.03515625 SigReg: 90.5073853
std: 0.0335998535 ,  0.0348510742 SigReg: 75.0221634
std: 0.0348205566 ,  0.0274505615 SigReg: 75.0221634
std: 0.0787353516 ,  0.0823974609 SigReg: 78.8074493
std: 0.0520629883 ,  0.0506591797 SigReg: 78.8074493
std: 0.0599365234 ,  0.0626220703 SigReg: 76.6429749
std: 0.0382995605 ,  0.0381774902 SigReg: 76.6429749
std: 0.0810546875 ,  0.058807373 SigReg: 74.6853943
std: 0.0350341797 ,  0.051940918 SigReg: 74.6853943
Epoch 1 finished in 298.43s.
  Avg Backbone Loss: 12.6197
  Avg Probe Loss:    401.9818
  Avg Probe Accuracy: 0.5002

Epoch 2/100
std: 0.0709838867 ,  0.0530395508 SigReg: 77.2151566
std: 0.0959472656 ,  0.0534057617 SigReg: 77.2151566
  Step 0: Backbone Loss = 5.5535, SIGReg Loss = 77.2152 Probe Loss = 386.0166, Acc = 0.4752
std: 0.0579223633 ,  0.0455322266 SigReg: 78.0522385
std: 0.0291900635 ,  0.034576416 SigReg: 78.0522385
std: 0.064453125 ,  0.0414733887 SigReg: 75.224472
std: 0.0273895264 ,  0.0323181152 SigReg: 75.224472
std: 0.0594482422 ,  0.0518493652 SigReg: 80.9657135
std: 0.0292510986 ,  0.0426940918 SigReg: 80.9657135
std: 0.0293121338 ,  0.0375671387 SigReg: 84.2248688
std: 0.0255737305 ,  0.0294494629 SigReg: 84.2248688
std: 0.0312042236 ,  0.046875 SigReg: 78.701004
std: 0.0292816162 ,  0.0396118164 SigReg: 78.701004
std: 0.153930664 ,  0.142333984 SigReg: 74.3861313
std: 0.0624084473 ,  0.0599975586 SigReg: 74.3861313
std: 0.085144043 ,  0.0678710938 SigReg: 87.6532135
std: 0.0270843506 ,  0.0339355469 SigReg: 87.6532135
std: 0.0758056641 ,  0.0631103516 SigReg: 82.6876297
std: 0.0346374512 ,  0.0296783447 SigReg: 82.6876297
std: 0.0959472656 ,  0.0654907227 SigReg: 71.779686
std: 0.0954589844 ,  0.0637207 SigReg: 71.779686
std: 0.0712280273 ,  0.0765991211 SigReg: 74.1602631
std: 0.0266571045 ,  0.0364990234 SigReg: 74.1602631
std: 0.0339050293 ,  0.0326538086 SigReg: 88.1084595
std: 0.029006958 ,  0.0327758789 SigReg: 88.1084595
std: 0.0328979492 ,  0.0379638672 SigReg: 89.3848
std: 0.0327758789 ,  0.0317993164 SigReg: 89.3848
std: 0.0289306641 ,  0.0294494629 SigReg: 75.3755
std: 0.33203125 ,  0.202880859 SigReg: 75.3755
std: 0.0334472656 ,  0.0346984863 SigReg: 72.7839203
std: 0.0312805176 ,  0.0428466797 SigReg: 72.7839203
std: 0.0289764404 ,  0.0316467285 SigReg: 69.8288193
std: 0.0410766602 ,  0.0469665527 SigReg: 69.8288193
std: 0.184692383 ,  0.0390014648 SigReg: 76.3500214
std: 0.0368652344 ,  0.0519714355 SigReg: 76.3500214
std: 0.0711669922 ,  0.0505371094 SigReg: 74.9764328
std: 0.106140137 ,  0.0684204102 SigReg: 74.9764328
std: 0.0312347412 ,  0.032989502 SigReg: 70.4822159
std: 0.103393555 ,  0.0869751 SigReg: 70.4822159
std: 0.031463623 ,  0.0271911621 SigReg: 72.9251938
std: 0.0393371582 ,  0.0537414551 SigReg: 72.9251938
std: 0.0302734375 ,  0.0290985107 SigReg: 70.218544
std: 0.0296325684 ,  0.0347595215 SigReg: 70.218544
std: 0.101745605 ,  0.0735473633 SigReg: 68.063736
std: 0.026550293 ,  0.0321960449 SigReg: 68.063736
std: 0.056060791 ,  0.0508117676 SigReg: 72.2815399
std: 0.0720825195 ,  0.0739135742 SigReg: 72.2815399
std: 0.0936889648 ,  0.0661010742 SigReg: 78.4310684
std: 0.0287017822 ,  0.0362854 SigReg: 78.4310684
std: 0.0293273926 ,  0.0259399414 SigReg: 82.042366
std: 0.100524902 ,  0.0554199219 SigReg: 82.042366
std: 0.0289001465 ,  0.0284118652 SigReg: 109.178146
std: 0.0395813 ,  0.0448303223 SigReg: 109.178146
std: 0.0843505859 ,  0.0881958 SigReg: 76.015892
std: 0.0310516357 ,  0.0291595459 SigReg: 76.015892
std: 0.0308990479 ,  0.0252075195 SigReg: 73.3456
std: 0.128540039 ,  0.0844116211 SigReg: 73.3456
std: 0.0362548828 ,  0.0286102295 SigReg: 93.9745712
std: 0.0321350098 ,  0.031463623 SigReg: 93.9745712
std: 0.0350952148 ,  0.0319519043 SigReg: 90.7581177
std: 0.0545043945 ,  0.054473877 SigReg: 90.7581177
std: 0.0334777832 ,  0.0398254395 SigReg: 73.9137802
std: 0.0372924805 ,  0.0330810547 SigReg: 73.9137802
std: 0.0362243652 ,  0.0449829102 SigReg: 79.348053
std: 0.101989746 ,  0.0604553223 SigReg: 79.348053
std: 0.0308380127 ,  0.0368347168 SigReg: 94.9279709
std: 0.0497436523 ,  0.0455932617 SigReg: 94.9279709
std: 0.237915039 ,  0.134765625 SigReg: 80.8263321
std: 0.196899414 ,  0.0763549805 SigReg: 80.8263321
std: 0.036529541 ,  0.0317993164 SigReg: 74.146759
std: 0.0393371582 ,  0.0357055664 SigReg: 74.146759
std: 0.0299835205 ,  0.032043457 SigReg: 92.6508331
std: 0.0786743164 ,  0.0595703125 SigReg: 92.6508331
std: 0.0689697266 ,  0.0514831543 SigReg: 76.2431412
std: 0.0444030762 ,  0.0277557373 SigReg: 76.2431412
std: 0.32421875 ,  0.194702148 SigReg: 73.4968643
std: 0.0309143066 ,  0.0299530029 SigReg: 73.4968643
std: 0.0309906 ,  0.0293121338 SigReg: 80.573288
std: 0.031036377 ,  0.029083252 SigReg: 80.573288
std: 0.123596191 ,  0.0442810059 SigReg: 80.6353
std: 0.182617188 ,  0.0511474609 SigReg: 80.6353
std: 0.0328674316 ,  0.0314025879 SigReg: 78.4723663
std: 0.0540161133 ,  0.0433959961 SigReg: 78.4723663
std: 0.0606994629 ,  0.055480957 SigReg: 81.3292236
std: 0.0686035156 ,  0.0514221191 SigReg: 81.3292236
std: 0.0360412598 ,  0.0330505371 SigReg: 84.9907455
std: 0.0420837402 ,  0.0368652344 SigReg: 84.9907455
std: 0.0403137207 ,  0.0455627441 SigReg: 73.6463318
std: 0.0720825195 ,  0.048614502 SigReg: 73.6463318
std: 0.0414428711 ,  0.0511779785 SigReg: 84.9583359
std: 0.0310974121 ,  0.0411376953 SigReg: 84.9583359
std: 0.0352783203 ,  0.0353088379 SigReg: 103.614037
std: 0.0349121094 ,  0.0368347168 SigReg: 103.614037
std: 0.0333862305 ,  0.0312805176 SigReg: 93.6147537
std: 0.0381774902 ,  0.0405273438 SigReg: 93.6147537
std: 0.0322570801 ,  0.0394592285 SigReg: 77.431572
std: 0.294189453 ,  0.177246094 SigReg: 77.431572
std: 0.0417785645 ,  0.0416259766 SigReg: 81.0874939
std: 0.0308990479 ,  0.029510498 SigReg: 81.0874939
std: 0.11328125 ,  0.0618286133 SigReg: 101.766441
std: 0.0417480469 ,  0.0384216309 SigReg: 101.766441
std: 0.0613708496 ,  0.0678710938 SigReg: 77.6358795
std: 0.0852050781 ,  0.0593566895 SigReg: 77.6358795
  Step 50: Backbone Loss = 5.6298, SIGReg Loss = 77.6359 Probe Loss = 378.2505, Acc = 0.5083
std: 0.0343933105 ,  0.0300140381 SigReg: 69.5355606
std: 0.0334777832 ,  0.0284576416 SigReg: 69.5355606
std: 0.196289062 ,  0.0304260254 SigReg: 85.0778503
std: 0.0693359375 ,  0.0617370605 SigReg: 85.0778503
std: 0.033203125 ,  0.0283050537 SigReg: 85.1267319
std: 0.0433349609 ,  0.0475463867 SigReg: 85.1267319
std: 0.0316162109 ,  0.0297698975 SigReg: 72.6639709
std: 0.0321044922 ,  0.0361938477 SigReg: 72.6639709
std: 0.0679321289 ,  0.0595397949 SigReg: 72.0166321
std: 0.057434082 ,  0.0583496094 SigReg: 72.0166321
std: 0.0442199707 ,  0.0322265625 SigReg: 67.0658722
std: 0.040802002 ,  0.0380249023 SigReg: 67.0658722
std: 0.036529541 ,  0.0298156738 SigReg: 68.3497314
std: 0.0855102539 ,  0.060760498 SigReg: 68.3497314
std: 0.0592956543 ,  0.0452270508 SigReg: 74.2177582
std: 0.031463623 ,  0.0266571045 SigReg: 74.2177582
std: 0.0570983887 ,  0.0576782227 SigReg: 73.9931
std: 0.0581665039 ,  0.045715332 SigReg: 73.9931
std: 0.0328979492 ,  0.0316467285 SigReg: 93.8293457
std: 0.0509643555 ,  0.063659668 SigReg: 93.8293457
std: 0.24609375 ,  0.0492553711 SigReg: 75.5477676
std: 0.235229492 ,  0.121276855 SigReg: 75.5477676
std: 0.104858398 ,  0.0842285156 SigReg: 83.2490845
std: 0.0431213379 ,  0.0452575684 SigReg: 83.2490845
std: 0.138671875 ,  0.0433959961 SigReg: 89.5201263
std: 0.0399475098 ,  0.0403137207 SigReg: 89.5201263
std: 0.0962524414 ,  0.0886230469 SigReg: 75.1074219
std: 0.03125 ,  0.0236053467 SigReg: 75.1074219
std: 0.0290679932 ,  0.039642334 SigReg: 74.3042145
std: 0.0834350586 ,  0.0541687 SigReg: 74.3042145
std: 0.0500793457 ,  0.0639038086 SigReg: 76.1889114
std: 0.333496094 ,  0.204589844 SigReg: 76.1889114
std: 0.0522766113 ,  0.0441894531 SigReg: 76.7422714
std: 0.0795898438 ,  0.0617980957 SigReg: 76.7422714
std: 0.0304107666 ,  0.0296325684 SigReg: 74.075119
std: 0.0635986328 ,  0.0671386719 SigReg: 74.075119
std: 0.0820922852 ,  0.0690918 SigReg: 75.0914154
std: 0.0704956055 ,  0.0426940918 SigReg: 75.0914154
std: 0.327636719 ,  0.205322266 SigReg: 82.9642334
std: 0.0354919434 ,  0.0313415527 SigReg: 82.9642334
std: 0.336425781 ,  0.21105957 SigReg: 82.637619
std: 0.0353088379 ,  0.028717041 SigReg: 82.637619
std: 0.0952148438 ,  0.0642089844 SigReg: 77.8700638
std: 0.068359375 ,  0.0780029297 SigReg: 77.8700638
std: 0.0374755859 ,  0.0284881592 SigReg: 80.1284866
std: 0.0396728516 ,  0.0487060547 SigReg: 80.1284866
std: 0.0455932617 ,  0.0628051758 SigReg: 82.3318176
std: 0.0615844727 ,  0.0538024902 SigReg: 82.3318176
std: 0.098815918 ,  0.0606994629 SigReg: 80.9621
std: 0.0302429199 ,  0.036529541 SigReg: 80.9621
std: 0.326171875 ,  0.200073242 SigReg: 81.1864624
std: 0.0395813 ,  0.0387878418 SigReg: 81.1864624
std: 0.338134766 ,  0.206787109 SigReg: 73.85746
std: 0.0409851074 ,  0.0487060547 SigReg: 73.85746
std: 0.0858764648 ,  0.0791626 SigReg: 71.0641327
std: 0.0645751953 ,  0.046661377 SigReg: 71.0641327
std: 0.0762939453 ,  0.0610656738 SigReg: 76.4407
std: 0.0979003906 ,  0.0625610352 SigReg: 76.4407
std: 0.104248047 ,  0.0833740234 SigReg: 75.6343155
std: 0.0489807129 ,  0.0527648926 SigReg: 75.6343155
std: 0.329345703 ,  0.200073242 SigReg: 78.7000809
std: 0.0540466309 ,  0.0617980957 SigReg: 78.7000809
std: 0.0902099609 ,  0.0942382812 SigReg: 75.6623688
std: 0.069519043 ,  0.0525817871 SigReg: 75.6623688
std: 0.0338134766 ,  0.037689209 SigReg: 78.1057892
std: 0.0523986816 ,  0.0401611328 SigReg: 78.1057892
std: 0.044708252 ,  0.0416564941 SigReg: 70.4972305
std: 0.0861816406 ,  0.0712280273 SigReg: 70.4972305
std: 0.0321960449 ,  0.0322570801 SigReg: 78.5530701
std: 0.0489196777 ,  0.0676879883 SigReg: 78.5530701
std: 0.0328674316 ,  0.0291137695 SigReg: 72.8444443
std: 0.153442383 ,  0.0486450195 SigReg: 72.8444443
std: 0.0364990234 ,  0.0379638672 SigReg: 68.0778046
std: 0.24230957 ,  0.132080078 SigReg: 68.0778046
std: 0.0352172852 ,  0.0352478027 SigReg: 70.6766052
std: 0.0299530029 ,  0.037109375 SigReg: 70.6766052
std: 0.067565918 ,  0.0614013672 SigReg: 74.5411072
std: 0.113830566 ,  0.0755004883 SigReg: 74.5411072
std: 0.043182373 ,  0.0454406738 SigReg: 85.2914124
std: 0.333984375 ,  0.196533203 SigReg: 85.2914124
std: 0.042175293 ,  0.0336303711 SigReg: 75.6603546
std: 0.0321655273 ,  0.0325927734 SigReg: 75.6603546
std: 0.334716797 ,  0.200805664 SigReg: 71.9554291
std: 0.0339050293 ,  0.0346374512 SigReg: 71.9554291
std: 0.330810547 ,  0.194213867 SigReg: 78.5022736
std: 0.0358276367 ,  0.0399169922 SigReg: 78.5022736
std: 0.120117188 ,  0.0635986328 SigReg: 77.7818909
std: 0.0850830078 ,  0.0619506836 SigReg: 77.7818909
std: 0.0670166 ,  0.0563964844 SigReg: 72.2612228
std: 0.0587158203 ,  0.0436401367 SigReg: 72.2612228
std: 0.0445861816 ,  0.0327148438 SigReg: 77.089653
std: 0.116821289 ,  0.0836181641 SigReg: 77.089653
std: 0.0344848633 ,  0.0410766602 SigReg: 69.8161163
std: 0.0297546387 ,  0.0305175781 SigReg: 69.8161163
std: 0.0442199707 ,  0.0405883789 SigReg: 72.7880554
std: 0.0318603516 ,  0.0294647217 SigReg: 72.7880554
std: 0.0847168 ,  0.0794677734 SigReg: 88.2424774
std: 0.197509766 ,  0.0421447754 SigReg: 88.2424774
std: 0.0352172852 ,  0.0422058105 SigReg: 80.9069061
std: 0.0498657227 ,  0.0489501953 SigReg: 80.9069061
  Step 100: Backbone Loss = 5.6997, SIGReg Loss = 80.9069 Probe Loss = 370.6227, Acc = 0.5317
std: 0.0403747559 ,  0.0481262207 SigReg: 67.8457489
std: 0.105712891 ,  0.0796508789 SigReg: 67.8457489
std: 0.0363769531 ,  0.0367736816 SigReg: 74.5537
std: 0.0465393066 ,  0.0434875488 SigReg: 74.5537
std: 0.0744018555 ,  0.0664672852 SigReg: 69.3509064
std: 0.0817260742 ,  0.0579834 SigReg: 69.3509064
std: 0.0471801758 ,  0.0426940918 SigReg: 66.9062653
std: 0.0459594727 ,  0.0387878418 SigReg: 66.9062653
std: 0.0409851074 ,  0.0393676758 SigReg: 70.6389
std: 0.0567321777 ,  0.068359375 SigReg: 70.6389
std: 0.0382080078 ,  0.0300445557 SigReg: 68.8324127
std: 0.235717773 ,  0.109741211 SigReg: 68.8324127
std: 0.0295715332 ,  0.0303344727 SigReg: 66.1800461
std: 0.0556945801 ,  0.0461425781 SigReg: 66.1800461
std: 0.0321960449 ,  0.0351867676 SigReg: 66.5389
std: 0.0305786133 ,  0.0279846191 SigReg: 66.5389
std: 0.0626831055 ,  0.0491943359 SigReg: 68.8010559
std: 0.0310058594 ,  0.0360412598 SigReg: 68.8010559
std: 0.168457031 ,  0.0648193359 SigReg: 66.7058563
std: 0.111999512 ,  0.0743408203 SigReg: 66.7058563
std: 0.0458984375 ,  0.0444641113 SigReg: 71.2393646
std: 0.176635742 ,  0.0679321289 SigReg: 71.2393646
std: 0.333740234 ,  0.18371582 SigReg: 65.9922714
std: 0.0488586426 ,  0.0522155762 SigReg: 65.9922714
std: 0.0836792 ,  0.0484619141 SigReg: 80.2916412
std: 0.0718383789 ,  0.0625610352 SigReg: 80.2916412
std: 0.334960938 ,  0.182861328 SigReg: 92.577095
std: 0.0317077637 ,  0.0524292 SigReg: 92.577095
std: 0.0896606445 ,  0.0791015625 SigReg: 79.3114471
std: 0.0599365234 ,  0.0443115234 SigReg: 79.3114471
std: 0.200317383 ,  0.0847168 SigReg: 70.7341461
std: 0.182617188 ,  0.0834960938 SigReg: 70.7341461
std: 0.0361022949 ,  0.048828125 SigReg: 81.8895569
std: 0.0310211182 ,  0.0415039062 SigReg: 81.8895569
std: 0.029083252 ,  0.0333862305 SigReg: 80.5224304
std: 0.0982055664 ,  0.075378418 SigReg: 80.5224304
std: 0.086730957 ,  0.0590820312 SigReg: 77.098587
std: 0.0347900391 ,  0.0360107422 SigReg: 77.098587
std: 0.0950317383 ,  0.0634765625 SigReg: 69.0971451
std: 0.219482422 ,  0.0524292 SigReg: 69.0971451
std: 0.0762939453 ,  0.0660400391 SigReg: 68.1557159
std: 0.0319824219 ,  0.0398864746 SigReg: 68.1557159
std: 0.0364990234 ,  0.0431518555 SigReg: 78.3319473
std: 0.146728516 ,  0.0942993164 SigReg: 78.3319473
std: 0.0446777344 ,  0.0446777344 SigReg: 69.0760498
std: 0.305908203 ,  0.140991211 SigReg: 69.0760498
std: 0.0579834 ,  0.0496826172 SigReg: 72.9452515
std: 0.217895508 ,  0.0615844727 SigReg: 72.9452515
std: 0.196166992 ,  0.0416870117 SigReg: 74.1159439
std: 0.0366821289 ,  0.0390625 SigReg: 74.1159439
std: 0.0289154053 ,  0.0408935547 SigReg: 71.4958496
std: 0.341064453 ,  0.184082031 SigReg: 71.4958496
std: 0.149047852 ,  0.0982666 SigReg: 68.9845734
std: 0.202392578 ,  0.0493774414 SigReg: 68.9845734
std: 0.0321350098 ,  0.0419311523 SigReg: 83.9425735
std: 0.0787963867 ,  0.0450134277 SigReg: 83.9425735
std: 0.0347595215 ,  0.0392150879 SigReg: 84.4712219
std: 0.0327453613 ,  0.0321960449 SigReg: 84.4712219
std: 0.0346374512 ,  0.038848877 SigReg: 76.9834442
std: 0.0563049316 ,  0.0406188965 SigReg: 76.9834442
std: 0.0572509766 ,  0.0409240723 SigReg: 77.6049347
std: 0.220947266 ,  0.0720825195 SigReg: 77.6049347
std: 0.110717773 ,  0.0726318359 SigReg: 74.6281433
std: 0.0424499512 ,  0.0357055664 SigReg: 74.6281433
std: 0.0753173828 ,  0.0484619141 SigReg: 76.5194397
std: 0.0405273438 ,  0.0296173096 SigReg: 76.5194397
std: 0.174560547 ,  0.103271484 SigReg: 69.1504822
std: 0.0563964844 ,  0.0510253906 SigReg: 69.1504822
std: 0.341064453 ,  0.182006836 SigReg: 66.0377045
std: 0.0983886719 ,  0.0565490723 SigReg: 66.0377045
std: 0.0376586914 ,  0.0385742188 SigReg: 74.2406464
std: 0.0374145508 ,  0.0419311523 SigReg: 74.2406464
std: 0.0350952148 ,  0.0357055664 SigReg: 72.45224
std: 0.0354614258 ,  0.032989502 SigReg: 72.45224
std: 0.0760498047 ,  0.0743408203 SigReg: 74.3708191
std: 0.0570068359 ,  0.0341796875 SigReg: 74.3708191
std: 0.0962524414 ,  0.0653076172 SigReg: 72.8003845
std: 0.103088379 ,  0.099609375 SigReg: 72.8003845
std: 0.0414123535 ,  0.0350646973 SigReg: 69.2585602
std: 0.331054688 ,  0.178955078 SigReg: 69.2585602
std: 0.032623291 ,  0.03515625 SigReg: 86.3115387
std: 0.116088867 ,  0.0472717285 SigReg: 86.3115387
std: 0.0431518555 ,  0.0335388184 SigReg: 91.6714172
std: 0.0420837402 ,  0.0394897461 SigReg: 91.6714172
std: 0.0751342773 ,  0.0399475098 SigReg: 80.1456375
std: 0.342773438 ,  0.194213867 SigReg: 80.1456375
std: 0.0783081055 ,  0.0411376953 SigReg: 85.1322784
std: 0.260742188 ,  0.0913085938 SigReg: 85.1322784
std: 0.150634766 ,  0.0720825195 SigReg: 72.2551727
std: 0.0562438965 ,  0.0567626953 SigReg: 72.2551727
std: 0.125976562 ,  0.0822753906 SigReg: 68.7647247
std: 0.0576477051 ,  0.0596618652 SigReg: 68.7647247
std: 0.0841674805 ,  0.0603637695 SigReg: 67.3232117
std: 0.0628662109 ,  0.0588684082 SigReg: 67.3232117
std: 0.17590332 ,  0.0409851074 SigReg: 72.2321625
std: 0.0963745117 ,  0.0516052246 SigReg: 72.2321625
std: 0.0328674316 ,  0.0288085938 SigReg: 70.719017
std: 0.0294952393 ,  0.0375671387 SigReg: 70.719017
std: 0.161621094 ,  0.0562133789 SigReg: 70.583847
std: 0.0394287109 ,  0.038848877 SigReg: 70.583847
  Step 150: Backbone Loss = 5.1600, SIGReg Loss = 70.5838 Probe Loss = 361.9187, Acc = 0.4857
std: 0.0745239258 ,  0.0588684082 SigReg: 67.9142914
std: 0.0301055908 ,  0.0423278809 SigReg: 67.9142914
std: 0.0797729492 ,  0.0418396 SigReg: 71.5909958
std: 0.0308532715 ,  0.0325622559 SigReg: 71.5909958
std: 0.0316467285 ,  0.0364990234 SigReg: 75.7106934
std: 0.0983886719 ,  0.0465393066 SigReg: 75.7106934
std: 0.063293457 ,  0.0567321777 SigReg: 72.083168
std: 0.0932617188 ,  0.0467529297 SigReg: 72.083168
std: 0.0340881348 ,  0.0355834961 SigReg: 64.7622147
std: 0.0539245605 ,  0.0596923828 SigReg: 64.7622147
std: 0.0382080078 ,  0.0314331055 SigReg: 70.4681854
std: 0.0336303711 ,  0.0349121094 SigReg: 70.4681854
std: 0.0370178223 ,  0.0349731445 SigReg: 90.0658
std: 0.0328979492 ,  0.0370178223 SigReg: 90.0658
std: 0.0426025391 ,  0.0498657227 SigReg: 91.8488846
std: 0.031036377 ,  0.0475769043 SigReg: 91.8488846
std: 0.0679321289 ,  0.0519104 SigReg: 74.0201797
std: 0.19152832 ,  0.061706543 SigReg: 74.0201797
std: 0.0791626 ,  0.0630493164 SigReg: 92.4650726
std: 0.0294342041 ,  0.0419921875 SigReg: 92.4650726
std: 0.080078125 ,  0.0508422852 SigReg: 84.5542603
std: 0.0791626 ,  0.0387878418 SigReg: 84.5542603
std: 0.0689697266 ,  0.0367736816 SigReg: 86.1077576
std: 0.0755004883 ,  0.049987793 SigReg: 86.1077576
std: 0.101928711 ,  0.0943603516 SigReg: 83.6963196
std: 0.0327453613 ,  0.0362548828 SigReg: 83.6963196
std: 0.325683594 ,  0.162475586 SigReg: 77.8472824
std: 0.0677490234 ,  0.040222168 SigReg: 77.8472824
std: 0.0322875977 ,  0.0316772461 SigReg: 86.0408783
std: 0.0444641113 ,  0.0369262695 SigReg: 86.0408783
std: 0.0634765625 ,  0.0610351562 SigReg: 82.1286774
std: 0.0366821289 ,  0.0390014648 SigReg: 82.1286774
std: 0.397705078 ,  0.19519043 SigReg: 107.889923
std: 0.0303497314 ,  0.0326538086 SigReg: 107.889923
std: 0.327392578 ,  0.163085938 SigReg: 111.159088
std: 0.0515136719 ,  0.0433959961 SigReg: 111.159088
std: 0.0994262695 ,  0.0549621582 SigReg: 83.2788162
std: 0.0697021484 ,  0.0511779785 SigReg: 83.2788162
std: 0.0459594727 ,  0.0468444824 SigReg: 95.4839249
std: 0.0416870117 ,  0.0406188965 SigReg: 95.4839249
std: 0.0401000977 ,  0.0356140137 SigReg: 106.623436
std: 0.10144043 ,  0.0368652344 SigReg: 106.623436
std: 0.114257812 ,  0.0541992188 SigReg: 89.8885345
std: 0.0867919922 ,  0.0537109375 SigReg: 89.8885345
std: 0.0466003418 ,  0.0520324707 SigReg: 101.377396
std: 0.034362793 ,  0.0384216309 SigReg: 101.377396
std: 0.110168457 ,  0.060333252 SigReg: 88.6698074
std: 0.0838623047 ,  0.0549621582 SigReg: 88.6698074
std: 0.0364990234 ,  0.0321655273 SigReg: 79.6607361
std: 0.127929688 ,  0.0853881836 SigReg: 79.6607361
std: 0.0659790039 ,  0.0416870117 SigReg: 91.7886505
std: 0.0287628174 ,  0.0308532715 SigReg: 91.7886505
std: 0.136474609 ,  0.0576782227 SigReg: 74.8385773
std: 0.0408325195 ,  0.0450439453 SigReg: 74.8385773
std: 0.0586547852 ,  0.0459594727 SigReg: 86.5047379
std: 0.0658569336 ,  0.0515441895 SigReg: 86.5047379
std: 0.0590820312 ,  0.0402526855 SigReg: 89.4318085
std: 0.329345703 ,  0.164916992 SigReg: 89.4318085
std: 0.098815918 ,  0.0403442383 SigReg: 73.0436096
std: 0.0702514648 ,  0.0449829102 SigReg: 73.0436096
std: 0.244018555 ,  0.11920166 SigReg: 75.7540588
std: 0.0811767578 ,  0.0421142578 SigReg: 75.7540588
std: 0.0323181152 ,  0.0343322754 SigReg: 86.6396179
std: 0.0853881836 ,  0.0548400879 SigReg: 86.6396179
std: 0.0285797119 ,  0.0316162109 SigReg: 93.1656113
std: 0.133056641 ,  0.0693969727 SigReg: 93.1656113
std: 0.0971679688 ,  0.0681762695 SigReg: 84.1524582
std: 0.0398254395 ,  0.0407714844 SigReg: 84.1524582
std: 0.329101562 ,  0.161865234 SigReg: 72.5113678
std: 0.0333862305 ,  0.0392150879 SigReg: 72.5113678
std: 0.326416016 ,  0.159057617 SigReg: 89.8379517
std: 0.106323242 ,  0.0594482422 SigReg: 89.8379517
std: 0.0536804199 ,  0.0487365723 SigReg: 105.167435
std: 0.0343933105 ,  0.0357666 SigReg: 105.167435
std: 0.0347595215 ,  0.0349121094 SigReg: 80.4207458
std: 0.0518493652 ,  0.0428161621 SigReg: 80.4207458
std: 0.035949707 ,  0.0473327637 SigReg: 84.3434296
std: 0.0733642578 ,  0.0477294922 SigReg: 84.3434296
std: 0.100402832 ,  0.055480957 SigReg: 79.3387451
std: 0.331054688 ,  0.0970459 SigReg: 79.3387451
std: 0.279052734 ,  0.125854492 SigReg: 88.7491608
std: 0.136352539 ,  0.0350341797 SigReg: 88.7491608
std: 0.0422058105 ,  0.0481872559 SigReg: 90.7887192
std: 0.0589294434 ,  0.0413513184 SigReg: 90.7887192
std: 0.0762939453 ,  0.0626220703 SigReg: 68.8753357
std: 0.0380249023 ,  0.0433959961 SigReg: 68.8753357
std: 0.0370178223 ,  0.0352478027 SigReg: 72.1968231
std: 0.0613708496 ,  0.0511779785 SigReg: 72.1968231
std: 0.0920410156 ,  0.0413818359 SigReg: 89.2903748
std: 0.0332336426 ,  0.0442504883 SigReg: 89.2903748
std: 0.0739746094 ,  0.0447387695 SigReg: 79.2136841
std: 0.091003418 ,  0.0662231445 SigReg: 79.2136841
std: 0.342773438 ,  0.170166016 SigReg: 75.0003357
std: 0.0483703613 ,  0.0439758301 SigReg: 75.0003357
std: 0.0374145508 ,  0.0350646973 SigReg: 76.8007202
std: 0.0328369141 ,  0.0364074707 SigReg: 76.8007202
std: 0.0939331055 ,  0.0518188477 SigReg: 82.1630783
std: 0.0935668945 ,  0.0485839844 SigReg: 82.1630783
std: 0.0339050293 ,  0.0335693359 SigReg: 86.102478
std: 0.0346069336 ,  0.0319824219 SigReg: 86.102478
  Step 200: Backbone Loss = 5.9689, SIGReg Loss = 86.1025 Probe Loss = 351.2319, Acc = 0.4928
std: 0.041809082 ,  0.0440368652 SigReg: 90.695282
std: 0.0398864746 ,  0.0344848633 SigReg: 90.695282
std: 0.102355957 ,  0.0452880859 SigReg: 71.8319244
std: 0.0374450684 ,  0.0285186768 SigReg: 71.8319244
std: 0.0877685547 ,  0.0535888672 SigReg: 88.6233
std: 0.0397644043 ,  0.0313720703 SigReg: 88.6233
std: 0.0654907227 ,  0.0528869629 SigReg: 79.6548615
std: 0.0795898438 ,  0.0375671387 SigReg: 79.6548615
std: 0.0408325195 ,  0.0361022949 SigReg: 73.3761
std: 0.185668945 ,  0.0815429688 SigReg: 73.3761
std: 0.0408630371 ,  0.0377502441 SigReg: 77.8503113
std: 0.0313720703 ,  0.0475158691 SigReg: 77.8503113
std: 0.0399780273 ,  0.0468139648 SigReg: 84.8793564
std: 0.0319519043 ,  0.0392150879 SigReg: 84.8793564
std: 0.163818359 ,  0.0435791 SigReg: 79.9553528
std: 0.039855957 ,  0.0414123535 SigReg: 79.9553528
std: 0.0358276367 ,  0.0346374512 SigReg: 77.2894669
std: 0.0384216309 ,  0.0352783203 SigReg: 77.2894669
std: 0.100891113 ,  0.0977783203 SigReg: 70.0505524
std: 0.168457031 ,  0.101745605 SigReg: 70.0505524
std: 0.13659668 ,  0.0457763672 SigReg: 77.8559265
std: 0.123535156 ,  0.0621032715 SigReg: 77.8559265
std: 0.0422973633 ,  0.0436401367 SigReg: 77.5553665
std: 0.136474609 ,  0.0450134277 SigReg: 77.5553665
std: 0.111572266 ,  0.0501709 SigReg: 69.6503067
std: 0.0444030762 ,  0.0487670898 SigReg: 69.6503067
std: 0.0434875488 ,  0.0758056641 SigReg: 83.0305099
std: 0.219848633 ,  0.0488586426 SigReg: 83.0305099
std: 0.0357666 ,  0.0408630371 SigReg: 82.8460846
std: 0.353515625 ,  0.181762695 SigReg: 82.8460846
std: 0.034576416 ,  0.0433044434 SigReg: 80.2834702
std: 0.0548706055 ,  0.0425109863 SigReg: 80.2834702
std: 0.0874023438 ,  0.0692749 SigReg: 78.6273651
std: 0.0407714844 ,  0.0463256836 SigReg: 78.6273651
std: 0.0542602539 ,  0.0404052734 SigReg: 92.249733
std: 0.0383605957 ,  0.0405273438 SigReg: 92.249733
std: 0.0618896484 ,  0.061706543 SigReg: 89.9692917
std: 0.0715942383 ,  0.0361022949 SigReg: 89.9692917
std: 0.0350952148 ,  0.0435791 SigReg: 83.3954773
std: 0.0424194336 ,  0.0424499512 SigReg: 83.3954773
std: 0.0780639648 ,  0.0594482422 SigReg: 86.2168045
std: 0.0437927246 ,  0.049987793 SigReg: 86.2168045
std: 0.0645751953 ,  0.0593261719 SigReg: 70.7860718
std: 0.0328979492 ,  0.0372619629 SigReg: 70.7860718
std: 0.0777587891 ,  0.0787353516 SigReg: 92.1639786
std: 0.131835938 ,  0.0537414551 SigReg: 92.1639786
std: 0.03515625 ,  0.0397644043 SigReg: 110.16095
std: 0.388916016 ,  0.190063477 SigReg: 110.16095
std: 0.0508422852 ,  0.0608520508 SigReg: 84.4523849
std: 0.0824584961 ,  0.0637207 SigReg: 84.4523849
std: 0.0721435547 ,  0.0537109375 SigReg: 110.17289
std: 0.0426330566 ,  0.0529785156 SigReg: 110.17289
std: 0.362304688 ,  0.190673828 SigReg: 128.999832
std: 0.0329589844 ,  0.0279998779 SigReg: 128.999832
std: 0.0381164551 ,  0.0469360352 SigReg: 85.8642273
std: 0.0351867676 ,  0.0452880859 SigReg: 85.8642273
std: 0.132446289 ,  0.0791626 SigReg: 85.6311493
std: 0.0422058105 ,  0.0594787598 SigReg: 85.6311493
std: 0.0352783203 ,  0.0393066406 SigReg: 124.283356
std: 0.0335998535 ,  0.0363769531 SigReg: 124.283356
std: 0.0367736816 ,  0.045715332 SigReg: 87.4821548
std: 0.0310821533 ,  0.0320129395 SigReg: 87.4821548
std: 0.0413513184 ,  0.0501709 SigReg: 81.3220901
std: 0.0325317383 ,  0.0388793945 SigReg: 81.3220901
std: 0.0866088867 ,  0.0508728027 SigReg: 96.6306305
std: 0.0510559082 ,  0.0529174805 SigReg: 96.6306305
std: 0.0571594238 ,  0.0465087891 SigReg: 73.023819
std: 0.0818481445 ,  0.0585632324 SigReg: 73.023819
std: 0.0346069336 ,  0.0516357422 SigReg: 81.5741
std: 0.0344848633 ,  0.0557250977 SigReg: 81.5741
std: 0.0772705078 ,  0.0614318848 SigReg: 96.520607
std: 0.0320129395 ,  0.0421142578 SigReg: 96.520607
std: 0.355224609 ,  0.184814453 SigReg: 64.5665283
std: 0.0876464844 ,  0.0668945312 SigReg: 64.5665283
std: 0.0553894043 ,  0.0464477539 SigReg: 92.5420914
std: 0.0350952148 ,  0.0412902832 SigReg: 92.5420914
std: 0.0466003418 ,  0.0629272461 SigReg: 97.5749664
std: 0.0574951172 ,  0.0523986816 SigReg: 97.5749664
std: 0.100463867 ,  0.0692138672 SigReg: 76.2016449
std: 0.193603516 ,  0.0610351562 SigReg: 76.2016449
std: 0.347900391 ,  0.178222656 SigReg: 100.192566
std: 0.0354919434 ,  0.0487060547 SigReg: 100.192566
std: 0.0621337891 ,  0.0728759766 SigReg: 116.087975
std: 0.147827148 ,  0.0443115234 SigReg: 116.087975
std: 0.0717163086 ,  0.0614318848 SigReg: 93.9231644
std: 0.101501465 ,  0.0901489258 SigReg: 93.9231644
std: 0.110473633 ,  0.0712280273 SigReg: 79.3648529
std: 0.035736084 ,  0.0465087891 SigReg: 79.3648529
std: 0.0332641602 ,  0.0433349609 SigReg: 86.6334152
std: 0.0351257324 ,  0.0485229492 SigReg: 86.6334152
std: 0.0377502441 ,  0.0432739258 SigReg: 81.1036758
std: 0.0567626953 ,  0.0444641113 SigReg: 81.1036758
std: 0.0955810547 ,  0.0662841797 SigReg: 72.2207718
std: 0.0383605957 ,  0.0590515137 SigReg: 72.2207718
std: 0.0312347412 ,  0.0412597656 SigReg: 90.3314514
std: 0.0419311523 ,  0.0750732422 SigReg: 90.3314514
std: 0.0365905762 ,  0.0533752441 SigReg: 74.9421768
std: 0.0596923828 ,  0.0551147461 SigReg: 74.9421768
std: 0.102600098 ,  0.0590209961 SigReg: 79.7640762
std: 0.0589599609 ,  0.0450439453 SigReg: 79.7640762
  Step 250: Backbone Loss = 5.6664, SIGReg Loss = 79.7641 Probe Loss = 339.1226, Acc = 0.5164
std: 0.0626831055 ,  0.0573730469 SigReg: 75.2618942
std: 0.0928344727 ,  0.0557250977 SigReg: 75.2618942
std: 0.0366821289 ,  0.0570068359 SigReg: 82.8642731
std: 0.0446472168 ,  0.0523376465 SigReg: 82.8642731
std: 0.380859375 ,  0.177001953 SigReg: 92.9320526
std: 0.0379943848 ,  0.047454834 SigReg: 92.9320526
std: 0.162841797 ,  0.0646362305 SigReg: 86.6807785
std: 0.0332946777 ,  0.0528564453 SigReg: 86.6807785
std: 0.071472168 ,  0.0731811523 SigReg: 75.5780258
std: 0.0446777344 ,  0.0502319336 SigReg: 75.5780258
std: 0.111083984 ,  0.067565918 SigReg: 79.4118805
std: 0.032989502 ,  0.051940918 SigReg: 79.4118805
std: 0.351318359 ,  0.17590332 SigReg: 75.322
std: 0.0357055664 ,  0.0479125977 SigReg: 75.322
std: 0.0451660156 ,  0.0468139648 SigReg: 80.4732285
std: 0.0368652344 ,  0.0475158691 SigReg: 80.4732285
std: 0.061920166 ,  0.0782470703 SigReg: 88.1139297
std: 0.0319213867 ,  0.0451965332 SigReg: 88.1139297
std: 0.0338745117 ,  0.0381774902 SigReg: 79.209343
std: 0.0409545898 ,  0.052520752 SigReg: 79.209343
std: 0.0458984375 ,  0.0500183105 SigReg: 82.6679382
std: 0.0410766602 ,  0.048614502 SigReg: 82.6679382
std: 0.0931396484 ,  0.0484008789 SigReg: 88.0941467
std: 0.0316467285 ,  0.0366821289 SigReg: 88.0941467
std: 0.0647583 ,  0.0543212891 SigReg: 72.9708252
std: 0.050567627 ,  0.0593566895 SigReg: 72.9708252
std: 0.0377807617 ,  0.048034668 SigReg: 76.5700531
std: 0.033203125 ,  0.0512695312 SigReg: 76.5700531
std: 0.0451660156 ,  0.0608215332 SigReg: 75.4446793
std: 0.0376281738 ,  0.0458374023 SigReg: 75.4446793
std: 0.166503906 ,  0.0612182617 SigReg: 75.3249817
std: 0.0301055908 ,  0.0464172363 SigReg: 75.3249817
std: 0.0710449219 ,  0.052947998 SigReg: 73.765007
std: 0.0419006348 ,  0.0555725098 SigReg: 73.765007
std: 0.0699462891 ,  0.0656738281 SigReg: 76.3582764
std: 0.239013672 ,  0.104248047 SigReg: 76.3582764
std: 0.0381164551 ,  0.0493469238 SigReg: 89.4361115
std: 0.0516052246 ,  0.0491943359 SigReg: 89.4361115
std: 0.0325012207 ,  0.0391845703 SigReg: 65.7262497
std: 0.0516357422 ,  0.0505065918 SigReg: 65.7262497
std: 0.150512695 ,  0.0740356445 SigReg: 75.2707062
std: 0.347412109 ,  0.174316406 SigReg: 75.2707062
std: 0.091796875 ,  0.0484619141 SigReg: 96.2430344
std: 0.034362793 ,  0.0505065918 SigReg: 96.2430344
std: 0.0481262207 ,  0.0503234863 SigReg: 73.499054
std: 0.0362243652 ,  0.0481567383 SigReg: 73.499054
std: 0.0437927246 ,  0.0471191406 SigReg: 73.5889893
std: 0.0610961914 ,  0.0507507324 SigReg: 73.5889893
std: 0.0439758301 ,  0.0487976074 SigReg: 77.7069702
std: 0.0781860352 ,  0.057434082 SigReg: 77.7069702
std: 0.033203125 ,  0.0502624512 SigReg: 79.5476303
std: 0.0285339355 ,  0.034576416 SigReg: 79.5476303
std: 0.0439453125 ,  0.0543212891 SigReg: 70.6365738
std: 0.123291016 ,  0.067199707 SigReg: 70.6365738
std: 0.0397338867 ,  0.0564575195 SigReg: 83.8486404
std: 0.350341797 ,  0.16796875 SigReg: 83.8486404
std: 0.112426758 ,  0.0697631836 SigReg: 77.5699768
std: 0.0543212891 ,  0.0504455566 SigReg: 77.5699768
std: 0.0347290039 ,  0.0389099121 SigReg: 75.60466
std: 0.0355834961 ,  0.053314209 SigReg: 75.60466
std: 0.11895752 ,  0.06640625 SigReg: 72.0477676
std: 0.063659668 ,  0.0588378906 SigReg: 72.0477676
std: 0.153930664 ,  0.0548400879 SigReg: 61.8537216
std: 0.0347595215 ,  0.0510864258 SigReg: 61.8537216
std: 0.0361328125 ,  0.0487060547 SigReg: 76.9642
std: 0.036315918 ,  0.0497131348 SigReg: 76.9642
std: 0.0894775391 ,  0.0481262207 SigReg: 68.8996811
std: 0.0446472168 ,  0.0486450195 SigReg: 68.8996811
std: 0.0379333496 ,  0.059753418 SigReg: 69.4062576
std: 0.0401611328 ,  0.0554199219 SigReg: 69.4062576
std: 0.504882812 ,  0.221801758 SigReg: 74.0574188
std: 0.0327453613 ,  0.0500488281 SigReg: 74.0574188
std: 0.0530395508 ,  0.059173584 SigReg: 74.7093506
std: 0.0439758301 ,  0.0528869629 SigReg: 74.7093506
std: 0.0390014648 ,  0.0673217773 SigReg: 67.972641
std: 0.385009766 ,  0.164428711 SigReg: 67.972641
std: 0.0769043 ,  0.0628051758 SigReg: 73.5604172
std: 0.0419921875 ,  0.046081543 SigReg: 73.5604172
std: 0.0376281738 ,  0.0374450684 SigReg: 68.7281
std: 0.282470703 ,  0.0930175781 SigReg: 68.7281
std: 0.0380859375 ,  0.0479736328 SigReg: 76.63797
std: 0.0354003906 ,  0.0419921875 SigReg: 76.63797
std: 0.230957031 ,  0.0674438477 SigReg: 74.3718643
std: 0.0407104492 ,  0.0540466309 SigReg: 74.3718643
std: 0.0541687 ,  0.0543823242 SigReg: 60.7750244
std: 0.0507507324 ,  0.0500793457 SigReg: 60.7750244
std: 0.108764648 ,  0.0808105469 SigReg: 77.8324127
std: 0.0596618652 ,  0.0589599609 SigReg: 77.8324127
std: 0.0536804199 ,  0.0518188477 SigReg: 71.1097412
std: 0.0643920898 ,  0.0510864258 SigReg: 71.1097412
std: 0.249511719 ,  0.0432128906 SigReg: 75.8316193
std: 0.0484313965 ,  0.06640625 SigReg: 75.8316193
std: 0.0881958 ,  0.0742797852 SigReg: 79.2504044
std: 0.0487976074 ,  0.0552368164 SigReg: 79.2504044
std: 0.0352172852 ,  0.0497436523 SigReg: 79.6044693
std: 0.0610961914 ,  0.0698852539 SigReg: 79.6044693
std: 0.195678711 ,  0.0632324219 SigReg: 74.4232483
std: 0.0402526855 ,  0.0414733887 SigReg: 74.4232483
std: 0.0722045898 ,  0.0970459 SigReg: 71.492569
std: 0.083984375 ,  0.065612793 SigReg: 71.492569
  Step 300: Backbone Loss = 5.2490, SIGReg Loss = 71.4926 Probe Loss = 322.5335, Acc = 0.4933
std: 0.104064941 ,  0.054901123 SigReg: 83.4254456
std: 0.0580749512 ,  0.0516357422 SigReg: 83.4254456
std: 0.116210938 ,  0.0782470703 SigReg: 74.6996384
std: 0.0446167 ,  0.0538330078 SigReg: 74.6996384
std: 0.123046875 ,  0.0751953125 SigReg: 71.1375809
std: 0.076965332 ,  0.0802001953 SigReg: 71.1375809
std: 0.141357422 ,  0.087890625 SigReg: 70.9667
std: 0.0632324219 ,  0.0629272461 SigReg: 70.9667
std: 0.0397033691 ,  0.0480651855 SigReg: 90.111412
std: 0.149291992 ,  0.0584106445 SigReg: 90.111412
std: 0.213623047 ,  0.0560913086 SigReg: 80.8082733
std: 0.0483398438 ,  0.0682373047 SigReg: 80.8082733
Epoch 2 finished in 251.27s.
  Avg Backbone Loss: 5.6599
  Avg Probe Loss:    358.5862
  Avg Probe Accuracy: 0.5023

Epoch 3/100
std: 0.178222656 ,  0.0848999 SigReg: 84.2560043
std: 0.0392456055 ,  0.0648803711 SigReg: 84.2560043
  Step 0: Backbone Loss = 5.8471, SIGReg Loss = 84.2560 Probe Loss = 320.4423, Acc = 0.5003
std: 0.0760498047 ,  0.102111816 SigReg: 83.8512878
std: 0.384033203 ,  0.159179688 SigReg: 83.8512878
std: 0.0869140625 ,  0.0678710938 SigReg: 82.4619751
std: 0.0401000977 ,  0.0572509766 SigReg: 82.4619751
std: 0.0747070312 ,  0.0811767578 SigReg: 91.8409271
std: 0.214477539 ,  0.083190918 SigReg: 91.8409271
std: 0.039642334 ,  0.0495605469 SigReg: 68.7660522
std: 0.110229492 ,  0.0833740234 SigReg: 68.7660522
std: 0.264648438 ,  0.0582275391 SigReg: 70.00354
std: 0.0459594727 ,  0.0873413086 SigReg: 70.00354
std: 0.0403442383 ,  0.0841064453 SigReg: 84.9018097
std: 0.0562133789 ,  0.0768432617 SigReg: 84.9018097
std: 0.126342773 ,  0.0567626953 SigReg: 94.1128845
std: 0.0667724609 ,  0.0651855469 SigReg: 94.1128845
std: 0.143432617 ,  0.076171875 SigReg: 71.159256
std: 0.0974121094 ,  0.120666504 SigReg: 71.159256
std: 0.105651855 ,  0.0641479492 SigReg: 85.7475
std: 0.141479492 ,  0.0611572266 SigReg: 85.7475
std: 0.0826416 ,  0.071472168 SigReg: 71.3506546
std: 0.401367188 ,  0.183227539 SigReg: 71.3506546
std: 0.0729980469 ,  0.054473877 SigReg: 69.6389236
std: 0.120361328 ,  0.0822143555 SigReg: 69.6389236
std: 0.0482177734 ,  0.105407715 SigReg: 71.2451859
std: 0.0818481445 ,  0.0816650391 SigReg: 71.2451859
std: 0.039642334 ,  0.0646362305 SigReg: 70.0403748
std: 0.0756225586 ,  0.0737304688 SigReg: 70.0403748
std: 0.0547485352 ,  0.0891113281 SigReg: 71.8350525
std: 0.111328125 ,  0.0915527344 SigReg: 71.8350525
std: 0.0495910645 ,  0.0610351562 SigReg: 94.545
std: 0.0485534668 ,  0.0727539062 SigReg: 94.545
std: 0.411132812 ,  0.166015625 SigReg: 91.5389633
std: 0.149414062 ,  0.0577697754 SigReg: 91.5389633
std: 0.0697021484 ,  0.0862426758 SigReg: 72.5963593
std: 0.047088623 ,  0.0618286133 SigReg: 72.5963593
std: 0.0473938 ,  0.0621032715 SigReg: 69.1025238
std: 0.0569458 ,  0.0595703125 SigReg: 69.1025238
std: 0.05078125 ,  0.0733642578 SigReg: 90.1542206
std: 0.0558166504 ,  0.0606384277 SigReg: 90.1542206
std: 0.0615539551 ,  0.0767211914 SigReg: 88.7181702
std: 0.163085938 ,  0.092956543 SigReg: 88.7181702
std: 0.0775146484 ,  0.0907592773 SigReg: 71.8790131
std: 0.0557861328 ,  0.082824707 SigReg: 71.8790131
std: 0.0714111328 ,  0.0645141602 SigReg: 74.0658112
std: 0.0556945801 ,  0.0579528809 SigReg: 74.0658112
std: 0.0518188477 ,  0.0700683594 SigReg: 85.7187958
std: 0.0516052246 ,  0.0744018555 SigReg: 85.7187958
std: 0.0612487793 ,  0.0687255859 SigReg: 86.2511826
std: 0.0883178711 ,  0.0673217773 SigReg: 86.2511826
std: 0.0655517578 ,  0.0657348633 SigReg: 77.7494202
std: 0.0684204102 ,  0.076171875 SigReg: 77.7494202
std: 0.0703125 ,  0.0687255859 SigReg: 73.1124039
std: 0.0537109375 ,  0.0921630859 SigReg: 73.1124039
std: 0.0830688477 ,  0.0782470703 SigReg: 72.1396866
std: 0.0492248535 ,  0.0843505859 SigReg: 72.1396866
std: 0.049041748 ,  0.0816650391 SigReg: 78.3267517
std: 0.131103516 ,  0.0853271484 SigReg: 78.3267517
std: 0.0515136719 ,  0.0726318359 SigReg: 76.9049835
std: 0.0508117676 ,  0.0684204102 SigReg: 76.9049835
std: 0.0524597168 ,  0.0712280273 SigReg: 72.9744644
std: 0.0484008789 ,  0.063293457 SigReg: 72.9744644
std: 0.08203125 ,  0.0780029297 SigReg: 82.3478394
std: 0.0628051758 ,  0.108703613 SigReg: 82.3478394
std: 0.17578125 ,  0.089050293 SigReg: 92.6531296
std: 0.0658569336 ,  0.0866699219 SigReg: 92.6531296
std: 0.0725708 ,  0.0738525391 SigReg: 69.4476929
std: 0.0574951172 ,  0.0721435547 SigReg: 69.4476929
std: 0.0447692871 ,  0.0782470703 SigReg: 104.953796
std: 0.121948242 ,  0.0963745117 SigReg: 104.953796
std: 0.0549621582 ,  0.0863037109 SigReg: 128.682648
std: 0.0619812 ,  0.0842285156 SigReg: 128.682648
std: 0.191894531 ,  0.0848999 SigReg: 91.310112
std: 0.117492676 ,  0.108215332 SigReg: 91.310112
std: 0.0546569824 ,  0.0757446289 SigReg: 66.2649078
std: 0.151611328 ,  0.0804443359 SigReg: 66.2649078
std: 0.0677490234 ,  0.0726928711 SigReg: 91.1959839
std: 0.0946044922 ,  0.0836181641 SigReg: 91.1959839
std: 0.0729980469 ,  0.081237793 SigReg: 67.7238617
std: 0.163085938 ,  0.108459473 SigReg: 67.7238617
std: 0.0477905273 ,  0.0784301758 SigReg: 79.5692368
std: 0.0518798828 ,  0.0626831055 SigReg: 79.5692368
std: 0.11126709 ,  0.0991821289 SigReg: 92.1789856
std: 0.0978393555 ,  0.0886230469 SigReg: 92.1789856
std: 0.0473022461 ,  0.0667724609 SigReg: 73.3173065
std: 0.0679931641 ,  0.100646973 SigReg: 73.3173065
std: 0.0648803711 ,  0.0994873047 SigReg: 86.890686
std: 0.0654296875 ,  0.0715332 SigReg: 86.890686
std: 0.0581970215 ,  0.0726928711 SigReg: 116.745659
std: 0.138427734 ,  0.119262695 SigReg: 116.745659
std: 0.391845703 ,  0.174926758 SigReg: 92.2480545
std: 0.116210938 ,  0.0939941406 SigReg: 92.2480545
std: 0.131347656 ,  0.107299805 SigReg: 78.1612396
std: 0.0598449707 ,  0.0713501 SigReg: 78.1612396
std: 0.0559082031 ,  0.105529785 SigReg: 84.7111664
std: 0.0811767578 ,  0.0963745117 SigReg: 84.7111664
std: 0.0536193848 ,  0.0849609375 SigReg: 68.2312317
std: 0.056427002 ,  0.0788574219 SigReg: 68.2312317
std: 0.099609375 ,  0.0867919922 SigReg: 69.4786
std: 0.0677490234 ,  0.0943603516 SigReg: 69.4786
std: 0.388427734 ,  0.17578125 SigReg: 90.2854462
std: 0.21081543 ,  0.0857543945 SigReg: 90.2854462
  Step 50: Backbone Loss = 6.0924, SIGReg Loss = 90.2854 Probe Loss = 304.6556, Acc = 0.5111
std: 0.380126953 ,  0.188232422 SigReg: 78.0455
std: 0.132446289 ,  0.112548828 SigReg: 78.0455
std: 0.0605163574 ,  0.0964355469 SigReg: 92.2601776
std: 0.0547485352 ,  0.0709228516 SigReg: 92.2601776
std: 0.171508789 ,  0.127319336 SigReg: 92.5265732
std: 0.0772705078 ,  0.0982666 SigReg: 92.5265732
std: 0.151489258 ,  0.104064941 SigReg: 65.1102
std: 0.0647583 ,  0.106445312 SigReg: 65.1102
std: 0.124633789 ,  0.131591797 SigReg: 83.0499878
std: 0.0521240234 ,  0.0913085938 SigReg: 83.0499878
std: 0.0576782227 ,  0.0924682617 SigReg: 102.843681
std: 0.0631103516 ,  0.114013672 SigReg: 102.843681
std: 0.130615234 ,  0.0928955078 SigReg: 80.8699265
std: 0.367675781 ,  0.152832031 SigReg: 80.8699265
std: 0.508300781 ,  0.206787109 SigReg: 67.1906357
std: 0.180053711 ,  0.0804443359 SigReg: 67.1906357
std: 0.0619506836 ,  0.0897827148 SigReg: 78.3609543
std: 0.12890625 ,  0.122009277 SigReg: 78.3609543
std: 0.0581970215 ,  0.0841064453 SigReg: 78.364296
std: 0.112854004 ,  0.146484375 SigReg: 78.364296
std: 0.141113281 ,  0.0938110352 SigReg: 76.4658279
std: 0.067565918 ,  0.0841674805 SigReg: 76.4658279
std: 0.0631103516 ,  0.102172852 SigReg: 83.0379639
std: 0.200439453 ,  0.119018555 SigReg: 83.0379639
std: 0.0640258789 ,  0.100524902 SigReg: 62.9400406
std: 0.0709838867 ,  0.0994873047 SigReg: 62.9400406
std: 0.0552368164 ,  0.0944213867 SigReg: 86.407135
std: 0.120727539 ,  0.102783203 SigReg: 86.407135
std: 0.384033203 ,  0.156494141 SigReg: 83.5330658
std: 0.133056641 ,  0.114318848 SigReg: 83.5330658
std: 0.0527954102 ,  0.106872559 SigReg: 70.1658173
std: 0.103210449 ,  0.118103027 SigReg: 70.1658173
std: 0.150024414 ,  0.0988769531 SigReg: 68.0135727
std: 0.0966186523 ,  0.0985717773 SigReg: 68.0135727
std: 0.0541687 ,  0.092590332 SigReg: 68.8194885
std: 0.11920166 ,  0.120910645 SigReg: 68.8194885
std: 0.0610046387 ,  0.0905761719 SigReg: 71.2954865
std: 0.111083984 ,  0.0961303711 SigReg: 71.2954865
std: 0.206420898 ,  0.10723877 SigReg: 62.987587
std: 0.128295898 ,  0.134521484 SigReg: 62.987587
std: 0.0836181641 ,  0.130493164 SigReg: 83.4319611
std: 0.367919922 ,  0.155883789 SigReg: 83.4319611
std: 0.163330078 ,  0.0930786133 SigReg: 89.3356171
std: 0.0637207 ,  0.107971191 SigReg: 89.3356171
std: 0.0665893555 ,  0.0982666 SigReg: 78.5735703
std: 0.0786132812 ,  0.127319336 SigReg: 78.5735703
std: 0.111694336 ,  0.11706543 SigReg: 67.7445221
std: 0.0747680664 ,  0.109375 SigReg: 67.7445221
std: 0.112731934 ,  0.112182617 SigReg: 90.4393463
std: 0.393310547 ,  0.196655273 SigReg: 90.4393463
std: 0.0905761719 ,  0.108337402 SigReg: 87.6629944
std: 0.378173828 ,  0.142456055 SigReg: 87.6629944
std: 0.0801391602 ,  0.121765137 SigReg: 75.0602112
std: 0.0794067383 ,  0.118774414 SigReg: 75.0602112
std: 0.0678710938 ,  0.0861206055 SigReg: 78.5814438
std: 0.111206055 ,  0.126953125 SigReg: 78.5814438
std: 0.144287109 ,  0.129394531 SigReg: 68.8695068
std: 0.404785156 ,  0.163452148 SigReg: 68.8695068
std: 0.159912109 ,  0.103210449 SigReg: 77.7271
std: 0.0740966797 ,  0.1015625 SigReg: 77.7271
std: 0.190429688 ,  0.175292969 SigReg: 75.9930801
std: 0.0780029297 ,  0.131225586 SigReg: 75.9930801
std: 0.257080078 ,  0.0985717773 SigReg: 64.9226379
std: 0.112121582 ,  0.132080078 SigReg: 64.9226379
std: 0.0784912109 ,  0.117004395 SigReg: 70.023674
std: 0.128173828 ,  0.112548828 SigReg: 70.023674
std: 0.138671875 ,  0.13671875 SigReg: 69.2542877
std: 0.0759887695 ,  0.132324219 SigReg: 69.2542877
std: 0.10345459 ,  0.139770508 SigReg: 75.0586624
std: 0.0783691406 ,  0.110534668 SigReg: 75.0586624
std: 0.11126709 ,  0.132446289 SigReg: 71.9741
std: 0.108093262 ,  0.152099609 SigReg: 71.9741
std: 0.0894165039 ,  0.118347168 SigReg: 69.7614
std: 0.12512207 ,  0.160888672 SigReg: 69.7614
std: 0.0882568359 ,  0.122558594 SigReg: 76.4527435
std: 0.0760498047 ,  0.105102539 SigReg: 76.4527435
std: 0.0939941406 ,  0.117126465 SigReg: 71.3955765
std: 0.107849121 ,  0.146362305 SigReg: 71.3955765
std: 0.0738525391 ,  0.139404297 SigReg: 76.6007462
std: 0.158325195 ,  0.128173828 SigReg: 76.6007462
std: 0.158203125 ,  0.0980834961 SigReg: 67.6666107
std: 0.0983886719 ,  0.110839844 SigReg: 67.6666107
std: 0.0712280273 ,  0.112121582 SigReg: 87.4939423
std: 0.16418457 ,  0.178710938 SigReg: 87.4939423
std: 0.142456055 ,  0.135742188 SigReg: 100.411034
std: 0.109069824 ,  0.121337891 SigReg: 100.411034
std: 0.105224609 ,  0.156616211 SigReg: 74.2458
std: 0.156005859 ,  0.172973633 SigReg: 74.2458
std: 0.186767578 ,  0.14050293 SigReg: 70.2992096
std: 0.0959472656 ,  0.121948242 SigReg: 70.2992096
std: 0.176269531 ,  0.136352539 SigReg: 86.4707489
std: 0.0991821289 ,  0.157348633 SigReg: 86.4707489
std: 0.155151367 ,  0.163085938 SigReg: 81.7111435
std: 0.162963867 ,  0.144165039 SigReg: 81.7111435
std: 0.0778808594 ,  0.14465332 SigReg: 70.801033
std: 0.108520508 ,  0.185424805 SigReg: 70.801033
std: 0.101196289 ,  0.156860352 SigReg: 75.4243164
std: 0.214233398 ,  0.163452148 SigReg: 75.4243164
std: 0.104614258 ,  0.141967773 SigReg: 60.9029732
std: 0.0854492188 ,  0.1328125 SigReg: 60.9029732
  Step 100: Backbone Loss = 4.6254, SIGReg Loss = 60.9030 Probe Loss = 282.4382, Acc = 0.5191
std: 0.0806884766 ,  0.171020508 SigReg: 65.2832947
std: 0.299072266 ,  0.161376953 SigReg: 65.2832947
std: 0.192260742 ,  0.180908203 SigReg: 64.1456604
std: 0.152709961 ,  0.168579102 SigReg: 64.1456604
std: 0.145996094 ,  0.140625 SigReg: 60.0545082
std: 0.412841797 ,  0.219604492 SigReg: 60.0545082
std: 0.0767211914 ,  0.126464844 SigReg: 63.0681076
std: 0.0999145508 ,  0.177001953 SigReg: 63.0681076
std: 0.164306641 ,  0.159667969 SigReg: 73.6560593
std: 0.134399414 ,  0.195678711 SigReg: 73.6560593
std: 0.14050293 ,  0.165283203 SigReg: 58.777935
std: 0.186157227 ,  0.227172852 SigReg: 58.777935
std: 0.432861328 ,  0.168701172 SigReg: 71.677475
std: 0.111633301 ,  0.165405273 SigReg: 71.677475
std: 0.192016602 ,  0.185424805 SigReg: 71.9238281
std: 0.116577148 ,  0.193115234 SigReg: 71.9238281
std: 0.109008789 ,  0.188842773 SigReg: 67.3577881
std: 0.118774414 ,  0.178710938 SigReg: 67.3577881
std: 0.153686523 ,  0.178100586 SigReg: 67.7412491
std: 0.172851562 ,  0.159790039 SigReg: 67.7412491
std: 0.189453125 ,  0.205566406 SigReg: 74.5827866
std: 0.126831055 ,  0.172363281 SigReg: 74.5827866
std: 0.118286133 ,  0.224487305 SigReg: 62.5836601
std: 0.126464844 ,  0.225830078 SigReg: 62.5836601
std: 0.258789062 ,  0.17980957 SigReg: 61.1076317
std: 0.437988281 ,  0.237792969 SigReg: 61.1076317
std: 0.191650391 ,  0.220458984 SigReg: 65.0433044
std: 0.10369873 ,  0.17590332 SigReg: 65.0433044
std: 0.119384766 ,  0.196044922 SigReg: 69.3471298
std: 0.239501953 ,  0.158935547 SigReg: 69.3471298
std: 0.12878418 ,  0.1875 SigReg: 59.2595901
std: 0.140258789 ,  0.21081543 SigReg: 59.2595901
std: 0.119995117 ,  0.165649414 SigReg: 76.7041321
std: 0.110168457 ,  0.190063477 SigReg: 76.7041321
std: 0.155517578 ,  0.18737793 SigReg: 66.0310059
std: 0.227294922 ,  0.179077148 SigReg: 66.0310059
std: 0.125976562 ,  0.197998047 SigReg: 69.2412796
std: 0.155639648 ,  0.21081543 SigReg: 69.2412796
std: 0.416259766 ,  0.229736328 SigReg: 64.1528854
std: 0.124450684 ,  0.21496582 SigReg: 64.1528854
std: 0.241210938 ,  0.198852539 SigReg: 60.2404022
std: 0.176269531 ,  0.201293945 SigReg: 60.2404022
std: 0.106994629 ,  0.196899414 SigReg: 66.9389114
std: 0.166137695 ,  0.231445312 SigReg: 66.9389114
std: 0.106750488 ,  0.192993164 SigReg: 63.2110138
std: 0.100524902 ,  0.217773438 SigReg: 63.2110138
std: 0.136962891 ,  0.208129883 SigReg: 65.5739746
std: 0.166259766 ,  0.230712891 SigReg: 65.5739746
std: 0.157226562 ,  0.219360352 SigReg: 69.2124329
std: 0.140136719 ,  0.242797852 SigReg: 69.2124329
std: 0.121459961 ,  0.229980469 SigReg: 57.3465424
std: 0.140258789 ,  0.256835938 SigReg: 57.3465424
std: 0.200561523 ,  0.218139648 SigReg: 74.4921265
std: 0.184326172 ,  0.221435547 SigReg: 74.4921265
std: 0.17980957 ,  0.231689453 SigReg: 83.2715454
std: 0.125854492 ,  0.226928711 SigReg: 83.2715454
std: 0.116821289 ,  0.173461914 SigReg: 77.5099182
std: 0.167114258 ,  0.247436523 SigReg: 77.5099182
std: 0.115234375 ,  0.226196289 SigReg: 73.5034485
std: 0.133056641 ,  0.251708984 SigReg: 73.5034485
std: 0.106628418 ,  0.214477539 SigReg: 70.2110672
std: 0.148925781 ,  0.237426758 SigReg: 70.2110672
std: 0.121765137 ,  0.254882812 SigReg: 65.9512482
std: 0.149047852 ,  0.283935547 SigReg: 65.9512482
std: 0.226318359 ,  0.267578125 SigReg: 78.8487396
std: 0.130004883 ,  0.236083984 SigReg: 78.8487396
std: 0.214233398 ,  0.290771484 SigReg: 60.4579659
std: 0.13671875 ,  0.254882812 SigReg: 60.4579659
std: 0.187011719 ,  0.264160156 SigReg: 77.7577438
std: 0.287353516 ,  0.256103516 SigReg: 77.7577438
std: 0.177368164 ,  0.25 SigReg: 79.5508194
std: 0.235473633 ,  0.326171875 SigReg: 79.5508194
std: 0.156982422 ,  0.303955078 SigReg: 70.1701584
std: 0.168701172 ,  0.3125 SigReg: 70.1701584
std: 0.442138672 ,  0.295898438 SigReg: 63.241394
std: 0.272216797 ,  0.336914062 SigReg: 63.241394
std: 0.177734375 ,  0.251464844 SigReg: 65.1332169
std: 0.170532227 ,  0.327392578 SigReg: 65.1332169
std: 0.210693359 ,  0.3125 SigReg: 77.0509491
std: 0.171264648 ,  0.233398438 SigReg: 77.0509491
std: 0.272705078 ,  0.331054688 SigReg: 68.5586395
std: 0.172241211 ,  0.264404297 SigReg: 68.5586395
std: 0.174072266 ,  0.301757812 SigReg: 64.7719421
std: 0.163085938 ,  0.313964844 SigReg: 64.7719421
std: 0.188232422 ,  0.320556641 SigReg: 60.5922546
std: 0.162841797 ,  0.338378906 SigReg: 60.5922546
std: 0.331054688 ,  0.349609375 SigReg: 57.1054878
std: 0.288818359 ,  0.380126953 SigReg: 57.1054878
std: 0.24206543 ,  0.316162109 SigReg: 70.1315689
std: 0.215576172 ,  0.345458984 SigReg: 70.1315689
std: 0.272460938 ,  0.352783203 SigReg: 81.2164
std: 0.208129883 ,  0.411132812 SigReg: 81.2164
std: 0.190307617 ,  0.374023438 SigReg: 55.9924774
std: 0.218383789 ,  0.397705078 SigReg: 55.9924774
std: 0.297363281 ,  0.348876953 SigReg: 81.5938492
std: 0.276123047 ,  0.371582031 SigReg: 81.5938492
std: 0.190307617 ,  0.404785156 SigReg: 78.4814453
std: 0.168334961 ,  0.387451172 SigReg: 78.4814453
std: 0.196166992 ,  0.341064453 SigReg: 70.6771
std: 0.182128906 ,  0.372802734 SigReg: 70.6771
  Step 150: Backbone Loss = 4.9742, SIGReg Loss = 70.6771 Probe Loss = 272.0486, Acc = 0.4939
std: 0.296386719 ,  0.350097656 SigReg: 65.1023941
std: 0.316162109 ,  0.357910156 SigReg: 65.1023941
std: 0.212768555 ,  0.392333984 SigReg: 69.0903091
std: 0.326660156 ,  0.379638672 SigReg: 69.0903091
std: 0.202880859 ,  0.408447266 SigReg: 74.1803741
std: 0.199462891 ,  0.376220703 SigReg: 74.1803741
std: 0.223999023 ,  0.387207031 SigReg: 65.2665558
std: 0.30078125 ,  0.401367188 SigReg: 65.2665558
std: 0.271484375 ,  0.43359375 SigReg: 72.2504578
std: 0.265625 ,  0.476074219 SigReg: 72.2504578
std: 0.254150391 ,  0.437255859 SigReg: 60.4176102
std: 0.365478516 ,  0.414306641 SigReg: 60.4176102
std: 0.278076172 ,  0.410644531 SigReg: 63.72155
std: 0.196411133 ,  0.438720703 SigReg: 63.72155
std: 0.192016602 ,  0.391357422 SigReg: 68.8364792
std: 0.361816406 ,  0.383544922 SigReg: 68.8364792
std: 0.327880859 ,  0.400878906 SigReg: 65.2731094
std: 0.267578125 ,  0.445556641 SigReg: 65.2731094
std: 0.264160156 ,  0.396728516 SigReg: 62.0287247
std: 0.234008789 ,  0.449462891 SigReg: 62.0287247
std: 0.274169922 ,  0.421386719 SigReg: 63.7204552
std: 0.294677734 ,  0.485351562 SigReg: 63.7204552
std: 0.208862305 ,  0.461181641 SigReg: 55.8897247
std: 0.320800781 ,  0.471679688 SigReg: 55.8897247
std: 0.269775391 ,  0.483154297 SigReg: 58.6583748
std: 0.280273438 ,  0.442871094 SigReg: 58.6583748
std: 0.232543945 ,  0.419433594 SigReg: 75.3250122
std: 0.227294922 ,  0.504394531 SigReg: 75.3250122
std: 0.23059082 ,  0.487304688 SigReg: 56.6708832
std: 0.218505859 ,  0.495361328 SigReg: 56.6708832
std: 0.201416016 ,  0.489746094 SigReg: 56.4571037
std: 0.324707031 ,  0.515625 SigReg: 56.4571037
std: 0.231445312 ,  0.51171875 SigReg: 61.3194084
std: 0.262207031 ,  0.474853516 SigReg: 61.3194084
std: 0.258056641 ,  0.569824219 SigReg: 59.6457901
std: 0.281738281 ,  0.555175781 SigReg: 59.6457901
std: 0.242431641 ,  0.479492188 SigReg: 48.7002869
std: 0.227416992 ,  0.532714844 SigReg: 48.7002869
std: 0.221069336 ,  0.485107422 SigReg: 53.6781
std: 0.278808594 ,  0.56640625 SigReg: 53.6781
std: 0.254638672 ,  0.468505859 SigReg: 54.2716827
std: 0.405029297 ,  0.54296875 SigReg: 54.2716827
std: 0.351318359 ,  0.578613281 SigReg: 45.0401611
std: 0.4453125 ,  0.541503906 SigReg: 45.0401611
std: 0.357910156 ,  0.518554688 SigReg: 62.8411636
std: 0.512695312 ,  0.549804688 SigReg: 62.8411636
std: 0.3046875 ,  0.50390625 SigReg: 94.2228775
std: 0.264892578 ,  0.579589844 SigReg: 94.2228775
std: 0.385498047 ,  0.580566406 SigReg: 77.7635651
std: 0.371582031 ,  0.599121094 SigReg: 77.7635651
std: 0.309570312 ,  0.565917969 SigReg: 67.7592
std: 0.349121094 ,  0.586914062 SigReg: 67.7592
std: 0.291259766 ,  0.55859375 SigReg: 61.7499046
std: 0.56640625 ,  0.586425781 SigReg: 61.7499046
std: 0.242431641 ,  0.5546875 SigReg: 71.7131042
std: 0.326904297 ,  0.517089844 SigReg: 71.7131042
std: 0.344726562 ,  0.510742188 SigReg: 85.3134079
std: 0.258300781 ,  0.534667969 SigReg: 85.3134079
std: 0.340332031 ,  0.538085938 SigReg: 59.1102104
std: 0.411376953 ,  0.534179688 SigReg: 59.1102104
std: 0.329101562 ,  0.552734375 SigReg: 49.297905
std: 0.306396484 ,  0.533203125 SigReg: 49.297905
std: 0.411865234 ,  0.5703125 SigReg: 47.898468
std: 0.298828125 ,  0.563964844 SigReg: 47.898468
std: 0.315185547 ,  0.538085938 SigReg: 55.3805084
std: 0.325195312 ,  0.577636719 SigReg: 55.3805084
std: 0.273925781 ,  0.565917969 SigReg: 57.429
std: 0.352050781 ,  0.543457031 SigReg: 57.429
std: 0.534667969 ,  0.563964844 SigReg: 65.8129883
std: 0.343261719 ,  0.574707031 SigReg: 65.8129883
std: 0.519042969 ,  0.583007812 SigReg: 57.2985802
std: 0.522949219 ,  0.629882812 SigReg: 57.2985802
std: 0.345703125 ,  0.640625 SigReg: 51.9681396
std: 0.309570312 ,  0.62890625 SigReg: 51.9681396
std: 0.335205078 ,  0.60546875 SigReg: 57.8955345
std: 0.328125 ,  0.638183594 SigReg: 57.8955345
std: 0.446044922 ,  0.62109375 SigReg: 45.2598457
std: 0.375244141 ,  0.605957031 SigReg: 45.2598457
std: 0.350097656 ,  0.612304688 SigReg: 53.5366554
std: 0.361572266 ,  0.579101562 SigReg: 53.5366554
std: 0.347412109 ,  0.5859375 SigReg: 49.4887886
std: 0.339355469 ,  0.579589844 SigReg: 49.4887886
std: 0.351318359 ,  0.642578125 SigReg: 49.0373268
std: 0.34375 ,  0.671875 SigReg: 49.0373268
std: 0.30078125 ,  0.582519531 SigReg: 55.4770126
std: 0.437988281 ,  0.577148438 SigReg: 55.4770126
std: 0.353759766 ,  0.657714844 SigReg: 55.2085342
std: 0.331787109 ,  0.605957031 SigReg: 55.2085342
std: 0.3515625 ,  0.653320312 SigReg: 49.3040771
std: 0.418457031 ,  0.609375 SigReg: 49.3040771
std: 0.350585938 ,  0.667480469 SigReg: 48.4218979
std: 0.346191406 ,  0.643066406 SigReg: 48.4218979
std: 0.333007812 ,  0.663085938 SigReg: 49.9511147
std: 0.528320312 ,  0.661132812 SigReg: 49.9511147
std: 0.298339844 ,  0.62890625 SigReg: 46.493782
std: 0.344726562 ,  0.56640625 SigReg: 46.493782
std: 0.291748047 ,  0.641113281 SigReg: 59.9505157
std: 0.360839844 ,  0.637207031 SigReg: 59.9505157
std: 0.340820312 ,  0.645996094 SigReg: 56.4698181
std: 0.323730469 ,  0.6640625 SigReg: 56.4698181
  Step 200: Backbone Loss = 4.1626, SIGReg Loss = 56.4698 Probe Loss = 299.1612, Acc = 0.5272
std: 0.547363281 ,  0.659667969 SigReg: 66.9831772
std: 0.351318359 ,  0.70703125 SigReg: 66.9831772
std: 0.372070312 ,  0.666015625 SigReg: 55.7761
std: 0.356933594 ,  0.625976562 SigReg: 55.7761
std: 0.377929688 ,  0.711425781 SigReg: 85.4683914
std: 0.358642578 ,  0.700683594 SigReg: 85.4683914
std: 0.409912109 ,  0.682128906 SigReg: 80.7789459
std: 0.381591797 ,  0.665039062 SigReg: 80.7789459
std: 0.346435547 ,  0.685058594 SigReg: 57.8743858
std: 0.356201172 ,  0.640136719 SigReg: 57.8743858
std: 0.551757812 ,  0.692382812 SigReg: 55.6591606
std: 0.523925781 ,  0.713867188 SigReg: 55.6591606
std: 0.323974609 ,  0.640625 SigReg: 66.1714401
std: 0.349609375 ,  0.674804688 SigReg: 66.1714401
std: 0.310546875 ,  0.697265625 SigReg: 79.4512787
std: 0.385498047 ,  0.702636719 SigReg: 79.4512787
std: 0.439941406 ,  0.669921875 SigReg: 95.4210358
std: 0.277099609 ,  0.656738281 SigReg: 95.4210358
std: 0.311035156 ,  0.6640625 SigReg: 70.9041367
std: 0.274658203 ,  0.647949219 SigReg: 70.9041367
std: 0.288818359 ,  0.627441406 SigReg: 82.7490768
std: 0.345458984 ,  0.663574219 SigReg: 82.7490768
std: 0.3046875 ,  0.689941406 SigReg: 70.6024
std: 0.301757812 ,  0.645996094 SigReg: 70.6024
std: 0.364013672 ,  0.637207031 SigReg: 62.7325859
std: 0.268310547 ,  0.685058594 SigReg: 62.7325859
std: 0.290283203 ,  0.67578125 SigReg: 86.6512451
std: 0.290283203 ,  0.71484375 SigReg: 86.6512451
std: 0.279785156 ,  0.685546875 SigReg: 94.8874741
std: 0.250488281 ,  0.611328125 SigReg: 94.8874741
std: 0.370361328 ,  0.770019531 SigReg: 59.6272469
std: 0.321533203 ,  0.679199219 SigReg: 59.6272469
std: 0.307128906 ,  0.676269531 SigReg: 79.8075333
std: 0.301025391 ,  0.621582031 SigReg: 79.8075333
std: 0.344482422 ,  0.710449219 SigReg: 87.0813904
std: 0.297607422 ,  0.633789062 SigReg: 87.0813904
std: 0.318603516 ,  0.59375 SigReg: 59.7598495
std: 0.319824219 ,  0.713378906 SigReg: 59.7598495
std: 0.282958984 ,  0.708496094 SigReg: 64.2927628
std: 0.307617188 ,  0.672363281 SigReg: 64.2927628
std: 0.295410156 ,  0.7265625 SigReg: 64.6064301
std: 0.279052734 ,  0.713867188 SigReg: 64.6064301
std: 0.320068359 ,  0.707519531 SigReg: 49.4821358
std: 0.361328125 ,  0.716796875 SigReg: 49.4821358
std: 0.311523438 ,  0.637207031 SigReg: 64.219986
std: 0.386230469 ,  0.739257812 SigReg: 64.219986
std: 0.313964844 ,  0.594726562 SigReg: 74.7244797
std: 0.310546875 ,  0.684570312 SigReg: 74.7244797
std: 0.298095703 ,  0.6796875 SigReg: 71.2561264
std: 0.266845703 ,  0.691894531 SigReg: 71.2561264
std: 0.349365234 ,  0.639648438 SigReg: 79.5474396
std: 0.304443359 ,  0.702148438 SigReg: 79.5474396
std: 0.294921875 ,  0.678222656 SigReg: 82.0892
std: 0.287841797 ,  0.697753906 SigReg: 82.0892
std: 0.310546875 ,  0.770507812 SigReg: 62.9746
std: 0.383544922 ,  0.758300781 SigReg: 62.9746
std: 0.319824219 ,  0.683105469 SigReg: 64.922348
std: 0.326904297 ,  0.732910156 SigReg: 64.922348
std: 0.400390625 ,  0.764160156 SigReg: 73.5177155
std: 0.390380859 ,  0.749511719 SigReg: 73.5177155
std: 0.361328125 ,  0.698242188 SigReg: 53.9322739
std: 0.505859375 ,  0.734375 SigReg: 53.9322739
std: 0.291992188 ,  0.650878906 SigReg: 58.4026871
std: 0.395507812 ,  0.780761719 SigReg: 58.4026871
std: 0.33203125 ,  0.653808594 SigReg: 60.6853027
std: 0.328857422 ,  0.760253906 SigReg: 60.6853027
std: 0.375244141 ,  0.829589844 SigReg: 52.3032112
std: 0.340820312 ,  0.72265625 SigReg: 52.3032112
std: 0.436279297 ,  0.746582031 SigReg: 76.3036957
std: 0.383789062 ,  0.725097656 SigReg: 76.3036957
std: 0.417724609 ,  0.704101562 SigReg: 86.3790359
std: 0.541503906 ,  0.735351562 SigReg: 86.3790359
std: 0.488525391 ,  0.772949219 SigReg: 62.5205154
std: 0.395507812 ,  0.765136719 SigReg: 62.5205154
std: 0.411376953 ,  0.826660156 SigReg: 50.8892136
std: 0.407714844 ,  0.774902344 SigReg: 50.8892136
std: 0.433349609 ,  0.799316406 SigReg: 50.8801041
std: 0.49609375 ,  0.810546875 SigReg: 50.8801041
std: 0.341308594 ,  0.784179688 SigReg: 57.2476425
std: 0.489990234 ,  0.741699219 SigReg: 57.2476425
std: 0.437011719 ,  0.717285156 SigReg: 57.5135345
std: 0.403320312 ,  0.763183594 SigReg: 57.5135345
std: 0.416259766 ,  0.804199219 SigReg: 52.0448151
std: 0.407226562 ,  0.754394531 SigReg: 52.0448151
std: 0.416259766 ,  0.765625 SigReg: 52.1822
std: 0.396972656 ,  0.794921875 SigReg: 52.1822
std: 0.390625 ,  0.86328125 SigReg: 48.2290726
std: 0.407714844 ,  0.818359375 SigReg: 48.2290726
std: 0.383789062 ,  0.781738281 SigReg: 53.3098679
std: 0.422363281 ,  0.828613281 SigReg: 53.3098679
std: 0.418212891 ,  0.850097656 SigReg: 51.4716034
std: 0.397949219 ,  0.913574219 SigReg: 51.4716034
std: 0.444091797 ,  0.910644531 SigReg: 47.268074
std: 0.437744141 ,  0.847167969 SigReg: 47.268074
std: 0.413574219 ,  0.829589844 SigReg: 49.6284714
std: 0.3984375 ,  0.832519531 SigReg: 49.6284714
std: 0.427978516 ,  0.892578125 SigReg: 43.868187
std: 0.393798828 ,  0.819824219 SigReg: 43.868187
std: 0.374511719 ,  0.839355469 SigReg: 52.3805618
std: 0.3984375 ,  0.796875 SigReg: 52.3805618
  Step 250: Backbone Loss = 3.9666, SIGReg Loss = 52.3806 Probe Loss = 284.3520, Acc = 0.5364
std: 0.423339844 ,  0.867675781 SigReg: 52.0009117
std: 0.400878906 ,  0.804199219 SigReg: 52.0009117
std: 0.385986328 ,  0.803222656 SigReg: 49.2376175
std: 0.354980469 ,  0.791992188 SigReg: 49.2376175
std: 0.389892578 ,  0.826660156 SigReg: 48.8870621
std: 0.414794922 ,  0.882324219 SigReg: 48.8870621
std: 0.34375 ,  0.810546875 SigReg: 47.3731
std: 0.420410156 ,  0.841308594 SigReg: 47.3731
std: 0.432128906 ,  0.932128906 SigReg: 49.9334106
std: 0.403320312 ,  0.877929688 SigReg: 49.9334106
std: 0.380859375 ,  0.812988281 SigReg: 50.0357513
std: 0.380859375 ,  0.790527344 SigReg: 50.0357513
std: 0.414794922 ,  0.890136719 SigReg: 55.2546883
std: 0.414550781 ,  0.84765625 SigReg: 55.2546883
std: 0.386962891 ,  0.845703125 SigReg: 46.8753242
std: 0.343994141 ,  0.803710938 SigReg: 46.8753242
std: 0.402832031 ,  0.837890625 SigReg: 54.7666321
std: 0.430419922 ,  0.881347656 SigReg: 54.7666321
std: 0.371582031 ,  0.861328125 SigReg: 44.2022934
std: 0.432373047 ,  0.90234375 SigReg: 44.2022934
std: 0.346191406 ,  0.771972656 SigReg: 49.1635818
std: 0.394287109 ,  0.878417969 SigReg: 49.1635818
std: 0.400390625 ,  0.907714844 SigReg: 68.4542236
std: 0.389160156 ,  0.877929688 SigReg: 68.4542236
std: 0.338134766 ,  0.799316406 SigReg: 52.1436348
std: 0.384277344 ,  0.886230469 SigReg: 52.1436348
std: 0.419433594 ,  0.967773438 SigReg: 49.7337227
std: 0.399169922 ,  0.873046875 SigReg: 49.7337227
std: 0.331542969 ,  0.777832031 SigReg: 63.282486
std: 0.342041016 ,  0.837402344 SigReg: 63.282486
std: 0.331542969 ,  0.833007812 SigReg: 87.2482605
std: 0.376708984 ,  0.922851562 SigReg: 87.2482605
std: 0.345703125 ,  0.897460938 SigReg: 54.4621
std: 0.321044922 ,  0.944335938 SigReg: 54.4621
std: 0.32421875 ,  0.932617188 SigReg: 61.4329567
std: 0.325439453 ,  0.879882812 SigReg: 61.4329567
std: 0.328857422 ,  0.780761719 SigReg: 58.1240501
std: 0.340820312 ,  0.790527344 SigReg: 58.1240501
std: 0.334716797 ,  0.795898438 SigReg: 46.4452515
std: 0.354492188 ,  0.813476562 SigReg: 46.4452515
std: 0.330566406 ,  0.709472656 SigReg: 67.7442322
std: 0.292236328 ,  0.737304688 SigReg: 67.7442322
std: 0.381835938 ,  0.839355469 SigReg: 72.8891678
std: 0.330078125 ,  0.749511719 SigReg: 72.8891678
std: 0.514160156 ,  0.819824219 SigReg: 43.1172
std: 0.366699219 ,  0.893066406 SigReg: 43.1172
std: 0.398193359 ,  0.875976562 SigReg: 63.0975609
std: 0.348632812 ,  0.804199219 SigReg: 63.0975609
std: 0.33984375 ,  0.816894531 SigReg: 90.8214188
std: 0.354003906 ,  0.892578125 SigReg: 90.8214188
std: 0.482177734 ,  0.818359375 SigReg: 67.1918411
std: 0.357666016 ,  0.829589844 SigReg: 67.1918411
std: 0.570800781 ,  0.705078125 SigReg: 63.1662598
std: 0.346923828 ,  0.856445312 SigReg: 63.1662598
std: 0.431152344 ,  0.95703125 SigReg: 62.4610214
std: 0.532226562 ,  0.889160156 SigReg: 62.4610214
std: 0.393798828 ,  0.844238281 SigReg: 52.8377953
std: 0.303710938 ,  0.801757812 SigReg: 52.8377953
std: 0.376708984 ,  0.90234375 SigReg: 54.7158928
std: 0.368164062 ,  0.912597656 SigReg: 54.7158928
std: 0.364013672 ,  0.854980469 SigReg: 64.7839355
std: 0.347412109 ,  0.910644531 SigReg: 64.7839355
std: 0.447265625 ,  0.856933594 SigReg: 50.4781914
std: 0.450439453 ,  0.81640625 SigReg: 50.4781914
std: 0.457763672 ,  0.864746094 SigReg: 69.4249878
std: 0.598144531 ,  0.870117188 SigReg: 69.4249878
std: 0.439208984 ,  0.827636719 SigReg: 61.5348167
std: 0.497558594 ,  0.811035156 SigReg: 61.5348167
std: 0.412841797 ,  0.788085938 SigReg: 48.8407516
std: 0.407470703 ,  0.873046875 SigReg: 48.8407516
std: 0.436767578 ,  0.826171875 SigReg: 59.2947922
std: 0.396972656 ,  0.867675781 SigReg: 59.2947922
std: 0.45703125 ,  0.837890625 SigReg: 66.1528854
std: 0.439697266 ,  0.846191406 SigReg: 66.1528854
std: 0.432128906 ,  0.916992188 SigReg: 50.7274933
std: 0.456298828 ,  0.932128906 SigReg: 50.7274933
std: 0.437744141 ,  0.825683594 SigReg: 52.9089355
std: 0.638183594 ,  0.866210938 SigReg: 52.9089355
std: 0.356689453 ,  0.76953125 SigReg: 66.1324158
std: 0.422363281 ,  0.840332031 SigReg: 66.1324158
std: 0.381103516 ,  0.966796875 SigReg: 44.9891853
std: 0.380126953 ,  0.88671875 SigReg: 44.9891853
std: 0.359863281 ,  0.888183594 SigReg: 57.4435539
std: 0.351806641 ,  0.913085938 SigReg: 57.4435539
std: 0.370849609 ,  0.995117188 SigReg: 61.7622604
std: 0.336914062 ,  0.919433594 SigReg: 61.7622604
std: 0.357666016 ,  1.01855469 SigReg: 49.8740463
std: 0.312255859 ,  0.927734375 SigReg: 49.8740463
std: 0.364013672 ,  0.961425781 SigReg: 63.4521027
std: 0.401123047 ,  0.806640625 SigReg: 63.4521027
std: 0.443359375 ,  0.982910156 SigReg: 63.4956818
std: 0.389160156 ,  1.02734375 SigReg: 63.4956818
std: 0.505859375 ,  0.926269531 SigReg: 65.4704819
std: 0.406738281 ,  0.98046875 SigReg: 65.4704819
std: 0.316650391 ,  0.957519531 SigReg: 48.4129677
std: 0.440917969 ,  0.892089844 SigReg: 48.4129677
std: 0.357177734 ,  1.05957031 SigReg: 46.5902405
std: 0.335693359 ,  0.9921875 SigReg: 46.5902405
std: 0.497070312 ,  1.00976562 SigReg: 47.663929
std: 0.374267578 ,  1.04785156 SigReg: 47.663929
  Step 300: Backbone Loss = 3.6862, SIGReg Loss = 47.6639 Probe Loss = 287.1265, Acc = 0.5116
std: 0.394287109 ,  1.01855469 SigReg: 51.7972374
std: 0.420898438 ,  0.994628906 SigReg: 51.7972374
std: 0.535644531 ,  1.05273438 SigReg: 54.4411049
std: 0.397705078 ,  0.982421875 SigReg: 54.4411049
std: 0.390380859 ,  1.05078125 SigReg: 56.4044342
std: 0.400878906 ,  1.09472656 SigReg: 56.4044342
std: 0.398681641 ,  1.00878906 SigReg: 46.4693527
std: 0.399658203 ,  0.989746094 SigReg: 46.4693527
std: 0.434814453 ,  1.05371094 SigReg: 47.1489754
std: 0.397949219 ,  1.05664062 SigReg: 47.1489754
std: 0.446533203 ,  1.12109375 SigReg: 48.9374504
std: 0.427001953 ,  1.08007812 SigReg: 48.9374504
Epoch 3 finished in 249.47s.
  Avg Backbone Loss: 4.8550
  Avg Probe Loss:    292.1646
  Avg Probe Accuracy: 0.5138

Epoch 4/100
std: 0.411376953 ,  1.09179688 SigReg: 48.3546944
std: 0.423095703 ,  1.06640625 SigReg: 48.3546944
  Step 0: Backbone Loss = 3.7037, SIGReg Loss = 48.3547 Probe Loss = 295.3850, Acc = 0.5220
std: 0.368652344 ,  1.02832031 SigReg: 44.7628899
std: 0.430664062 ,  1.05761719 SigReg: 44.7628899
std: 0.406738281 ,  1.11914062 SigReg: 54.8889351
std: 0.360595703 ,  1.05371094 SigReg: 54.8889351
std: 0.422119141 ,  1.0546875 SigReg: 58.5726051
std: 0.365722656 ,  0.991699219 SigReg: 58.5726051
std: 0.375976562 ,  1.03417969 SigReg: 44.8931351
std: 0.371582031 ,  1.05078125 SigReg: 44.8931351
std: 0.476074219 ,  0.940917969 SigReg: 63.2972412
std: 0.482666016 ,  0.974609375 SigReg: 63.2972412
std: 0.331054688 ,  1.00488281 SigReg: 72.6969
std: 0.321777344 ,  0.875488281 SigReg: 72.6969
std: 0.315917969 ,  0.973632812 SigReg: 56.3975067
std: 0.330078125 ,  0.977050781 SigReg: 56.3975067
std: 0.311279297 ,  0.9453125 SigReg: 50.4052811
std: 0.322753906 ,  1.00097656 SigReg: 50.4052811
std: 0.299316406 ,  1.01367188 SigReg: 52.5570183
std: 0.284423828 ,  1.00683594 SigReg: 52.5570183
std: 0.259033203 ,  0.889160156 SigReg: 53.5789528
std: 0.3984375 ,  1.10839844 SigReg: 53.5789528
std: 0.306884766 ,  0.996582031 SigReg: 61.7200546
std: 0.287353516 ,  0.992675781 SigReg: 61.7200546
std: 0.252685547 ,  0.99609375 SigReg: 65.7309189
std: 0.279541016 ,  1.0546875 SigReg: 65.7309189
std: 0.296875 ,  1.09375 SigReg: 55.5175934
std: 0.269287109 ,  1.0625 SigReg: 55.5175934
std: 0.250732422 ,  1.05175781 SigReg: 46.4330559
std: 0.295654297 ,  1.08984375 SigReg: 46.4330559
std: 0.309082031 ,  1.06738281 SigReg: 50.7192955
std: 0.272216797 ,  1.02441406 SigReg: 50.7192955
std: 0.317871094 ,  1.1328125 SigReg: 49.0828667
std: 0.301757812 ,  1.05859375 SigReg: 49.0828667
std: 0.277099609 ,  1.06347656 SigReg: 54.6838875
std: 0.305175781 ,  1.07617188 SigReg: 54.6838875
std: 0.293701172 ,  1.1015625 SigReg: 58.6449928
std: 0.272216797 ,  1.11523438 SigReg: 58.6449928
std: 0.248413086 ,  1.1171875 SigReg: 48.3041801
std: 0.259277344 ,  1.1015625 SigReg: 48.3041801
std: 0.422607422 ,  1.19335938 SigReg: 48.3919754
std: 0.253662109 ,  1.01269531 SigReg: 48.3919754
std: 0.256591797 ,  1.20214844 SigReg: 46.9263458
std: 0.290039062 ,  1.16210938 SigReg: 46.9263458
std: 0.452636719 ,  1.11132812 SigReg: 45.9824409
std: 0.243774414 ,  1.28125 SigReg: 45.9824409
std: 0.295654297 ,  1.1640625 SigReg: 48.9091492
std: 0.263916016 ,  1.14453125 SigReg: 48.9091492
std: 0.264892578 ,  1.31835938 SigReg: 59.3775787
std: 0.283447266 ,  1.25585938 SigReg: 59.3775787
std: 0.432373047 ,  1.31835938 SigReg: 50.2309647
std: 0.265380859 ,  1.26367188 SigReg: 50.2309647
std: 0.369384766 ,  1.25976562 SigReg: 66.4016266
std: 0.271728516 ,  1.09179688 SigReg: 66.4016266
std: 0.303710938 ,  1.11523438 SigReg: 52.894352
std: 0.320800781 ,  1.34960938 SigReg: 52.894352
std: 0.305908203 ,  1.40039062 SigReg: 46.8933
std: 0.297607422 ,  1.25390625 SigReg: 46.8933
std: 0.284179688 ,  1.20019531 SigReg: 42.2668648
std: 0.333496094 ,  1.31347656 SigReg: 42.2668648
std: 0.473632812 ,  1.29785156 SigReg: 47.9711456
std: 0.288330078 ,  1.18945312 SigReg: 47.9711456
std: 0.285888672 ,  1.2109375 SigReg: 55.8744888
std: 0.302490234 ,  1.17578125 SigReg: 55.8744888
std: 0.282470703 ,  1.31835938 SigReg: 55.480011
std: 0.267822266 ,  1.07421875 SigReg: 55.480011
std: 0.312011719 ,  1.31542969 SigReg: 48.0983124
std: 0.284912109 ,  1.13964844 SigReg: 48.0983124
std: 0.447998047 ,  1.33789062 SigReg: 48.9616394
std: 0.327392578 ,  1.26660156 SigReg: 48.9616394
std: 0.317382812 ,  1.27539062 SigReg: 46.6876945
std: 0.353759766 ,  1.21191406 SigReg: 46.6876945
std: 0.4609375 ,  1.33203125 SigReg: 42.7103577
std: 0.329833984 ,  1.2578125 SigReg: 42.7103577
std: 0.318603516 ,  1.28710938 SigReg: 42.5193176
std: 0.328857422 ,  1.26855469 SigReg: 42.5193176
std: 0.332763672 ,  1.33398438 SigReg: 49.4122086
std: 0.306884766 ,  1.39746094 SigReg: 49.4122086
std: 0.343994141 ,  1.28808594 SigReg: 44.6684341
std: 0.338378906 ,  1.29492188 SigReg: 44.6684341
std: 0.326904297 ,  1.42382812 SigReg: 63.8853
std: 0.317138672 ,  1.3984375 SigReg: 63.8853
std: 0.282714844 ,  1.48339844 SigReg: 52.6533203
std: 0.333496094 ,  1.44726562 SigReg: 52.6533203
std: 0.335693359 ,  1.63378906 SigReg: 48.9631081
std: 0.286621094 ,  1.58203125 SigReg: 48.9631081
std: 0.513183594 ,  1.44335938 SigReg: 55.6448097
std: 0.316894531 ,  1.55566406 SigReg: 55.6448097
std: 0.334960938 ,  1.48535156 SigReg: 47.2310867
std: 0.334960938 ,  1.53125 SigReg: 47.2310867
std: 0.329101562 ,  1.6015625 SigReg: 49.1375732
std: 0.315917969 ,  1.44433594 SigReg: 49.1375732
std: 0.310058594 ,  1.45214844 SigReg: 55.0660973
std: 0.317871094 ,  1.41894531 SigReg: 55.0660973
std: 0.338623047 ,  1.42871094 SigReg: 51.7308273
std: 0.357421875 ,  1.49804688 SigReg: 51.7308273
std: 0.363037109 ,  1.53710938 SigReg: 42.1931763
std: 0.374511719 ,  1.50292969 SigReg: 42.1931763
std: 0.348388672 ,  1.37890625 SigReg: 54.2594147
std: 0.338867188 ,  1.44824219 SigReg: 54.2594147
std: 0.409423828 ,  1.43554688 SigReg: 66.5257492
std: 0.365722656 ,  1.49511719 SigReg: 66.5257492
  Step 50: Backbone Loss = 4.5788, SIGReg Loss = 66.5257 Probe Loss = 277.3196, Acc = 0.5162
std: 0.488525391 ,  1.43164062 SigReg: 69.9533844
std: 0.409667969 ,  1.29492188 SigReg: 69.9533844
std: 0.367919922 ,  1.37011719 SigReg: 54.7001
std: 0.373779297 ,  1.33105469 SigReg: 54.7001
std: 0.406738281 ,  1.37597656 SigReg: 45.2698212
std: 0.395751953 ,  1.23535156 SigReg: 45.2698212
std: 0.408447266 ,  1.4296875 SigReg: 54.758709
std: 0.359619141 ,  1.30957031 SigReg: 54.758709
std: 0.418457031 ,  1.42285156 SigReg: 63.2785797
std: 0.418457031 ,  1.45214844 SigReg: 63.2785797
std: 0.394775391 ,  1.43945312 SigReg: 45.9713707
std: 0.4140625 ,  1.3828125 SigReg: 45.9713707
std: 0.493652344 ,  1.36230469 SigReg: 39.75177
std: 0.433837891 ,  1.44726562 SigReg: 39.75177
std: 0.418701172 ,  1.48339844 SigReg: 57.7587662
std: 0.389892578 ,  1.40820312 SigReg: 57.7587662
std: 0.378662109 ,  1.37792969 SigReg: 68.0198212
std: 0.454101562 ,  1.54980469 SigReg: 68.0198212
std: 0.436767578 ,  1.54199219 SigReg: 46.4728622
std: 0.414306641 ,  1.62890625 SigReg: 46.4728622
std: 0.390380859 ,  1.45214844 SigReg: 44.257122
std: 0.458007812 ,  1.57421875 SigReg: 44.257122
std: 0.481689453 ,  1.59570312 SigReg: 44.5660591
std: 0.489501953 ,  1.57519531 SigReg: 44.5660591
std: 0.498535156 ,  1.44824219 SigReg: 56.5832214
std: 0.415527344 ,  1.34277344 SigReg: 56.5832214
std: 0.488769531 ,  1.45117188 SigReg: 54.9312515
std: 0.463867188 ,  1.42773438 SigReg: 54.9312515
std: 0.4921875 ,  1.40527344 SigReg: 51.7401
std: 0.425537109 ,  1.30957031 SigReg: 51.7401
std: 0.444580078 ,  1.33691406 SigReg: 48.142868
std: 0.416748047 ,  1.29785156 SigReg: 48.142868
std: 0.483398438 ,  1.49902344 SigReg: 48.6287537
std: 0.50390625 ,  1.40429688 SigReg: 48.6287537
std: 0.492919922 ,  1.53417969 SigReg: 44.9357758
std: 0.454345703 ,  1.453125 SigReg: 44.9357758
std: 0.462402344 ,  1.59667969 SigReg: 47.5912933
std: 0.507324219 ,  1.7109375 SigReg: 47.5912933
std: 0.452880859 ,  1.50878906 SigReg: 59.2464409
std: 0.385253906 ,  1.47363281 SigReg: 59.2464409
std: 0.378417969 ,  1.53710938 SigReg: 57.8127403
std: 0.455322266 ,  1.57324219 SigReg: 57.8127403
std: 0.4453125 ,  1.62304688 SigReg: 52.2793808
std: 0.4296875 ,  1.63964844 SigReg: 52.2793808
std: 0.49609375 ,  1.68554688 SigReg: 46.9457626
std: 0.477783203 ,  1.69433594 SigReg: 46.9457626
std: 0.476318359 ,  1.69824219 SigReg: 50.8356857
std: 0.493408203 ,  1.68554688 SigReg: 50.8356857
std: 0.48828125 ,  1.71582031 SigReg: 45.0783234
std: 0.425537109 ,  1.65625 SigReg: 45.0783234
std: 0.545898438 ,  1.765625 SigReg: 45.0752869
std: 0.521972656 ,  1.85742188 SigReg: 45.0752869
std: 0.498779297 ,  1.69140625 SigReg: 44.8241577
std: 0.472167969 ,  1.69433594 SigReg: 44.8241577
std: 0.518066406 ,  1.56835938 SigReg: 47.1369
std: 0.492431641 ,  1.69140625 SigReg: 47.1369
std: 0.474121094 ,  1.74804688 SigReg: 45.1776695
std: 0.443359375 ,  1.54980469 SigReg: 45.1776695
std: 0.474853516 ,  1.7265625 SigReg: 41.7304
std: 0.538574219 ,  1.77539062 SigReg: 41.7304
std: 0.55859375 ,  1.73730469 SigReg: 42.7352715
std: 0.502929688 ,  1.70117188 SigReg: 42.7352715
std: 0.513671875 ,  1.81542969 SigReg: 44.5205193
std: 0.493164062 ,  1.6953125 SigReg: 44.5205193
std: 0.470458984 ,  1.69628906 SigReg: 42.0072823
std: 0.478027344 ,  1.76953125 SigReg: 42.0072823
std: 0.438232422 ,  1.65039062 SigReg: 53.7368393
std: 0.477539062 ,  1.69628906 SigReg: 53.7368393
std: 0.484130859 ,  1.6875 SigReg: 47.9496574
std: 0.451416016 ,  1.73632812 SigReg: 47.9496574
std: 0.515136719 ,  1.9140625 SigReg: 45.1204681
std: 0.463867188 ,  1.796875 SigReg: 45.1204681
std: 0.477050781 ,  1.70410156 SigReg: 43.9142303
std: 0.499755859 ,  1.78222656 SigReg: 43.9142303
std: 0.51953125 ,  1.90136719 SigReg: 47.7656555
std: 0.376220703 ,  1.58984375 SigReg: 47.7656555
std: 0.504394531 ,  1.8828125 SigReg: 48.960434
std: 0.494628906 ,  1.89257812 SigReg: 48.960434
std: 0.543945312 ,  1.80859375 SigReg: 43.3066292
std: 0.541015625 ,  1.93945312 SigReg: 43.3066292
std: 0.521972656 ,  1.83691406 SigReg: 39.1713028
std: 0.499023438 ,  1.86328125 SigReg: 39.1713028
std: 0.630859375 ,  1.90039062 SigReg: 41.421936
std: 0.609375 ,  1.90039062 SigReg: 41.421936
std: 0.509765625 ,  1.87597656 SigReg: 41.4256935
std: 0.569824219 ,  1.8828125 SigReg: 41.4256935
std: 0.587890625 ,  1.93945312 SigReg: 46.9175453
std: 0.468017578 ,  1.64453125 SigReg: 46.9175453
std: 0.586425781 ,  1.94628906 SigReg: 40.112
std: 0.577636719 ,  1.88867188 SigReg: 40.112
std: 0.592285156 ,  1.96191406 SigReg: 42.0272064
std: 0.637695312 ,  1.89355469 SigReg: 42.0272064
std: 0.623046875 ,  1.89648438 SigReg: 41.3798714
std: 0.596191406 ,  1.890625 SigReg: 41.3798714
std: 0.618164062 ,  1.96679688 SigReg: 39.3461151
std: 0.676757812 ,  2.08007812 SigReg: 39.3461151
std: 0.595703125 ,  2.00976562 SigReg: 40.6984711
std: 0.677734375 ,  2.1484375 SigReg: 40.6984711
std: 0.595214844 ,  1.98535156 SigReg: 45.6270027
std: 0.549804688 ,  1.84863281 SigReg: 45.6270027
  Step 100: Backbone Loss = 3.5512, SIGReg Loss = 45.6270 Probe Loss = 284.3003, Acc = 0.5157
std: 0.57421875 ,  1.82226562 SigReg: 49.1207542
std: 0.551269531 ,  1.86914062 SigReg: 49.1207542
std: 0.614257812 ,  1.93261719 SigReg: 41.4476128
std: 0.694335938 ,  2.1484375 SigReg: 41.4476128
std: 0.717773438 ,  1.90820312 SigReg: 60.5450172
std: 0.701171875 ,  1.95214844 SigReg: 60.5450172
std: 0.630371094 ,  1.99804688 SigReg: 55.3556061
std: 0.655273438 ,  1.93164062 SigReg: 55.3556061
std: 0.583007812 ,  1.71875 SigReg: 49.9015503
std: 0.739746094 ,  1.96679688 SigReg: 49.9015503
std: 0.600097656 ,  1.83300781 SigReg: 67.1722717
std: 0.645507812 ,  1.85253906 SigReg: 67.1722717
std: 0.715820312 ,  1.85253906 SigReg: 81.5891113
std: 0.647460938 ,  1.93945312 SigReg: 81.5891113
std: 0.686035156 ,  1.88378906 SigReg: 67.3964386
std: 0.603515625 ,  1.78710938 SigReg: 67.3964386
std: 0.719238281 ,  1.91503906 SigReg: 46.1352272
std: 0.658691406 ,  1.80078125 SigReg: 46.1352272
std: 0.716308594 ,  1.93457031 SigReg: 44.6371384
std: 0.6484375 ,  1.95898438 SigReg: 44.6371384
std: 0.655273438 ,  1.7734375 SigReg: 43.3221245
std: 0.736328125 ,  1.97070312 SigReg: 43.3221245
std: 0.736816406 ,  1.76074219 SigReg: 47.9235497
std: 0.742675781 ,  1.78613281 SigReg: 47.9235497
std: 0.616210938 ,  1.80664062 SigReg: 52.6158409
std: 0.735351562 ,  1.93359375 SigReg: 52.6158409
std: 0.671875 ,  1.87109375 SigReg: 46.1856499
std: 0.685058594 ,  1.95507812 SigReg: 46.1856499
std: 0.570800781 ,  1.77832031 SigReg: 56.4880943
std: 0.624511719 ,  1.8046875 SigReg: 56.4880943
std: 0.648925781 ,  1.82226562 SigReg: 45.4027328
std: 0.587402344 ,  1.68457031 SigReg: 45.4027328
std: 0.701171875 ,  1.78417969 SigReg: 44.0906448
std: 0.616210938 ,  1.59960938 SigReg: 44.0906448
std: 0.826660156 ,  1.78515625 SigReg: 43.4024696
std: 0.631347656 ,  1.76269531 SigReg: 43.4024696
std: 0.747558594 ,  1.81835938 SigReg: 43.0307808
std: 0.6640625 ,  1.828125 SigReg: 43.0307808
std: 0.666992188 ,  1.72070312 SigReg: 53.7833138
std: 0.704101562 ,  1.66894531 SigReg: 53.7833138
std: 0.666503906 ,  1.77050781 SigReg: 47.3752441
std: 0.760742188 ,  1.80175781 SigReg: 47.3752441
std: 0.748046875 ,  1.76660156 SigReg: 49.1845703
std: 0.651855469 ,  1.79980469 SigReg: 49.1845703
std: 0.680664062 ,  1.75585938 SigReg: 45.3681412
std: 0.709472656 ,  1.73632812 SigReg: 45.3681412
std: 0.734375 ,  1.82910156 SigReg: 46.8984261
std: 0.744140625 ,  1.87597656 SigReg: 46.8984261
std: 0.691894531 ,  1.69238281 SigReg: 46.0299454
std: 0.726074219 ,  1.61816406 SigReg: 46.0299454
std: 0.676757812 ,  1.71875 SigReg: 41.9390793
std: 0.723144531 ,  1.74609375 SigReg: 41.9390793
std: 0.682617188 ,  1.76367188 SigReg: 42.4758835
std: 0.68359375 ,  1.734375 SigReg: 42.4758835
std: 0.73828125 ,  1.81152344 SigReg: 42.7745819
std: 0.572753906 ,  1.6015625 SigReg: 42.7745819
std: 0.664550781 ,  1.66601562 SigReg: 39.6129036
std: 0.698242188 ,  1.78613281 SigReg: 39.6129036
std: 0.629882812 ,  1.71386719 SigReg: 48.3944168
std: 0.665039062 ,  1.70117188 SigReg: 48.3944168
std: 0.630371094 ,  1.76171875 SigReg: 46.5451584
std: 0.649414062 ,  1.68359375 SigReg: 46.5451584
std: 0.641601562 ,  1.72851562 SigReg: 38.5515671
std: 0.669433594 ,  1.66699219 SigReg: 38.5515671
std: 0.62109375 ,  1.64160156 SigReg: 35.7034073
std: 0.612792969 ,  1.59765625 SigReg: 35.7034073
std: 0.689453125 ,  1.75097656 SigReg: 42.2733498
std: 0.640625 ,  1.72265625 SigReg: 42.2733498
std: 0.540527344 ,  1.54589844 SigReg: 38.0143623
std: 0.624023438 ,  1.60449219 SigReg: 38.0143623
std: 0.630859375 ,  1.60351562 SigReg: 39.2719078
std: 0.6953125 ,  1.71679688 SigReg: 39.2719078
std: 0.602539062 ,  1.67871094 SigReg: 47.9595566
std: 0.68359375 ,  1.67675781 SigReg: 47.9595566
std: 0.699707031 ,  1.67382812 SigReg: 37.0037117
std: 0.687988281 ,  1.75683594 SigReg: 37.0037117
std: 0.719238281 ,  1.79980469 SigReg: 39.0747261
std: 0.705566406 ,  1.79296875 SigReg: 39.0747261
std: 0.680175781 ,  1.73339844 SigReg: 45.1873665
std: 0.69921875 ,  1.84765625 SigReg: 45.1873665
std: 0.686035156 ,  1.73242188 SigReg: 39.4239426
std: 0.684082031 ,  1.76953125 SigReg: 39.4239426
std: 0.708007812 ,  1.67578125 SigReg: 40.970211
std: 0.654785156 ,  1.64257812 SigReg: 40.970211
std: 0.736328125 ,  1.68945312 SigReg: 36.0423088
std: 0.724609375 ,  1.80078125 SigReg: 36.0423088
std: 0.765625 ,  1.85449219 SigReg: 40.5406036
std: 0.800292969 ,  1.82617188 SigReg: 40.5406036
std: 0.681640625 ,  1.68359375 SigReg: 33.676857
std: 0.740722656 ,  1.79589844 SigReg: 33.676857
std: 0.7109375 ,  1.7265625 SigReg: 38.2732735
std: 0.784179688 ,  1.74511719 SigReg: 38.2732735
std: 0.781738281 ,  1.64160156 SigReg: 37.3206711
std: 0.719238281 ,  1.71972656 SigReg: 37.3206711
std: 0.674804688 ,  1.66601562 SigReg: 45.719635
std: 0.717285156 ,  1.66992188 SigReg: 45.719635
std: 0.699707031 ,  1.66796875 SigReg: 42.5451355
std: 0.717285156 ,  1.62792969 SigReg: 42.5451355
std: 0.633300781 ,  1.47070312 SigReg: 37.3015213
std: 0.668945312 ,  1.59960938 SigReg: 37.3015213
  Step 150: Backbone Loss = 3.2027, SIGReg Loss = 37.3015 Probe Loss = 271.9527, Acc = 0.4892
std: 0.700195312 ,  1.53808594 SigReg: 39.5911789
std: 0.638183594 ,  1.53417969 SigReg: 39.5911789
std: 0.626953125 ,  1.55664062 SigReg: 47.210804
std: 0.618164062 ,  1.62792969 SigReg: 47.210804
std: 0.682128906 ,  1.52246094 SigReg: 41.0508232
std: 0.645019531 ,  1.49902344 SigReg: 41.0508232
std: 0.578125 ,  1.46679688 SigReg: 37.052948
std: 0.661621094 ,  1.66113281 SigReg: 37.052948
std: 0.638183594 ,  1.50976562 SigReg: 39.7154121
std: 0.619628906 ,  1.63085938 SigReg: 39.7154121
std: 0.626953125 ,  1.5859375 SigReg: 39.5262794
std: 0.680175781 ,  1.66113281 SigReg: 39.5262794
std: 0.671875 ,  1.67285156 SigReg: 37.9687
std: 0.654785156 ,  1.51074219 SigReg: 37.9687
std: 0.556152344 ,  1.53417969 SigReg: 43.5092163
std: 0.6875 ,  1.47363281 SigReg: 43.5092163
std: 0.615722656 ,  1.61621094 SigReg: 39.7391129
std: 0.711914062 ,  1.65332031 SigReg: 39.7391129
std: 0.664550781 ,  1.75488281 SigReg: 40.5832596
std: 0.599609375 ,  1.6328125 SigReg: 40.5832596
std: 0.584472656 ,  1.68359375 SigReg: 52.3939781
std: 0.619140625 ,  1.74707031 SigReg: 52.3939781
std: 0.611816406 ,  1.35351562 SigReg: 55.1845474
std: 0.599121094 ,  1.64648438 SigReg: 55.1845474
std: 0.614746094 ,  1.63574219 SigReg: 40.8234329
std: 0.678710938 ,  1.68457031 SigReg: 40.8234329
std: 0.762695312 ,  1.67871094 SigReg: 38.0433502
std: 0.637695312 ,  1.65917969 SigReg: 38.0433502
std: 0.631347656 ,  1.57910156 SigReg: 39.0909424
std: 0.704101562 ,  1.55761719 SigReg: 39.0909424
std: 0.670410156 ,  1.63378906 SigReg: 41.3170586
std: 0.618652344 ,  1.38476562 SigReg: 41.3170586
std: 0.695800781 ,  1.65136719 SigReg: 48.4598
std: 0.719726562 ,  1.65332031 SigReg: 48.4598
std: 0.661132812 ,  1.53027344 SigReg: 48.9525337
std: 0.708984375 ,  1.75292969 SigReg: 48.9525337
std: 0.659179688 ,  1.78515625 SigReg: 35.9480896
std: 0.618164062 ,  1.60839844 SigReg: 35.9480896
std: 0.724609375 ,  1.72851562 SigReg: 37.6884766
std: 0.705566406 ,  1.72167969 SigReg: 37.6884766
std: 0.681640625 ,  1.73339844 SigReg: 43.8004684
std: 0.684082031 ,  1.63867188 SigReg: 43.8004684
std: 0.665527344 ,  1.62597656 SigReg: 46.4608574
std: 0.701660156 ,  1.66992188 SigReg: 46.4608574
std: 0.653808594 ,  1.67675781 SigReg: 42.7107124
std: 0.659667969 ,  1.54003906 SigReg: 42.7107124
std: 0.63671875 ,  1.640625 SigReg: 39.6439209
std: 0.670898438 ,  1.66210938 SigReg: 39.6439209
std: 0.62890625 ,  1.58007812 SigReg: 42.9536057
std: 0.729980469 ,  1.73730469 SigReg: 42.9536057
std: 0.717285156 ,  1.49902344 SigReg: 40.1482
std: 0.66015625 ,  1.60839844 SigReg: 40.1482
std: 0.703613281 ,  1.54394531 SigReg: 40.5028114
std: 0.666503906 ,  1.54296875 SigReg: 40.5028114
std: 0.592285156 ,  1.41113281 SigReg: 43.2195396
std: 0.655273438 ,  1.47753906 SigReg: 43.2195396
std: 0.612304688 ,  1.47753906 SigReg: 41.9291458
std: 0.645507812 ,  1.45996094 SigReg: 41.9291458
std: 0.629394531 ,  1.58398438 SigReg: 36.1080399
std: 0.655273438 ,  1.6640625 SigReg: 36.1080399
std: 0.542480469 ,  1.44628906 SigReg: 39.4931335
std: 0.563964844 ,  1.57128906 SigReg: 39.4931335
std: 0.624511719 ,  1.41015625 SigReg: 36.879303
std: 0.589355469 ,  1.58203125 SigReg: 36.879303
std: 0.540039062 ,  1.50390625 SigReg: 40.0762863
std: 0.543457031 ,  1.26171875 SigReg: 40.0762863
std: 0.557617188 ,  1.48828125 SigReg: 36.0324783
std: 0.595214844 ,  1.53027344 SigReg: 36.0324783
std: 0.668457031 ,  1.58398438 SigReg: 41.1552734
std: 0.545898438 ,  1.69238281 SigReg: 41.1552734
std: 0.631835938 ,  1.67382812 SigReg: 37.3453102
std: 0.545410156 ,  1.61816406 SigReg: 37.3453102
std: 0.606933594 ,  1.60253906 SigReg: 41.304306
std: 0.594726562 ,  1.69433594 SigReg: 41.304306
std: 0.651855469 ,  1.59570312 SigReg: 39.2381973
std: 0.543457031 ,  1.59179688 SigReg: 39.2381973
std: 0.643066406 ,  1.47558594 SigReg: 43.8492279
std: 0.591308594 ,  1.58007812 SigReg: 43.8492279
std: 0.575683594 ,  1.54394531 SigReg: 42.6014595
std: 0.614746094 ,  1.60058594 SigReg: 42.6014595
std: 0.583007812 ,  1.57421875 SigReg: 43.9188919
std: 0.591796875 ,  1.28515625 SigReg: 43.9188919
std: 0.511230469 ,  1.41601562 SigReg: 37.6152039
std: 0.549316406 ,  1.52246094 SigReg: 37.6152039
std: 0.57421875 ,  1.38671875 SigReg: 41.4203186
std: 0.597167969 ,  1.43359375 SigReg: 41.4203186
std: 0.58203125 ,  1.52441406 SigReg: 62.1593475
std: 0.572265625 ,  1.66894531 SigReg: 62.1593475
std: 0.416259766 ,  1.41113281 SigReg: 64.8500824
std: 0.500976562 ,  1.46679688 SigReg: 64.8500824
std: 0.525390625 ,  1.56738281 SigReg: 46.9681969
std: 0.501464844 ,  1.47949219 SigReg: 46.9681969
std: 0.444580078 ,  1.44726562 SigReg: 56.0287476
std: 0.485351562 ,  1.45996094 SigReg: 56.0287476
std: 0.480712891 ,  1.42089844 SigReg: 67.0436172
std: 0.479736328 ,  1.42480469 SigReg: 67.0436172
std: 0.469726562 ,  1.40722656 SigReg: 39.2500496
std: 0.493164062 ,  1.36328125 SigReg: 39.2500496
std: 0.446289062 ,  1.38964844 SigReg: 52.139164
std: 0.382324219 ,  1.50390625 SigReg: 52.139164
  Step 200: Backbone Loss = 3.8599, SIGReg Loss = 52.1392 Probe Loss = 286.0753, Acc = 0.5081
std: 0.402832031 ,  1.44824219 SigReg: 51.0865479
std: 0.427734375 ,  1.43164062 SigReg: 51.0865479
std: 0.522949219 ,  1.43847656 SigReg: 39.7642822
std: 0.466552734 ,  1.47753906 SigReg: 39.7642822
std: 0.493652344 ,  1.37011719 SigReg: 50.2606659
std: 0.488037109 ,  1.41210938 SigReg: 50.2606659
std: 0.430419922 ,  1.16796875 SigReg: 65.0630493
std: 0.504394531 ,  1.38183594 SigReg: 65.0630493
std: 0.455078125 ,  1.23730469 SigReg: 42.2028847
std: 0.408203125 ,  1.34375 SigReg: 42.2028847
std: 0.427246094 ,  1.1953125 SigReg: 44.3542557
std: 0.460205078 ,  1.51660156 SigReg: 44.3542557
std: 0.429931641 ,  1.46289062 SigReg: 54.8846359
std: 0.431396484 ,  1.43847656 SigReg: 54.8846359
std: 0.397705078 ,  1.36425781 SigReg: 42.2179108
std: 0.420166016 ,  1.38769531 SigReg: 42.2179108
std: 0.431396484 ,  1.4375 SigReg: 42.2203636
std: 0.467773438 ,  1.4453125 SigReg: 42.2203636
std: 0.471679688 ,  1.45703125 SigReg: 49.6484718
std: 0.455078125 ,  1.40136719 SigReg: 49.6484718
std: 0.388916016 ,  1.45800781 SigReg: 38.2489471
std: 0.481689453 ,  1.45019531 SigReg: 38.2489471
std: 0.416992188 ,  1.53710938 SigReg: 41.023632
std: 0.450439453 ,  1.43847656 SigReg: 41.023632
std: 0.390625 ,  1.60644531 SigReg: 45.8516541
std: 0.381347656 ,  1.49121094 SigReg: 45.8516541
std: 0.428466797 ,  1.44335938 SigReg: 37.1337433
std: 0.491699219 ,  1.52929688 SigReg: 37.1337433
std: 0.40234375 ,  1.43359375 SigReg: 46.3488274
std: 0.439208984 ,  1.38964844 SigReg: 46.3488274
std: 0.452148438 ,  1.45605469 SigReg: 42.2471619
std: 0.440185547 ,  1.49316406 SigReg: 42.2471619
std: 0.422363281 ,  1.59277344 SigReg: 36.8672791
std: 0.406494141 ,  1.390625 SigReg: 36.8672791
std: 0.458007812 ,  1.52929688 SigReg: 35.5533257
std: 0.432128906 ,  1.4609375 SigReg: 35.5533257
std: 0.464599609 ,  1.31835938 SigReg: 48.1236572
std: 0.551757812 ,  1.50390625 SigReg: 48.1236572
std: 0.444335938 ,  1.33789062 SigReg: 31.4365425
std: 0.472167969 ,  1.42480469 SigReg: 31.4365425
std: 0.464111328 ,  1.38867188 SigReg: 38.8149796
std: 0.447753906 ,  1.375 SigReg: 38.8149796
std: 0.426025391 ,  1.40429688 SigReg: 36.7378922
std: 0.472167969 ,  1.43359375 SigReg: 36.7378922
std: 0.400878906 ,  1.36621094 SigReg: 38.4752579
std: 0.514160156 ,  1.47558594 SigReg: 38.4752579
std: 0.47265625 ,  1.45800781 SigReg: 42.5007553
std: 0.450927734 ,  1.41894531 SigReg: 42.5007553
std: 0.446044922 ,  1.359375 SigReg: 45.6406212
std: 0.431152344 ,  1.3359375 SigReg: 45.6406212
std: 0.423583984 ,  1.27539062 SigReg: 44.9205513
std: 0.396728516 ,  1.20410156 SigReg: 44.9205513
std: 0.470214844 ,  1.39453125 SigReg: 47.1295891
std: 0.491210938 ,  1.3046875 SigReg: 47.1295891
std: 0.474365234 ,  1.28515625 SigReg: 53.6073
std: 0.450439453 ,  1.28613281 SigReg: 53.6073
std: 0.414794922 ,  1.21386719 SigReg: 38.6428719
std: 0.46484375 ,  1.39160156 SigReg: 38.6428719
std: 0.4296875 ,  1.27050781 SigReg: 48.9203224
std: 0.427001953 ,  1.23632812 SigReg: 48.9203224
std: 0.369140625 ,  1.24511719 SigReg: 56.0724144
std: 0.375244141 ,  1.19238281 SigReg: 56.0724144
std: 0.430419922 ,  1.2890625 SigReg: 45.4439926
std: 0.391601562 ,  1.27441406 SigReg: 45.4439926
std: 0.410644531 ,  1.26171875 SigReg: 42.4724121
std: 0.3671875 ,  1.12597656 SigReg: 42.4724121
std: 0.359130859 ,  1.19335938 SigReg: 49.9979172
std: 0.411376953 ,  1.22753906 SigReg: 49.9979172
std: 0.446044922 ,  1.08789062 SigReg: 39.1502647
std: 0.489746094 ,  1.171875 SigReg: 39.1502647
std: 0.442626953 ,  1.11230469 SigReg: 39.4905396
std: 0.429931641 ,  1.26171875 SigReg: 39.4905396
std: 0.448486328 ,  1.17578125 SigReg: 48.1379852
std: 0.417480469 ,  1.25195312 SigReg: 48.1379852
std: 0.50390625 ,  1.14257812 SigReg: 45.1359329
std: 0.439941406 ,  1.30761719 SigReg: 45.1359329
std: 0.412109375 ,  1.33300781 SigReg: 37.1602554
std: 0.46484375 ,  1.25585938 SigReg: 37.1602554
std: 0.450439453 ,  1.22070312 SigReg: 40.4142036
std: 0.429931641 ,  1.11230469 SigReg: 40.4142036
std: 0.505371094 ,  1.23828125 SigReg: 45.9560165
std: 0.486083984 ,  1.23632812 SigReg: 45.9560165
std: 0.476806641 ,  1.28125 SigReg: 44.2857742
std: 0.446533203 ,  1.30566406 SigReg: 44.2857742
std: 0.436279297 ,  1.25195312 SigReg: 42.9644241
std: 0.417236328 ,  1.11132812 SigReg: 42.9644241
std: 0.405029297 ,  1.24804688 SigReg: 44.0560951
std: 0.427734375 ,  1.20800781 SigReg: 44.0560951
std: 0.503417969 ,  1.19628906 SigReg: 39.602314
std: 0.455566406 ,  1.25292969 SigReg: 39.602314
std: 0.444580078 ,  1.2890625 SigReg: 37.7528801
std: 0.378662109 ,  1.15625 SigReg: 37.7528801
std: 0.403076172 ,  1.26269531 SigReg: 39.3053474
std: 0.422119141 ,  1.28710938 SigReg: 39.3053474
std: 0.450439453 ,  1.27050781 SigReg: 37.6776276
std: 0.403320312 ,  1.18847656 SigReg: 37.6776276
std: 0.370605469 ,  1.33398438 SigReg: 50.0679779
std: 0.412841797 ,  1.27148438 SigReg: 50.0679779
std: 0.411865234 ,  1.34472656 SigReg: 45.7858162
std: 0.422851562 ,  1.26953125 SigReg: 45.7858162
  Step 250: Backbone Loss = 3.4879, SIGReg Loss = 45.7858 Probe Loss = 272.7976, Acc = 0.5145
std: 0.514160156 ,  1.26660156 SigReg: 38.9036407
std: 0.428222656 ,  1.17578125 SigReg: 38.9036407
std: 0.444335938 ,  1.2265625 SigReg: 35.3564453
std: 0.513183594 ,  1.26660156 SigReg: 35.3564453
std: 0.473144531 ,  1.31640625 SigReg: 36.814579
std: 0.459716797 ,  1.24707031 SigReg: 36.814579
std: 0.4296875 ,  1.27246094 SigReg: 40.9532242
std: 0.442626953 ,  1.31347656 SigReg: 40.9532242
std: 0.508300781 ,  1.17382812 SigReg: 39.6293526
std: 0.469482422 ,  1.42382812 SigReg: 39.6293526
std: 0.474365234 ,  1.26269531 SigReg: 41.3459854
std: 0.500488281 ,  1.25097656 SigReg: 41.3459854
std: 0.466308594 ,  1.23632812 SigReg: 37.2624741
std: 0.413574219 ,  1.16503906 SigReg: 37.2624741
std: 0.442871094 ,  1.20996094 SigReg: 37.7562599
std: 0.474365234 ,  1.21191406 SigReg: 37.7562599
std: 0.385986328 ,  1.0390625 SigReg: 38.5821381
std: 0.378662109 ,  1.17773438 SigReg: 38.5821381
std: 0.41015625 ,  1.19042969 SigReg: 45.2634544
std: 0.482421875 ,  1.05371094 SigReg: 45.2634544
std: 0.419189453 ,  1.17871094 SigReg: 44.3611145
std: 0.405273438 ,  1.16210938 SigReg: 44.3611145
std: 0.435791016 ,  1.19238281 SigReg: 37.6569595
std: 0.393310547 ,  1.13964844 SigReg: 37.6569595
std: 0.343505859 ,  1.140625 SigReg: 35.3005295
std: 0.395019531 ,  1.0703125 SigReg: 35.3005295
std: 0.418212891 ,  1.15625 SigReg: 37.2318916
std: 0.430664062 ,  1.16796875 SigReg: 37.2318916
std: 0.526855469 ,  1.19140625 SigReg: 51.1688156
std: 0.427246094 ,  1.0703125 SigReg: 51.1688156
std: 0.404785156 ,  1.1484375 SigReg: 42.0034866
std: 0.434326172 ,  1.21484375 SigReg: 42.0034866
std: 0.440917969 ,  1.1640625 SigReg: 44.8694191
std: 0.458496094 ,  1.265625 SigReg: 44.8694191
std: 0.467285156 ,  1.25585938 SigReg: 57.470108
std: 0.460693359 ,  1.15332031 SigReg: 57.470108
std: 0.51953125 ,  1.14453125 SigReg: 39.5225906
std: 0.529296875 ,  1.18066406 SigReg: 39.5225906
std: 0.493408203 ,  1.03417969 SigReg: 42.448822
std: 0.526367188 ,  1.04296875 SigReg: 42.448822
std: 0.463867188 ,  0.904785156 SigReg: 40.1412659
std: 0.484863281 ,  0.940429688 SigReg: 40.1412659
std: 0.510253906 ,  1.05859375 SigReg: 33.1841507
std: 0.510253906 ,  1.01464844 SigReg: 33.1841507
std: 0.347900391 ,  1.0078125 SigReg: 39.4689751
std: 0.373535156 ,  1.14453125 SigReg: 39.4689751
std: 0.447998047 ,  1.18359375 SigReg: 47.9487343
std: 0.387207031 ,  1.1328125 SigReg: 47.9487343
std: 0.416992188 ,  1.12109375 SigReg: 43.3564
std: 0.470214844 ,  1.13183594 SigReg: 43.3564
std: 0.463867188 ,  1.12792969 SigReg: 39.8555222
std: 0.428710938 ,  1.20898438 SigReg: 39.8555222
std: 0.447998047 ,  1.08984375 SigReg: 48.1735382
std: 0.475585938 ,  1.16015625 SigReg: 48.1735382
std: 0.388183594 ,  1.09472656 SigReg: 45.7838821
std: 0.429931641 ,  1.17089844 SigReg: 45.7838821
std: 0.456054688 ,  1.1015625 SigReg: 54.739521
std: 0.408935547 ,  1.12890625 SigReg: 54.739521
std: 0.412353516 ,  1.12695312 SigReg: 90.3997498
std: 0.483398438 ,  1.16894531 SigReg: 90.3997498
std: 0.397216797 ,  1.109375 SigReg: 63.3150406
std: 0.396728516 ,  1.13769531 SigReg: 63.3150406
std: 0.404052734 ,  1.12792969 SigReg: 42.0030289
std: 0.456298828 ,  1.10546875 SigReg: 42.0030289
std: 0.476074219 ,  1.08886719 SigReg: 51.0402145
std: 0.44140625 ,  1.03417969 SigReg: 51.0402145
std: 0.386474609 ,  0.867675781 SigReg: 72.9995956
std: 0.374755859 ,  0.973632812 SigReg: 72.9995956
std: 0.401123047 ,  0.941894531 SigReg: 57.6240463
std: 0.315185547 ,  0.836914062 SigReg: 57.6240463
std: 0.393066406 ,  0.981933594 SigReg: 52.7317162
std: 0.396728516 ,  1.01757812 SigReg: 52.7317162
std: 0.312255859 ,  1.02929688 SigReg: 50.4439087
std: 0.397460938 ,  1.12207031 SigReg: 50.4439087
std: 0.364257812 ,  1.01953125 SigReg: 41.9450836
std: 0.425537109 ,  1.171875 SigReg: 41.9450836
std: 0.365966797 ,  0.936523438 SigReg: 39.7595215
std: 0.413818359 ,  1.1015625 SigReg: 39.7595215
std: 0.454101562 ,  1.0546875 SigReg: 38.4144096
std: 0.541503906 ,  1.06738281 SigReg: 38.4144096
std: 0.4609375 ,  1.09667969 SigReg: 46.0326
std: 0.464111328 ,  1.19628906 SigReg: 46.0326
std: 0.45703125 ,  1.07128906 SigReg: 45.6197701
std: 0.49609375 ,  1.20800781 SigReg: 45.6197701
std: 0.530273438 ,  1.25488281 SigReg: 46.4450684
std: 0.452636719 ,  1.09960938 SigReg: 46.4450684
std: 0.485107422 ,  1.2421875 SigReg: 36.127964
std: 0.456542969 ,  1.20019531 SigReg: 36.127964
std: 0.427978516 ,  1.3359375 SigReg: 43.7395096
std: 0.445068359 ,  1.25585938 SigReg: 43.7395096
std: 0.380859375 ,  1.22558594 SigReg: 42.5481148
std: 0.478027344 ,  1.25292969 SigReg: 42.5481148
std: 0.471191406 ,  1.22949219 SigReg: 36.366539
std: 0.408691406 ,  1.2265625 SigReg: 36.366539
std: 0.429199219 ,  1.20214844 SigReg: 35.0863075
std: 0.389648438 ,  1.16503906 SigReg: 35.0863075
std: 0.357177734 ,  1.29296875 SigReg: 38.1202354
std: 0.393554688 ,  1.29101562 SigReg: 38.1202354
std: 0.350585938 ,  1.27636719 SigReg: 39.3020325
std: 0.391113281 ,  1.2734375 SigReg: 39.3020325
  Step 300: Backbone Loss = 3.2576, SIGReg Loss = 39.3020 Probe Loss = 235.1158, Acc = 0.5069
std: 0.426513672 ,  1.16308594 SigReg: 42.8447
std: 0.457763672 ,  1.21289062 SigReg: 42.8447
std: 0.437255859 ,  1.2109375 SigReg: 35.992115
std: 0.376953125 ,  1.24121094 SigReg: 35.992115
std: 0.421142578 ,  1.19042969 SigReg: 32.8047867
std: 0.423095703 ,  1.15625 SigReg: 32.8047867
std: 0.403808594 ,  1.2109375 SigReg: 36.2982864
std: 0.442138672 ,  1.18554688 SigReg: 36.2982864
std: 0.359619141 ,  1.2734375 SigReg: 36.8039246
std: 0.461669922 ,  1.19238281 SigReg: 36.8039246
std: 0.460449219 ,  1.16503906 SigReg: 38.9182281
std: 0.38671875 ,  1.04589844 SigReg: 38.9182281
Epoch 4 finished in 249.76s.
  Avg Backbone Loss: 3.5837
  Avg Probe Loss:    273.9768
  Avg Probe Accuracy: 0.5117

Epoch 5/100
std: 0.391113281 ,  1.13964844 SigReg: 40.4459534
std: 0.454101562 ,  1.04492188 SigReg: 40.4459534
  Step 0: Backbone Loss = 3.1994, SIGReg Loss = 40.4460 Probe Loss = 242.5596, Acc = 0.5165
std: 0.408447266 ,  1.14355469 SigReg: 38.7293854
std: 0.470214844 ,  1.08496094 SigReg: 38.7293854
std: 0.479980469 ,  1.08300781 SigReg: 41.0820084
std: 0.428955078 ,  1.11621094 SigReg: 41.0820084
std: 0.357177734 ,  1.12011719 SigReg: 40.773716
std: 0.402832031 ,  1.04199219 SigReg: 40.773716
std: 0.395507812 ,  1.15917969 SigReg: 33.4259453
std: 0.376220703 ,  1.09082031 SigReg: 33.4259453
std: 0.424804688 ,  1.02441406 SigReg: 37.7635689
std: 0.433105469 ,  1.09570312 SigReg: 37.7635689
std: 0.487304688 ,  1.04492188 SigReg: 48.7866325
std: 0.463134766 ,  1.046875 SigReg: 48.7866325
std: 0.344726562 ,  1.07910156 SigReg: 40.1928749
std: 0.424072266 ,  1.05859375 SigReg: 40.1928749
std: 0.380126953 ,  0.984375 SigReg: 42.4104538
std: 0.395507812 ,  1.03320312 SigReg: 42.4104538
std: 0.378662109 ,  1.00292969 SigReg: 54.3667831
std: 0.314941406 ,  1.01855469 SigReg: 54.3667831
std: 0.358886719 ,  1.13769531 SigReg: 48.6217918
std: 0.396484375 ,  1.05761719 SigReg: 48.6217918
std: 0.322509766 ,  1.04785156 SigReg: 33.6225624
std: 0.368164062 ,  1.08203125 SigReg: 33.6225624
std: 0.307373047 ,  1.09179688 SigReg: 36.2568741
std: 0.447998047 ,  0.979003906 SigReg: 36.2568741
std: 0.354492188 ,  1.03125 SigReg: 36.3889122
std: 0.307128906 ,  1.14355469 SigReg: 36.3889122
std: 0.338378906 ,  1.08789062 SigReg: 38.7063904
std: 0.413818359 ,  1.02734375 SigReg: 38.7063904
std: 0.373291016 ,  1.12207031 SigReg: 41.847065
std: 0.351318359 ,  1.09960938 SigReg: 41.847065
std: 0.379150391 ,  1.02441406 SigReg: 34.2384415
std: 0.450683594 ,  1.07128906 SigReg: 34.2384415
std: 0.422119141 ,  1.04394531 SigReg: 42.1041412
std: 0.313232422 ,  1.02832031 SigReg: 42.1041412
std: 0.390380859 ,  1.08300781 SigReg: 41.9882507
std: 0.326416016 ,  1.03222656 SigReg: 41.9882507
std: 0.346435547 ,  1.10058594 SigReg: 40.7152748
std: 0.427490234 ,  1.12207031 SigReg: 40.7152748
std: 0.327636719 ,  1.11230469 SigReg: 41.1447716
std: 0.389404297 ,  1.05273438 SigReg: 41.1447716
std: 0.356689453 ,  1.04003906 SigReg: 37.9665909
std: 0.286621094 ,  1.03808594 SigReg: 37.9665909
std: 0.36328125 ,  0.976074219 SigReg: 33.9077454
std: 0.276123047 ,  1.0234375 SigReg: 33.9077454
std: 0.349365234 ,  0.924804688 SigReg: 40.0908813
std: 0.332519531 ,  0.908203125 SigReg: 40.0908813
std: 0.33203125 ,  1.02246094 SigReg: 48.7905388
std: 0.327148438 ,  0.971191406 SigReg: 48.7905388
std: 0.386962891 ,  0.964355469 SigReg: 43.7550964
std: 0.273193359 ,  1.05371094 SigReg: 43.7550964
std: 0.274414062 ,  1.05664062 SigReg: 35.8122787
std: 0.350585938 ,  1.10058594 SigReg: 35.8122787
std: 0.281005859 ,  0.97265625 SigReg: 41.9914742
std: 0.297851562 ,  1.05175781 SigReg: 41.9914742
std: 0.305175781 ,  1.00683594 SigReg: 39.7942886
std: 0.328125 ,  1.06640625 SigReg: 39.7942886
std: 0.318115234 ,  1.01074219 SigReg: 43.0033646
std: 0.321289062 ,  1.01464844 SigReg: 43.0033646
std: 0.286621094 ,  0.90234375 SigReg: 37.527256
std: 0.33203125 ,  0.971679688 SigReg: 37.527256
std: 0.294189453 ,  0.946777344 SigReg: 41.0281715
std: 0.295654297 ,  0.981933594 SigReg: 41.0281715
std: 0.251708984 ,  0.858886719 SigReg: 38.4746895
std: 0.400390625 ,  0.779785156 SigReg: 38.4746895
std: 0.349365234 ,  0.955566406 SigReg: 39.0273323
std: 0.421630859 ,  0.974609375 SigReg: 39.0273323
std: 0.298828125 ,  0.984375 SigReg: 35.6271515
std: 0.365722656 ,  0.996582031 SigReg: 35.6271515
std: 0.247558594 ,  0.922851562 SigReg: 36.2028389
std: 0.280761719 ,  0.934082031 SigReg: 36.2028389
std: 0.316162109 ,  1.01464844 SigReg: 36.9851303
std: 0.493896484 ,  0.857910156 SigReg: 36.9851303
std: 0.284179688 ,  0.885742188 SigReg: 46.4297409
std: 0.313476562 ,  0.960449219 SigReg: 46.4297409
std: 0.342773438 ,  0.934082031 SigReg: 33.2579803
std: 0.314697266 ,  0.951171875 SigReg: 33.2579803
std: 0.352294922 ,  0.886230469 SigReg: 41.3403244
std: 0.310302734 ,  0.949707031 SigReg: 41.3403244
std: 0.310058594 ,  0.931640625 SigReg: 42.9456291
std: 0.379638672 ,  0.959472656 SigReg: 42.9456291
std: 0.335205078 ,  0.916503906 SigReg: 34.6963959
std: 0.368652344 ,  0.941894531 SigReg: 34.6963959
std: 0.318603516 ,  0.950195312 SigReg: 44.2138214
std: 0.325439453 ,  0.908691406 SigReg: 44.2138214
std: 0.235107422 ,  0.915527344 SigReg: 42.5224342
std: 0.359375 ,  0.836425781 SigReg: 42.5224342
std: 0.342285156 ,  0.815429688 SigReg: 43.2064972
std: 0.286865234 ,  0.786132812 SigReg: 43.2064972
std: 0.366210938 ,  0.841308594 SigReg: 41.4519424
std: 0.317871094 ,  0.856933594 SigReg: 41.4519424
std: 0.279052734 ,  0.770019531 SigReg: 49.4970589
std: 0.344482422 ,  0.773925781 SigReg: 49.4970589
std: 0.322998047 ,  0.76171875 SigReg: 46.5059357
std: 0.305175781 ,  0.860839844 SigReg: 46.5059357
std: 0.314941406 ,  0.829101562 SigReg: 50.1786
std: 0.347167969 ,  0.75390625 SigReg: 50.1786
std: 0.360839844 ,  0.817382812 SigReg: 40.6763229
std: 0.297363281 ,  0.920410156 SigReg: 40.6763229
std: 0.380859375 ,  0.824707031 SigReg: 36.9577255
std: 0.338134766 ,  0.823242188 SigReg: 36.9577255
  Step 50: Backbone Loss = 3.0463, SIGReg Loss = 36.9577 Probe Loss = 244.3940, Acc = 0.5058
std: 0.293701172 ,  0.787109375 SigReg: 42.8863449
std: 0.343505859 ,  0.845703125 SigReg: 42.8863449
std: 0.276611328 ,  0.778320312 SigReg: 46.7788582
std: 0.256103516 ,  0.825683594 SigReg: 46.7788582
std: 0.376708984 ,  0.723144531 SigReg: 36.1016693
std: 0.420654297 ,  0.816894531 SigReg: 36.1016693
std: 0.272949219 ,  0.870605469 SigReg: 33.7442245
std: 0.371826172 ,  0.778808594 SigReg: 33.7442245
std: 0.318359375 ,  0.91796875 SigReg: 47.6678085
std: 0.290283203 ,  0.904296875 SigReg: 47.6678085
std: 0.284423828 ,  0.896972656 SigReg: 36.4579659
std: 0.323486328 ,  0.835449219 SigReg: 36.4579659
std: 0.322021484 ,  0.846191406 SigReg: 38.1015968
std: 0.406005859 ,  0.857910156 SigReg: 38.1015968
std: 0.313964844 ,  0.841796875 SigReg: 33.956871
std: 0.277832031 ,  0.901855469 SigReg: 33.956871
std: 0.352050781 ,  0.883789062 SigReg: 45.5822411
std: 0.258056641 ,  0.787597656 SigReg: 45.5822411
std: 0.283203125 ,  0.868652344 SigReg: 49.022377
std: 0.312988281 ,  0.893066406 SigReg: 49.022377
std: 0.293945312 ,  0.762695312 SigReg: 47.54
std: 0.264404297 ,  0.719726562 SigReg: 47.54
std: 0.313964844 ,  0.853027344 SigReg: 37.1722641
std: 0.271240234 ,  0.736328125 SigReg: 37.1722641
std: 0.301269531 ,  0.826171875 SigReg: 37.5405579
std: 0.338867188 ,  0.872558594 SigReg: 37.5405579
std: 0.343505859 ,  0.882324219 SigReg: 37.462677
std: 0.362792969 ,  0.774902344 SigReg: 37.462677
std: 0.380859375 ,  0.669433594 SigReg: 34.4191551
std: 0.345703125 ,  0.789550781 SigReg: 34.4191551
std: 0.337646484 ,  0.728027344 SigReg: 33.9685593
std: 0.328613281 ,  0.713867188 SigReg: 33.9685593
std: 0.381835938 ,  0.745605469 SigReg: 34.2816
std: 0.358398438 ,  0.729492188 SigReg: 34.2816
std: 0.352294922 ,  0.680664062 SigReg: 34.8680229
std: 0.479003906 ,  0.710449219 SigReg: 34.8680229
std: 0.388183594 ,  0.719238281 SigReg: 40.7862244
std: 0.369140625 ,  0.768066406 SigReg: 40.7862244
std: 0.423583984 ,  0.708984375 SigReg: 39.744278
std: 0.370849609 ,  0.724609375 SigReg: 39.744278
std: 0.343505859 ,  0.684570312 SigReg: 37.2814598
std: 0.379150391 ,  0.661621094 SigReg: 37.2814598
std: 0.409179688 ,  0.655761719 SigReg: 34.4684753
std: 0.450439453 ,  0.686035156 SigReg: 34.4684753
std: 0.493408203 ,  0.696777344 SigReg: 35.3271866
std: 0.364013672 ,  0.674804688 SigReg: 35.3271866
std: 0.402099609 ,  0.6796875 SigReg: 38.4213104
std: 0.343505859 ,  0.651367188 SigReg: 38.4213104
std: 0.356933594 ,  0.609375 SigReg: 34.1020584
std: 0.444335938 ,  0.653808594 SigReg: 34.1020584
std: 0.334228516 ,  0.728027344 SigReg: 38.1858559
std: 0.423583984 ,  0.667480469 SigReg: 38.1858559
std: 0.3359375 ,  0.641601562 SigReg: 45.4201202
std: 0.373535156 ,  0.599121094 SigReg: 45.4201202
std: 0.383789062 ,  0.550292969 SigReg: 54.268959
std: 0.312255859 ,  0.634765625 SigReg: 54.268959
std: 0.390380859 ,  0.609863281 SigReg: 44.1904907
std: 0.256835938 ,  0.680664062 SigReg: 44.1904907
std: 0.402832031 ,  0.645507812 SigReg: 43.1219482
std: 0.313232422 ,  0.639160156 SigReg: 43.1219482
std: 0.385498047 ,  0.727050781 SigReg: 46.1716766
std: 0.350341797 ,  0.594726562 SigReg: 46.1716766
std: 0.358398438 ,  0.677246094 SigReg: 32.081337
std: 0.353515625 ,  0.684082031 SigReg: 32.081337
std: 0.356933594 ,  0.744628906 SigReg: 35.3487091
std: 0.401611328 ,  0.697265625 SigReg: 35.3487091
std: 0.357666016 ,  0.665039062 SigReg: 34.7715187
std: 0.3125 ,  0.739746094 SigReg: 34.7715187
std: 0.416992188 ,  0.655273438 SigReg: 39.7510414
std: 0.369873047 ,  0.666992188 SigReg: 39.7510414
std: 0.3984375 ,  0.732910156 SigReg: 34.6694641
std: 0.384033203 ,  0.691894531 SigReg: 34.6694641
std: 0.411865234 ,  0.655273438 SigReg: 40.1699295
std: 0.387451172 ,  0.726074219 SigReg: 40.1699295
std: 0.418457031 ,  0.661621094 SigReg: 43.0578079
std: 0.397949219 ,  0.67578125 SigReg: 43.0578079
std: 0.387207031 ,  0.699707031 SigReg: 37.7978821
std: 0.422851562 ,  0.741210938 SigReg: 37.7978821
std: 0.36328125 ,  0.697753906 SigReg: 31.2856
std: 0.464111328 ,  0.684082031 SigReg: 31.2856
std: 0.329345703 ,  0.698242188 SigReg: 37.0301552
std: 0.340820312 ,  0.665527344 SigReg: 37.0301552
std: 0.398925781 ,  0.693359375 SigReg: 36.5641708
std: 0.438720703 ,  0.596679688 SigReg: 36.5641708
std: 0.288574219 ,  0.658203125 SigReg: 35.6202431
std: 0.370117188 ,  0.625976562 SigReg: 35.6202431
std: 0.371337891 ,  0.681640625 SigReg: 33.3856506
std: 0.384033203 ,  0.742675781 SigReg: 33.3856506
std: 0.37109375 ,  0.677734375 SigReg: 30.7303276
std: 0.413574219 ,  0.612304688 SigReg: 30.7303276
std: 0.395751953 ,  0.650390625 SigReg: 32.2784195
std: 0.477539062 ,  0.638183594 SigReg: 32.2784195
std: 0.530761719 ,  0.603515625 SigReg: 35.2746429
std: 0.435058594 ,  0.616210938 SigReg: 35.2746429
std: 0.426025391 ,  0.546875 SigReg: 38.8153076
std: 0.549316406 ,  0.55859375 SigReg: 38.8153076
std: 0.448974609 ,  0.613769531 SigReg: 41.3151169
std: 0.392578125 ,  0.517089844 SigReg: 41.3151169
std: 0.457763672 ,  0.592773438 SigReg: 32.6686325
std: 0.495117188 ,  0.533203125 SigReg: 32.6686325
  Step 100: Backbone Loss = 2.8245, SIGReg Loss = 32.6686 Probe Loss = 238.9762, Acc = 0.5144
std: 0.438720703 ,  0.649902344 SigReg: 40.8227196
std: 0.385009766 ,  0.4609375 SigReg: 40.8227196
std: 0.3671875 ,  0.606933594 SigReg: 35.7546692
std: 0.362548828 ,  0.65234375 SigReg: 35.7546692
std: 0.388916016 ,  0.596191406 SigReg: 36.1206284
std: 0.366943359 ,  0.606445312 SigReg: 36.1206284
std: 0.370361328 ,  0.526367188 SigReg: 32.0059853
std: 0.41796875 ,  0.581054688 SigReg: 32.0059853
std: 0.347900391 ,  0.632324219 SigReg: 30.8737946
std: 0.367675781 ,  0.606445312 SigReg: 30.8737946
std: 0.409179688 ,  0.52734375 SigReg: 30.7608032
std: 0.412597656 ,  0.627929688 SigReg: 30.7608032
std: 0.395507812 ,  0.544921875 SigReg: 32.7859497
std: 0.4375 ,  0.554199219 SigReg: 32.7859497
std: 0.423828125 ,  0.530273438 SigReg: 38.0139389
std: 0.436279297 ,  0.536132812 SigReg: 38.0139389
std: 0.318603516 ,  0.497070312 SigReg: 44.3089485
std: 0.305175781 ,  0.493652344 SigReg: 44.3089485
std: 0.319335938 ,  0.541503906 SigReg: 39.7765045
std: 0.366699219 ,  0.573242188 SigReg: 39.7765045
std: 0.335205078 ,  0.576171875 SigReg: 35.4801178
std: 0.328857422 ,  0.605957031 SigReg: 35.4801178
std: 0.376953125 ,  0.518066406 SigReg: 31.6232529
std: 0.375488281 ,  0.498535156 SigReg: 31.6232529
std: 0.347412109 ,  0.564941406 SigReg: 34.9805031
std: 0.340820312 ,  0.59375 SigReg: 34.9805031
std: 0.354736328 ,  0.5234375 SigReg: 30.4374657
std: 0.409667969 ,  0.583496094 SigReg: 30.4374657
std: 0.375488281 ,  0.565917969 SigReg: 31.2212353
std: 0.325683594 ,  0.650390625 SigReg: 31.2212353
std: 0.336669922 ,  0.59375 SigReg: 31.5404854
std: 0.291503906 ,  0.580566406 SigReg: 31.5404854
std: 0.335205078 ,  0.554199219 SigReg: 30.5604572
std: 0.327392578 ,  0.568359375 SigReg: 30.5604572
std: 0.389160156 ,  0.499267578 SigReg: 40.8547058
std: 0.273925781 ,  0.530761719 SigReg: 40.8547058
std: 0.255859375 ,  0.530761719 SigReg: 38.8767281
std: 0.305908203 ,  0.474365234 SigReg: 38.8767281
std: 0.342773438 ,  0.483398438 SigReg: 43.8752213
std: 0.298095703 ,  0.439208984 SigReg: 43.8752213
std: 0.318603516 ,  0.562011719 SigReg: 40.4596786
std: 0.257568359 ,  0.495605469 SigReg: 40.4596786
std: 0.336181641 ,  0.496826172 SigReg: 33.5785484
std: 0.297119141 ,  0.440673828 SigReg: 33.5785484
std: 0.327392578 ,  0.533203125 SigReg: 32.2958336
std: 0.245849609 ,  0.521484375 SigReg: 32.2958336
std: 0.373779297 ,  0.469970703 SigReg: 44.0191765
std: 0.383789062 ,  0.439697266 SigReg: 44.0191765
std: 0.333496094 ,  0.515625 SigReg: 40.1382484
std: 0.308105469 ,  0.514160156 SigReg: 40.1382484
std: 0.291748047 ,  0.473632812 SigReg: 38.349678
std: 0.350341797 ,  0.463867188 SigReg: 38.349678
std: 0.309082031 ,  0.487060547 SigReg: 36.1898727
std: 0.260742188 ,  0.432373047 SigReg: 36.1898727
std: 0.356933594 ,  0.451416016 SigReg: 33.4941711
std: 0.298828125 ,  0.486816406 SigReg: 33.4941711
std: 0.322509766 ,  0.493408203 SigReg: 32.1004333
std: 0.333740234 ,  0.431152344 SigReg: 32.1004333
std: 0.411132812 ,  0.436767578 SigReg: 30.0898666
std: 0.429199219 ,  0.547851562 SigReg: 30.0898666
std: 0.327148438 ,  0.559082031 SigReg: 31.4285641
std: 0.417480469 ,  0.548339844 SigReg: 31.4285641
std: 0.380859375 ,  0.450195312 SigReg: 32.698719
std: 0.408447266 ,  0.545898438 SigReg: 32.698719
std: 0.455566406 ,  0.490478516 SigReg: 37.8217926
std: 0.461914062 ,  0.467041016 SigReg: 37.8217926
std: 0.443115234 ,  0.437988281 SigReg: 39.0650139
std: 0.428955078 ,  0.411132812 SigReg: 39.0650139
std: 0.414306641 ,  0.445556641 SigReg: 30.78302
std: 0.437744141 ,  0.432617188 SigReg: 30.78302
std: 0.433349609 ,  0.366699219 SigReg: 33.0909462
std: 0.411132812 ,  0.354492188 SigReg: 33.0909462
std: 0.452148438 ,  0.334716797 SigReg: 37.1879425
std: 0.455322266 ,  0.379150391 SigReg: 37.1879425
std: 0.446777344 ,  0.468261719 SigReg: 36.0291328
std: 0.405273438 ,  0.406494141 SigReg: 36.0291328
std: 0.474121094 ,  0.435791016 SigReg: 32.1882782
std: 0.454589844 ,  0.496582031 SigReg: 32.1882782
std: 0.494628906 ,  0.466552734 SigReg: 34.9497795
std: 0.447753906 ,  0.420898438 SigReg: 34.9497795
std: 0.469970703 ,  0.436523438 SigReg: 34.4050865
std: 0.542480469 ,  0.301757812 SigReg: 34.4050865
std: 0.482666016 ,  0.529296875 SigReg: 41.0572128
std: 0.45703125 ,  0.371337891 SigReg: 41.0572128
std: 0.482910156 ,  0.399658203 SigReg: 37.6087036
std: 0.487792969 ,  0.336914062 SigReg: 37.6087036
std: 0.569824219 ,  0.46484375 SigReg: 31.6809483
std: 0.592773438 ,  0.407714844 SigReg: 31.6809483
std: 0.516601562 ,  0.479736328 SigReg: 33.4486694
std: 0.576171875 ,  0.423828125 SigReg: 33.4486694
std: 0.581054688 ,  0.463623047 SigReg: 35.956974
std: 0.561035156 ,  0.384277344 SigReg: 35.956974
std: 0.522460938 ,  0.366210938 SigReg: 38.7252693
std: 0.588378906 ,  0.439697266 SigReg: 38.7252693
std: 0.620605469 ,  0.377929688 SigReg: 32.6757431
std: 0.513183594 ,  0.431396484 SigReg: 32.6757431
std: 0.495117188 ,  0.425292969 SigReg: 29.0835114
std: 0.611816406 ,  0.514160156 SigReg: 29.0835114
std: 0.523925781 ,  0.399169922 SigReg: 27.7047558
std: 0.583496094 ,  0.51953125 SigReg: 27.7047558
  Step 150: Backbone Loss = 2.5946, SIGReg Loss = 27.7048 Probe Loss = 225.4526, Acc = 0.5126
std: 0.653320312 ,  0.448486328 SigReg: 28.4931431
std: 0.613769531 ,  0.445068359 SigReg: 28.4931431
std: 0.578125 ,  0.512207031 SigReg: 27.4419212
std: 0.685546875 ,  0.479736328 SigReg: 27.4419212
std: 0.6953125 ,  0.493408203 SigReg: 28.0372849
std: 0.642089844 ,  0.493896484 SigReg: 28.0372849
std: 0.739746094 ,  0.414550781 SigReg: 29.3878727
std: 0.732910156 ,  0.435302734 SigReg: 29.3878727
std: 0.678222656 ,  0.530273438 SigReg: 28.6482601
std: 0.759277344 ,  0.438232422 SigReg: 28.6482601
std: 0.725097656 ,  0.444824219 SigReg: 30.5915489
std: 0.745605469 ,  0.409179688 SigReg: 30.5915489
std: 0.791992188 ,  0.424560547 SigReg: 34.9744225
std: 0.708007812 ,  0.437988281 SigReg: 34.9744225
std: 0.720214844 ,  0.458007812 SigReg: 37.086525
std: 0.827148438 ,  0.504394531 SigReg: 37.086525
std: 0.865234375 ,  0.367919922 SigReg: 32.8899345
std: 0.845214844 ,  0.431640625 SigReg: 32.8899345
std: 0.721679688 ,  0.423095703 SigReg: 30.903307
std: 0.849121094 ,  0.410400391 SigReg: 30.903307
std: 0.796386719 ,  0.334472656 SigReg: 32.0239944
std: 0.856445312 ,  0.392089844 SigReg: 32.0239944
std: 0.810546875 ,  0.365722656 SigReg: 25.2917976
std: 0.906738281 ,  0.435058594 SigReg: 25.2917976
std: 0.806152344 ,  0.315429688 SigReg: 28.3424721
std: 0.84375 ,  0.369873047 SigReg: 28.3424721
std: 0.786621094 ,  0.397949219 SigReg: 29.2818623
std: 0.709960938 ,  0.402832031 SigReg: 29.2818623
std: 0.823730469 ,  0.457519531 SigReg: 28.786665
std: 0.783203125 ,  0.419433594 SigReg: 28.786665
std: 0.780761719 ,  0.366210938 SigReg: 27.5117264
std: 0.715820312 ,  0.394775391 SigReg: 27.5117264
std: 0.899414062 ,  0.286132812 SigReg: 28.5218925
std: 0.934082031 ,  0.299560547 SigReg: 28.5218925
std: 0.889648438 ,  0.369140625 SigReg: 26.1482239
std: 0.810546875 ,  0.311279297 SigReg: 26.1482239
std: 0.75390625 ,  0.360107422 SigReg: 36.1431351
std: 0.801757812 ,  0.324951172 SigReg: 36.1431351
std: 0.766601562 ,  0.37109375 SigReg: 31.0312309
std: 0.788574219 ,  0.420410156 SigReg: 31.0312309
std: 0.7890625 ,  0.261962891 SigReg: 28.3488846
std: 0.786132812 ,  0.401123047 SigReg: 28.3488846
std: 0.784667969 ,  0.302490234 SigReg: 36.0851135
std: 0.860351562 ,  0.290771484 SigReg: 36.0851135
std: 0.852050781 ,  0.340332031 SigReg: 25.5476036
std: 0.753417969 ,  0.367431641 SigReg: 25.5476036
std: 0.743652344 ,  0.357910156 SigReg: 35.172081
std: 0.864257812 ,  0.283203125 SigReg: 35.172081
std: 0.701660156 ,  0.343505859 SigReg: 38.5810356
std: 0.73828125 ,  0.256835938 SigReg: 38.5810356
std: 0.77734375 ,  0.302490234 SigReg: 38.5598
std: 0.786132812 ,  0.332763672 SigReg: 38.5598
std: 0.7109375 ,  0.359619141 SigReg: 37.3130913
std: 0.75390625 ,  0.284179688 SigReg: 37.3130913
std: 0.776367188 ,  0.430664062 SigReg: 32.4035
std: 0.79296875 ,  0.407958984 SigReg: 32.4035
std: 0.721191406 ,  0.323730469 SigReg: 39.2896614
std: 0.716308594 ,  0.321533203 SigReg: 39.2896614
std: 0.637207031 ,  0.356445312 SigReg: 46.3878937
std: 0.655761719 ,  0.239868164 SigReg: 46.3878937
std: 0.683105469 ,  0.329345703 SigReg: 36.8735313
std: 0.665527344 ,  0.283447266 SigReg: 36.8735313
std: 0.692871094 ,  0.349121094 SigReg: 41.8497467
std: 0.672851562 ,  0.232788086 SigReg: 41.8497467
std: 0.713867188 ,  0.254394531 SigReg: 48.7884064
std: 0.772460938 ,  0.294433594 SigReg: 48.7884064
std: 0.666992188 ,  0.247558594 SigReg: 37.1249313
std: 0.669921875 ,  0.350830078 SigReg: 37.1249313
std: 0.557128906 ,  0.318359375 SigReg: 36.3279877
std: 0.686523438 ,  0.283447266 SigReg: 36.3279877
std: 0.694824219 ,  0.344726562 SigReg: 38.045311
std: 0.620117188 ,  0.338134766 SigReg: 38.045311
std: 0.65234375 ,  0.400634766 SigReg: 29.8834
std: 0.659179688 ,  0.317138672 SigReg: 29.8834
std: 0.765625 ,  0.284912109 SigReg: 32.0298615
std: 0.823730469 ,  0.329589844 SigReg: 32.0298615
std: 0.831054688 ,  0.290527344 SigReg: 39.5588341
std: 0.779296875 ,  0.318603516 SigReg: 39.5588341
std: 0.780273438 ,  0.349853516 SigReg: 30.3225899
std: 0.786621094 ,  0.339355469 SigReg: 30.3225899
std: 0.636230469 ,  0.393554688 SigReg: 39.9787369
std: 0.647949219 ,  0.293701172 SigReg: 39.9787369
std: 0.70703125 ,  0.325195312 SigReg: 37.2949295
std: 0.632324219 ,  0.322265625 SigReg: 37.2949295
std: 0.705566406 ,  0.334228516 SigReg: 32.9605713
std: 0.751953125 ,  0.269287109 SigReg: 32.9605713
std: 0.754394531 ,  0.367919922 SigReg: 29.7372761
std: 0.787597656 ,  0.384521484 SigReg: 29.7372761
std: 0.794433594 ,  0.360351562 SigReg: 32.2409019
std: 0.9296875 ,  0.321044922 SigReg: 32.2409019
std: 0.881347656 ,  0.395996094 SigReg: 30.9069176
std: 0.864746094 ,  0.340576172 SigReg: 30.9069176
std: 0.768554688 ,  0.464111328 SigReg: 26.8181705
std: 0.679199219 ,  0.400390625 SigReg: 26.8181705
std: 0.653320312 ,  0.440673828 SigReg: 28.3113232
std: 0.804199219 ,  0.478027344 SigReg: 28.3113232
std: 0.732421875 ,  0.457763672 SigReg: 28.0106564
std: 0.709472656 ,  0.44140625 SigReg: 28.0106564
std: 0.7265625 ,  0.376220703 SigReg: 26.2833252
std: 0.761230469 ,  0.393798828 SigReg: 26.2833252
  Step 200: Backbone Loss = 2.5005, SIGReg Loss = 26.2833 Probe Loss = 228.8198, Acc = 0.4872
std: 0.645996094 ,  0.381835938 SigReg: 29.1157475
std: 0.563964844 ,  0.489990234 SigReg: 29.1157475
std: 0.619628906 ,  0.418457031 SigReg: 28.8648949
std: 0.592773438 ,  0.4140625 SigReg: 28.8648949
std: 0.504882812 ,  0.489746094 SigReg: 27.8641987
std: 0.532714844 ,  0.399658203 SigReg: 27.8641987
std: 0.476074219 ,  0.34765625 SigReg: 30.0029602
std: 0.499511719 ,  0.322753906 SigReg: 30.0029602
std: 0.477050781 ,  0.337646484 SigReg: 29.0002041
std: 0.583496094 ,  0.306396484 SigReg: 29.0002041
std: 0.521972656 ,  0.300537109 SigReg: 31.635891
std: 0.522460938 ,  0.251953125 SigReg: 31.635891
std: 0.60546875 ,  0.293457031 SigReg: 31.0227108
std: 0.614257812 ,  0.3046875 SigReg: 31.0227108
std: 0.617675781 ,  0.321777344 SigReg: 31.8670483
std: 0.578125 ,  0.250244141 SigReg: 31.8670483
std: 0.592285156 ,  0.286376953 SigReg: 44.2330513
std: 0.619628906 ,  0.247436523 SigReg: 44.2330513
std: 0.601074219 ,  0.250244141 SigReg: 42.744278
std: 0.584960938 ,  0.241333008 SigReg: 42.744278
std: 0.498535156 ,  0.291015625 SigReg: 30.6613483
std: 0.546875 ,  0.262695312 SigReg: 30.6613483
std: 0.502441406 ,  0.237304688 SigReg: 39.7084274
std: 0.487060547 ,  0.334960938 SigReg: 39.7084274
std: 0.462158203 ,  0.284667969 SigReg: 49.7381973
std: 0.385986328 ,  0.239624023 SigReg: 49.7381973
std: 0.470458984 ,  0.30078125 SigReg: 47.7075233
std: 0.411132812 ,  0.2734375 SigReg: 47.7075233
std: 0.504882812 ,  0.215332031 SigReg: 46.4110794
std: 0.481689453 ,  0.246582031 SigReg: 46.4110794
std: 0.443359375 ,  0.260986328 SigReg: 39.7665825
std: 0.526855469 ,  0.2734375 SigReg: 39.7665825
std: 0.470214844 ,  0.260498047 SigReg: 38.608
std: 0.405029297 ,  0.325683594 SigReg: 38.608
std: 0.489990234 ,  0.201904297 SigReg: 48.4707794
std: 0.461914062 ,  0.314453125 SigReg: 48.4707794
std: 0.491943359 ,  0.28515625 SigReg: 32.8580208
std: 0.39453125 ,  0.312011719 SigReg: 32.8580208
std: 0.479248047 ,  0.286621094 SigReg: 35.3115
std: 0.495849609 ,  0.217895508 SigReg: 35.3115
std: 0.432128906 ,  0.248168945 SigReg: 33.224823
std: 0.491455078 ,  0.301025391 SigReg: 33.224823
std: 0.448242188 ,  0.238647461 SigReg: 34.2449913
std: 0.438720703 ,  0.222045898 SigReg: 34.2449913
std: 0.395507812 ,  0.263671875 SigReg: 34.6800041
std: 0.457763672 ,  0.252929688 SigReg: 34.6800041
std: 0.405273438 ,  0.216186523 SigReg: 37.2737846
std: 0.400146484 ,  0.292480469 SigReg: 37.2737846
std: 0.447265625 ,  0.254882812 SigReg: 33.1678963
std: 0.40625 ,  0.279052734 SigReg: 33.1678963
std: 0.356933594 ,  0.278564453 SigReg: 29.9798107
std: 0.452880859 ,  0.272705078 SigReg: 29.9798107
std: 0.380859375 ,  0.289794922 SigReg: 30.0918827
std: 0.380859375 ,  0.294189453 SigReg: 30.0918827
std: 0.384765625 ,  0.221557617 SigReg: 32.6199
std: 0.381347656 ,  0.334228516 SigReg: 32.6199
std: 0.306640625 ,  0.327880859 SigReg: 31.869442
std: 0.353271484 ,  0.259521484 SigReg: 31.869442
std: 0.510742188 ,  0.378173828 SigReg: 34.3822899
std: 0.417480469 ,  0.409667969 SigReg: 34.3822899
std: 0.391601562 ,  0.383300781 SigReg: 34.314518
std: 0.435058594 ,  0.326416016 SigReg: 34.314518
std: 0.486328125 ,  0.316894531 SigReg: 30.0750923
std: 0.412109375 ,  0.28515625 SigReg: 30.0750923
std: 0.455322266 ,  0.454101562 SigReg: 35.1121941
std: 0.443115234 ,  0.380859375 SigReg: 35.1121941
std: 0.496826172 ,  0.295654297 SigReg: 28.3334541
std: 0.434082031 ,  0.425048828 SigReg: 28.3334541
std: 0.494628906 ,  0.419433594 SigReg: 29.1057186
std: 0.492675781 ,  0.356933594 SigReg: 29.1057186
std: 0.447998047 ,  0.360107422 SigReg: 31.3910637
std: 0.519042969 ,  0.38671875 SigReg: 31.3910637
std: 0.532714844 ,  0.452880859 SigReg: 39.5948334
std: 0.564453125 ,  0.367675781 SigReg: 39.5948334
std: 0.576171875 ,  0.380859375 SigReg: 37.4994545
std: 0.552734375 ,  0.391845703 SigReg: 37.4994545
std: 0.64453125 ,  0.3203125 SigReg: 32.4637909
std: 0.606933594 ,  0.334472656 SigReg: 32.4637909
std: 0.63671875 ,  0.294433594 SigReg: 31.9478836
std: 0.5625 ,  0.395507812 SigReg: 31.9478836
std: 0.570800781 ,  0.420166016 SigReg: 33.2892075
std: 0.641601562 ,  0.369384766 SigReg: 33.2892075
std: 0.528808594 ,  0.412841797 SigReg: 34.3649025
std: 0.522949219 ,  0.444580078 SigReg: 34.3649025
std: 0.427001953 ,  0.405761719 SigReg: 42.0798912
std: 0.465087891 ,  0.403564453 SigReg: 42.0798912
std: 0.421630859 ,  0.386230469 SigReg: 39.6022034
std: 0.48828125 ,  0.537109375 SigReg: 39.6022034
std: 0.381103516 ,  0.480712891 SigReg: 42.4550819
std: 0.352539062 ,  0.482177734 SigReg: 42.4550819
std: 0.459716797 ,  0.579589844 SigReg: 41.5000038
std: 0.363769531 ,  0.378173828 SigReg: 41.5000038
std: 0.404541016 ,  0.428466797 SigReg: 37.5197754
std: 0.357910156 ,  0.553710938 SigReg: 37.5197754
std: 0.465332031 ,  0.505371094 SigReg: 47.0101891
std: 0.3984375 ,  0.487304688 SigReg: 47.0101891
std: 0.393066406 ,  0.5 SigReg: 40.1815224
std: 0.455566406 ,  0.459716797 SigReg: 40.1815224
std: 0.549316406 ,  0.444580078 SigReg: 34.8223839
std: 0.451660156 ,  0.557128906 SigReg: 34.8223839
  Step 250: Backbone Loss = 3.0571, SIGReg Loss = 34.8224 Probe Loss = 233.5516, Acc = 0.4902
std: 0.564453125 ,  0.490966797 SigReg: 37.2852516
std: 0.669433594 ,  0.449951172 SigReg: 37.2852516
std: 0.565917969 ,  0.421142578 SigReg: 36.439743
std: 0.499023438 ,  0.459472656 SigReg: 36.439743
std: 0.496582031 ,  0.460449219 SigReg: 38.8130188
std: 0.595703125 ,  0.429931641 SigReg: 38.8130188
std: 0.515625 ,  0.462890625 SigReg: 39.2783318
std: 0.506835938 ,  0.455078125 SigReg: 39.2783318
std: 0.613769531 ,  0.450683594 SigReg: 34.2651
std: 0.528808594 ,  0.426269531 SigReg: 34.2651
std: 0.614746094 ,  0.405761719 SigReg: 27.4661
std: 0.724121094 ,  0.406494141 SigReg: 27.4661
std: 0.5625 ,  0.450439453 SigReg: 29.4915257
std: 0.599609375 ,  0.440673828 SigReg: 29.4915257
std: 0.50390625 ,  0.473144531 SigReg: 36.0624619
std: 0.536621094 ,  0.473388672 SigReg: 36.0624619
std: 0.498291016 ,  0.562988281 SigReg: 37.9495811
std: 0.531738281 ,  0.557617188 SigReg: 37.9495811
std: 0.478271484 ,  0.479492188 SigReg: 30.6860313
std: 0.587890625 ,  0.5 SigReg: 30.6860313
std: 0.510253906 ,  0.5390625 SigReg: 37.1124496
std: 0.453369141 ,  0.521484375 SigReg: 37.1124496
std: 0.659179688 ,  0.436767578 SigReg: 40.6732254
std: 0.627929688 ,  0.445800781 SigReg: 40.6732254
std: 0.693359375 ,  0.395019531 SigReg: 35.5107384
std: 0.645507812 ,  0.381103516 SigReg: 35.5107384
std: 0.635253906 ,  0.492675781 SigReg: 26.6604443
std: 0.620605469 ,  0.501953125 SigReg: 26.6604443
std: 0.716308594 ,  0.502929688 SigReg: 31.1884537
std: 0.630371094 ,  0.455566406 SigReg: 31.1884537
std: 0.526855469 ,  0.54296875 SigReg: 35.1954422
std: 0.573242188 ,  0.479248047 SigReg: 35.1954422
std: 0.569335938 ,  0.520507812 SigReg: 31.0733414
std: 0.711425781 ,  0.404296875 SigReg: 31.0733414
std: 0.727050781 ,  0.525390625 SigReg: 27.6483746
std: 0.622558594 ,  0.563964844 SigReg: 27.6483746
std: 0.641601562 ,  0.530761719 SigReg: 31.1266441
std: 0.744140625 ,  0.555664062 SigReg: 31.1266441
std: 0.601074219 ,  0.601074219 SigReg: 32.015213
std: 0.568847656 ,  0.490234375 SigReg: 32.015213
std: 0.625976562 ,  0.555664062 SigReg: 27.5006332
std: 0.526855469 ,  0.518554688 SigReg: 27.5006332
std: 0.605957031 ,  0.519042969 SigReg: 28.6297054
std: 0.531738281 ,  0.56640625 SigReg: 28.6297054
std: 0.580078125 ,  0.532714844 SigReg: 30.4514256
std: 0.577636719 ,  0.574707031 SigReg: 30.4514256
std: 0.518554688 ,  0.584472656 SigReg: 37.1449623
std: 0.524414062 ,  0.612792969 SigReg: 37.1449623
std: 0.546386719 ,  0.528808594 SigReg: 31.1695747
std: 0.471435547 ,  0.58984375 SigReg: 31.1695747
std: 0.501464844 ,  0.677734375 SigReg: 34.2760925
std: 0.427734375 ,  0.640136719 SigReg: 34.2760925
std: 0.524902344 ,  0.625488281 SigReg: 35.878109
std: 0.500976562 ,  0.609375 SigReg: 35.878109
std: 0.551757812 ,  0.625 SigReg: 31.3184128
std: 0.414306641 ,  0.716796875 SigReg: 31.3184128
std: 0.485839844 ,  0.729980469 SigReg: 41.1056976
std: 0.557617188 ,  0.716796875 SigReg: 41.1056976
std: 0.567871094 ,  0.630859375 SigReg: 41.6044235
std: 0.544433594 ,  0.728027344 SigReg: 41.6044235
std: 0.608398438 ,  0.71875 SigReg: 29.9667015
std: 0.569824219 ,  0.716796875 SigReg: 29.9667015
std: 0.543457031 ,  0.762207031 SigReg: 32.5136795
std: 0.459716797 ,  0.701660156 SigReg: 32.5136795
std: 0.650390625 ,  0.69140625 SigReg: 33.9128456
std: 0.567871094 ,  0.717285156 SigReg: 33.9128456
std: 0.556640625 ,  0.6640625 SigReg: 26.6055527
std: 0.517089844 ,  0.689453125 SigReg: 26.6055527
std: 0.595703125 ,  0.680664062 SigReg: 32.2982292
std: 0.548339844 ,  0.608886719 SigReg: 32.2982292
std: 0.577148438 ,  0.655761719 SigReg: 34.1175575
std: 0.602539062 ,  0.646484375 SigReg: 34.1175575
std: 0.564453125 ,  0.6640625 SigReg: 28.0426617
std: 0.552246094 ,  0.681640625 SigReg: 28.0426617
std: 0.600097656 ,  0.668457031 SigReg: 33.2946
std: 0.567871094 ,  0.740722656 SigReg: 33.2946
std: 0.602050781 ,  0.769042969 SigReg: 36.5068855
std: 0.661621094 ,  0.724121094 SigReg: 36.5068855
std: 0.655273438 ,  0.736816406 SigReg: 33.6121597
std: 0.684570312 ,  0.658691406 SigReg: 33.6121597
std: 0.7265625 ,  0.57421875 SigReg: 25.8995552
std: 0.637207031 ,  0.760253906 SigReg: 25.8995552
std: 0.646972656 ,  0.704589844 SigReg: 31.9476509
std: 0.653808594 ,  0.746582031 SigReg: 31.9476509
std: 0.708007812 ,  0.768066406 SigReg: 29.3079967
std: 0.689453125 ,  0.705566406 SigReg: 29.3079967
std: 0.606445312 ,  0.645019531 SigReg: 28.2607708
std: 0.595214844 ,  0.713867188 SigReg: 28.2607708
std: 0.725097656 ,  0.726074219 SigReg: 30.8686485
std: 0.559082031 ,  0.809082031 SigReg: 30.8686485
std: 0.646972656 ,  0.887207031 SigReg: 33.390522
std: 0.681152344 ,  0.840820312 SigReg: 33.390522
std: 0.664550781 ,  0.819335938 SigReg: 29.8859119
std: 0.720703125 ,  0.8515625 SigReg: 29.8859119
std: 0.71484375 ,  0.850585938 SigReg: 31.1347828
std: 0.702148438 ,  0.746582031 SigReg: 31.1347828
std: 0.736816406 ,  0.713378906 SigReg: 27.0639267
std: 0.655273438 ,  0.898925781 SigReg: 27.0639267
std: 0.701171875 ,  0.864257812 SigReg: 28.4765568
std: 0.702636719 ,  0.826171875 SigReg: 28.4765568
  Step 300: Backbone Loss = 2.5738, SIGReg Loss = 28.4766 Probe Loss = 233.2104, Acc = 0.5129
std: 0.645019531 ,  0.814941406 SigReg: 29.7411766
std: 0.729980469 ,  0.904296875 SigReg: 29.7411766
std: 0.741699219 ,  0.974121094 SigReg: 30.4484291
std: 0.702148438 ,  0.907226562 SigReg: 30.4484291
std: 0.754394531 ,  0.875488281 SigReg: 26.5725365
std: 0.708007812 ,  0.912109375 SigReg: 26.5725365
std: 0.716308594 ,  0.95703125 SigReg: 27.6403828
std: 0.775878906 ,  0.918457031 SigReg: 27.6403828
std: 0.78515625 ,  0.890625 SigReg: 30.286375
std: 0.766601562 ,  0.881347656 SigReg: 30.286375
std: 0.805175781 ,  0.863769531 SigReg: 28.8886776
std: 0.864257812 ,  0.807617188 SigReg: 28.8886776
Epoch 5 finished in 250.46s.
  Avg Backbone Loss: 3.0012
  Avg Probe Loss:    236.0160
  Avg Probe Accuracy: 0.5041

Epoch 6/100
std: 0.693359375 ,  0.811523438 SigReg: 27.4970608
std: 0.770507812 ,  0.826171875 SigReg: 27.4970608
  Step 0: Backbone Loss = 2.6074, SIGReg Loss = 27.4971 Probe Loss = 255.0370, Acc = 0.4811
std: 0.71875 ,  0.821777344 SigReg: 32.1748962
std: 0.785644531 ,  0.825683594 SigReg: 32.1748962
std: 0.682128906 ,  0.790039062 SigReg: 28.8750763
std: 0.684082031 ,  0.837402344 SigReg: 28.8750763
std: 0.821777344 ,  0.823730469 SigReg: 31.3385715
std: 0.713867188 ,  0.771972656 SigReg: 31.3385715
std: 0.783203125 ,  0.791503906 SigReg: 30.4377022
std: 0.787109375 ,  0.866210938 SigReg: 30.4377022
std: 0.672851562 ,  0.780761719 SigReg: 26.3632946
std: 0.706054688 ,  0.835449219 SigReg: 26.3632946
std: 0.628417969 ,  0.805664062 SigReg: 31.6003666
std: 0.747558594 ,  0.685546875 SigReg: 31.6003666
std: 0.746582031 ,  0.784179688 SigReg: 24.3444176
std: 0.73828125 ,  0.705566406 SigReg: 24.3444176
std: 0.730957031 ,  0.798339844 SigReg: 32.8966026
std: 0.771972656 ,  0.808105469 SigReg: 32.8966026
std: 0.820800781 ,  0.713867188 SigReg: 34.0057755
std: 0.770996094 ,  0.770019531 SigReg: 34.0057755
std: 0.723632812 ,  0.773925781 SigReg: 34.0331268
std: 0.768554688 ,  0.746582031 SigReg: 34.0331268
std: 0.7109375 ,  0.775878906 SigReg: 27.0833015
std: 0.874511719 ,  0.7734375 SigReg: 27.0833015
std: 0.83203125 ,  0.619628906 SigReg: 28.0006104
std: 0.765625 ,  0.733398438 SigReg: 28.0006104
std: 0.796386719 ,  0.743164062 SigReg: 34.773571
std: 0.820800781 ,  0.715820312 SigReg: 34.773571
std: 0.792480469 ,  0.703125 SigReg: 38.7027092
std: 0.838378906 ,  0.624511719 SigReg: 38.7027092
std: 0.841308594 ,  0.722167969 SigReg: 25.5479202
std: 0.763671875 ,  0.703125 SigReg: 25.5479202
std: 0.74609375 ,  0.741699219 SigReg: 27.1198692
std: 0.723632812 ,  0.771972656 SigReg: 27.1198692
std: 0.747558594 ,  0.679199219 SigReg: 30.9802799
std: 0.702148438 ,  0.706542969 SigReg: 30.9802799
std: 0.767089844 ,  0.740722656 SigReg: 31.3001194
std: 0.791503906 ,  0.685058594 SigReg: 31.3001194
std: 0.709960938 ,  0.662597656 SigReg: 27.2242546
std: 0.866210938 ,  0.631835938 SigReg: 27.2242546
std: 0.788085938 ,  0.583007812 SigReg: 26.4757061
std: 0.8984375 ,  0.53125 SigReg: 26.4757061
std: 1.00976562 ,  0.544921875 SigReg: 29.5163631
std: 0.977050781 ,  0.458984375 SigReg: 29.5163631
std: 0.790039062 ,  0.63671875 SigReg: 34.2440033
std: 0.80859375 ,  0.601074219 SigReg: 34.2440033
std: 0.905273438 ,  0.608886719 SigReg: 27.9382362
std: 0.840332031 ,  0.570800781 SigReg: 27.9382362
std: 0.791015625 ,  0.548828125 SigReg: 28.2718239
std: 0.86328125 ,  0.603027344 SigReg: 28.2718239
std: 0.767578125 ,  0.504882812 SigReg: 25.4663754
std: 0.807617188 ,  0.634765625 SigReg: 25.4663754
std: 0.906738281 ,  0.685546875 SigReg: 24.9161339
std: 0.884765625 ,  0.652832031 SigReg: 24.9161339
std: 0.916992188 ,  0.673339844 SigReg: 27.4553642
std: 0.873046875 ,  0.591796875 SigReg: 27.4553642
std: 0.82421875 ,  0.612792969 SigReg: 27.1422596
std: 0.844726562 ,  0.681640625 SigReg: 27.1422596
std: 0.744628906 ,  0.695800781 SigReg: 27.9338284
std: 0.797363281 ,  0.675292969 SigReg: 27.9338284
std: 0.873535156 ,  0.744140625 SigReg: 27.2402363
std: 0.867675781 ,  0.729980469 SigReg: 27.2402363
std: 0.810546875 ,  0.721679688 SigReg: 27.1693077
std: 0.957519531 ,  0.849609375 SigReg: 27.1693077
std: 0.966796875 ,  0.902832031 SigReg: 26.3001556
std: 0.908203125 ,  0.713378906 SigReg: 26.3001556
std: 0.832519531 ,  0.838378906 SigReg: 30.0730782
std: 0.895507812 ,  0.791503906 SigReg: 30.0730782
std: 0.864746094 ,  0.815429688 SigReg: 33.5839615
std: 0.947753906 ,  0.854492188 SigReg: 33.5839615
std: 0.858886719 ,  0.609375 SigReg: 29.1324177
std: 0.952636719 ,  0.772460938 SigReg: 29.1324177
std: 0.891113281 ,  0.825195312 SigReg: 27.9052505
std: 0.885742188 ,  0.790039062 SigReg: 27.9052505
std: 0.76953125 ,  0.743164062 SigReg: 25.2718163
std: 0.82421875 ,  0.776367188 SigReg: 25.2718163
std: 0.892089844 ,  0.78125 SigReg: 30.4869843
std: 0.874023438 ,  0.698730469 SigReg: 30.4869843
std: 0.794433594 ,  0.802734375 SigReg: 31.9247589
std: 0.942871094 ,  0.829589844 SigReg: 31.9247589
std: 0.893554688 ,  0.790527344 SigReg: 31.3175316
std: 0.751953125 ,  0.740722656 SigReg: 31.3175316
std: 0.934082031 ,  0.727050781 SigReg: 25.662035
std: 0.8125 ,  0.672851562 SigReg: 25.662035
std: 0.87890625 ,  0.78515625 SigReg: 29.6259842
std: 0.785644531 ,  0.692871094 SigReg: 29.6259842
std: 0.900390625 ,  0.80078125 SigReg: 25.1235104
std: 0.900878906 ,  0.73828125 SigReg: 25.1235104
std: 0.928222656 ,  0.7421875 SigReg: 25.0680962
std: 0.862792969 ,  0.723632812 SigReg: 25.0680962
std: 0.967773438 ,  0.753417969 SigReg: 25.5598679
std: 0.823730469 ,  0.729003906 SigReg: 25.5598679
std: 0.881835938 ,  0.697265625 SigReg: 21.4530621
std: 0.929199219 ,  0.705078125 SigReg: 21.4530621
std: 0.987792969 ,  0.765625 SigReg: 33.5646515
std: 0.920898438 ,  0.72265625 SigReg: 33.5646515
std: 0.988769531 ,  0.765136719 SigReg: 35.9843216
std: 0.982421875 ,  0.722167969 SigReg: 35.9843216
std: 0.873535156 ,  0.625976562 SigReg: 31.0250931
std: 1.00195312 ,  0.685058594 SigReg: 31.0250931
std: 0.865234375 ,  0.593261719 SigReg: 35.5255089
std: 0.979003906 ,  0.691894531 SigReg: 35.5255089
  Step 50: Backbone Loss = 2.8909, SIGReg Loss = 35.5255 Probe Loss = 220.6716, Acc = 0.5125
std: 0.986328125 ,  0.779785156 SigReg: 41.377636
std: 1.01855469 ,  0.770507812 SigReg: 41.377636
std: 0.954589844 ,  0.732421875 SigReg: 30.6548576
std: 0.979003906 ,  0.751953125 SigReg: 30.6548576
std: 0.950195312 ,  0.748046875 SigReg: 28.2768574
std: 0.971191406 ,  0.817382812 SigReg: 28.2768574
std: 1.08300781 ,  0.9140625 SigReg: 27.8484688
std: 0.981933594 ,  0.832519531 SigReg: 27.8484688
std: 0.934570312 ,  0.8125 SigReg: 28.7145805
std: 1.02636719 ,  0.805175781 SigReg: 28.7145805
std: 1.08691406 ,  0.822753906 SigReg: 23.3457375
std: 0.947753906 ,  0.764648438 SigReg: 23.3457375
std: 0.987304688 ,  0.807617188 SigReg: 25.7646446
std: 1.06738281 ,  0.818847656 SigReg: 25.7646446
std: 1.04199219 ,  0.779785156 SigReg: 23.8006954
std: 1.09570312 ,  0.747070312 SigReg: 23.8006954
std: 1.03515625 ,  0.79296875 SigReg: 22.5729256
std: 0.963867188 ,  0.700683594 SigReg: 22.5729256
std: 1.07714844 ,  0.806640625 SigReg: 25.8532944
std: 0.958007812 ,  0.775390625 SigReg: 25.8532944
std: 0.973144531 ,  0.785644531 SigReg: 25.4327583
std: 0.907226562 ,  0.77734375 SigReg: 25.4327583
std: 1.015625 ,  0.862792969 SigReg: 25.1698914
std: 1.03515625 ,  0.883300781 SigReg: 25.1698914
std: 0.77734375 ,  0.655273438 SigReg: 24.9834576
std: 0.885253906 ,  0.788085938 SigReg: 24.9834576
std: 0.814453125 ,  0.784179688 SigReg: 26.7928772
std: 0.732421875 ,  0.838867188 SigReg: 26.7928772
std: 0.787597656 ,  0.619140625 SigReg: 33.722332
std: 0.7890625 ,  0.721679688 SigReg: 33.722332
std: 0.809570312 ,  0.776855469 SigReg: 23.4098244
std: 0.864257812 ,  0.861816406 SigReg: 23.4098244
std: 0.788574219 ,  0.832519531 SigReg: 26.1222916
std: 0.732421875 ,  0.794433594 SigReg: 26.1222916
std: 0.745117188 ,  0.816894531 SigReg: 25.1358948
std: 0.850585938 ,  0.822753906 SigReg: 25.1358948
std: 0.655761719 ,  0.746582031 SigReg: 26.6547031
std: 0.730957031 ,  0.771484375 SigReg: 26.6547031
std: 0.722167969 ,  0.742675781 SigReg: 27.1087608
std: 0.626953125 ,  0.759765625 SigReg: 27.1087608
std: 0.702636719 ,  0.717773438 SigReg: 30.7857037
std: 0.645019531 ,  0.712402344 SigReg: 30.7857037
std: 0.616699219 ,  0.770996094 SigReg: 28.9313869
std: 0.747070312 ,  0.682128906 SigReg: 28.9313869
std: 0.633300781 ,  0.717285156 SigReg: 31.2719193
std: 0.70703125 ,  0.625 SigReg: 31.2719193
std: 0.699707031 ,  0.702148438 SigReg: 30.3947906
std: 0.700195312 ,  0.637695312 SigReg: 30.3947906
std: 0.574707031 ,  0.592773438 SigReg: 30.6899185
std: 0.718261719 ,  0.721679688 SigReg: 30.6899185
std: 0.707519531 ,  0.696289062 SigReg: 32.4210129
std: 0.651367188 ,  0.682128906 SigReg: 32.4210129
std: 0.743652344 ,  0.645019531 SigReg: 26.0671253
std: 0.655761719 ,  0.786132812 SigReg: 26.0671253
std: 0.747558594 ,  0.6953125 SigReg: 29.1790085
std: 0.705078125 ,  0.799316406 SigReg: 29.1790085
std: 0.732421875 ,  0.557617188 SigReg: 33.8678703
std: 0.703613281 ,  0.608398438 SigReg: 33.8678703
std: 0.73828125 ,  0.732421875 SigReg: 28.1546669
std: 0.736816406 ,  0.635253906 SigReg: 28.1546669
std: 0.736328125 ,  0.653320312 SigReg: 26.4153061
std: 0.75 ,  0.574707031 SigReg: 26.4153061
std: 0.603515625 ,  0.569824219 SigReg: 27.053318
std: 0.708007812 ,  0.66015625 SigReg: 27.053318
std: 0.665039062 ,  0.65234375 SigReg: 36.7762
std: 0.688964844 ,  0.673339844 SigReg: 36.7762
std: 0.546386719 ,  0.604492188 SigReg: 33.6319389
std: 0.719238281 ,  0.568847656 SigReg: 33.6319389
std: 0.687011719 ,  0.625488281 SigReg: 33.3805428
std: 0.643066406 ,  0.605957031 SigReg: 33.3805428
std: 0.680664062 ,  0.551757812 SigReg: 30.8449078
std: 0.560546875 ,  0.480712891 SigReg: 30.8449078
std: 0.719726562 ,  0.555175781 SigReg: 30.099081
std: 0.676269531 ,  0.556152344 SigReg: 30.099081
std: 0.781738281 ,  0.633789062 SigReg: 32.6280632
std: 0.678222656 ,  0.51171875 SigReg: 32.6280632
std: 0.616699219 ,  0.529785156 SigReg: 27.8481464
std: 0.601074219 ,  0.541015625 SigReg: 27.8481464
std: 0.673339844 ,  0.5234375 SigReg: 27.5664978
std: 0.756347656 ,  0.614257812 SigReg: 27.5664978
std: 0.693847656 ,  0.606445312 SigReg: 25.417614
std: 0.671386719 ,  0.528808594 SigReg: 25.417614
std: 0.639160156 ,  0.591308594 SigReg: 23.7680206
std: 0.685058594 ,  0.68359375 SigReg: 23.7680206
std: 0.709472656 ,  0.670898438 SigReg: 26.9702454
std: 0.624511719 ,  0.567382812 SigReg: 26.9702454
std: 0.619140625 ,  0.615234375 SigReg: 31.960331
std: 0.73046875 ,  0.690917969 SigReg: 31.960331
std: 0.687988281 ,  0.512695312 SigReg: 30.7608719
std: 0.669921875 ,  0.520996094 SigReg: 30.7608719
std: 0.746582031 ,  0.727050781 SigReg: 34.2561302
std: 0.729980469 ,  0.687011719 SigReg: 34.2561302
std: 0.648925781 ,  0.571289062 SigReg: 28.4352283
std: 0.71484375 ,  0.647460938 SigReg: 28.4352283
std: 0.701660156 ,  0.663085938 SigReg: 27.7479496
std: 0.760253906 ,  0.680664062 SigReg: 27.7479496
std: 0.858398438 ,  0.685546875 SigReg: 25.2781906
std: 0.842285156 ,  0.561523438 SigReg: 25.2781906
std: 0.680664062 ,  0.477050781 SigReg: 25.7693367
std: 0.718261719 ,  0.534667969 SigReg: 25.7693367
  Step 100: Backbone Loss = 2.4690, SIGReg Loss = 25.7693 Probe Loss = 210.3281, Acc = 0.4947
std: 0.612304688 ,  0.59765625 SigReg: 26.8211651
std: 0.678222656 ,  0.502929688 SigReg: 26.8211651
std: 0.663085938 ,  0.603027344 SigReg: 22.646656
std: 0.749023438 ,  0.625976562 SigReg: 22.646656
std: 0.741699219 ,  0.522949219 SigReg: 24.1652603
std: 0.754394531 ,  0.586425781 SigReg: 24.1652603
std: 0.712890625 ,  0.6015625 SigReg: 26.3856716
std: 0.706054688 ,  0.582519531 SigReg: 26.3856716
std: 0.672363281 ,  0.56640625 SigReg: 22.5420074
std: 0.702148438 ,  0.674316406 SigReg: 22.5420074
std: 0.657226562 ,  0.623535156 SigReg: 24.3561382
std: 0.631835938 ,  0.637207031 SigReg: 24.3561382
std: 0.625488281 ,  0.645507812 SigReg: 25.9730358
std: 0.70703125 ,  0.644042969 SigReg: 25.9730358
std: 0.685058594 ,  0.670898438 SigReg: 23.1024265
std: 0.681640625 ,  0.659179688 SigReg: 23.1024265
std: 0.720703125 ,  0.695800781 SigReg: 22.7151871
std: 0.763183594 ,  0.740234375 SigReg: 22.7151871
std: 0.73046875 ,  0.712890625 SigReg: 22.5891304
std: 0.735351562 ,  0.692382812 SigReg: 22.5891304
std: 0.705078125 ,  0.71875 SigReg: 24.7437592
std: 0.724121094 ,  0.653320312 SigReg: 24.7437592
std: 0.689941406 ,  0.61328125 SigReg: 26.7330341
std: 0.6953125 ,  0.575195312 SigReg: 26.7330341
std: 0.695800781 ,  0.532226562 SigReg: 31.1147118
std: 0.790039062 ,  0.734375 SigReg: 31.1147118
std: 0.705566406 ,  0.696777344 SigReg: 25.422451
std: 0.815429688 ,  0.700683594 SigReg: 25.422451
std: 0.654785156 ,  0.517578125 SigReg: 24.6201515
std: 0.699707031 ,  0.618164062 SigReg: 24.6201515
std: 0.762695312 ,  0.647460938 SigReg: 29.0079956
std: 0.792480469 ,  0.635253906 SigReg: 29.0079956
std: 0.820800781 ,  0.667480469 SigReg: 31.7594929
std: 0.76171875 ,  0.661132812 SigReg: 31.7594929
std: 0.821289062 ,  0.626953125 SigReg: 26.4182663
std: 0.738769531 ,  0.595703125 SigReg: 26.4182663
std: 0.802734375 ,  0.623046875 SigReg: 23.7958355
std: 0.786621094 ,  0.588867188 SigReg: 23.7958355
std: 0.902832031 ,  0.599121094 SigReg: 24.5873508
std: 0.831542969 ,  0.625976562 SigReg: 24.5873508
std: 0.931152344 ,  0.646972656 SigReg: 23.1070862
std: 0.871582031 ,  0.579101562 SigReg: 23.1070862
std: 0.97265625 ,  0.618164062 SigReg: 20.4313583
std: 0.833984375 ,  0.546386719 SigReg: 20.4313583
std: 0.760742188 ,  0.538085938 SigReg: 22.350666
std: 0.864746094 ,  0.582519531 SigReg: 22.350666
std: 0.848632812 ,  0.555175781 SigReg: 33.4889679
std: 0.855957031 ,  0.55859375 SigReg: 33.4889679
std: 0.885742188 ,  0.566894531 SigReg: 30.3027744
std: 0.765625 ,  0.529785156 SigReg: 30.3027744
std: 0.869628906 ,  0.577148438 SigReg: 27.6556854
std: 0.783691406 ,  0.465820312 SigReg: 27.6556854
std: 0.825195312 ,  0.578125 SigReg: 23.1435051
std: 0.797851562 ,  0.54296875 SigReg: 23.1435051
std: 0.907714844 ,  0.612792969 SigReg: 29.6799088
std: 0.875488281 ,  0.674804688 SigReg: 29.6799088
std: 0.852050781 ,  0.711914062 SigReg: 29.3966122
std: 0.861328125 ,  0.622070312 SigReg: 29.3966122
std: 0.814453125 ,  0.646484375 SigReg: 28.5595207
std: 0.926269531 ,  0.6484375 SigReg: 28.5595207
std: 0.883789062 ,  0.557617188 SigReg: 24.5833225
std: 0.96484375 ,  0.630859375 SigReg: 24.5833225
std: 0.790527344 ,  0.556152344 SigReg: 23.1232071
std: 0.748046875 ,  0.512207031 SigReg: 23.1232071
std: 0.854980469 ,  0.598632812 SigReg: 27.7600555
std: 0.739746094 ,  0.497314453 SigReg: 27.7600555
std: 0.867675781 ,  0.616699219 SigReg: 22.3165817
std: 0.783203125 ,  0.469238281 SigReg: 22.3165817
std: 0.832519531 ,  0.666015625 SigReg: 25.834156
std: 0.710449219 ,  0.56640625 SigReg: 25.834156
std: 0.771972656 ,  0.622070312 SigReg: 28.2041149
std: 0.75390625 ,  0.551757812 SigReg: 28.2041149
std: 0.778320312 ,  0.618164062 SigReg: 30.2484722
std: 0.840820312 ,  0.642089844 SigReg: 30.2484722
std: 0.697265625 ,  0.677246094 SigReg: 29.3177967
std: 0.750488281 ,  0.615722656 SigReg: 29.3177967
std: 0.653808594 ,  0.609863281 SigReg: 32.9322281
std: 0.753417969 ,  0.665527344 SigReg: 32.9322281
std: 0.76171875 ,  0.726074219 SigReg: 31.8633595
std: 0.734375 ,  0.657226562 SigReg: 31.8633595
std: 0.539550781 ,  0.519042969 SigReg: 28.111372
std: 0.659179688 ,  0.718261719 SigReg: 28.111372
std: 0.66015625 ,  0.745605469 SigReg: 23.9602509
std: 0.736816406 ,  0.837890625 SigReg: 23.9602509
std: 0.760253906 ,  0.919921875 SigReg: 24.6373291
std: 0.624511719 ,  0.706054688 SigReg: 24.6373291
std: 0.677246094 ,  0.771972656 SigReg: 29.131424
std: 0.741699219 ,  0.889648438 SigReg: 29.131424
std: 0.8046875 ,  0.9296875 SigReg: 25.2750282
std: 0.606933594 ,  0.796386719 SigReg: 25.2750282
std: 0.723632812 ,  0.944335938 SigReg: 22.1611366
std: 0.754394531 ,  0.928710938 SigReg: 22.1611366
std: 0.638671875 ,  0.936035156 SigReg: 25.154356
std: 0.594726562 ,  0.83984375 SigReg: 25.154356
std: 0.685058594 ,  0.888671875 SigReg: 23.8808765
std: 0.688964844 ,  0.905761719 SigReg: 23.8808765
std: 0.662109375 ,  0.866699219 SigReg: 21.7179127
std: 0.676757812 ,  0.961425781 SigReg: 21.7179127
std: 0.716796875 ,  0.884277344 SigReg: 25.3608627
std: 0.670410156 ,  0.895019531 SigReg: 25.3608627
  Step 150: Backbone Loss = 2.3911, SIGReg Loss = 25.3609 Probe Loss = 211.8136, Acc = 0.5017
std: 0.662597656 ,  0.923828125 SigReg: 30.4711075
std: 0.687011719 ,  0.863769531 SigReg: 30.4711075
std: 0.714355469 ,  0.997070312 SigReg: 31.5444145
std: 0.6796875 ,  0.922851562 SigReg: 31.5444145
std: 0.631347656 ,  0.866699219 SigReg: 27.5735893
std: 0.6875 ,  0.9453125 SigReg: 27.5735893
std: 0.739746094 ,  1.03417969 SigReg: 32.5001297
std: 0.641601562 ,  0.942382812 SigReg: 32.5001297
std: 0.655273438 ,  1.03027344 SigReg: 29.5343952
std: 0.632324219 ,  1.00683594 SigReg: 29.5343952
std: 0.632324219 ,  1.04199219 SigReg: 26.1135197
std: 0.644042969 ,  1.01464844 SigReg: 26.1135197
std: 0.577148438 ,  1.02148438 SigReg: 21.5227356
std: 0.565917969 ,  0.88671875 SigReg: 21.5227356
std: 0.473876953 ,  0.899414062 SigReg: 28.2066689
std: 0.5859375 ,  0.943359375 SigReg: 28.2066689
std: 0.536621094 ,  0.757324219 SigReg: 33.222744
std: 0.592773438 ,  0.984863281 SigReg: 33.222744
std: 0.576660156 ,  1.04296875 SigReg: 37.2710571
std: 0.488037109 ,  0.982910156 SigReg: 37.2710571
std: 0.557128906 ,  1.09375 SigReg: 37.3664093
std: 0.585449219 ,  1.09960938 SigReg: 37.3664093
std: 0.541992188 ,  1.10058594 SigReg: 31.2093143
std: 0.560058594 ,  1.01660156 SigReg: 31.2093143
std: 0.573242188 ,  1.04394531 SigReg: 32.5675926
std: 0.500976562 ,  0.973632812 SigReg: 32.5675926
std: 0.582519531 ,  1.12597656 SigReg: 31.6293335
std: 0.531738281 ,  1.00097656 SigReg: 31.6293335
std: 0.595214844 ,  1.05175781 SigReg: 26.672205
std: 0.515625 ,  0.986816406 SigReg: 26.672205
std: 0.533203125 ,  1.06445312 SigReg: 25.9728889
std: 0.529785156 ,  1.01171875 SigReg: 25.9728889
std: 0.572753906 ,  1.09082031 SigReg: 26.6775417
std: 0.556640625 ,  1.02148438 SigReg: 26.6775417
std: 0.482666016 ,  1.01269531 SigReg: 28.8722878
std: 0.541992188 ,  1.06738281 SigReg: 28.8722878
std: 0.560546875 ,  1.05664062 SigReg: 28.1011963
std: 0.598632812 ,  1.13476562 SigReg: 28.1011963
std: 0.493896484 ,  1.0234375 SigReg: 27.3423424
std: 0.536621094 ,  1.05371094 SigReg: 27.3423424
std: 0.504882812 ,  1.04296875 SigReg: 26.5811443
std: 0.542480469 ,  1.10449219 SigReg: 26.5811443
std: 0.5390625 ,  1.12109375 SigReg: 24.5920162
std: 0.561035156 ,  1.22851562 SigReg: 24.5920162
std: 0.596191406 ,  1.27929688 SigReg: 23.9919224
std: 0.568359375 ,  1.18847656 SigReg: 23.9919224
std: 0.619140625 ,  1.26269531 SigReg: 24.7362309
std: 0.573242188 ,  1.29296875 SigReg: 24.7362309
std: 0.599121094 ,  1.33789062 SigReg: 24.2053089
std: 0.571777344 ,  1.17480469 SigReg: 24.2053089
std: 0.708007812 ,  1.40917969 SigReg: 24.7229214
std: 0.606933594 ,  1.15136719 SigReg: 24.7229214
std: 0.741699219 ,  1.30273438 SigReg: 30.3681526
std: 0.684570312 ,  1.24316406 SigReg: 30.3681526
std: 0.753417969 ,  1.23925781 SigReg: 28.3141651
std: 0.689453125 ,  1.29101562 SigReg: 28.3141651
std: 0.666015625 ,  1.22070312 SigReg: 27.1955128
std: 0.700683594 ,  1.22363281 SigReg: 27.1955128
std: 0.664550781 ,  1.08691406 SigReg: 30.8379097
std: 0.6875 ,  1.13183594 SigReg: 30.8379097
std: 0.693359375 ,  1.27734375 SigReg: 35.835041
std: 0.669921875 ,  1.20019531 SigReg: 35.835041
std: 0.658203125 ,  1.17675781 SigReg: 32.2009964
std: 0.640136719 ,  1.13476562 SigReg: 32.2009964
std: 0.604980469 ,  1.02050781 SigReg: 28.3203278
std: 0.65234375 ,  1.05957031 SigReg: 28.3203278
std: 0.66015625 ,  0.999511719 SigReg: 27.3954391
std: 0.671386719 ,  0.990234375 SigReg: 27.3954391
std: 0.619140625 ,  0.896972656 SigReg: 29.5451565
std: 0.666992188 ,  0.946777344 SigReg: 29.5451565
std: 0.69921875 ,  0.9921875 SigReg: 27.4437637
std: 0.647460938 ,  0.947265625 SigReg: 27.4437637
std: 0.669921875 ,  0.941894531 SigReg: 33.9012489
std: 0.629882812 ,  0.919921875 SigReg: 33.9012489
std: 0.690917969 ,  0.917480469 SigReg: 26.4257488
std: 0.83203125 ,  1.03125 SigReg: 26.4257488
std: 0.705566406 ,  0.892578125 SigReg: 30.6471539
std: 0.802734375 ,  1.00195312 SigReg: 30.6471539
std: 0.735351562 ,  0.806152344 SigReg: 29.7085667
std: 0.705566406 ,  0.861816406 SigReg: 29.7085667
std: 0.681152344 ,  0.83203125 SigReg: 29.4978199
std: 0.6640625 ,  0.791015625 SigReg: 29.4978199
std: 0.698242188 ,  0.759277344 SigReg: 28.753521
std: 0.682128906 ,  0.727050781 SigReg: 28.753521
std: 0.693359375 ,  0.749511719 SigReg: 29.3951187
std: 0.629882812 ,  0.68359375 SigReg: 29.3951187
std: 0.854492188 ,  0.864746094 SigReg: 33.4472618
std: 0.909667969 ,  0.929199219 SigReg: 33.4472618
std: 0.893066406 ,  0.897460938 SigReg: 28.9846306
std: 0.922363281 ,  0.891113281 SigReg: 28.9846306
std: 0.814453125 ,  0.825195312 SigReg: 32.8181152
std: 0.929199219 ,  0.791992188 SigReg: 32.8181152
std: 0.936523438 ,  0.89453125 SigReg: 32.3076439
std: 0.932617188 ,  0.869628906 SigReg: 32.3076439
std: 0.890136719 ,  0.843261719 SigReg: 36.8722458
std: 0.8984375 ,  0.890136719 SigReg: 36.8722458
std: 0.916015625 ,  0.974121094 SigReg: 33.3033142
std: 0.926757812 ,  0.982421875 SigReg: 33.3033142
std: 0.895507812 ,  0.969726562 SigReg: 40.3675842
std: 0.931152344 ,  1.02636719 SigReg: 40.3675842
  Step 200: Backbone Loss = 3.2872, SIGReg Loss = 40.3676 Probe Loss = 195.7375, Acc = 0.5041
std: 0.815917969 ,  1.015625 SigReg: 35.2770767
std: 0.912109375 ,  1.12109375 SigReg: 35.2770767
std: 0.712402344 ,  0.926757812 SigReg: 31.472517
std: 0.775878906 ,  1.05175781 SigReg: 31.472517
std: 0.827148438 ,  1.10351562 SigReg: 33.579071
std: 0.787597656 ,  1.03027344 SigReg: 33.579071
std: 0.748046875 ,  1.09960938 SigReg: 30.734766
std: 0.812011719 ,  1.12792969 SigReg: 30.734766
std: 0.796386719 ,  1.12890625 SigReg: 27.8099117
std: 0.747558594 ,  1.03710938 SigReg: 27.8099117
std: 0.793945312 ,  1.16015625 SigReg: 27.0541515
std: 0.739257812 ,  1.07324219 SigReg: 27.0541515
std: 0.805664062 ,  1.23144531 SigReg: 28.5723667
std: 0.684082031 ,  0.973632812 SigReg: 28.5723667
std: 0.762695312 ,  1.21875 SigReg: 22.0994034
std: 0.719238281 ,  1.12792969 SigReg: 22.0994034
std: 0.8203125 ,  1.40625 SigReg: 25.4762058
std: 0.894042969 ,  1.46191406 SigReg: 25.4762058
std: 0.760253906 ,  1.3203125 SigReg: 30.2050934
std: 0.748535156 ,  1.36621094 SigReg: 30.2050934
std: 0.847167969 ,  1.52929688 SigReg: 31.0829582
std: 0.812011719 ,  1.43457031 SigReg: 31.0829582
std: 0.783691406 ,  1.39550781 SigReg: 27.1109753
std: 0.781738281 ,  1.40429688 SigReg: 27.1109753
std: 0.739746094 ,  1.41015625 SigReg: 24.9701443
std: 0.768554688 ,  1.46484375 SigReg: 24.9701443
std: 0.68359375 ,  1.28417969 SigReg: 31.8885155
std: 0.755859375 ,  1.46289062 SigReg: 31.8885155
std: 0.741699219 ,  1.48242188 SigReg: 30.3550854
std: 0.846191406 ,  1.609375 SigReg: 30.3550854
std: 0.794433594 ,  1.48046875 SigReg: 24.4652386
std: 0.762695312 ,  1.47949219 SigReg: 24.4652386
std: 0.801757812 ,  1.48730469 SigReg: 24.7992153
std: 0.752929688 ,  1.46972656 SigReg: 24.7992153
std: 0.663574219 ,  1.37011719 SigReg: 24.5556774
std: 0.741210938 ,  1.43164062 SigReg: 24.5556774
std: 0.673828125 ,  1.30761719 SigReg: 26.5003338
std: 0.6796875 ,  1.35253906 SigReg: 26.5003338
std: 0.649902344 ,  1.36425781 SigReg: 27.9104977
std: 0.605957031 ,  1.23828125 SigReg: 27.9104977
std: 0.706054688 ,  1.40429688 SigReg: 27.4527988
std: 0.674804688 ,  1.29492188 SigReg: 27.4527988
std: 0.681640625 ,  1.24804688 SigReg: 24.0478172
std: 0.671875 ,  1.36035156 SigReg: 24.0478172
std: 0.772949219 ,  1.44140625 SigReg: 34.3003769
std: 0.734375 ,  1.36621094 SigReg: 34.3003769
std: 0.713867188 ,  1.42871094 SigReg: 33.148098
std: 0.788574219 ,  1.44628906 SigReg: 33.148098
std: 0.697753906 ,  1.3984375 SigReg: 26.0765324
std: 0.692382812 ,  1.30664062 SigReg: 26.0765324
std: 0.727539062 ,  1.41796875 SigReg: 28.652895
std: 0.805664062 ,  1.43945312 SigReg: 28.652895
std: 0.791992188 ,  1.53808594 SigReg: 35.322422
std: 0.646484375 ,  1.265625 SigReg: 35.322422
std: 0.728515625 ,  1.40234375 SigReg: 29.2785263
std: 0.749511719 ,  1.47460938 SigReg: 29.2785263
std: 0.690429688 ,  1.45605469 SigReg: 24.9430962
std: 0.758300781 ,  1.52050781 SigReg: 24.9430962
std: 0.679199219 ,  1.46289062 SigReg: 24.1088867
std: 0.737304688 ,  1.51074219 SigReg: 24.1088867
std: 0.6484375 ,  1.3515625 SigReg: 26.2205448
std: 0.743652344 ,  1.49804688 SigReg: 26.2205448
std: 0.810546875 ,  1.52832031 SigReg: 28.4340286
std: 0.780761719 ,  1.45996094 SigReg: 28.4340286
std: 0.786621094 ,  1.53515625 SigReg: 23.9781837
std: 0.710449219 ,  1.41601562 SigReg: 23.9781837
std: 0.69140625 ,  1.43847656 SigReg: 22.4911823
std: 0.70703125 ,  1.43457031 SigReg: 22.4911823
std: 0.662597656 ,  1.35742188 SigReg: 22.8136292
std: 0.6640625 ,  1.38574219 SigReg: 22.8136292
std: 0.727050781 ,  1.4375 SigReg: 23.297821
std: 0.697753906 ,  1.53515625 SigReg: 23.297821
std: 0.655273438 ,  1.42578125 SigReg: 24.6040592
std: 0.703125 ,  1.44726562 SigReg: 24.6040592
std: 0.67578125 ,  1.42871094 SigReg: 25.3226566
std: 0.627441406 ,  1.36425781 SigReg: 25.3226566
std: 0.646484375 ,  1.34472656 SigReg: 21.3469105
std: 0.656738281 ,  1.44824219 SigReg: 21.3469105
std: 0.649902344 ,  1.45214844 SigReg: 23.897047
std: 0.604492188 ,  1.42285156 SigReg: 23.897047
std: 0.6015625 ,  1.35058594 SigReg: 19.9848366
std: 0.563476562 ,  1.23144531 SigReg: 19.9848366
std: 0.587890625 ,  1.31640625 SigReg: 30.32757
std: 0.645996094 ,  1.38671875 SigReg: 30.32757
std: 0.631835938 ,  1.37207031 SigReg: 26.5884151
std: 0.624023438 ,  1.3984375 SigReg: 26.5884151
std: 0.631835938 ,  1.44921875 SigReg: 24.3196373
std: 0.651367188 ,  1.36621094 SigReg: 24.3196373
std: 0.543945312 ,  1.33300781 SigReg: 25.5945168
std: 0.609375 ,  1.35742188 SigReg: 25.5945168
std: 0.547851562 ,  1.31054688 SigReg: 25.5290318
std: 0.567871094 ,  1.39160156 SigReg: 25.5290318
std: 0.498046875 ,  1.36132812 SigReg: 25.6219215
std: 0.491699219 ,  1.45507812 SigReg: 25.6219215
std: 0.473632812 ,  1.16601562 SigReg: 38.9551773
std: 0.481445312 ,  1.17675781 SigReg: 38.9551773
std: 0.478515625 ,  1.35742188 SigReg: 32.3554497
std: 0.461914062 ,  1.1953125 SigReg: 32.3554497
std: 0.447509766 ,  1.35058594 SigReg: 24.2758102
std: 0.438476562 ,  1.22070312 SigReg: 24.2758102
  Step 250: Backbone Loss = 2.3315, SIGReg Loss = 24.2758 Probe Loss = 189.3828, Acc = 0.4945
std: 0.415771484 ,  1.32519531 SigReg: 27.4643097
std: 0.354980469 ,  1.27050781 SigReg: 27.4643097
std: 0.365722656 ,  1.38671875 SigReg: 24.3985424
std: 0.424316406 ,  1.28515625 SigReg: 24.3985424
std: 0.343017578 ,  1.24902344 SigReg: 27.1897583
std: 0.338867188 ,  1.37011719 SigReg: 27.1897583
std: 0.332519531 ,  1.2109375 SigReg: 27.6524982
std: 0.343994141 ,  1.17675781 SigReg: 27.6524982
std: 0.330566406 ,  1.26171875 SigReg: 28.4177055
std: 0.302246094 ,  1.33789062 SigReg: 28.4177055
std: 0.301269531 ,  1.27441406 SigReg: 27.4108696
std: 0.349609375 ,  1.26074219 SigReg: 27.4108696
std: 0.347167969 ,  1.18261719 SigReg: 28.2187405
std: 0.308837891 ,  1.34472656 SigReg: 28.2187405
std: 0.32421875 ,  1.21191406 SigReg: 26.4057598
std: 0.282226562 ,  1.24707031 SigReg: 26.4057598
std: 0.297607422 ,  1.20019531 SigReg: 23.095295
std: 0.278564453 ,  1.25097656 SigReg: 23.095295
std: 0.336181641 ,  1.15332031 SigReg: 23.742384
std: 0.321044922 ,  1.19824219 SigReg: 23.742384
std: 0.316894531 ,  1.21386719 SigReg: 22.5454884
std: 0.331542969 ,  0.959960938 SigReg: 22.5454884
std: 0.226196289 ,  1.22070312 SigReg: 23.7918301
std: 0.293457031 ,  1.20410156 SigReg: 23.7918301
std: 0.28125 ,  1.10644531 SigReg: 22.9080486
std: 0.271972656 ,  1.06835938 SigReg: 22.9080486
std: 0.279052734 ,  1.01367188 SigReg: 22.9616089
std: 0.262207031 ,  1.0546875 SigReg: 22.9616089
std: 0.220947266 ,  0.990722656 SigReg: 26.8327026
std: 0.253662109 ,  1.01269531 SigReg: 26.8327026
std: 0.248168945 ,  1.04394531 SigReg: 22.6683197
std: 0.279541016 ,  1.04296875 SigReg: 22.6683197
std: 0.214111328 ,  1.0703125 SigReg: 21.2849426
std: 0.2578125 ,  1.17480469 SigReg: 21.2849426
std: 0.269287109 ,  1.16699219 SigReg: 21.8507729
std: 0.284179688 ,  1.10644531 SigReg: 21.8507729
std: 0.285400391 ,  1.09863281 SigReg: 25.2906418
std: 0.296875 ,  1.02832031 SigReg: 25.2906418
std: 0.265869141 ,  1.05371094 SigReg: 27.9204025
std: 0.332763672 ,  1.015625 SigReg: 27.9204025
std: 0.320800781 ,  1.19628906 SigReg: 23.601347
std: 0.334472656 ,  1.10449219 SigReg: 23.601347
std: 0.339111328 ,  1.16992188 SigReg: 27.1280499
std: 0.338867188 ,  1.171875 SigReg: 27.1280499
std: 0.333007812 ,  1.18847656 SigReg: 26.0721741
std: 0.354003906 ,  1.17578125 SigReg: 26.0721741
std: 0.340332031 ,  1.17382812 SigReg: 25.9760494
std: 0.316650391 ,  1.06347656 SigReg: 25.9760494
std: 0.313964844 ,  1.15917969 SigReg: 23.899704
std: 0.281982422 ,  1.13574219 SigReg: 23.899704
std: 0.32421875 ,  1.18164062 SigReg: 21.7346802
std: 0.311767578 ,  1.21386719 SigReg: 21.7346802
std: 0.289794922 ,  1.109375 SigReg: 24.3662262
std: 0.283203125 ,  1.07910156 SigReg: 24.3662262
std: 0.300292969 ,  1.19140625 SigReg: 21.7823811
std: 0.301757812 ,  1.14648438 SigReg: 21.7823811
std: 0.317626953 ,  1.15527344 SigReg: 24.8037186
std: 0.278076172 ,  1.16992188 SigReg: 24.8037186
std: 0.310302734 ,  1.13085938 SigReg: 24.6773605
std: 0.285888672 ,  1.06445312 SigReg: 24.6773605
std: 0.27734375 ,  1.02539062 SigReg: 24.3512459
std: 0.298095703 ,  1.15234375 SigReg: 24.3512459
std: 0.289550781 ,  1.14746094 SigReg: 23.8420048
std: 0.294677734 ,  1.02734375 SigReg: 23.8420048
std: 0.235107422 ,  1.01269531 SigReg: 20.7583237
std: 0.268798828 ,  1.16308594 SigReg: 20.7583237
std: 0.262207031 ,  1.11328125 SigReg: 20.4340744
std: 0.255859375 ,  1.09375 SigReg: 20.4340744
std: 0.237182617 ,  1.14257812 SigReg: 22.9835033
std: 0.291259766 ,  1.10449219 SigReg: 22.9835033
std: 0.253417969 ,  1.05566406 SigReg: 22.2629147
std: 0.263671875 ,  1.11035156 SigReg: 22.2629147
std: 0.270751953 ,  1.21386719 SigReg: 26.1301441
std: 0.279052734 ,  1.10839844 SigReg: 26.1301441
std: 0.234130859 ,  0.854003906 SigReg: 29.4199791
std: 0.277099609 ,  0.951171875 SigReg: 29.4199791
std: 0.223999023 ,  0.842285156 SigReg: 36.5920334
std: 0.224243164 ,  0.843261719 SigReg: 36.5920334
std: 0.250732422 ,  0.832519531 SigReg: 32.6940155
std: 0.242919922 ,  0.919433594 SigReg: 32.6940155
std: 0.23034668 ,  0.902832031 SigReg: 35.4723511
std: 0.228149414 ,  0.789550781 SigReg: 35.4723511
std: 0.25390625 ,  0.996582031 SigReg: 33.2533
std: 0.187255859 ,  0.881347656 SigReg: 33.2533
std: 0.258300781 ,  1.05566406 SigReg: 27.1899548
std: 0.232788086 ,  1.02734375 SigReg: 27.1899548
std: 0.216918945 ,  0.986816406 SigReg: 24.5418396
std: 0.151123047 ,  0.973632812 SigReg: 24.5418396
std: 0.173461914 ,  1.07421875 SigReg: 26.5393066
std: 0.155273438 ,  0.964355469 SigReg: 26.5393066
std: 0.244750977 ,  1.04394531 SigReg: 26.6495304
std: 0.211914062 ,  1.10253906 SigReg: 26.6495304
std: 0.212402344 ,  1.20996094 SigReg: 21.741869
std: 0.222045898 ,  1.09472656 SigReg: 21.741869
std: 0.233520508 ,  1.07617188 SigReg: 28.1917648
std: 0.205322266 ,  1.12890625 SigReg: 28.1917648
std: 0.226196289 ,  1.20019531 SigReg: 31.0214462
std: 0.197631836 ,  1.171875 SigReg: 31.0214462
std: 0.200683594 ,  1.15039062 SigReg: 34.2828712
std: 0.22265625 ,  1.03125 SigReg: 34.2828712
  Step 300: Backbone Loss = 2.9953, SIGReg Loss = 34.2829 Probe Loss = 186.3833, Acc = 0.5047
std: 0.253662109 ,  1.07421875 SigReg: 28.1950703
std: 0.217895508 ,  1.03222656 SigReg: 28.1950703
std: 0.247680664 ,  1.10546875 SigReg: 29.4917202
std: 0.248413086 ,  1.140625 SigReg: 29.4917202
std: 0.303955078 ,  1.0078125 SigReg: 25.4284611
std: 0.290039062 ,  1.10058594 SigReg: 25.4284611
std: 0.243652344 ,  1.10351562 SigReg: 23.1036339
std: 0.327636719 ,  1.1171875 SigReg: 23.1036339
std: 0.305419922 ,  1.1171875 SigReg: 22.6560955
std: 0.29296875 ,  1.08496094 SigReg: 22.6560955
std: 0.297119141 ,  1.078125 SigReg: 23.7001457
std: 0.314941406 ,  1.11132812 SigReg: 23.7001457
Epoch 6 finished in 249.48s.
  Avg Backbone Loss: 2.5615
  Avg Probe Loss:    208.5091
  Avg Probe Accuracy: 0.5031

Epoch 7/100
std: 0.367675781 ,  1.02148438 SigReg: 23.5448875
std: 0.332763672 ,  0.979003906 SigReg: 23.5448875
  Step 0: Backbone Loss = 2.3779, SIGReg Loss = 23.5449 Probe Loss = 167.3508, Acc = 0.5141
std: 0.362304688 ,  0.9453125 SigReg: 23.6040878
std: 0.361816406 ,  0.970703125 SigReg: 23.6040878
std: 0.407714844 ,  0.935546875 SigReg: 21.895462
std: 0.424560547 ,  0.936035156 SigReg: 21.895462
std: 0.385498047 ,  0.874023438 SigReg: 43.1029434
std: 0.416748047 ,  0.814453125 SigReg: 43.1029434
std: 0.4921875 ,  0.912109375 SigReg: 30.9247532
std: 0.48046875 ,  0.838378906 SigReg: 30.9247532
std: 0.475830078 ,  0.899414062 SigReg: 23.9837017
std: 0.420166016 ,  0.873046875 SigReg: 23.9837017
std: 0.406005859 ,  0.877929688 SigReg: 33.6169891
std: 0.42578125 ,  0.868652344 SigReg: 33.6169891
std: 0.45703125 ,  0.931152344 SigReg: 20.3001614
std: 0.454833984 ,  0.979492188 SigReg: 20.3001614
std: 0.462890625 ,  1.05957031 SigReg: 20.2006645
std: 0.462158203 ,  0.964355469 SigReg: 20.2006645
std: 0.338867188 ,  0.943847656 SigReg: 26.2551441
std: 0.406005859 ,  0.879882812 SigReg: 26.2551441
std: 0.334228516 ,  1.02929688 SigReg: 21.6889019
std: 0.3515625 ,  1.00878906 SigReg: 21.6889019
std: 0.339111328 ,  1 SigReg: 23.6122189
std: 0.383056641 ,  1.06933594 SigReg: 23.6122189
std: 0.3125 ,  1.04394531 SigReg: 25.5495739
std: 0.341064453 ,  1.10058594 SigReg: 25.5495739
std: 0.302490234 ,  1.09179688 SigReg: 26.5988235
std: 0.327148438 ,  1.03320312 SigReg: 26.5988235
std: 0.230957031 ,  0.999511719 SigReg: 23.8533459
std: 0.276611328 ,  1.1328125 SigReg: 23.8533459
std: 0.278564453 ,  1.07519531 SigReg: 22.0828304
std: 0.257324219 ,  0.997070312 SigReg: 22.0828304
std: 0.26171875 ,  1.11621094 SigReg: 24.0020714
std: 0.255859375 ,  1.10449219 SigReg: 24.0020714
std: 0.214111328 ,  1.14746094 SigReg: 24.7681484
std: 0.22265625 ,  1.10253906 SigReg: 24.7681484
std: 0.18762207 ,  0.910644531 SigReg: 29.7396526
std: 0.235839844 ,  1.09375 SigReg: 29.7396526
std: 0.257324219 ,  1.07324219 SigReg: 23.7471466
std: 0.232910156 ,  1.00585938 SigReg: 23.7471466
std: 0.260986328 ,  0.989257812 SigReg: 21.8740387
std: 0.26171875 ,  0.970214844 SigReg: 21.8740387
std: 0.270019531 ,  0.992675781 SigReg: 24.2954521
std: 0.277099609 ,  0.996582031 SigReg: 24.2954521
std: 0.33203125 ,  0.955078125 SigReg: 28.7722969
std: 0.287353516 ,  0.815917969 SigReg: 28.7722969
std: 0.328369141 ,  0.971191406 SigReg: 27.3189793
std: 0.3671875 ,  0.959472656 SigReg: 27.3189793
std: 0.385498047 ,  1.03710938 SigReg: 20.7652035
std: 0.375976562 ,  0.937011719 SigReg: 20.7652035
std: 0.389404297 ,  0.829589844 SigReg: 21.9087391
std: 0.335449219 ,  0.846679688 SigReg: 21.9087391
std: 0.386474609 ,  0.841308594 SigReg: 22.9698925
std: 0.393066406 ,  0.83203125 SigReg: 22.9698925
std: 0.389892578 ,  0.801757812 SigReg: 24.9511108
std: 0.381591797 ,  0.82421875 SigReg: 24.9511108
std: 0.356201172 ,  0.821289062 SigReg: 20.7186279
std: 0.380126953 ,  0.825195312 SigReg: 20.7186279
std: 0.350341797 ,  0.8203125 SigReg: 25.0203438
std: 0.401123047 ,  0.815429688 SigReg: 25.0203438
std: 0.330322266 ,  0.658203125 SigReg: 26.878191
std: 0.402587891 ,  0.737304688 SigReg: 26.878191
std: 0.411132812 ,  0.648925781 SigReg: 29.6776161
std: 0.386474609 ,  0.682128906 SigReg: 29.6776161
std: 0.302490234 ,  0.632324219 SigReg: 25.0450954
std: 0.318603516 ,  0.630859375 SigReg: 25.0450954
std: 0.268310547 ,  0.718261719 SigReg: 23.1909199
std: 0.249023438 ,  0.698242188 SigReg: 23.1909199
std: 0.195678711 ,  0.678222656 SigReg: 23.6721306
std: 0.259033203 ,  0.640136719 SigReg: 23.6721306
std: 0.189697266 ,  0.586914062 SigReg: 29.921423
std: 0.195800781 ,  0.549804688 SigReg: 29.921423
std: 0.19128418 ,  0.412841797 SigReg: 30.0290241
std: 0.165893555 ,  0.497070312 SigReg: 30.0290241
std: 0.178588867 ,  0.653808594 SigReg: 25.1232338
std: 0.201293945 ,  0.51171875 SigReg: 25.1232338
std: 0.280029297 ,  0.498779297 SigReg: 30.236002
std: 0.284912109 ,  0.557617188 SigReg: 30.236002
std: 0.272216797 ,  0.613769531 SigReg: 29.2571011
std: 0.260742188 ,  0.484375 SigReg: 29.2571011
std: 0.244018555 ,  0.507324219 SigReg: 36.820652
std: 0.256835938 ,  0.577636719 SigReg: 36.820652
std: 0.279052734 ,  0.486083984 SigReg: 45.1467476
std: 0.278320312 ,  0.604492188 SigReg: 45.1467476
std: 0.263916016 ,  0.571289062 SigReg: 38.5816917
std: 0.273681641 ,  0.574707031 SigReg: 38.5816917
std: 0.267333984 ,  0.583984375 SigReg: 34.1068115
std: 0.232666016 ,  0.502929688 SigReg: 34.1068115
std: 0.268554688 ,  0.538085938 SigReg: 39.1687164
std: 0.253417969 ,  0.499511719 SigReg: 39.1687164
std: 0.249145508 ,  0.507324219 SigReg: 27.8093605
std: 0.2578125 ,  0.457275391 SigReg: 27.8093605
std: 0.261230469 ,  0.495117188 SigReg: 24.7610435
std: 0.245361328 ,  0.546875 SigReg: 24.7610435
std: 0.235839844 ,  0.597167969 SigReg: 25.7295685
std: 0.262207031 ,  0.551269531 SigReg: 25.7295685
std: 0.287841797 ,  0.467773438 SigReg: 24.5828171
std: 0.21875 ,  0.465087891 SigReg: 24.5828171
std: 0.264404297 ,  0.54296875 SigReg: 26.8253689
std: 0.218383789 ,  0.484619141 SigReg: 26.8253689
std: 0.235473633 ,  0.605957031 SigReg: 21.913517
std: 0.175048828 ,  0.595703125 SigReg: 21.913517
  Step 50: Backbone Loss = 2.3375, SIGReg Loss = 21.9135 Probe Loss = 169.6150, Acc = 0.4988
std: 0.258300781 ,  0.581542969 SigReg: 24.9913292
std: 0.240600586 ,  0.609375 SigReg: 24.9913292
std: 0.260009766 ,  0.565917969 SigReg: 23.1600838
std: 0.231323242 ,  0.576660156 SigReg: 23.1600838
std: 0.251953125 ,  0.548828125 SigReg: 22.7933407
std: 0.285400391 ,  0.598632812 SigReg: 22.7933407
std: 0.220214844 ,  0.66015625 SigReg: 23.3934174
std: 0.282226562 ,  0.492919922 SigReg: 23.3934174
std: 0.261230469 ,  0.545898438 SigReg: 27.6515961
std: 0.272949219 ,  0.51953125 SigReg: 27.6515961
std: 0.304931641 ,  0.489990234 SigReg: 25.5600815
std: 0.294677734 ,  0.469970703 SigReg: 25.5600815
std: 0.342773438 ,  0.470214844 SigReg: 24.1506119
std: 0.291015625 ,  0.55078125 SigReg: 24.1506119
std: 0.337158203 ,  0.498046875 SigReg: 25.867321
std: 0.346679688 ,  0.618652344 SigReg: 25.867321
std: 0.399169922 ,  0.624023438 SigReg: 27.4994583
std: 0.391845703 ,  0.639160156 SigReg: 27.4994583
std: 0.425292969 ,  0.613769531 SigReg: 25.7411308
std: 0.453613281 ,  0.65625 SigReg: 25.7411308
std: 0.457763672 ,  0.592773438 SigReg: 29.1304626
std: 0.388671875 ,  0.694824219 SigReg: 29.1304626
std: 0.447998047 ,  0.670410156 SigReg: 26.7709541
std: 0.400878906 ,  0.584960938 SigReg: 26.7709541
std: 0.417480469 ,  0.592285156 SigReg: 27.6234512
std: 0.441162109 ,  0.616699219 SigReg: 27.6234512
std: 0.3984375 ,  0.654785156 SigReg: 24.3909073
std: 0.393066406 ,  0.604980469 SigReg: 24.3909073
std: 0.388671875 ,  0.557128906 SigReg: 31.8104382
std: 0.391113281 ,  0.609375 SigReg: 31.8104382
std: 0.384277344 ,  0.524414062 SigReg: 26.8051147
std: 0.373046875 ,  0.565917969 SigReg: 26.8051147
std: 0.337402344 ,  0.578125 SigReg: 21.7355061
std: 0.395507812 ,  0.620605469 SigReg: 21.7355061
std: 0.3359375 ,  0.619140625 SigReg: 25.2369633
std: 0.342285156 ,  0.541992188 SigReg: 25.2369633
std: 0.348388672 ,  0.551269531 SigReg: 22.6229153
std: 0.334228516 ,  0.498535156 SigReg: 22.6229153
std: 0.345458984 ,  0.6328125 SigReg: 22.1315784
std: 0.325439453 ,  0.61328125 SigReg: 22.1315784
std: 0.328613281 ,  0.54296875 SigReg: 24.9407234
std: 0.293945312 ,  0.530273438 SigReg: 24.9407234
std: 0.385742188 ,  0.537597656 SigReg: 22.6766319
std: 0.338134766 ,  0.575683594 SigReg: 22.6766319
std: 0.365478516 ,  0.543457031 SigReg: 25.6100769
std: 0.331054688 ,  0.551269531 SigReg: 25.6100769
std: 0.319091797 ,  0.55078125 SigReg: 23.217289
std: 0.300292969 ,  0.633300781 SigReg: 23.217289
std: 0.318847656 ,  0.591308594 SigReg: 24.5723686
std: 0.327392578 ,  0.535644531 SigReg: 24.5723686
std: 0.331787109 ,  0.528808594 SigReg: 26.8448906
std: 0.325683594 ,  0.555664062 SigReg: 26.8448906
std: 0.261230469 ,  0.665527344 SigReg: 24.3943176
std: 0.301269531 ,  0.645019531 SigReg: 24.3943176
std: 0.273925781 ,  0.648925781 SigReg: 23.7570553
std: 0.249389648 ,  0.604492188 SigReg: 23.7570553
std: 0.264648438 ,  0.629394531 SigReg: 24.0419102
std: 0.277099609 ,  0.650390625 SigReg: 24.0419102
std: 0.259521484 ,  0.653808594 SigReg: 22.1377258
std: 0.288574219 ,  0.602539062 SigReg: 22.1377258
std: 0.244140625 ,  0.688964844 SigReg: 24.6250534
std: 0.274414062 ,  0.709960938 SigReg: 24.6250534
std: 0.293701172 ,  0.712890625 SigReg: 21.4676704
std: 0.298583984 ,  0.676757812 SigReg: 21.4676704
std: 0.279541016 ,  0.716796875 SigReg: 25.047451
std: 0.194824219 ,  0.719238281 SigReg: 25.047451
std: 0.282226562 ,  0.806640625 SigReg: 22.8184128
std: 0.230712891 ,  0.736328125 SigReg: 22.8184128
std: 0.289794922 ,  0.818359375 SigReg: 21.654007
std: 0.290039062 ,  0.752441406 SigReg: 21.654007
std: 0.217529297 ,  0.854492188 SigReg: 26.7560177
std: 0.306396484 ,  0.81640625 SigReg: 26.7560177
std: 0.263183594 ,  0.770019531 SigReg: 21.1644173
std: 0.279541016 ,  0.696777344 SigReg: 21.1644173
std: 0.25 ,  0.756347656 SigReg: 20.557003
std: 0.239135742 ,  0.697753906 SigReg: 20.557003
std: 0.291015625 ,  0.700195312 SigReg: 22.0910416
std: 0.290039062 ,  0.703613281 SigReg: 22.0910416
std: 0.327148438 ,  0.657226562 SigReg: 21.7916965
std: 0.290039062 ,  0.704101562 SigReg: 21.7916965
std: 0.284912109 ,  0.592285156 SigReg: 23.5116253
std: 0.278076172 ,  0.603515625 SigReg: 23.5116253
std: 0.330322266 ,  0.590820312 SigReg: 24.046278
std: 0.260253906 ,  0.553710938 SigReg: 24.046278
std: 0.323974609 ,  0.565917969 SigReg: 21.1967144
std: 0.314208984 ,  0.541503906 SigReg: 21.1967144
std: 0.242919922 ,  0.585449219 SigReg: 23.6508636
std: 0.249633789 ,  0.621582031 SigReg: 23.6508636
std: 0.273193359 ,  0.614257812 SigReg: 25.1269341
std: 0.23828125 ,  0.566894531 SigReg: 25.1269341
std: 0.261474609 ,  0.519042969 SigReg: 26.803957
std: 0.272949219 ,  0.528320312 SigReg: 26.803957
std: 0.225097656 ,  0.478515625 SigReg: 24.7552814
std: 0.251708984 ,  0.486083984 SigReg: 24.7552814
std: 0.287353516 ,  0.416015625 SigReg: 20.6386108
std: 0.248291016 ,  0.5390625 SigReg: 20.6386108
std: 0.268066406 ,  0.474853516 SigReg: 23.6910286
std: 0.233764648 ,  0.466796875 SigReg: 23.6910286
std: 0.213867188 ,  0.455322266 SigReg: 21.6497498
std: 0.245239258 ,  0.435791016 SigReg: 21.6497498
  Step 100: Backbone Loss = 2.1600, SIGReg Loss = 21.6497 Probe Loss = 178.7718, Acc = 0.5004
std: 0.208740234 ,  0.398925781 SigReg: 22.4470367
std: 0.241455078 ,  0.478027344 SigReg: 22.4470367
std: 0.344970703 ,  0.476074219 SigReg: 25.748167
std: 0.273681641 ,  0.513671875 SigReg: 25.748167
std: 0.348632812 ,  0.5234375 SigReg: 23.1099396
std: 0.331542969 ,  0.51953125 SigReg: 23.1099396
std: 0.307861328 ,  0.461914062 SigReg: 20.8816967
std: 0.318603516 ,  0.456542969 SigReg: 20.8816967
std: 0.315917969 ,  0.465820312 SigReg: 21.9378128
std: 0.406005859 ,  0.379150391 SigReg: 21.9378128
std: 0.401611328 ,  0.383789062 SigReg: 21.3983364
std: 0.426269531 ,  0.328125 SigReg: 21.3983364
std: 0.395019531 ,  0.336669922 SigReg: 21.536623
std: 0.395751953 ,  0.428955078 SigReg: 21.536623
std: 0.391601562 ,  0.380615234 SigReg: 19.8910542
std: 0.390380859 ,  0.356201172 SigReg: 19.8910542
std: 0.4453125 ,  0.359619141 SigReg: 21.9260464
std: 0.395996094 ,  0.354492188 SigReg: 21.9260464
std: 0.44921875 ,  0.349365234 SigReg: 22.9467163
std: 0.455810547 ,  0.352050781 SigReg: 22.9467163
std: 0.378173828 ,  0.448242188 SigReg: 21.126955
std: 0.394042969 ,  0.407714844 SigReg: 21.126955
std: 0.293945312 ,  0.470458984 SigReg: 27.3751278
std: 0.307861328 ,  0.283447266 SigReg: 27.3751278
std: 0.380615234 ,  0.431152344 SigReg: 30.0300159
std: 0.261474609 ,  0.241210938 SigReg: 30.0300159
std: 0.326904297 ,  0.284667969 SigReg: 30.2126389
std: 0.290527344 ,  0.3984375 SigReg: 30.2126389
std: 0.428466797 ,  0.407226562 SigReg: 24.9510326
std: 0.402832031 ,  0.346435547 SigReg: 24.9510326
std: 0.387451172 ,  0.370361328 SigReg: 19.0389137
std: 0.348144531 ,  0.375732422 SigReg: 19.0389137
std: 0.414550781 ,  0.346679688 SigReg: 32.8635
std: 0.381591797 ,  0.358154297 SigReg: 32.8635
std: 0.419433594 ,  0.351806641 SigReg: 27.6193027
std: 0.386474609 ,  0.397460938 SigReg: 27.6193027
std: 0.416748047 ,  0.4140625 SigReg: 26.7779579
std: 0.400146484 ,  0.349121094 SigReg: 26.7779579
std: 0.372314453 ,  0.340087891 SigReg: 24.5958881
std: 0.352783203 ,  0.342773438 SigReg: 24.5958881
std: 0.329345703 ,  0.368896484 SigReg: 24.3408623
std: 0.319335938 ,  0.319091797 SigReg: 24.3408623
std: 0.379638672 ,  0.338623047 SigReg: 22.197855
std: 0.260986328 ,  0.310058594 SigReg: 22.197855
std: 0.322753906 ,  0.360107422 SigReg: 19.1062927
std: 0.28125 ,  0.356933594 SigReg: 19.1062927
std: 0.258056641 ,  0.352294922 SigReg: 19.6762924
std: 0.291748047 ,  0.3046875 SigReg: 19.6762924
std: 0.348632812 ,  0.405029297 SigReg: 23.9756966
std: 0.293945312 ,  0.310058594 SigReg: 23.9756966
std: 0.346435547 ,  0.410644531 SigReg: 23.3707619
std: 0.264160156 ,  0.375244141 SigReg: 23.3707619
std: 0.247070312 ,  0.347900391 SigReg: 20.9192123
std: 0.254394531 ,  0.381347656 SigReg: 20.9192123
std: 0.267578125 ,  0.418701172 SigReg: 19.2505665
std: 0.24987793 ,  0.401855469 SigReg: 19.2505665
std: 0.273193359 ,  0.416259766 SigReg: 21.1383343
std: 0.259277344 ,  0.427001953 SigReg: 21.1383343
std: 0.307373047 ,  0.400390625 SigReg: 20.7496834
std: 0.322509766 ,  0.351318359 SigReg: 20.7496834
std: 0.380371094 ,  0.340332031 SigReg: 21.9782925
std: 0.366210938 ,  0.410644531 SigReg: 21.9782925
std: 0.317626953 ,  0.479003906 SigReg: 19.9081135
std: 0.356689453 ,  0.451416016 SigReg: 19.9081135
std: 0.409912109 ,  0.551757812 SigReg: 22.2161655
std: 0.402099609 ,  0.503417969 SigReg: 22.2161655
std: 0.372802734 ,  0.514160156 SigReg: 22.6080933
std: 0.397705078 ,  0.463378906 SigReg: 22.6080933
std: 0.357421875 ,  0.4921875 SigReg: 21.1801319
std: 0.389160156 ,  0.518066406 SigReg: 21.1801319
std: 0.380859375 ,  0.565429688 SigReg: 24.5231876
std: 0.354248047 ,  0.510742188 SigReg: 24.5231876
std: 0.425537109 ,  0.544921875 SigReg: 19.7894726
std: 0.363769531 ,  0.477050781 SigReg: 19.7894726
std: 0.423095703 ,  0.450683594 SigReg: 21.872
std: 0.451904297 ,  0.524902344 SigReg: 21.872
std: 0.47265625 ,  0.56640625 SigReg: 18.8292942
std: 0.590332031 ,  0.509277344 SigReg: 18.8292942
std: 0.549316406 ,  0.490234375 SigReg: 20.1402092
std: 0.584960938 ,  0.472167969 SigReg: 20.1402092
std: 0.514648438 ,  0.496826172 SigReg: 22.5563564
std: 0.579101562 ,  0.509765625 SigReg: 22.5563564
std: 0.673339844 ,  0.556640625 SigReg: 23.5164566
std: 0.620117188 ,  0.549804688 SigReg: 23.5164566
std: 0.579101562 ,  0.533691406 SigReg: 21.8501358
std: 0.613769531 ,  0.546875 SigReg: 21.8501358
std: 0.622070312 ,  0.50390625 SigReg: 23.9500237
std: 0.435791016 ,  0.542480469 SigReg: 23.9500237
std: 0.506347656 ,  0.596191406 SigReg: 22.8311539
std: 0.5859375 ,  0.606445312 SigReg: 22.8311539
std: 0.465332031 ,  0.549316406 SigReg: 23.757021
std: 0.577636719 ,  0.577636719 SigReg: 23.757021
std: 0.579589844 ,  0.576171875 SigReg: 25.0787144
std: 0.499755859 ,  0.577148438 SigReg: 25.0787144
std: 0.455322266 ,  0.497070312 SigReg: 18.7097778
std: 0.587890625 ,  0.524902344 SigReg: 18.7097778
std: 0.481445312 ,  0.548828125 SigReg: 24.3853931
std: 0.451416016 ,  0.519042969 SigReg: 24.3853931
std: 0.509277344 ,  0.603027344 SigReg: 25.5874062
std: 0.562011719 ,  0.563476562 SigReg: 25.5874062
  Step 150: Backbone Loss = 2.4240, SIGReg Loss = 25.5874 Probe Loss = 235.2797, Acc = 0.5060
std: 0.520507812 ,  0.573242188 SigReg: 22.8303947
std: 0.556152344 ,  0.633300781 SigReg: 22.8303947
std: 0.541992188 ,  0.58203125 SigReg: 25.0031929
std: 0.478271484 ,  0.604980469 SigReg: 25.0031929
std: 0.564453125 ,  0.635253906 SigReg: 24.7249069
std: 0.540527344 ,  0.610839844 SigReg: 24.7249069
std: 0.498535156 ,  0.666992188 SigReg: 25.5592842
std: 0.491210938 ,  0.686035156 SigReg: 25.5592842
std: 0.377685547 ,  0.6953125 SigReg: 19.878418
std: 0.591308594 ,  0.657226562 SigReg: 19.878418
std: 0.57421875 ,  0.646484375 SigReg: 17.6940536
std: 0.540039062 ,  0.671875 SigReg: 17.6940536
std: 0.572753906 ,  0.65625 SigReg: 19.3077316
std: 0.540039062 ,  0.61328125 SigReg: 19.3077316
std: 0.598632812 ,  0.617675781 SigReg: 22.832859
std: 0.595214844 ,  0.576171875 SigReg: 22.832859
std: 0.596679688 ,  0.743164062 SigReg: 31.6718788
std: 0.582519531 ,  0.680664062 SigReg: 31.6718788
std: 0.634765625 ,  0.704101562 SigReg: 24.4282722
std: 0.530273438 ,  0.80078125 SigReg: 24.4282722
std: 0.711914062 ,  0.7109375 SigReg: 20.3350563
std: 0.658691406 ,  0.658203125 SigReg: 20.3350563
std: 0.708007812 ,  0.677246094 SigReg: 30.6102924
std: 0.698242188 ,  0.675292969 SigReg: 30.6102924
std: 0.727050781 ,  0.695800781 SigReg: 24.5667591
std: 0.685546875 ,  0.727050781 SigReg: 24.5667591
std: 0.739746094 ,  0.721679688 SigReg: 23.8327065
std: 0.715820312 ,  0.743652344 SigReg: 23.8327065
std: 0.544433594 ,  0.685058594 SigReg: 32.5529175
std: 0.603027344 ,  0.673828125 SigReg: 32.5529175
std: 0.603515625 ,  0.671875 SigReg: 21.8865738
std: 0.604003906 ,  0.72265625 SigReg: 21.8865738
std: 0.580078125 ,  0.719238281 SigReg: 20.8559017
std: 0.639648438 ,  0.654296875 SigReg: 20.8559017
std: 0.607421875 ,  0.724609375 SigReg: 23.191597
std: 0.548828125 ,  0.798828125 SigReg: 23.191597
std: 0.596191406 ,  0.751464844 SigReg: 22.5688972
std: 0.631835938 ,  0.814453125 SigReg: 22.5688972
std: 0.639648438 ,  0.689941406 SigReg: 24.1642189
std: 0.526855469 ,  0.794433594 SigReg: 24.1642189
std: 0.451171875 ,  0.762207031 SigReg: 19.2969055
std: 0.528320312 ,  0.697265625 SigReg: 19.2969055
std: 0.423339844 ,  0.7265625 SigReg: 23.9798489
std: 0.442871094 ,  0.780761719 SigReg: 23.9798489
std: 0.338378906 ,  0.668945312 SigReg: 24.9880657
std: 0.409423828 ,  0.696777344 SigReg: 24.9880657
std: 0.326171875 ,  0.758789062 SigReg: 22.1389751
std: 0.326171875 ,  0.719726562 SigReg: 22.1389751
std: 0.319335938 ,  0.734375 SigReg: 22.3058243
std: 0.347167969 ,  0.693359375 SigReg: 22.3058243
std: 0.293701172 ,  0.680664062 SigReg: 22.2639751
std: 0.319335938 ,  0.697753906 SigReg: 22.2639751
std: 0.323486328 ,  0.659667969 SigReg: 27.2764206
std: 0.337158203 ,  0.70703125 SigReg: 27.2764206
std: 0.294189453 ,  0.681152344 SigReg: 25.2627335
std: 0.297119141 ,  0.718261719 SigReg: 25.2627335
std: 0.391113281 ,  0.657714844 SigReg: 21.2149467
std: 0.360107422 ,  0.688964844 SigReg: 21.2149467
std: 0.328857422 ,  0.673828125 SigReg: 20.1955185
std: 0.300537109 ,  0.755859375 SigReg: 20.1955185
std: 0.340576172 ,  0.732910156 SigReg: 23.1420937
std: 0.402099609 ,  0.788574219 SigReg: 23.1420937
std: 0.450195312 ,  0.749023438 SigReg: 22.0700531
std: 0.385253906 ,  0.762695312 SigReg: 22.0700531
std: 0.460449219 ,  0.797851562 SigReg: 22.9668789
std: 0.443115234 ,  0.742675781 SigReg: 22.9668789
std: 0.498779297 ,  0.740722656 SigReg: 19.7770882
std: 0.490966797 ,  0.734375 SigReg: 19.7770882
std: 0.478271484 ,  0.737304688 SigReg: 23.5099411
std: 0.485839844 ,  0.725097656 SigReg: 23.5099411
std: 0.565429688 ,  0.680664062 SigReg: 22.9351673
std: 0.485351562 ,  0.758789062 SigReg: 22.9351673
std: 0.387451172 ,  0.793945312 SigReg: 22.6612339
std: 0.450195312 ,  0.708984375 SigReg: 22.6612339
std: 0.487060547 ,  0.7109375 SigReg: 20.6097
std: 0.536621094 ,  0.813964844 SigReg: 20.6097
std: 0.493164062 ,  0.728515625 SigReg: 21.4362907
std: 0.472412109 ,  0.725097656 SigReg: 21.4362907
std: 0.534179688 ,  0.776367188 SigReg: 24.4515572
std: 0.489990234 ,  0.74609375 SigReg: 24.4515572
std: 0.474853516 ,  0.676269531 SigReg: 21.8709869
std: 0.426513672 ,  0.754882812 SigReg: 21.8709869
std: 0.462890625 ,  0.731445312 SigReg: 25.0252075
std: 0.477539062 ,  0.6796875 SigReg: 25.0252075
std: 0.51953125 ,  0.837890625 SigReg: 21.2480106
std: 0.495117188 ,  0.664550781 SigReg: 21.2480106
std: 0.541503906 ,  0.793457031 SigReg: 21.316761
std: 0.523925781 ,  0.713867188 SigReg: 21.316761
std: 0.532714844 ,  0.78125 SigReg: 19.289917
std: 0.465820312 ,  0.8671875 SigReg: 19.289917
std: 0.456054688 ,  0.83203125 SigReg: 20.3200264
std: 0.463867188 ,  0.851074219 SigReg: 20.3200264
std: 0.408935547 ,  0.812988281 SigReg: 28.934473
std: 0.407226562 ,  0.818359375 SigReg: 28.934473
std: 0.516113281 ,  0.719726562 SigReg: 20.3146477
std: 0.484130859 ,  0.772949219 SigReg: 20.3146477
std: 0.492431641 ,  0.772949219 SigReg: 19.5414848
std: 0.477783203 ,  0.833984375 SigReg: 19.5414848
std: 0.460693359 ,  0.724609375 SigReg: 24.2170315
std: 0.391845703 ,  0.775878906 SigReg: 24.2170315
  Step 200: Backbone Loss = 2.3210, SIGReg Loss = 24.2170 Probe Loss = 194.2008, Acc = 0.5009
std: 0.398193359 ,  0.766601562 SigReg: 20.0028
std: 0.424072266 ,  0.890136719 SigReg: 20.0028
std: 0.425537109 ,  0.729980469 SigReg: 21.7236156
std: 0.447509766 ,  0.78515625 SigReg: 21.7236156
std: 0.373291016 ,  0.960449219 SigReg: 22.7114677
std: 0.439208984 ,  0.786132812 SigReg: 22.7114677
std: 0.387207031 ,  0.91796875 SigReg: 21.4224606
std: 0.442871094 ,  0.825195312 SigReg: 21.4224606
std: 0.395996094 ,  0.863769531 SigReg: 23.7753239
std: 0.369873047 ,  0.814453125 SigReg: 23.7753239
std: 0.389892578 ,  0.9296875 SigReg: 21.4587345
std: 0.423339844 ,  0.885742188 SigReg: 21.4587345
std: 0.427001953 ,  0.821289062 SigReg: 20.9966125
std: 0.452392578 ,  0.813476562 SigReg: 20.9966125
std: 0.435791016 ,  0.987792969 SigReg: 21.1297321
std: 0.419921875 ,  0.859863281 SigReg: 21.1297321
std: 0.438720703 ,  0.740722656 SigReg: 18.8706188
std: 0.335449219 ,  0.948242188 SigReg: 18.8706188
std: 0.370849609 ,  0.997558594 SigReg: 19.7888832
std: 0.3671875 ,  0.812011719 SigReg: 19.7888832
std: 0.383789062 ,  0.875976562 SigReg: 19.6139
std: 0.389160156 ,  0.85546875 SigReg: 19.6139
std: 0.396972656 ,  0.938964844 SigReg: 18.9865952
std: 0.44140625 ,  0.973144531 SigReg: 18.9865952
std: 0.468017578 ,  0.77734375 SigReg: 21.3983631
std: 0.427490234 ,  0.909179688 SigReg: 21.3983631
std: 0.459472656 ,  0.881835938 SigReg: 22.098484
std: 0.357910156 ,  0.891113281 SigReg: 22.098484
std: 0.417236328 ,  1 SigReg: 25.4352913
std: 0.370361328 ,  0.854003906 SigReg: 25.4352913
std: 0.385742188 ,  0.884765625 SigReg: 29.7375431
std: 0.416259766 ,  0.931640625 SigReg: 29.7375431
std: 0.403076172 ,  0.966796875 SigReg: 26.1628189
std: 0.376464844 ,  0.954589844 SigReg: 26.1628189
std: 0.384521484 ,  0.866699219 SigReg: 20.3644123
std: 0.444335938 ,  0.921386719 SigReg: 20.3644123
std: 0.457519531 ,  0.889160156 SigReg: 20.9292965
std: 0.420898438 ,  1.05859375 SigReg: 20.9292965
std: 0.426269531 ,  0.937011719 SigReg: 24.1973591
std: 0.475341797 ,  0.859863281 SigReg: 24.1973591
std: 0.51171875 ,  0.918457031 SigReg: 20.291502
std: 0.500976562 ,  0.922851562 SigReg: 20.291502
std: 0.435302734 ,  0.926269531 SigReg: 24.07897
std: 0.448730469 ,  0.919921875 SigReg: 24.07897
std: 0.442382812 ,  0.920898438 SigReg: 25.4948425
std: 0.497558594 ,  0.896972656 SigReg: 25.4948425
std: 0.364501953 ,  1.0546875 SigReg: 27.4692249
std: 0.344482422 ,  1.05175781 SigReg: 27.4692249
std: 0.501953125 ,  1.05273438 SigReg: 19.7272
std: 0.392089844 ,  0.8984375 SigReg: 19.7272
std: 0.526367188 ,  0.904785156 SigReg: 22.094717
std: 0.499267578 ,  0.886230469 SigReg: 22.094717
std: 0.482177734 ,  0.813476562 SigReg: 25.0702934
std: 0.49609375 ,  0.833007812 SigReg: 25.0702934
std: 0.525390625 ,  0.903808594 SigReg: 18.8656216
std: 0.406982422 ,  0.959960938 SigReg: 18.8656216
std: 0.416992188 ,  0.952636719 SigReg: 26.9795303
std: 0.384033203 ,  1.01171875 SigReg: 26.9795303
std: 0.539550781 ,  0.798339844 SigReg: 19.258049
std: 0.511230469 ,  0.961425781 SigReg: 19.258049
std: 0.396240234 ,  0.908203125 SigReg: 19.5993252
std: 0.501464844 ,  0.836425781 SigReg: 19.5993252
std: 0.430908203 ,  0.949707031 SigReg: 19.1335983
std: 0.490234375 ,  0.800292969 SigReg: 19.1335983
std: 0.437255859 ,  0.84765625 SigReg: 21.2261391
std: 0.537109375 ,  0.940917969 SigReg: 21.2261391
std: 0.5859375 ,  0.861816406 SigReg: 20.8226261
std: 0.503417969 ,  0.958496094 SigReg: 20.8226261
std: 0.578125 ,  0.921386719 SigReg: 17.9660778
std: 0.568847656 ,  1.02539062 SigReg: 17.9660778
std: 0.568847656 ,  0.898925781 SigReg: 18.4380455
std: 0.565917969 ,  0.923339844 SigReg: 18.4380455
std: 0.602050781 ,  0.964355469 SigReg: 22.8134918
std: 0.632324219 ,  0.982421875 SigReg: 22.8134918
std: 0.654785156 ,  1.04589844 SigReg: 21.0290222
std: 0.639648438 ,  0.920898438 SigReg: 21.0290222
std: 0.616699219 ,  0.912109375 SigReg: 21.3036613
std: 0.682128906 ,  1.00585938 SigReg: 21.3036613
std: 0.564453125 ,  1.08398438 SigReg: 27.8411922
std: 0.602539062 ,  1.10742188 SigReg: 27.8411922
std: 0.681152344 ,  1.01953125 SigReg: 29.7329063
std: 0.64453125 ,  1 SigReg: 29.7329063
std: 0.628417969 ,  0.9765625 SigReg: 30.2964096
std: 0.514648438 ,  0.915039062 SigReg: 30.2964096
std: 0.520507812 ,  0.9375 SigReg: 23.6042309
std: 0.606933594 ,  0.9609375 SigReg: 23.6042309
std: 0.544921875 ,  0.956542969 SigReg: 27.9641342
std: 0.59765625 ,  0.923339844 SigReg: 27.9641342
std: 0.687011719 ,  0.892578125 SigReg: 24.6746483
std: 0.6796875 ,  0.889160156 SigReg: 24.6746483
std: 0.572753906 ,  0.870117188 SigReg: 21.5056877
std: 0.622558594 ,  0.938964844 SigReg: 21.5056877
std: 0.696777344 ,  0.925292969 SigReg: 24.9567375
std: 0.670898438 ,  0.939453125 SigReg: 24.9567375
std: 0.654296875 ,  0.987792969 SigReg: 23.3115883
std: 0.589355469 ,  0.965332031 SigReg: 23.3115883
std: 0.7421875 ,  1.02246094 SigReg: 20.9179192
std: 0.657226562 ,  0.987792969 SigReg: 20.9179192
std: 0.761230469 ,  1 SigReg: 24.7291298
std: 0.641601562 ,  0.943847656 SigReg: 24.7291298
  Step 250: Backbone Loss = 2.4121, SIGReg Loss = 24.7291 Probe Loss = 167.5927, Acc = 0.4950
std: 0.702148438 ,  0.846191406 SigReg: 22.9749928
std: 0.553222656 ,  0.958496094 SigReg: 22.9749928
std: 0.746582031 ,  1.00390625 SigReg: 19.7861176
std: 0.723632812 ,  0.984375 SigReg: 19.7861176
std: 0.785644531 ,  1.12597656 SigReg: 20.8143768
std: 0.80078125 ,  1.03613281 SigReg: 20.8143768
std: 0.825683594 ,  1.09960938 SigReg: 18.8602886
std: 0.698242188 ,  0.99609375 SigReg: 18.8602886
std: 0.6875 ,  1.02050781 SigReg: 22.3288403
std: 0.904785156 ,  1.15917969 SigReg: 22.3288403
std: 0.698730469 ,  1.18554688 SigReg: 22.1897163
std: 0.630859375 ,  1.09375 SigReg: 22.1897163
std: 0.698242188 ,  1.06445312 SigReg: 22.6237202
std: 0.730957031 ,  1.09472656 SigReg: 22.6237202
std: 0.691894531 ,  1.27539062 SigReg: 25.2131023
std: 0.582519531 ,  1.19921875 SigReg: 25.2131023
std: 0.716796875 ,  1.19921875 SigReg: 26.6474876
std: 0.645019531 ,  1.18261719 SigReg: 26.6474876
std: 0.704101562 ,  1.08496094 SigReg: 23.1689491
std: 0.701660156 ,  1.15820312 SigReg: 23.1689491
std: 0.732421875 ,  1.03222656 SigReg: 22.3343048
std: 0.672851562 ,  0.916015625 SigReg: 22.3343048
std: 0.592773438 ,  0.904785156 SigReg: 22.6289349
std: 0.641601562 ,  1.02246094 SigReg: 22.6289349
std: 0.691894531 ,  0.919921875 SigReg: 21.971714
std: 0.689453125 ,  0.966308594 SigReg: 21.971714
std: 0.743652344 ,  0.975097656 SigReg: 21.1319084
std: 0.651367188 ,  0.811035156 SigReg: 21.1319084
std: 0.740234375 ,  0.974121094 SigReg: 20.9067
std: 0.723632812 ,  0.874023438 SigReg: 20.9067
std: 0.733398438 ,  0.986328125 SigReg: 19.4257088
std: 0.660644531 ,  0.932128906 SigReg: 19.4257088
std: 0.767578125 ,  1.01171875 SigReg: 20.8283119
std: 0.687011719 ,  1.02539062 SigReg: 20.8283119
std: 0.748535156 ,  1.02929688 SigReg: 19.5592
std: 0.818359375 ,  1.12011719 SigReg: 19.5592
std: 0.804199219 ,  1.05859375 SigReg: 18.5505257
std: 0.815917969 ,  1.16992188 SigReg: 18.5505257
std: 0.806640625 ,  0.950683594 SigReg: 22.1253242
std: 0.802246094 ,  1.13378906 SigReg: 22.1253242
std: 0.814941406 ,  0.949707031 SigReg: 23.2670803
std: 0.7421875 ,  0.998046875 SigReg: 23.2670803
std: 0.801757812 ,  0.971191406 SigReg: 18.9981499
std: 0.736328125 ,  1.11328125 SigReg: 18.9981499
std: 0.80078125 ,  1.1484375 SigReg: 19.7538033
std: 0.658203125 ,  0.952636719 SigReg: 19.7538033
std: 0.731933594 ,  1.01367188 SigReg: 21.905777
std: 0.671386719 ,  0.932128906 SigReg: 21.905777
std: 0.714355469 ,  0.96875 SigReg: 24.871891
std: 0.645996094 ,  0.961425781 SigReg: 24.871891
std: 0.690917969 ,  1.04980469 SigReg: 20.4825287
std: 0.820800781 ,  0.991699219 SigReg: 20.4825287
std: 0.696289062 ,  0.979492188 SigReg: 20.1722069
std: 0.791992188 ,  1.02539062 SigReg: 20.1722069
std: 0.867675781 ,  1.171875 SigReg: 20.7714119
std: 0.7734375 ,  1.03808594 SigReg: 20.7714119
std: 0.765136719 ,  1.08105469 SigReg: 20.5178738
std: 0.784667969 ,  1.0703125 SigReg: 20.5178738
std: 0.760742188 ,  0.994628906 SigReg: 20.5911255
std: 0.790039062 ,  0.928710938 SigReg: 20.5911255
std: 0.785644531 ,  0.94921875 SigReg: 26.4175682
std: 0.683105469 ,  0.875976562 SigReg: 26.4175682
std: 0.811035156 ,  1.02636719 SigReg: 20.9740829
std: 0.847167969 ,  1.00878906 SigReg: 20.9740829
std: 0.849609375 ,  1.01171875 SigReg: 18.2276688
std: 0.766601562 ,  0.923828125 SigReg: 18.2276688
std: 0.767089844 ,  1.12304688 SigReg: 22.0689583
std: 0.788574219 ,  0.9921875 SigReg: 22.0689583
std: 0.738769531 ,  0.919921875 SigReg: 21.8727112
std: 0.673339844 ,  1.00195312 SigReg: 21.8727112
std: 0.778320312 ,  0.884765625 SigReg: 20.2822514
std: 0.754394531 ,  1.00097656 SigReg: 20.2822514
std: 0.82421875 ,  0.942382812 SigReg: 21.1148186
std: 0.779785156 ,  0.900878906 SigReg: 21.1148186
std: 0.83203125 ,  1.10351562 SigReg: 21.3621
std: 0.802734375 ,  0.953613281 SigReg: 21.3621
std: 0.825683594 ,  0.912597656 SigReg: 19.5121574
std: 0.773925781 ,  0.949707031 SigReg: 19.5121574
std: 0.791992188 ,  0.892089844 SigReg: 21.1612911
std: 0.843261719 ,  0.813476562 SigReg: 21.1612911
std: 0.76171875 ,  0.927246094 SigReg: 20.2523956
std: 0.830566406 ,  0.873535156 SigReg: 20.2523956
std: 0.9296875 ,  0.923339844 SigReg: 20.1779099
std: 0.888183594 ,  0.985839844 SigReg: 20.1779099
std: 0.737304688 ,  0.867675781 SigReg: 22.7073975
std: 0.907714844 ,  0.933105469 SigReg: 22.7073975
std: 0.90234375 ,  0.822753906 SigReg: 20.6324539
std: 0.946289062 ,  0.937011719 SigReg: 20.6324539
std: 0.966796875 ,  0.979003906 SigReg: 22.3558464
std: 0.919921875 ,  0.979492188 SigReg: 22.3558464
std: 0.978515625 ,  1.03222656 SigReg: 18.7707901
std: 0.876464844 ,  0.864746094 SigReg: 18.7707901
std: 1.00390625 ,  1.07617188 SigReg: 18.404932
std: 0.837890625 ,  1.00195312 SigReg: 18.404932
std: 1.0234375 ,  0.985351562 SigReg: 24.9800606
std: 0.842773438 ,  0.999023438 SigReg: 24.9800606
std: 1.06152344 ,  0.994628906 SigReg: 20.7179775
std: 0.861328125 ,  0.98828125 SigReg: 20.7179775
std: 1.11914062 ,  1.1796875 SigReg: 19.6713657
std: 1.10742188 ,  1.14550781 SigReg: 19.6713657
  Step 300: Backbone Loss = 2.1047, SIGReg Loss = 19.6714 Probe Loss = 191.0838, Acc = 0.5065
std: 1.0546875 ,  1.08886719 SigReg: 21.2980862
std: 0.8828125 ,  1.01367188 SigReg: 21.2980862
std: 0.942382812 ,  1.07421875 SigReg: 23.2883
std: 1.16308594 ,  1.1328125 SigReg: 23.2883
std: 0.822753906 ,  0.990234375 SigReg: 18.5519638
std: 1.15625 ,  1.1015625 SigReg: 18.5519638
std: 1.13183594 ,  1.07519531 SigReg: 18.8130035
std: 1.11523438 ,  1.18261719 SigReg: 18.8130035
std: 1.03027344 ,  0.990722656 SigReg: 20.8792305
std: 1.09765625 ,  1.08300781 SigReg: 20.8792305
std: 1.24609375 ,  1.03808594 SigReg: 20.481802
std: 1.04589844 ,  1.19238281 SigReg: 20.481802
Epoch 7 finished in 251.45s.
  Avg Backbone Loss: 2.3034
  Avg Probe Loss:    183.3813
  Avg Probe Accuracy: 0.5018

Epoch 8/100
std: 1.20996094 ,  1.11816406 SigReg: 20.911087
std: 1.05078125 ,  1.07617188 SigReg: 20.911087
  Step 0: Backbone Loss = 2.1760, SIGReg Loss = 20.9111 Probe Loss = 196.5419, Acc = 0.5189
std: 1.10253906 ,  1.10546875 SigReg: 22.0706654
std: 1.18652344 ,  0.916992188 SigReg: 22.0706654
std: 1.04589844 ,  1.21582031 SigReg: 24.4012527
std: 1.1484375 ,  1.26855469 SigReg: 24.4012527
std: 1.28320312 ,  1.14746094 SigReg: 19.6542549
std: 1.15625 ,  1.10839844 SigReg: 19.6542549
std: 1.22070312 ,  1.03710938 SigReg: 17.7794952
std: 1.19628906 ,  1.13769531 SigReg: 17.7794952
std: 1.32128906 ,  0.995117188 SigReg: 21.2273636
std: 1.24707031 ,  1.04394531 SigReg: 21.2273636
std: 1.15722656 ,  1.08886719 SigReg: 20.2609634
std: 1.28515625 ,  1.10546875 SigReg: 20.2609634
std: 1.16699219 ,  0.999023438 SigReg: 25.2839756
std: 1.34472656 ,  0.89453125 SigReg: 25.2839756
std: 1.12988281 ,  0.965332031 SigReg: 26.401083
std: 1.35449219 ,  1.09765625 SigReg: 26.401083
std: 1.20214844 ,  1.00097656 SigReg: 27.5868053
std: 1.06152344 ,  0.867675781 SigReg: 27.5868053
std: 1.24804688 ,  0.906738281 SigReg: 22.4327602
std: 1.20800781 ,  1.04492188 SigReg: 22.4327602
std: 1.24609375 ,  1.0390625 SigReg: 20.468956
std: 1.31152344 ,  1.10839844 SigReg: 20.468956
std: 1.08007812 ,  0.927734375 SigReg: 27.1298046
std: 1.05957031 ,  1.07128906 SigReg: 27.1298046
std: 1.02832031 ,  1.09570312 SigReg: 23.2273407
std: 1.13574219 ,  0.983886719 SigReg: 23.2273407
std: 1.01757812 ,  1.03613281 SigReg: 23.3203354
std: 1.05859375 ,  0.996582031 SigReg: 23.3203354
std: 0.979492188 ,  1.11328125 SigReg: 24.7795067
std: 1.046875 ,  1.11621094 SigReg: 24.7795067
std: 1.07128906 ,  1.25585938 SigReg: 23.7834015
std: 1.13671875 ,  1.08105469 SigReg: 23.7834015
std: 0.918945312 ,  1.23535156 SigReg: 22.2307091
std: 1.08300781 ,  1.22070312 SigReg: 22.2307091
std: 0.997070312 ,  1.32617188 SigReg: 23.3992805
std: 1.03808594 ,  1.21777344 SigReg: 23.3992805
std: 1.12304688 ,  1.19238281 SigReg: 28.6324024
std: 1.11035156 ,  1.26464844 SigReg: 28.6324024
std: 1.04589844 ,  1.30664062 SigReg: 28.6827812
std: 1.04492188 ,  1.26074219 SigReg: 28.6827812
std: 1.12792969 ,  1.3359375 SigReg: 27.5746078
std: 1.09375 ,  1.23925781 SigReg: 27.5746078
std: 1.14746094 ,  1.15722656 SigReg: 23.0655975
std: 1.17382812 ,  1.39648438 SigReg: 23.0655975
std: 1.19140625 ,  1.06542969 SigReg: 23.0169506
std: 1.0234375 ,  1.29492188 SigReg: 23.0169506
std: 1.21582031 ,  1.0703125 SigReg: 21.8180275
std: 0.952148438 ,  1.27734375 SigReg: 21.8180275
std: 1.078125 ,  1.23242188 SigReg: 21.958252
std: 1.02636719 ,  1.07128906 SigReg: 21.958252
std: 1.02246094 ,  1.20703125 SigReg: 21.8746147
std: 1.03515625 ,  1.25976562 SigReg: 21.8746147
std: 1.09082031 ,  1.14453125 SigReg: 21.7144604
std: 1.00292969 ,  1.17382812 SigReg: 21.7144604
std: 1.03417969 ,  1.04589844 SigReg: 21.2020359
std: 0.958007812 ,  1.03320312 SigReg: 21.2020359
std: 1.03613281 ,  1.07617188 SigReg: 18.7693958
std: 0.865234375 ,  1.05566406 SigReg: 18.7693958
std: 0.98828125 ,  1.125 SigReg: 20.8763466
std: 1.109375 ,  1.00390625 SigReg: 20.8763466
std: 0.954101562 ,  0.991699219 SigReg: 18.7277508
std: 1 ,  0.950683594 SigReg: 18.7277508
std: 0.949707031 ,  1.04003906 SigReg: 23.9011917
std: 1.03515625 ,  1.09863281 SigReg: 23.9011917
std: 1.12402344 ,  0.871582031 SigReg: 21.4416027
std: 1.01953125 ,  0.96875 SigReg: 21.4416027
std: 1.07714844 ,  0.9140625 SigReg: 17.9885502
std: 1.00195312 ,  0.892089844 SigReg: 17.9885502
std: 1.02441406 ,  0.940429688 SigReg: 22.2644367
std: 1.03125 ,  0.870605469 SigReg: 22.2644367
std: 1.09375 ,  0.888183594 SigReg: 21.3930931
std: 0.96875 ,  0.741210938 SigReg: 21.3930931
std: 0.999511719 ,  0.954589844 SigReg: 19.5518684
std: 1.06933594 ,  0.983398438 SigReg: 19.5518684
std: 0.912109375 ,  0.771972656 SigReg: 17.4361439
std: 0.919433594 ,  0.961425781 SigReg: 17.4361439
std: 0.78515625 ,  0.733398438 SigReg: 20.0391979
std: 0.954589844 ,  0.871582031 SigReg: 20.0391979
std: 0.825683594 ,  0.757324219 SigReg: 26.5301743
std: 0.892089844 ,  0.772460938 SigReg: 26.5301743
std: 0.969726562 ,  0.831054688 SigReg: 20.0799541
std: 0.995117188 ,  0.831542969 SigReg: 20.0799541
std: 1.02050781 ,  0.832519531 SigReg: 18.7367535
std: 0.900878906 ,  0.908691406 SigReg: 18.7367535
std: 0.904296875 ,  0.89453125 SigReg: 19.9477825
std: 0.931152344 ,  0.883789062 SigReg: 19.9477825
std: 1.01464844 ,  0.922851562 SigReg: 26.3101654
std: 0.967773438 ,  0.946289062 SigReg: 26.3101654
std: 1.08007812 ,  1.03515625 SigReg: 23.2664032
std: 0.999511719 ,  0.846191406 SigReg: 23.2664032
std: 1.08886719 ,  0.92578125 SigReg: 20.1302547
std: 1.04003906 ,  0.912597656 SigReg: 20.1302547
std: 0.937988281 ,  0.897949219 SigReg: 21.5414867
std: 1.02734375 ,  0.854980469 SigReg: 21.5414867
std: 1.109375 ,  0.855957031 SigReg: 20.4975986
std: 1.0390625 ,  0.799316406 SigReg: 20.4975986
std: 1.00097656 ,  0.741210938 SigReg: 18.3237286
std: 1.14355469 ,  0.73828125 SigReg: 18.3237286
std: 1.08398438 ,  0.708984375 SigReg: 22.1391582
std: 0.943847656 ,  0.66015625 SigReg: 22.1391582
  Step 50: Backbone Loss = 2.2510, SIGReg Loss = 22.1392 Probe Loss = 154.4509, Acc = 0.5074
std: 1.04101562 ,  0.815429688 SigReg: 22.0461273
std: 1.00878906 ,  0.781738281 SigReg: 22.0461273
std: 1.10644531 ,  0.846191406 SigReg: 19.6892643
std: 1.04785156 ,  0.790039062 SigReg: 19.6892643
std: 0.892089844 ,  0.789550781 SigReg: 23.1562233
std: 1.0859375 ,  0.811523438 SigReg: 23.1562233
std: 0.931152344 ,  0.721679688 SigReg: 23.7772217
std: 1.01757812 ,  0.767089844 SigReg: 23.7772217
std: 0.994628906 ,  0.78515625 SigReg: 23.4664154
std: 0.951171875 ,  0.795898438 SigReg: 23.4664154
std: 0.961914062 ,  0.831054688 SigReg: 22.9263382
std: 0.933105469 ,  0.78515625 SigReg: 22.9263382
std: 1.00195312 ,  0.846191406 SigReg: 16.9412804
std: 0.947753906 ,  0.812988281 SigReg: 16.9412804
std: 0.905273438 ,  0.817871094 SigReg: 20.2451897
std: 0.823242188 ,  0.902832031 SigReg: 20.2451897
std: 0.804199219 ,  0.784179688 SigReg: 29.2667046
std: 0.702148438 ,  0.677734375 SigReg: 29.2667046
std: 0.825683594 ,  0.79296875 SigReg: 23.722414
std: 0.770996094 ,  0.770019531 SigReg: 23.722414
std: 0.880371094 ,  0.788574219 SigReg: 20.0939636
std: 0.833984375 ,  0.881347656 SigReg: 20.0939636
std: 0.984375 ,  0.915039062 SigReg: 23.8492126
std: 0.971679688 ,  0.967285156 SigReg: 23.8492126
std: 0.875488281 ,  0.941894531 SigReg: 21.6867104
std: 1.1171875 ,  0.999511719 SigReg: 21.6867104
std: 1.1171875 ,  0.998046875 SigReg: 20.0203972
std: 1.06445312 ,  1.05371094 SigReg: 20.0203972
std: 0.909667969 ,  0.885742188 SigReg: 19.1002617
std: 0.969238281 ,  0.807617188 SigReg: 19.1002617
std: 0.984375 ,  0.904296875 SigReg: 21.8667526
std: 0.951660156 ,  0.867675781 SigReg: 21.8667526
std: 0.949707031 ,  1.03417969 SigReg: 27.5982399
std: 1.09960938 ,  1.08496094 SigReg: 27.5982399
std: 0.998535156 ,  0.934570312 SigReg: 22.5439472
std: 1.13476562 ,  1 SigReg: 22.5439472
std: 0.986328125 ,  0.87890625 SigReg: 19.6966228
std: 0.895996094 ,  0.946289062 SigReg: 19.6966228
std: 0.981933594 ,  0.974121094 SigReg: 21.663311
std: 1.06445312 ,  0.946777344 SigReg: 21.663311
std: 1.02734375 ,  0.912109375 SigReg: 20.6316624
std: 1.0703125 ,  0.924316406 SigReg: 20.6316624
std: 1.00390625 ,  0.953613281 SigReg: 20.8093376
std: 0.943359375 ,  1.09375 SigReg: 20.8093376
std: 0.919433594 ,  0.837890625 SigReg: 21.7941666
std: 1.01074219 ,  0.9375 SigReg: 21.7941666
std: 1.04882812 ,  0.906738281 SigReg: 20.6431637
std: 1.015625 ,  0.946289062 SigReg: 20.6431637
std: 1.06445312 ,  0.857910156 SigReg: 21.515564
std: 1.11621094 ,  0.966796875 SigReg: 21.515564
std: 1.12890625 ,  0.87890625 SigReg: 23.9826679
std: 0.991210938 ,  0.869628906 SigReg: 23.9826679
std: 1.05273438 ,  0.982421875 SigReg: 21.1097069
std: 0.977539062 ,  0.704589844 SigReg: 21.1097069
std: 1.10839844 ,  0.918457031 SigReg: 19.319231
std: 1.05859375 ,  0.770996094 SigReg: 19.319231
std: 1.10058594 ,  0.79296875 SigReg: 23.5001068
std: 1.11230469 ,  0.808105469 SigReg: 23.5001068
std: 1.12304688 ,  0.884765625 SigReg: 21.6140423
std: 1.21875 ,  0.880371094 SigReg: 21.6140423
std: 1.02246094 ,  0.875976562 SigReg: 18.9048252
std: 1.1484375 ,  0.940429688 SigReg: 18.9048252
std: 1.12109375 ,  0.799804688 SigReg: 19.9827938
std: 1.24414062 ,  0.860839844 SigReg: 19.9827938
std: 1.08496094 ,  0.831054688 SigReg: 17.7827053
std: 1.1796875 ,  0.836914062 SigReg: 17.7827053
std: 1.08105469 ,  0.788574219 SigReg: 16.8782253
std: 1.14941406 ,  0.746582031 SigReg: 16.8782253
std: 1.20996094 ,  0.746582031 SigReg: 18.7949944
std: 1.15625 ,  0.748046875 SigReg: 18.7949944
std: 1.1484375 ,  0.780273438 SigReg: 16.7799339
std: 1.08886719 ,  0.770996094 SigReg: 16.7799339
std: 1.24707031 ,  0.905761719 SigReg: 19.4197254
std: 1.20117188 ,  0.8203125 SigReg: 19.4197254
std: 1.13183594 ,  1.12695312 SigReg: 21.8413792
std: 1.02636719 ,  0.982421875 SigReg: 21.8413792
std: 1.13769531 ,  0.991699219 SigReg: 18.3752594
std: 1.09863281 ,  0.878417969 SigReg: 18.3752594
std: 1.05175781 ,  0.975097656 SigReg: 18.8291855
std: 0.877929688 ,  0.891113281 SigReg: 18.8291855
std: 1.10839844 ,  0.982910156 SigReg: 25.5380764
std: 1.01953125 ,  1 SigReg: 25.5380764
std: 1.14160156 ,  1.04101562 SigReg: 20.8917828
std: 1.18261719 ,  0.994628906 SigReg: 20.8917828
std: 1.11816406 ,  1.0546875 SigReg: 20.2585526
std: 1.15722656 ,  0.879394531 SigReg: 20.2585526
std: 1.14941406 ,  0.977050781 SigReg: 21.4527397
std: 1.01855469 ,  0.862304688 SigReg: 21.4527397
std: 1.16699219 ,  1.06542969 SigReg: 22.4329147
std: 1.04394531 ,  0.987304688 SigReg: 22.4329147
std: 1.15429688 ,  0.995117188 SigReg: 22.0322018
std: 1.12207031 ,  0.916503906 SigReg: 22.0322018
std: 0.971679688 ,  1.06738281 SigReg: 20.7400284
std: 1.07128906 ,  1.13476562 SigReg: 20.7400284
std: 0.950195312 ,  0.911132812 SigReg: 27.340683
std: 1.05078125 ,  1.02539062 SigReg: 27.340683
std: 1.15820312 ,  1.06445312 SigReg: 21.5901127
std: 1.07226562 ,  0.910644531 SigReg: 21.5901127
std: 1.03320312 ,  0.936523438 SigReg: 19.9934254
std: 1.19824219 ,  1.08984375 SigReg: 19.9934254
  Step 100: Backbone Loss = 2.1399, SIGReg Loss = 19.9934 Probe Loss = 169.1919, Acc = 0.4999
std: 1.29785156 ,  1.17382812 SigReg: 22.9538612
std: 1.17089844 ,  1.06738281 SigReg: 22.9538612
std: 0.964355469 ,  0.82421875 SigReg: 20.7803459
std: 1.1484375 ,  0.96484375 SigReg: 20.7803459
std: 1.0234375 ,  0.938476562 SigReg: 18.2621098
std: 1.09960938 ,  0.850585938 SigReg: 18.2621098
std: 1.00585938 ,  0.965332031 SigReg: 17.1667938
std: 0.998535156 ,  0.800292969 SigReg: 17.1667938
std: 1.01660156 ,  0.939941406 SigReg: 19.4381809
std: 0.925292969 ,  0.900878906 SigReg: 19.4381809
std: 1.19238281 ,  0.890625 SigReg: 19.5191231
std: 1.03808594 ,  0.819335938 SigReg: 19.5191231
std: 1.01074219 ,  0.95703125 SigReg: 16.4705734
std: 1.07324219 ,  0.90625 SigReg: 16.4705734
std: 0.956054688 ,  0.899414062 SigReg: 16.6186943
std: 1.02050781 ,  1.05957031 SigReg: 16.6186943
std: 1.19335938 ,  0.921386719 SigReg: 18.6274395
std: 1.0625 ,  0.98046875 SigReg: 18.6274395
std: 1.02636719 ,  0.754394531 SigReg: 19.158577
std: 1.00097656 ,  0.864746094 SigReg: 19.158577
std: 0.990722656 ,  0.872558594 SigReg: 18.7933407
std: 1.00292969 ,  0.818847656 SigReg: 18.7933407
std: 0.923339844 ,  0.852050781 SigReg: 18.6405926
std: 1.02050781 ,  0.933105469 SigReg: 18.6405926
std: 0.936035156 ,  0.78515625 SigReg: 17.4691563
std: 1.00878906 ,  0.818847656 SigReg: 17.4691563
std: 0.843261719 ,  0.779296875 SigReg: 26.4024391
std: 0.911132812 ,  0.751464844 SigReg: 26.4024391
std: 0.921386719 ,  0.829101562 SigReg: 34.2599869
std: 0.943359375 ,  0.826660156 SigReg: 34.2599869
std: 0.833984375 ,  0.814453125 SigReg: 24.3494282
std: 0.973632812 ,  0.876464844 SigReg: 24.3494282
std: 0.979980469 ,  0.919433594 SigReg: 23.800312
std: 0.998046875 ,  0.912597656 SigReg: 23.800312
std: 1.13085938 ,  1.06152344 SigReg: 28.2792664
std: 0.988769531 ,  0.962402344 SigReg: 28.2792664
std: 1.35546875 ,  1.10546875 SigReg: 24.8004265
std: 1.10253906 ,  1.02050781 SigReg: 24.8004265
std: 1.265625 ,  1.06542969 SigReg: 30.966404
std: 1.19726562 ,  1.05273438 SigReg: 30.966404
std: 1.30566406 ,  1.0859375 SigReg: 28.3746586
std: 1.1328125 ,  1.0703125 SigReg: 28.3746586
std: 1.17382812 ,  1.01660156 SigReg: 22.8633099
std: 1.13769531 ,  1.15332031 SigReg: 22.8633099
std: 1.3046875 ,  1.23339844 SigReg: 29.8088417
std: 1.30371094 ,  1.20019531 SigReg: 29.8088417
std: 1.21386719 ,  1.09667969 SigReg: 23.4616833
std: 1.37207031 ,  1.11328125 SigReg: 23.4616833
std: 1.25683594 ,  1.18359375 SigReg: 24.0688457
std: 1.15820312 ,  1.02441406 SigReg: 24.0688457
std: 1.30957031 ,  1.0546875 SigReg: 21.7304306
std: 1.18261719 ,  1.08496094 SigReg: 21.7304306
std: 1.31542969 ,  1.12792969 SigReg: 20.5529575
std: 1.12109375 ,  0.969726562 SigReg: 20.5529575
std: 1.47265625 ,  1.13378906 SigReg: 18.4913826
std: 1.20800781 ,  1.03417969 SigReg: 18.4913826
std: 1.33007812 ,  0.9765625 SigReg: 19.2624779
std: 1.29492188 ,  1.02441406 SigReg: 19.2624779
std: 1.18066406 ,  1.00195312 SigReg: 17.6508083
std: 1.20507812 ,  0.982910156 SigReg: 17.6508083
std: 1.13867188 ,  0.879882812 SigReg: 20.1551857
std: 1.09863281 ,  0.866699219 SigReg: 20.1551857
std: 1.12597656 ,  0.854980469 SigReg: 20.9920235
std: 1.27246094 ,  0.947753906 SigReg: 20.9920235
std: 1.15332031 ,  0.816894531 SigReg: 23.2972412
std: 1.20507812 ,  0.779296875 SigReg: 23.2972412
std: 1.27148438 ,  0.844726562 SigReg: 20.6654167
std: 1.14550781 ,  0.845214844 SigReg: 20.6654167
std: 1.265625 ,  0.852539062 SigReg: 20.4694061
std: 1.37695312 ,  0.901855469 SigReg: 20.4694061
std: 1.40332031 ,  0.822753906 SigReg: 18.051403
std: 1.22265625 ,  0.879882812 SigReg: 18.051403
std: 1.47070312 ,  1.0078125 SigReg: 19.5864792
std: 1.21875 ,  0.940429688 SigReg: 19.5864792
std: 1.28515625 ,  0.935546875 SigReg: 23.0475464
std: 1.16210938 ,  0.996582031 SigReg: 23.0475464
std: 1.35253906 ,  0.952636719 SigReg: 25.6389828
std: 1.23339844 ,  0.937988281 SigReg: 25.6389828
std: 1.35449219 ,  0.943847656 SigReg: 18.5193253
std: 1.33398438 ,  0.935546875 SigReg: 18.5193253
std: 1.05664062 ,  0.916015625 SigReg: 18.6688957
std: 1.23828125 ,  0.868164062 SigReg: 18.6688957
std: 1.25390625 ,  0.951171875 SigReg: 19.4198685
std: 1.30859375 ,  0.921875 SigReg: 19.4198685
std: 1.12597656 ,  0.870117188 SigReg: 19.2061844
std: 1.25683594 ,  0.820800781 SigReg: 19.2061844
std: 1.19238281 ,  0.924804688 SigReg: 20.5619049
std: 1.0546875 ,  0.911621094 SigReg: 20.5619049
std: 1.15332031 ,  0.998535156 SigReg: 19.6194038
std: 1.2265625 ,  1.03710938 SigReg: 19.6194038
std: 1.15527344 ,  0.928222656 SigReg: 24.9568119
std: 1.16894531 ,  0.985351562 SigReg: 24.9568119
std: 1.14355469 ,  0.907226562 SigReg: 18.8053417
std: 1.07324219 ,  1.06640625 SigReg: 18.8053417
std: 1.15917969 ,  0.92578125 SigReg: 26.9007282
std: 1.18066406 ,  1.1171875 SigReg: 26.9007282
std: 1.13964844 ,  0.986816406 SigReg: 25.478
std: 1.11621094 ,  0.934570312 SigReg: 25.478
std: 1.0078125 ,  1.10644531 SigReg: 25.2947178
std: 1.10546875 ,  1.0859375 SigReg: 25.2947178
  Step 150: Backbone Loss = 2.3378, SIGReg Loss = 25.2947 Probe Loss = 194.5156, Acc = 0.4961
std: 1.1796875 ,  1.05371094 SigReg: 34.1090622
std: 1.11230469 ,  1.01953125 SigReg: 34.1090622
std: 1.04980469 ,  0.934082031 SigReg: 44.3027802
std: 1.0703125 ,  0.889160156 SigReg: 44.3027802
std: 1.21875 ,  1.06738281 SigReg: 31.7605724
std: 1.13085938 ,  1.12011719 SigReg: 31.7605724
std: 1.34082031 ,  1.1328125 SigReg: 26.0673351
std: 1.36230469 ,  1.01757812 SigReg: 26.0673351
std: 1.41210938 ,  1.15625 SigReg: 28.8979263
std: 1.27050781 ,  1.00097656 SigReg: 28.8979263
std: 1.24609375 ,  1.15429688 SigReg: 42.8274879
std: 1.140625 ,  1.09179688 SigReg: 42.8274879
std: 1.15917969 ,  1.01074219 SigReg: 30.1674957
std: 1.27636719 ,  1.23046875 SigReg: 30.1674957
std: 1.078125 ,  1.17089844 SigReg: 20.5354156
std: 1.2265625 ,  1.21191406 SigReg: 20.5354156
std: 1.26855469 ,  0.986328125 SigReg: 19.2856789
std: 1.07617188 ,  0.97265625 SigReg: 19.2856789
std: 1.33691406 ,  1.05566406 SigReg: 18.3082485
std: 1.26367188 ,  0.903320312 SigReg: 18.3082485
std: 1.15625 ,  0.937988281 SigReg: 22.298296
std: 1.05566406 ,  1.08886719 SigReg: 22.298296
std: 1.00683594 ,  1.00976562 SigReg: 24.0996323
std: 1.12695312 ,  0.938476562 SigReg: 24.0996323
std: 1.27246094 ,  0.958984375 SigReg: 23.4961033
std: 1.41308594 ,  1.07519531 SigReg: 23.4961033
std: 1.265625 ,  0.982910156 SigReg: 19.3695927
std: 1.23339844 ,  1.06152344 SigReg: 19.3695927
std: 1.54785156 ,  1.05957031 SigReg: 19.7032852
std: 1.39648438 ,  1.02050781 SigReg: 19.7032852
std: 1.27539062 ,  1.04589844 SigReg: 20.338007
std: 1.14941406 ,  0.973632812 SigReg: 20.338007
std: 1.2578125 ,  0.905273438 SigReg: 24.6093483
std: 1.26660156 ,  0.983398438 SigReg: 24.6093483
std: 1.33789062 ,  1.015625 SigReg: 26.9499893
std: 1.33300781 ,  0.934082031 SigReg: 26.9499893
std: 1.37597656 ,  1.07519531 SigReg: 22.5431328
std: 1.078125 ,  1.01660156 SigReg: 22.5431328
std: 1.36230469 ,  0.939941406 SigReg: 22.8200817
std: 1.35449219 ,  0.868652344 SigReg: 22.8200817
std: 1.39355469 ,  0.943847656 SigReg: 21.2456074
std: 1.34667969 ,  0.942871094 SigReg: 21.2456074
std: 1.1640625 ,  0.937988281 SigReg: 25.4368839
std: 1.25683594 ,  0.916992188 SigReg: 25.4368839
std: 1.375 ,  1.015625 SigReg: 22.803875
std: 1.375 ,  0.924804688 SigReg: 22.803875
std: 1.36523438 ,  1.05371094 SigReg: 19.3429661
std: 1.41601562 ,  0.902832031 SigReg: 19.3429661
std: 1.37402344 ,  1.125 SigReg: 19.017
std: 1.33886719 ,  1.14941406 SigReg: 19.017
std: 1.30273438 ,  0.922851562 SigReg: 19.0621414
std: 1.29589844 ,  1.0625 SigReg: 19.0621414
std: 1.4375 ,  1.10546875 SigReg: 19.904129
std: 1.234375 ,  1.21777344 SigReg: 19.904129
std: 1.41503906 ,  0.938964844 SigReg: 19.0358429
std: 1.47460938 ,  1.06738281 SigReg: 19.0358429
std: 1.19824219 ,  0.995605469 SigReg: 20.4527035
std: 1.48828125 ,  1.10546875 SigReg: 20.4527035
std: 1.359375 ,  1.02539062 SigReg: 20.8364792
std: 1.40039062 ,  0.971679688 SigReg: 20.8364792
std: 1.25878906 ,  0.90234375 SigReg: 24.7701607
std: 1.1953125 ,  0.990234375 SigReg: 24.7701607
std: 1.39941406 ,  1.0078125 SigReg: 18.0179214
std: 1.33789062 ,  0.911132812 SigReg: 18.0179214
std: 1.46679688 ,  0.791015625 SigReg: 21.8140163
std: 1.41894531 ,  0.941894531 SigReg: 21.8140163
std: 1.32519531 ,  0.877929688 SigReg: 21.7603645
std: 1.37304688 ,  0.936523438 SigReg: 21.7603645
std: 1.14941406 ,  0.789550781 SigReg: 19.2276306
std: 1.40039062 ,  1.01660156 SigReg: 19.2276306
std: 1.26757812 ,  1.0078125 SigReg: 18.4879589
std: 1.28613281 ,  0.866699219 SigReg: 18.4879589
std: 1.27832031 ,  0.77734375 SigReg: 16.4686584
std: 1.22167969 ,  0.791992188 SigReg: 16.4686584
std: 1.33984375 ,  0.772949219 SigReg: 17.3392525
std: 1.31542969 ,  0.875 SigReg: 17.3392525
std: 1.34960938 ,  0.964355469 SigReg: 18.3565559
std: 1.34667969 ,  0.848632812 SigReg: 18.3565559
std: 1.33691406 ,  0.822265625 SigReg: 19.3388786
std: 1.36816406 ,  0.932617188 SigReg: 19.3388786
std: 1.33789062 ,  0.947753906 SigReg: 19.8329544
std: 1.25585938 ,  0.810546875 SigReg: 19.8329544
std: 1.20019531 ,  0.883300781 SigReg: 18.8966484
std: 1.41015625 ,  1.05566406 SigReg: 18.8966484
std: 1.43945312 ,  1.06835938 SigReg: 17.9162445
std: 1.359375 ,  0.952148438 SigReg: 17.9162445
std: 1.39160156 ,  0.906738281 SigReg: 18.5250702
std: 1.23144531 ,  0.858886719 SigReg: 18.5250702
std: 1.32617188 ,  1.03125 SigReg: 22.6141663
std: 1.56152344 ,  0.928710938 SigReg: 22.6141663
std: 1.16796875 ,  0.815917969 SigReg: 19.6330395
std: 1.45703125 ,  0.952148438 SigReg: 19.6330395
std: 1.29785156 ,  0.900878906 SigReg: 18.1776924
std: 1.36425781 ,  0.939941406 SigReg: 18.1776924
std: 1.34863281 ,  0.885742188 SigReg: 16.5577698
std: 1.39160156 ,  1.0078125 SigReg: 16.5577698
std: 1.14550781 ,  0.688964844 SigReg: 19.3086071
std: 1.4453125 ,  0.932617188 SigReg: 19.3086071
std: 1.24023438 ,  0.744140625 SigReg: 18.6598854
std: 1.21679688 ,  0.804199219 SigReg: 18.6598854
  Step 200: Backbone Loss = 2.0818, SIGReg Loss = 18.6599 Probe Loss = 173.6431, Acc = 0.5047
std: 1.43164062 ,  0.784667969 SigReg: 16.1113815
std: 1.30175781 ,  0.895996094 SigReg: 16.1113815
std: 1.43847656 ,  0.826660156 SigReg: 19.2693329
std: 1.234375 ,  0.709960938 SigReg: 19.2693329
std: 1.27929688 ,  0.811523438 SigReg: 22.7174492
std: 1.328125 ,  0.782226562 SigReg: 22.7174492
std: 1.23828125 ,  0.75390625 SigReg: 30.8094349
std: 1.49511719 ,  0.871582031 SigReg: 30.8094349
std: 1.37792969 ,  0.725097656 SigReg: 25.1991844
std: 1.37890625 ,  0.834960938 SigReg: 25.1991844
std: 1.30664062 ,  0.729980469 SigReg: 18.9812889
std: 1.22265625 ,  0.6796875 SigReg: 18.9812889
