## SLURM PROLOG ###############################################################
##    Job ID : 14735080
##  Job Name : MyGO
##  Nodelist : gpu2104
##      CPUs : 1
##  Mem/Node : 32000 MB
## Directory : /oscar/home/lwang223/MyGO/MyGo
##   Job Started : Sun Dec  7 01:41:30 PM EST 2025
###############################################################################

==========================================
Job started at: Sun Dec  7 01:41:30 PM EST 2025
Job ID: 14735080
Node: gpu2104
==========================================

GPU Information (from host):
Sun Dec  7 13:41:30 2025       
+---------------------------------------------------------------------------------------+
| NVIDIA-SMI 535.129.03             Driver Version: 535.129.03   CUDA Version: 12.2     |
|-----------------------------------------+----------------------+----------------------+
| GPU  Name                 Persistence-M | Bus-Id        Disp.A | Volatile Uncorr. ECC |
| Fan  Temp   Perf          Pwr:Usage/Cap |         Memory-Usage | GPU-Util  Compute M. |
|                                         |                      |               MIG M. |
|=========================================+======================+======================|
|   0  NVIDIA GeForce RTX 3090        On  | 00000000:A1:00.0 Off |                  N/A |
| 30%   26C    P8              25W / 350W |     35MiB / 24576MiB |      0%      Default |
|                                         |                      |                  N/A |
+-----------------------------------------+----------------------+----------------------+
|   1  NVIDIA GeForce RTX 3090        On  | 00000000:E1:00.0 Off |                  N/A |
| 30%   23C    P8              23W / 350W |     26MiB / 24576MiB |      0%      Default |
|                                         |                      |                  N/A |
+-----------------------------------------+----------------------+----------------------+
                                                                                         
+---------------------------------------------------------------------------------------+
| Processes:                                                                            |
|  GPU   GI   CI        PID   Type   Process name                            GPU Memory |
|        ID   ID                                                             Usage      |
|=======================================================================================|
|    0   N/A  N/A     51669      G   /usr/libexec/Xorg                            25MiB |
|    1   N/A  N/A     51669      G   /usr/libexec/Xorg                            17MiB |
+---------------------------------------------------------------------------------------+

mygo conda environment loaded
/oscar/rt/9.2/software/0.20-generic/0.20.1/opt/spack/linux-rhel9-x86_64_v3/gcc-11.3.1/ffmpeg-7.0-xny2fb2nz3demdcjhj6x74mcxz4iwmys/bin/ffmpeg
ffmpeg version 7.0 Copyright (c) 2000-2024 the FFmpeg developers
built with gcc 11 (GCC)
configuration: --prefix=/oscar/rt/9.2/software/0.20-generic/0.20.1/opt/spack/linux-rhel9-x86_64_v3/gcc-11.3.1/ffmpeg-7.0-xny2fb2nz3demdcjhj6x74mcxz4iwmys --enable-pic --cc=/oscar/rt/9.2/software/0.20-generic/0.20.1/lib/spack/env/gcc/gcc --cxx=/oscar/rt/9.2/software/0.20-generic/0.20.1/lib/spack/env/gcc/g++ --disable-libxcb --disable-libxcb-shape --disable-libxcb-shm --disable-libxcb-xfixes --disable-xlib --disable-libfontconfig --disable-libfreetype --disable-libfribidi --enable-bzlib --enable-gpl --disable-libmp3lame --disable-libopenjpeg --disable-libopus --disable-libspeex --disable-libvorbis --enable-libvpx --enable-libx264 --disable-nonfree --disable-openssl --enable-shared --enable-version3 --disable-libzmq --disable-libssh --enable-libwebp --disable-lzma --disable-libsnappy --disable-sdl2 --disable-libaom --disable-libxml2
libavutil      59.  8.100 / 59.  8.100
libavcodec     61.  3.100 / 61.  3.100
libavformat    61.  1.100 / 61.  1.100
libavdevice    61.  1.100 / 61.  1.100
libavfilter    10.  1.100 / 10.  1.100
libswscale      8.  1.100 /  8.  1.100
libswresample   5.  1.100 /  5.  1.100
libpostproc    58.  1.100 / 58.  1.100
TF version: 2.16.1
Built with CUDA: True
GPUs detected: 2
GPU devices: [PhysicalDevice(name='/physical_device:GPU:0', device_type='GPU'), PhysicalDevice(name='/physical_device:GPU:1', device_type='GPU')]
==========================================
Installing dependencies
==========================================


==========================================
Starting main Python script at Sun Dec  7 01:42:00 PM EST 2025
==========================================

Working directory: /users/lwang223/MyGO/MyGo

[PhysicalDevice(name='/physical_device:GPU:0', device_type='GPU'), PhysicalDevice(name='/physical_device:GPU:1', device_type='GPU')]
Using MirroredStrategy for multi-GPU training.
Number of devices: 2
Found checkpoint: ./checkpoints/ckpt-90
Restoring BACKBONE ONLY (resetting probe and optimizer)...
Backbone restored. Probe and Optimizer are fresh.
Model: "vi_t__ti"
_________________________________________________________________
 Layer (type)                Output Shape              Param #   
=================================================================
 vit (TFViTMainLayer)        multiple                  0 (unused)
                                                                 
=================================================================
Total params: 5536128 (21.12 MB)
Trainable params: 5536128 (21.12 MB)
Non-trainable params: 0 (0.00 Byte)
_________________________________________________________________
Model: "linear_probe"
_________________________________________________________________
 Layer (type)                Output Shape              Param #   
=================================================================
 dense (Dense)               multiple                  101711    
                                                                 
=================================================================
Total params: 101711 (397.31 KB)
Trainable params: 101711 (397.31 KB)
Non-trainable params: 0 (0.00 Byte)
_________________________________________________________________
Building optimizer variables...
Optimizer built.
Starting training...

Epoch 1/100
std: 1.04785156 ,  0.756347656 SigReg: 5.72060823
std: 1.22070312 ,  0.810058594 SigReg: 5.72060823
  Step 0: Backbone Loss = 1.3923, SIGReg Loss = 5.7206 Probe Loss = 397.6597, Acc = 0.5101
std: 1.10839844 ,  0.920410156 SigReg: 5.23152447
std: 1.1875 ,  0.791015625 SigReg: 5.23152447
std: 1.35742188 ,  0.920898438 SigReg: 4.86735868
std: 1.24902344 ,  0.790039062 SigReg: 4.86735868
std: 1.18164062 ,  0.922363281 SigReg: 4.28921127
std: 1.22949219 ,  0.893554688 SigReg: 4.28921127
std: 1.03125 ,  0.799316406 SigReg: 4.73904228
std: 1.11523438 ,  0.704101562 SigReg: 4.73904228
std: 1.00195312 ,  0.96484375 SigReg: 4.91229725
std: 1.24414062 ,  1.01367188 SigReg: 4.91229725
std: 1.06542969 ,  0.968261719 SigReg: 5.50872946
std: 1.015625 ,  0.986328125 SigReg: 5.50872946
std: 1.04980469 ,  0.83984375 SigReg: 5.385355
std: 1.03710938 ,  0.722167969 SigReg: 5.385355
std: 1.09472656 ,  0.837890625 SigReg: 5.0789156
std: 1.1171875 ,  0.893554688 SigReg: 5.0789156
std: 0.967285156 ,  0.758300781 SigReg: 6.29423714
std: 1.02441406 ,  0.91015625 SigReg: 6.29423714
std: 1.30957031 ,  0.7890625 SigReg: 5.04146862
std: 1.37988281 ,  0.862304688 SigReg: 5.04146862
std: 1.0703125 ,  0.762207031 SigReg: 4.92901134
std: 1.09375 ,  0.991210938 SigReg: 4.92901134
std: 1.09570312 ,  0.69921875 SigReg: 5.87897158
std: 1.20898438 ,  0.987304688 SigReg: 5.87897158
std: 1.17285156 ,  0.849121094 SigReg: 5.28020954
std: 1.25683594 ,  0.8125 SigReg: 5.28020954
std: 1.140625 ,  0.873535156 SigReg: 5.2450695
std: 1.03222656 ,  0.942382812 SigReg: 5.2450695
std: 1.00488281 ,  0.861816406 SigReg: 5.4110775
std: 1.13574219 ,  0.951660156 SigReg: 5.4110775
std: 1.0546875 ,  0.829101562 SigReg: 5.26501083
std: 1.1796875 ,  0.927734375 SigReg: 5.26501083
std: 1.16601562 ,  0.841796875 SigReg: 5.44672966
std: 1.18554688 ,  0.811523438 SigReg: 5.44672966
std: 1.06152344 ,  0.845703125 SigReg: 4.66371107
std: 1.19042969 ,  0.879394531 SigReg: 4.66371107
std: 1.15136719 ,  0.813964844 SigReg: 4.47180939
std: 1.17675781 ,  0.948730469 SigReg: 4.47180939
std: 1.2890625 ,  0.6875 SigReg: 5.78159761
std: 1.05078125 ,  0.791015625 SigReg: 5.78159761
std: 1.1015625 ,  0.809082031 SigReg: 4.91298485
std: 1.20019531 ,  0.7578125 SigReg: 4.91298485
std: 1.06542969 ,  0.838378906 SigReg: 5.61346817
std: 1.1015625 ,  0.825195312 SigReg: 5.61346817
std: 1.15332031 ,  0.836425781 SigReg: 4.65410948
std: 1.10058594 ,  0.881347656 SigReg: 4.65410948
std: 1.13769531 ,  0.852050781 SigReg: 5.08343315
std: 1.18847656 ,  0.802734375 SigReg: 5.08343315
std: 1.15234375 ,  0.821289062 SigReg: 4.68052959
std: 1.1328125 ,  0.886230469 SigReg: 4.68052959
std: 1.16699219 ,  0.803222656 SigReg: 4.90061092
std: 1.18359375 ,  0.92578125 SigReg: 4.90061092
std: 1.20019531 ,  0.892578125 SigReg: 5.1269083
std: 1.19433594 ,  0.789550781 SigReg: 5.1269083
std: 1.27050781 ,  0.762695312 SigReg: 5.17674732
std: 1.22070312 ,  0.832519531 SigReg: 5.17674732
std: 1.20800781 ,  0.869140625 SigReg: 4.87992096
std: 1.16796875 ,  0.972167969 SigReg: 4.87992096
std: 1.20703125 ,  0.9609375 SigReg: 4.63108492
std: 1.19824219 ,  1.00683594 SigReg: 4.63108492
std: 1.16308594 ,  0.74609375 SigReg: 5.26443577
std: 1.07714844 ,  0.955078125 SigReg: 5.26443577
std: 1.08886719 ,  0.903808594 SigReg: 4.51789856
std: 1.22070312 ,  0.84375 SigReg: 4.51789856
std: 1.23632812 ,  0.729003906 SigReg: 5.37901354
std: 1.22363281 ,  0.885742188 SigReg: 5.37901354
std: 1.36914062 ,  0.772949219 SigReg: 4.58825636
std: 1.24511719 ,  0.875 SigReg: 4.58825636
std: 1.13671875 ,  0.83203125 SigReg: 5.78231621
std: 1.07519531 ,  0.756347656 SigReg: 5.78231621
std: 1.18261719 ,  0.739257812 SigReg: 5.12834644
std: 1.41601562 ,  0.935058594 SigReg: 5.12834644
std: 1.25 ,  0.736816406 SigReg: 4.96246433
std: 1.03417969 ,  0.833496094 SigReg: 4.96246433
std: 1.06152344 ,  0.806640625 SigReg: 4.41936302
std: 1.15332031 ,  0.855957031 SigReg: 4.41936302
std: 1.18457031 ,  0.9296875 SigReg: 4.85298443
std: 1.15332031 ,  0.862304688 SigReg: 4.85298443
std: 1.21777344 ,  0.812988281 SigReg: 4.64130259
std: 1.11230469 ,  0.686523438 SigReg: 4.64130259
std: 1.19335938 ,  0.866210938 SigReg: 5.92244291
std: 1.16210938 ,  0.825195312 SigReg: 5.92244291
std: 1.12792969 ,  0.871582031 SigReg: 5.26062155
std: 1.31152344 ,  0.928710938 SigReg: 5.26062155
std: 1.13574219 ,  0.9296875 SigReg: 5.02110052
std: 1.09082031 ,  0.655273438 SigReg: 5.02110052
std: 1.13574219 ,  0.953125 SigReg: 4.95390701
std: 1.16113281 ,  0.846679688 SigReg: 4.95390701
std: 1.24121094 ,  0.732421875 SigReg: 5.38197279
std: 1.28417969 ,  0.847167969 SigReg: 5.38197279
std: 1.29394531 ,  0.981933594 SigReg: 4.80991697
std: 1.15820312 ,  0.774902344 SigReg: 4.80991697
std: 1.08691406 ,  0.869628906 SigReg: 5.78426361
std: 1.10253906 ,  0.790039062 SigReg: 5.78426361
std: 1.3203125 ,  0.641601562 SigReg: 4.34928608
std: 1.02148438 ,  0.829101562 SigReg: 4.34928608
std: 1.20214844 ,  0.963867188 SigReg: 4.88019562
std: 1.04296875 ,  0.860351562 SigReg: 4.88019562
std: 1.11230469 ,  0.938476562 SigReg: 4.84057856
std: 1.16992188 ,  0.928222656 SigReg: 4.84057856
  Step 50: Backbone Loss = 1.3414, SIGReg Loss = 4.8406 Probe Loss = 396.4777, Acc = 0.5076
std: 1.17089844 ,  0.965332031 SigReg: 5.2526083
std: 1.15332031 ,  0.770996094 SigReg: 5.2526083
std: 1.00292969 ,  0.681640625 SigReg: 4.74249554
std: 1.10449219 ,  0.833496094 SigReg: 4.74249554
std: 1.07324219 ,  0.817382812 SigReg: 5.21700764
std: 1.14453125 ,  0.731933594 SigReg: 5.21700764
std: 1.13085938 ,  0.886230469 SigReg: 4.97371435
std: 1.02734375 ,  0.820800781 SigReg: 4.97371435
std: 1.1171875 ,  1.05566406 SigReg: 5.33368492
std: 1.10058594 ,  0.842773438 SigReg: 5.33368492
std: 1.27636719 ,  0.787109375 SigReg: 4.78123045
std: 1.32910156 ,  0.756347656 SigReg: 4.78123045
std: 1.08984375 ,  0.770996094 SigReg: 4.67468929
std: 1.02929688 ,  0.840332031 SigReg: 4.67468929
std: 1.22265625 ,  0.682617188 SigReg: 4.86394739
std: 1.10351562 ,  0.606933594 SigReg: 4.86394739
std: 1.15917969 ,  0.798339844 SigReg: 4.56449604
std: 1.42480469 ,  0.726074219 SigReg: 4.56449604
std: 1.09277344 ,  0.795898438 SigReg: 6.19866371
std: 0.9296875 ,  0.731445312 SigReg: 6.19866371
std: 1.06738281 ,  0.739746094 SigReg: 4.93731308
std: 1.09570312 ,  0.847167969 SigReg: 4.93731308
std: 1.078125 ,  0.844726562 SigReg: 4.82736063
std: 1.07910156 ,  0.778808594 SigReg: 4.82736063
std: 1.16210938 ,  0.785644531 SigReg: 4.89485025
std: 1.07128906 ,  0.979003906 SigReg: 4.89485025
std: 1.11816406 ,  0.726074219 SigReg: 4.85795736
std: 1.09472656 ,  0.874511719 SigReg: 4.85795736
std: 1.22558594 ,  0.934570312 SigReg: 5.38169
std: 1.00683594 ,  0.886230469 SigReg: 5.38169
std: 1.16210938 ,  0.807617188 SigReg: 4.75802279
std: 1.296875 ,  0.852539062 SigReg: 4.75802279
std: 1.31933594 ,  0.919921875 SigReg: 5.65071774
std: 1.13378906 ,  0.746582031 SigReg: 5.65071774
std: 1.13378906 ,  0.809082031 SigReg: 5.09468079
std: 1.07421875 ,  0.670410156 SigReg: 5.09468079
std: 1.10742188 ,  0.703125 SigReg: 5.35388947
std: 0.977539062 ,  0.83203125 SigReg: 5.35388947
std: 0.977539062 ,  0.859863281 SigReg: 5.75005341
std: 1.16308594 ,  0.715820312 SigReg: 5.75005341
std: 1.18847656 ,  0.876464844 SigReg: 4.51713
std: 1.18554688 ,  0.813964844 SigReg: 4.51713
std: 1.1171875 ,  0.764648438 SigReg: 7.3812952
std: 1.08007812 ,  0.812988281 SigReg: 7.3812952
std: 1.28515625 ,  0.657226562 SigReg: 5.47548342
std: 1.06738281 ,  0.831054688 SigReg: 5.47548342
std: 1.125 ,  0.694824219 SigReg: 5.17164564
std: 1.02246094 ,  0.820800781 SigReg: 5.17164564
std: 1.04785156 ,  0.787597656 SigReg: 4.85938168
std: 1.12304688 ,  0.797851562 SigReg: 4.85938168
std: 1.06738281 ,  0.870117188 SigReg: 5.58387
std: 1.1640625 ,  0.963378906 SigReg: 5.58387
std: 1.12792969 ,  0.8125 SigReg: 5.06467342
std: 1.11523438 ,  0.828125 SigReg: 5.06467342
std: 1.11328125 ,  0.900390625 SigReg: 4.76374245
std: 1.11132812 ,  0.868164062 SigReg: 4.76374245
std: 1.3046875 ,  0.716796875 SigReg: 5.06142378
std: 1.20800781 ,  0.812011719 SigReg: 5.06142378
std: 1.14257812 ,  0.821777344 SigReg: 5.62292
std: 1.10351562 ,  0.784179688 SigReg: 5.62292
std: 1.16601562 ,  0.751464844 SigReg: 6.14094877
std: 1.27636719 ,  0.742675781 SigReg: 6.14094877
std: 1.21484375 ,  0.857910156 SigReg: 4.72907591
std: 1.05859375 ,  0.83984375 SigReg: 4.72907591
std: 1.18457031 ,  0.909667969 SigReg: 4.38279486
std: 1.12890625 ,  0.861328125 SigReg: 4.38279486
std: 1.1640625 ,  0.965332031 SigReg: 4.86581945
std: 1.22753906 ,  0.879394531 SigReg: 4.86581945
std: 0.982910156 ,  0.776367188 SigReg: 4.73777485
std: 1.12890625 ,  0.833007812 SigReg: 4.73777485
std: 1.05664062 ,  0.835449219 SigReg: 4.78462
std: 1.20117188 ,  0.766601562 SigReg: 4.78462
std: 1.11816406 ,  0.822753906 SigReg: 5.25357151
std: 1.21582031 ,  0.757324219 SigReg: 5.25357151
std: 0.984375 ,  0.688964844 SigReg: 5.97492504
std: 0.967285156 ,  0.749511719 SigReg: 5.97492504
std: 1.28222656 ,  0.83203125 SigReg: 5.41255951
std: 1.18359375 ,  0.966308594 SigReg: 5.41255951
std: 1.21386719 ,  0.804199219 SigReg: 4.86406565
std: 1.1171875 ,  0.772949219 SigReg: 4.86406565
std: 1.19628906 ,  0.809570312 SigReg: 5.06015205
std: 1.03125 ,  0.937011719 SigReg: 5.06015205
std: 1.20214844 ,  0.923828125 SigReg: 5.48221874
std: 1.22753906 ,  0.767089844 SigReg: 5.48221874
std: 0.977050781 ,  0.783203125 SigReg: 5.08434486
std: 1.03222656 ,  0.772949219 SigReg: 5.08434486
std: 1.08691406 ,  0.822753906 SigReg: 4.68094587
std: 1.12792969 ,  0.828125 SigReg: 4.68094587
std: 1.12402344 ,  0.838867188 SigReg: 4.84313536
std: 1.109375 ,  0.813476562 SigReg: 4.84313536
std: 1.109375 ,  0.787109375 SigReg: 4.96874952
std: 1.02929688 ,  0.815429688 SigReg: 4.96874952
std: 1.12890625 ,  0.811523438 SigReg: 5.22506905
std: 1.11132812 ,  0.793457031 SigReg: 5.22506905
std: 1.0625 ,  0.789550781 SigReg: 4.40076065
std: 1.05175781 ,  0.767578125 SigReg: 4.40076065
std: 1.09179688 ,  0.822265625 SigReg: 4.95801926
std: 1.24609375 ,  0.931152344 SigReg: 4.95801926
std: 1.14648438 ,  0.799316406 SigReg: 4.75767231
std: 1.24902344 ,  0.854003906 SigReg: 4.75767231
  Step 100: Backbone Loss = 1.3253, SIGReg Loss = 4.7577 Probe Loss = 395.9876, Acc = 0.4757
std: 1.20605469 ,  0.893554688 SigReg: 4.73365355
std: 1.12109375 ,  0.812011719 SigReg: 4.73365355
std: 1.15722656 ,  0.687011719 SigReg: 5.16506529
std: 1.109375 ,  0.724609375 SigReg: 5.16506529
std: 1.19140625 ,  0.951660156 SigReg: 4.63590527
std: 1.04003906 ,  0.889160156 SigReg: 4.63590527
std: 1.13671875 ,  0.715332031 SigReg: 4.79521322
std: 1.02636719 ,  0.66015625 SigReg: 4.79521322
std: 1.17871094 ,  0.913574219 SigReg: 5.26255322
std: 1.14160156 ,  0.833496094 SigReg: 5.26255322
std: 1.04785156 ,  0.736328125 SigReg: 4.86348104
std: 1.19140625 ,  0.787597656 SigReg: 4.86348104
std: 1.15039062 ,  0.840332031 SigReg: 5.21388578
std: 1.07617188 ,  0.769042969 SigReg: 5.21388578
std: 1.35546875 ,  0.6875 SigReg: 4.97629166
std: 1.08496094 ,  0.87890625 SigReg: 4.97629166
std: 1.13183594 ,  0.897949219 SigReg: 6.62230492
std: 1.08496094 ,  0.92578125 SigReg: 6.62230492
std: 1.26660156 ,  0.860839844 SigReg: 4.69489193
std: 1.2109375 ,  0.78125 SigReg: 4.69489193
std: 1.12402344 ,  0.829101562 SigReg: 5.23060703
std: 1.14941406 ,  0.971191406 SigReg: 5.23060703
std: 1.20507812 ,  0.797363281 SigReg: 4.95838833
std: 1.07421875 ,  0.929199219 SigReg: 4.95838833
std: 1.0859375 ,  0.926269531 SigReg: 4.93942356
std: 1.28613281 ,  0.862304688 SigReg: 4.93942356
std: 1.09277344 ,  0.961425781 SigReg: 5.24514961
std: 1.00390625 ,  0.966796875 SigReg: 5.24514961
std: 1.08398438 ,  0.907226562 SigReg: 5.37854147
std: 1.18359375 ,  0.786132812 SigReg: 5.37854147
std: 1.04589844 ,  0.934570312 SigReg: 4.74699211
std: 1.19238281 ,  0.6640625 SigReg: 4.74699211
std: 1.26171875 ,  0.743652344 SigReg: 5.4666853
std: 1.11914062 ,  0.901367188 SigReg: 5.4666853
std: 1.40332031 ,  0.938476562 SigReg: 4.40629053
std: 1.25097656 ,  0.748535156 SigReg: 4.40629053
std: 1.1484375 ,  0.891601562 SigReg: 4.84869671
std: 0.983398438 ,  0.893066406 SigReg: 4.84869671
std: 1.12011719 ,  0.908203125 SigReg: 5.79104424
std: 1.05566406 ,  0.683105469 SigReg: 5.79104424
std: 1.08203125 ,  0.995605469 SigReg: 5.26392746
std: 1.15039062 ,  0.90625 SigReg: 5.26392746
std: 1.140625 ,  0.9453125 SigReg: 5.3664465
std: 1.04199219 ,  0.708984375 SigReg: 5.3664465
std: 1.20703125 ,  0.820800781 SigReg: 5.14735794
std: 1.07617188 ,  0.806640625 SigReg: 5.14735794
std: 1.15039062 ,  0.669433594 SigReg: 5.3026104
std: 1.0703125 ,  0.690429688 SigReg: 5.3026104
std: 1.27050781 ,  0.795898438 SigReg: 4.85808134
std: 1.25097656 ,  0.938964844 SigReg: 4.85808134
std: 1.12402344 ,  0.841796875 SigReg: 4.6279726
std: 1.17382812 ,  0.751464844 SigReg: 4.6279726
std: 0.98046875 ,  0.794433594 SigReg: 5.04874086
std: 1.08203125 ,  0.981445312 SigReg: 5.04874086
std: 1.11425781 ,  0.892089844 SigReg: 4.87918615
std: 0.970703125 ,  0.674316406 SigReg: 4.87918615
std: 1.01464844 ,  0.692382812 SigReg: 4.80865097
std: 1.06542969 ,  0.84765625 SigReg: 4.80865097
std: 1.23925781 ,  0.921875 SigReg: 5.23127699
std: 1.27539062 ,  0.931640625 SigReg: 5.23127699
std: 1.02832031 ,  0.592285156 SigReg: 5.23501492
std: 0.990234375 ,  0.822265625 SigReg: 5.23501492
std: 1.30273438 ,  0.943359375 SigReg: 5.44194269
std: 1.25878906 ,  0.86328125 SigReg: 5.44194269
std: 1.03320312 ,  0.802734375 SigReg: 5.09697247
std: 1.37109375 ,  0.707519531 SigReg: 5.09697247
std: 1.15039062 ,  0.780273438 SigReg: 4.92949343
std: 1.11132812 ,  0.736328125 SigReg: 4.92949343
std: 1.05078125 ,  0.845703125 SigReg: 5.1372
std: 1.12304688 ,  0.85546875 SigReg: 5.1372
std: 1.21191406 ,  0.78125 SigReg: 4.93595934
std: 1.03125 ,  0.785644531 SigReg: 4.93595934
std: 1.10253906 ,  0.836914062 SigReg: 5.71296597
std: 1.20703125 ,  0.852050781 SigReg: 5.71296597
std: 1.16894531 ,  0.680175781 SigReg: 4.85574913
std: 1.13183594 ,  0.86328125 SigReg: 4.85574913
std: 1.10351562 ,  0.79296875 SigReg: 5.713
std: 1.17089844 ,  0.76953125 SigReg: 5.713
std: 1.07128906 ,  0.829589844 SigReg: 5.63824797
std: 1.25195312 ,  0.861328125 SigReg: 5.63824797
std: 0.985351562 ,  0.907226562 SigReg: 5.16711521
std: 1.16992188 ,  0.633789062 SigReg: 5.16711521
std: 1.13574219 ,  0.891601562 SigReg: 5.05608273
std: 1.33105469 ,  0.760253906 SigReg: 5.05608273
std: 1.22070312 ,  0.836425781 SigReg: 5.47574425
std: 1.14648438 ,  1.04199219 SigReg: 5.47574425
std: 1.30566406 ,  0.85546875 SigReg: 5.07876492
std: 1.11230469 ,  0.865234375 SigReg: 5.07876492
std: 1.15820312 ,  0.721191406 SigReg: 4.53197765
std: 1.21875 ,  0.843261719 SigReg: 4.53197765
std: 0.994140625 ,  0.922851562 SigReg: 5.18825483
std: 1.35546875 ,  0.717285156 SigReg: 5.18825483
std: 1.09179688 ,  1.0078125 SigReg: 5.01396847
std: 1.18164062 ,  0.785644531 SigReg: 5.01396847
std: 1.31738281 ,  0.905761719 SigReg: 5.20723581
std: 1.13671875 ,  0.764648438 SigReg: 5.20723581
std: 1.19433594 ,  0.735351562 SigReg: 4.72579
std: 1.33300781 ,  0.893554688 SigReg: 4.72579
std: 1.15332031 ,  0.817382812 SigReg: 4.59520912
std: 1.12207031 ,  0.638671875 SigReg: 4.59520912
  Step 150: Backbone Loss = 1.3253, SIGReg Loss = 4.5952 Probe Loss = 395.7308, Acc = 0.4942
std: 1.10742188 ,  0.65625 SigReg: 5.24268866
std: 1.06933594 ,  0.737792969 SigReg: 5.24268866
std: 1.10449219 ,  0.921386719 SigReg: 4.80031967
std: 1.24121094 ,  0.744628906 SigReg: 4.80031967
std: 1.09667969 ,  0.844726562 SigReg: 4.59601974
std: 1.28417969 ,  0.99609375 SigReg: 4.59601974
std: 1.23632812 ,  0.862792969 SigReg: 4.65733433
std: 0.919433594 ,  1.00195312 SigReg: 4.65733433
std: 1.23828125 ,  0.756347656 SigReg: 5.05892372
std: 1.03417969 ,  0.729492188 SigReg: 5.05892372
std: 1.16894531 ,  0.965820312 SigReg: 5.14199781
std: 1.2109375 ,  0.709960938 SigReg: 5.14199781
std: 1.20898438 ,  0.705566406 SigReg: 4.54611063
std: 1.13671875 ,  0.883789062 SigReg: 4.54611063
std: 1.09277344 ,  0.758300781 SigReg: 4.82534599
std: 1.11914062 ,  0.861816406 SigReg: 4.82534599
std: 1.26367188 ,  0.782226562 SigReg: 5.27197218
std: 1.24121094 ,  0.771972656 SigReg: 5.27197218
std: 1.30273438 ,  0.756835938 SigReg: 5.04666615
std: 1.2265625 ,  0.785644531 SigReg: 5.04666615
std: 0.96484375 ,  0.774902344 SigReg: 4.96041107
std: 0.979003906 ,  0.866210938 SigReg: 4.96041107
std: 1.27832031 ,  0.730957031 SigReg: 4.93998146
std: 1.24707031 ,  0.957519531 SigReg: 4.93998146
std: 1.02441406 ,  0.653808594 SigReg: 4.68666077
std: 1.02246094 ,  0.963378906 SigReg: 4.68666077
std: 1.14648438 ,  0.837890625 SigReg: 4.25736046
std: 1.19140625 ,  0.804199219 SigReg: 4.25736046
std: 1.08105469 ,  0.705566406 SigReg: 5.99606657
std: 1.08691406 ,  0.836914062 SigReg: 5.99606657
std: 1.24511719 ,  0.882324219 SigReg: 5.039814
std: 1.09960938 ,  0.735351562 SigReg: 5.039814
std: 1.23144531 ,  0.904785156 SigReg: 5.23444939
std: 1.12597656 ,  0.806152344 SigReg: 5.23444939
std: 1.11230469 ,  0.929199219 SigReg: 5.56197786
std: 1.21191406 ,  0.859375 SigReg: 5.56197786
std: 1.15820312 ,  0.7734375 SigReg: 4.96492481
std: 1.16015625 ,  0.811523438 SigReg: 4.96492481
std: 1.20605469 ,  0.810546875 SigReg: 4.82905674
std: 0.882324219 ,  0.904296875 SigReg: 4.82905674
std: 1.31152344 ,  0.75 SigReg: 4.62190914
std: 1.13476562 ,  0.844238281 SigReg: 4.62190914
std: 1.12402344 ,  0.700195312 SigReg: 4.76809025
std: 1.2421875 ,  0.821289062 SigReg: 4.76809025
std: 1.0234375 ,  0.744628906 SigReg: 5.24516296
std: 1.19433594 ,  0.788085938 SigReg: 5.24516296
std: 1.23535156 ,  0.892089844 SigReg: 4.6269722
std: 1.24023438 ,  0.93359375 SigReg: 4.6269722
std: 1.13964844 ,  0.743164062 SigReg: 4.98235655
std: 1.09082031 ,  0.883789062 SigReg: 4.98235655
std: 1.29296875 ,  0.742675781 SigReg: 5.24552059
std: 1.26171875 ,  0.86328125 SigReg: 5.24552059
std: 1.25 ,  0.783691406 SigReg: 4.32039833
std: 1.22949219 ,  0.812011719 SigReg: 4.32039833
std: 1.13378906 ,  0.760742188 SigReg: 6.09084654
std: 1.15332031 ,  0.821289062 SigReg: 6.09084654
std: 1.20996094 ,  0.783203125 SigReg: 4.53780651
std: 1.01464844 ,  0.787597656 SigReg: 4.53780651
std: 1.33691406 ,  0.793945312 SigReg: 4.89531708
std: 1.09277344 ,  0.764648438 SigReg: 4.89531708
std: 1.19726562 ,  0.835449219 SigReg: 5.21436167
std: 1.12109375 ,  0.851074219 SigReg: 5.21436167
std: 1.31933594 ,  0.744628906 SigReg: 5.38450336
std: 1.25976562 ,  0.751464844 SigReg: 5.38450336
std: 1.16503906 ,  0.764160156 SigReg: 4.81919479
std: 1.20898438 ,  0.817871094 SigReg: 4.81919479
std: 1.15820312 ,  0.731933594 SigReg: 4.92107821
std: 1.11425781 ,  0.80859375 SigReg: 4.92107821
std: 1.15429688 ,  0.954101562 SigReg: 5.08660316
std: 1.12597656 ,  0.8359375 SigReg: 5.08660316
std: 1.13964844 ,  0.877441406 SigReg: 5.90353584
std: 1.3125 ,  0.912597656 SigReg: 5.90353584
std: 1.06347656 ,  0.857421875 SigReg: 5.22913551
std: 1.20800781 ,  0.900878906 SigReg: 5.22913551
std: 0.921875 ,  0.832519531 SigReg: 5.29885244
std: 1.09863281 ,  0.811523438 SigReg: 5.29885244
std: 1.15429688 ,  0.891113281 SigReg: 5.79971313
std: 1.20214844 ,  0.709472656 SigReg: 5.79971313
std: 1.10742188 ,  0.762695312 SigReg: 5.22007465
std: 1.09960938 ,  0.800292969 SigReg: 5.22007465
std: 1.25097656 ,  0.846679688 SigReg: 5.02547359
std: 0.997558594 ,  0.846679688 SigReg: 5.02547359
std: 1.05761719 ,  0.694824219 SigReg: 5.04852819
std: 1.08007812 ,  0.904785156 SigReg: 5.04852819
std: 1.18847656 ,  0.702148438 SigReg: 4.31131649
std: 1.2109375 ,  0.850585938 SigReg: 4.31131649
std: 1.08789062 ,  0.851074219 SigReg: 4.53789043
std: 1.05761719 ,  0.810058594 SigReg: 4.53789043
std: 1.16503906 ,  0.88671875 SigReg: 4.37890482
std: 1.07714844 ,  0.882324219 SigReg: 4.37890482
std: 1.21679688 ,  0.73828125 SigReg: 4.48602676
std: 1.08398438 ,  0.70703125 SigReg: 4.48602676
std: 1.08300781 ,  0.982910156 SigReg: 5.52016878
std: 1.171875 ,  0.731445312 SigReg: 5.52016878
std: 1.171875 ,  0.695800781 SigReg: 4.36036
std: 1.20019531 ,  0.684082031 SigReg: 4.36036
std: 1.20605469 ,  0.869628906 SigReg: 5.42019
std: 1.1875 ,  0.854003906 SigReg: 5.42019
std: 1.08300781 ,  0.897460938 SigReg: 5.35238123
std: 1.20019531 ,  0.864257812 SigReg: 5.35238123
  Step 200: Backbone Loss = 1.3199, SIGReg Loss = 5.3524 Probe Loss = 394.0608, Acc = 0.5225
std: 1.18066406 ,  0.745605469 SigReg: 4.84977531
std: 1.01660156 ,  0.9296875 SigReg: 4.84977531
std: 1.03613281 ,  0.779785156 SigReg: 5.90431166
std: 1.2421875 ,  0.782226562 SigReg: 5.90431166
std: 1.15429688 ,  0.759277344 SigReg: 5.06063366
std: 1.13867188 ,  0.6171875 SigReg: 5.06063366
std: 1.19238281 ,  0.791503906 SigReg: 5.31107378
std: 1.21289062 ,  0.772949219 SigReg: 5.31107378
std: 1.27441406 ,  0.800292969 SigReg: 4.4384203
std: 1.11816406 ,  0.931152344 SigReg: 4.4384203
std: 0.995605469 ,  0.782714844 SigReg: 4.94150925
std: 1.05664062 ,  0.720214844 SigReg: 4.94150925
std: 1.04199219 ,  0.857421875 SigReg: 5.11144924
std: 1.22558594 ,  0.760253906 SigReg: 5.11144924
std: 1.22167969 ,  0.861328125 SigReg: 5.10554266
std: 1.28515625 ,  0.83203125 SigReg: 5.10554266
std: 1.04980469 ,  0.816894531 SigReg: 5.09034109
std: 1.109375 ,  0.822265625 SigReg: 5.09034109
std: 1.26660156 ,  0.861328125 SigReg: 5.63780403
std: 1.06835938 ,  0.830078125 SigReg: 5.63780403
std: 1.23632812 ,  0.871582031 SigReg: 4.73946142
std: 1.16210938 ,  0.814941406 SigReg: 4.73946142
std: 1.1484375 ,  0.880371094 SigReg: 4.96118975
std: 1.20898438 ,  0.826660156 SigReg: 4.96118975
std: 1.05078125 ,  0.891601562 SigReg: 4.64375734
std: 1.16308594 ,  0.764648438 SigReg: 4.64375734
std: 1.1640625 ,  0.760742188 SigReg: 5.54043531
std: 1.16503906 ,  0.811523438 SigReg: 5.54043531
std: 1.11914062 ,  0.702148438 SigReg: 5.36894703
std: 1.28027344 ,  0.719238281 SigReg: 5.36894703
std: 1.27246094 ,  0.795898438 SigReg: 5.61112452
std: 1.21484375 ,  0.802246094 SigReg: 5.61112452
std: 0.998046875 ,  0.890136719 SigReg: 6.60585165
std: 1.09179688 ,  0.821289062 SigReg: 6.60585165
std: 1.23828125 ,  0.734375 SigReg: 5.37642527
std: 1.02929688 ,  0.770996094 SigReg: 5.37642527
std: 1.25097656 ,  0.773925781 SigReg: 6.28054142
std: 1.234375 ,  0.977539062 SigReg: 6.28054142
std: 1.25488281 ,  0.841308594 SigReg: 5.31092
std: 1.14746094 ,  0.748046875 SigReg: 5.31092
std: 1.16015625 ,  0.787109375 SigReg: 4.87868214
std: 1.04296875 ,  0.737792969 SigReg: 4.87868214
std: 1.02148438 ,  0.823242188 SigReg: 3.83534718
std: 1.25683594 ,  0.919433594 SigReg: 3.83534718
std: 1.09277344 ,  0.786621094 SigReg: 4.93018818
std: 1.03417969 ,  0.874511719 SigReg: 4.93018818
std: 1.16992188 ,  0.686035156 SigReg: 5.61059189
std: 1.18066406 ,  0.879394531 SigReg: 5.61059189
std: 1.14550781 ,  0.816894531 SigReg: 5.28428125
std: 1.12011719 ,  0.919921875 SigReg: 5.28428125
std: 1.26660156 ,  0.838378906 SigReg: 5.33335733
std: 1.11230469 ,  0.86328125 SigReg: 5.33335733
std: 1.2421875 ,  0.715820312 SigReg: 5.04818726
std: 1.00585938 ,  0.82421875 SigReg: 5.04818726
std: 1.18457031 ,  0.790039062 SigReg: 4.51437044
std: 1.16796875 ,  0.6640625 SigReg: 4.51437044
std: 1.24414062 ,  0.942871094 SigReg: 5.09147
std: 1.27734375 ,  0.83984375 SigReg: 5.09147
std: 1.2734375 ,  0.696289062 SigReg: 4.49057102
std: 1.13378906 ,  0.823242188 SigReg: 4.49057102
std: 1.15625 ,  0.828613281 SigReg: 5.24695778
std: 0.995117188 ,  0.818847656 SigReg: 5.24695778
std: 1.11816406 ,  0.887695312 SigReg: 5.41520119
std: 1.06835938 ,  0.823242188 SigReg: 5.41520119
std: 1.1328125 ,  0.825195312 SigReg: 4.72059059
std: 0.779785156 ,  0.812988281 SigReg: 4.72059059
std: 1.11621094 ,  0.763671875 SigReg: 4.68446684
std: 1.1875 ,  0.754394531 SigReg: 4.68446684
std: 1.02441406 ,  0.803710938 SigReg: 5.07880688
std: 1.09570312 ,  0.730957031 SigReg: 5.07880688
std: 1.109375 ,  0.796875 SigReg: 5.16851807
std: 1.21679688 ,  0.822265625 SigReg: 5.16851807
std: 1.15917969 ,  0.716796875 SigReg: 5.47284031
std: 1.00292969 ,  0.911132812 SigReg: 5.47284031
std: 1.20996094 ,  0.713378906 SigReg: 5.42431831
std: 1.20410156 ,  0.651367188 SigReg: 5.42431831
std: 1.29003906 ,  0.745117188 SigReg: 5.50976753
std: 1.02246094 ,  0.768066406 SigReg: 5.50976753
std: 0.997558594 ,  0.704101562 SigReg: 5.37026405
std: 1.20507812 ,  0.723632812 SigReg: 5.37026405
std: 0.988769531 ,  0.712890625 SigReg: 5.03664398
std: 1.04296875 ,  0.798828125 SigReg: 5.03664398
std: 1.04980469 ,  0.971191406 SigReg: 6.04374027
std: 1.0859375 ,  0.886230469 SigReg: 6.04374027
std: 1.14550781 ,  0.841796875 SigReg: 4.93779945
std: 1.01953125 ,  0.845703125 SigReg: 4.93779945
std: 1.06054688 ,  0.947753906 SigReg: 4.87523651
std: 0.935546875 ,  0.842773438 SigReg: 4.87523651
std: 1.13964844 ,  0.788574219 SigReg: 6.27155733
std: 1.17382812 ,  0.932617188 SigReg: 6.27155733
std: 1.078125 ,  0.943847656 SigReg: 5.90936327
std: 0.942382812 ,  0.881835938 SigReg: 5.90936327
std: 1.01953125 ,  0.790039062 SigReg: 4.95621872
std: 1.23828125 ,  0.887695312 SigReg: 4.95621872
std: 1.13671875 ,  0.809570312 SigReg: 5.27684593
std: 1.04199219 ,  0.783691406 SigReg: 5.27684593
std: 1.13964844 ,  0.692382812 SigReg: 4.87472343
std: 1.24316406 ,  0.822753906 SigReg: 4.87472343
std: 1.04101562 ,  0.717285156 SigReg: 5.90225792
std: 1.07226562 ,  0.766601562 SigReg: 5.90225792
  Step 250: Backbone Loss = 1.4299, SIGReg Loss = 5.9023 Probe Loss = 393.7841, Acc = 0.4608
std: 1.09375 ,  0.818359375 SigReg: 7.65564537
std: 1.15234375 ,  0.731445312 SigReg: 7.65564537
std: 1.00097656 ,  0.86328125 SigReg: 5.5710125
std: 0.983886719 ,  0.798339844 SigReg: 5.5710125
std: 1.23535156 ,  0.884277344 SigReg: 4.06073952
std: 0.91796875 ,  0.787597656 SigReg: 4.06073952
std: 1.13085938 ,  0.77734375 SigReg: 5.47418118
std: 1.10351562 ,  0.701660156 SigReg: 5.47418118
std: 1.14355469 ,  0.829101562 SigReg: 4.55600739
std: 0.94921875 ,  0.879394531 SigReg: 4.55600739
std: 1.13476562 ,  0.769042969 SigReg: 4.5504241
std: 1.11816406 ,  0.84765625 SigReg: 4.5504241
std: 1.28320312 ,  0.854492188 SigReg: 4.31121683
std: 1.14355469 ,  0.815429688 SigReg: 4.31121683
std: 1.21972656 ,  0.864257812 SigReg: 4.73007298
std: 1.24023438 ,  0.842285156 SigReg: 4.73007298
std: 1.14941406 ,  0.848632812 SigReg: 5.24939489
std: 1.12304688 ,  0.768554688 SigReg: 5.24939489
std: 1.20117188 ,  0.87109375 SigReg: 5.31073618
std: 1.20410156 ,  0.812988281 SigReg: 5.31073618
std: 0.990234375 ,  0.742675781 SigReg: 5.34331608
std: 1.0703125 ,  0.787109375 SigReg: 5.34331608
std: 1.06054688 ,  0.812011719 SigReg: 5.29489
std: 1.12402344 ,  0.762695312 SigReg: 5.29489
std: 1.16210938 ,  0.748535156 SigReg: 5.31821346
std: 0.9375 ,  0.798828125 SigReg: 5.31821346
std: 1.16894531 ,  0.671386719 SigReg: 5.40847683
std: 1.19042969 ,  0.940917969 SigReg: 5.40847683
std: 1.09375 ,  0.801269531 SigReg: 5.06331062
std: 1.14160156 ,  0.901855469 SigReg: 5.06331062
std: 1.0625 ,  0.810546875 SigReg: 6.4061532
std: 1.22558594 ,  0.872558594 SigReg: 6.4061532
std: 1.18554688 ,  0.792480469 SigReg: 5.17802238
std: 1.2109375 ,  0.825683594 SigReg: 5.17802238
std: 1.12011719 ,  0.754394531 SigReg: 6.31960535
std: 1.1796875 ,  0.814941406 SigReg: 6.31960535
std: 1.01953125 ,  0.857421875 SigReg: 6.56129265
std: 1.12207031 ,  0.795898438 SigReg: 6.56129265
std: 1.15820312 ,  0.709960938 SigReg: 5.10128784
std: 0.981933594 ,  0.85546875 SigReg: 5.10128784
std: 1.11230469 ,  0.889160156 SigReg: 5.50095034
std: 0.948242188 ,  0.874511719 SigReg: 5.50095034
std: 1.18359375 ,  0.884277344 SigReg: 4.73352623
std: 1.09570312 ,  0.861328125 SigReg: 4.73352623
std: 1.00585938 ,  0.817382812 SigReg: 5.66957808
std: 1.06445312 ,  0.763183594 SigReg: 5.66957808
std: 1.29980469 ,  0.78515625 SigReg: 5.42937946
std: 1.01757812 ,  0.88671875 SigReg: 5.42937946
std: 1.21191406 ,  0.842285156 SigReg: 5.01573563
std: 1.17089844 ,  0.822753906 SigReg: 5.01573563
std: 1.22070312 ,  0.755859375 SigReg: 5.33444
std: 1.09570312 ,  0.779785156 SigReg: 5.33444
std: 1.21289062 ,  0.890136719 SigReg: 4.72437572
std: 1.30566406 ,  0.82421875 SigReg: 4.72437572
std: 1.03613281 ,  0.722167969 SigReg: 4.781528
std: 1.30664062 ,  0.825683594 SigReg: 4.781528
std: 1.18164062 ,  0.907714844 SigReg: 5.57171631
std: 1.02050781 ,  0.753417969 SigReg: 5.57171631
std: 1.05957031 ,  0.849121094 SigReg: 6.6102128
std: 1.14257812 ,  0.878417969 SigReg: 6.6102128
std: 1.07324219 ,  0.969726562 SigReg: 6.23492384
std: 1.04101562 ,  0.728027344 SigReg: 6.23492384
std: 0.982910156 ,  0.711914062 SigReg: 5.80287457
std: 1.14160156 ,  0.893554688 SigReg: 5.80287457
std: 1.24707031 ,  0.754882812 SigReg: 6.35166359
std: 1.21582031 ,  0.725097656 SigReg: 6.35166359
std: 1.14355469 ,  0.727050781 SigReg: 5.99793
std: 1.10546875 ,  0.931152344 SigReg: 5.99793
std: 0.949707031 ,  0.836914062 SigReg: 5.96846676
std: 1.11816406 ,  0.800292969 SigReg: 5.96846676
std: 1.03417969 ,  0.84765625 SigReg: 5.3985076
std: 1.34375 ,  0.759765625 SigReg: 5.3985076
std: 1.33398438 ,  0.939453125 SigReg: 6.41609478
std: 1.1171875 ,  0.846191406 SigReg: 6.41609478
std: 1.01464844 ,  0.803222656 SigReg: 7.34894562
std: 1.17480469 ,  0.715332031 SigReg: 7.34894562
std: 1.24804688 ,  0.827148438 SigReg: 6.63778496
std: 1.28613281 ,  0.81640625 SigReg: 6.63778496
std: 1.08886719 ,  0.771972656 SigReg: 5.40945
std: 1.09667969 ,  0.833496094 SigReg: 5.40945
std: 1.13867188 ,  0.789550781 SigReg: 6.3471
std: 1.09960938 ,  0.751464844 SigReg: 6.3471
std: 1.30664062 ,  0.922851562 SigReg: 5.55640507
std: 1.31640625 ,  0.773925781 SigReg: 5.55640507
std: 1.12011719 ,  0.731933594 SigReg: 5.80032444
std: 1.29199219 ,  0.9296875 SigReg: 5.80032444
std: 1.25390625 ,  0.821289062 SigReg: 5.7699604
std: 1.13964844 ,  0.729492188 SigReg: 5.7699604
std: 1.05957031 ,  0.758300781 SigReg: 6.59085083
std: 1.04492188 ,  0.86328125 SigReg: 6.59085083
std: 1.20507812 ,  0.931152344 SigReg: 6.14952707
std: 1.2109375 ,  0.749023438 SigReg: 6.14952707
std: 1.15722656 ,  0.762695312 SigReg: 5.72073078
std: 1.18359375 ,  0.715820312 SigReg: 5.72073078
std: 1.03808594 ,  0.836914062 SigReg: 6.84243631
std: 1.05175781 ,  0.747558594 SigReg: 6.84243631
std: 1.13476562 ,  0.784179688 SigReg: 5.43589878
std: 1.17089844 ,  0.803710938 SigReg: 5.43589878
std: 1.11621094 ,  0.829589844 SigReg: 6.63346291
std: 1.16992188 ,  0.721191406 SigReg: 6.63346291
  Step 300: Backbone Loss = 1.3584, SIGReg Loss = 6.6335 Probe Loss = 391.8474, Acc = 0.4937
std: 1.015625 ,  0.720214844 SigReg: 6.30078
std: 1.1328125 ,  0.852539062 SigReg: 6.30078
std: 1.01367188 ,  0.811035156 SigReg: 6.56572866
std: 1.01660156 ,  0.78515625 SigReg: 6.56572866
std: 1.1640625 ,  0.696777344 SigReg: 6.18917084
std: 1.11328125 ,  0.798339844 SigReg: 6.18917084
std: 0.999511719 ,  0.807128906 SigReg: 5.78456783
std: 1.19628906 ,  0.838378906 SigReg: 5.78456783
std: 1.19433594 ,  0.751464844 SigReg: 6.39111805
std: 1.24023438 ,  0.764648438 SigReg: 6.39111805
std: 1.19238281 ,  0.6796875 SigReg: 6.03857183
std: 1.16601562 ,  0.797851562 SigReg: 6.03857183
Epoch 1 finished in 354.20s.
  Avg Backbone Loss: 1.3459
  Avg Probe Loss:    395.2429
  Avg Probe Accuracy: 0.5013

Epoch 2/100
std: 1.05175781 ,  0.71484375 SigReg: 5.14956284
std: 0.957519531 ,  0.800292969 SigReg: 5.14956284
  Step 0: Backbone Loss = 1.3124, SIGReg Loss = 5.1496 Probe Loss = 390.3354, Acc = 0.4995
std: 1.26367188 ,  0.8828125 SigReg: 5.62711191
std: 1.16210938 ,  0.667480469 SigReg: 5.62711191
std: 1.00976562 ,  0.768066406 SigReg: 5.59467554
std: 1.03808594 ,  0.765136719 SigReg: 5.59467554
std: 1.05566406 ,  0.835449219 SigReg: 5.86392879
std: 1.03808594 ,  0.728027344 SigReg: 5.86392879
std: 1.15917969 ,  0.867675781 SigReg: 4.49942493
std: 1.15722656 ,  0.985351562 SigReg: 4.49942493
std: 1.07519531 ,  0.756835938 SigReg: 5.94450188
std: 0.997558594 ,  0.793945312 SigReg: 5.94450188
std: 1.06933594 ,  0.877441406 SigReg: 5.76923227
std: 1.29785156 ,  0.858398438 SigReg: 5.76923227
std: 1.23046875 ,  0.799804688 SigReg: 5.56560135
std: 1.15429688 ,  0.795898438 SigReg: 5.56560135
std: 1.16113281 ,  0.7265625 SigReg: 5.57935619
std: 1.19921875 ,  0.825683594 SigReg: 5.57935619
std: 1.06347656 ,  0.674804688 SigReg: 5.19893265
std: 1.125 ,  0.866210938 SigReg: 5.19893265
std: 1.09667969 ,  0.946777344 SigReg: 6.18916798
std: 1.10253906 ,  0.812988281 SigReg: 6.18916798
std: 1.375 ,  0.878417969 SigReg: 5.12996292
std: 1.08984375 ,  0.759277344 SigReg: 5.12996292
std: 1.07519531 ,  0.80078125 SigReg: 5.27480268
std: 1.17285156 ,  0.849121094 SigReg: 5.27480268
std: 0.860351562 ,  0.927734375 SigReg: 6.31665039
std: 1.08984375 ,  0.806640625 SigReg: 6.31665039
std: 1.09570312 ,  0.840332031 SigReg: 5.46551228
std: 0.907226562 ,  0.89453125 SigReg: 5.46551228
std: 1.0234375 ,  0.665527344 SigReg: 5.21287537
std: 1.04492188 ,  0.824707031 SigReg: 5.21287537
std: 1.12890625 ,  0.931640625 SigReg: 5.16376543
std: 1.27246094 ,  0.604980469 SigReg: 5.16376543
std: 1.08984375 ,  0.806640625 SigReg: 5.29956675
std: 1.11230469 ,  0.811035156 SigReg: 5.29956675
std: 1.14648438 ,  0.736328125 SigReg: 5.66754103
std: 1.19824219 ,  0.774414062 SigReg: 5.66754103
std: 1.02929688 ,  0.867675781 SigReg: 5.68771696
std: 1.05957031 ,  0.817382812 SigReg: 5.68771696
std: 0.998046875 ,  0.796875 SigReg: 5.45595884
std: 1.19042969 ,  0.853027344 SigReg: 5.45595884
std: 1.10351562 ,  0.827148438 SigReg: 6.08131933
std: 1.15136719 ,  0.724609375 SigReg: 6.08131933
std: 1.18457031 ,  0.824707031 SigReg: 4.93184853
std: 1.1796875 ,  0.796386719 SigReg: 4.93184853
std: 1.08984375 ,  0.797363281 SigReg: 5.39842796
std: 0.970214844 ,  0.844238281 SigReg: 5.39842796
std: 1.00292969 ,  0.7578125 SigReg: 5.10718536
std: 1.1953125 ,  0.809082031 SigReg: 5.10718536
std: 1.26269531 ,  0.694335938 SigReg: 4.72984648
std: 1.32910156 ,  0.822753906 SigReg: 4.72984648
std: 1.05761719 ,  0.73828125 SigReg: 4.75543499
std: 1.12792969 ,  0.868164062 SigReg: 4.75543499
std: 1.07226562 ,  0.854492188 SigReg: 5.38121653
std: 1.03808594 ,  0.944335938 SigReg: 5.38121653
std: 1.15332031 ,  0.704589844 SigReg: 5.50869274
std: 1.13964844 ,  0.72265625 SigReg: 5.50869274
std: 1.05566406 ,  0.84765625 SigReg: 4.56486225
std: 1.1796875 ,  0.632324219 SigReg: 4.56486225
std: 1.08398438 ,  0.647949219 SigReg: 5.16564941
std: 1.11230469 ,  0.896484375 SigReg: 5.16564941
std: 1.05664062 ,  0.864257812 SigReg: 4.3497715
std: 1.07714844 ,  0.786132812 SigReg: 4.3497715
std: 0.942382812 ,  0.745117188 SigReg: 5.58765078
std: 1.0546875 ,  0.92578125 SigReg: 5.58765078
std: 1.15722656 ,  0.752441406 SigReg: 6.09679222
std: 1.09863281 ,  0.655761719 SigReg: 6.09679222
std: 1.28320312 ,  0.791992188 SigReg: 4.61240482
std: 1.16210938 ,  0.822265625 SigReg: 4.61240482
std: 1.2109375 ,  0.791015625 SigReg: 5.51986551
std: 1.06054688 ,  0.725097656 SigReg: 5.51986551
std: 1.16210938 ,  0.71875 SigReg: 4.23670149
std: 1.06933594 ,  0.697265625 SigReg: 4.23670149
std: 1.28125 ,  0.747070312 SigReg: 5.23334169
std: 1.08496094 ,  0.783691406 SigReg: 5.23334169
std: 1.06445312 ,  0.816894531 SigReg: 5.45018482
std: 1.1484375 ,  0.915039062 SigReg: 5.45018482
std: 1.08398438 ,  0.798339844 SigReg: 5.63020325
std: 1.23144531 ,  0.762695312 SigReg: 5.63020325
std: 1.14453125 ,  0.780273438 SigReg: 6.57099915
std: 1.12402344 ,  0.722167969 SigReg: 6.57099915
std: 1.08007812 ,  0.871582031 SigReg: 5.10682583
std: 1.02734375 ,  0.922363281 SigReg: 5.10682583
std: 1.2734375 ,  0.849609375 SigReg: 5.44589901
std: 1.15136719 ,  0.945800781 SigReg: 5.44589901
std: 1.06152344 ,  0.753417969 SigReg: 4.04938
std: 1.03320312 ,  0.866210938 SigReg: 4.04938
std: 1.06152344 ,  0.701171875 SigReg: 4.81549883
std: 1.26171875 ,  0.700683594 SigReg: 4.81549883
std: 1.08886719 ,  0.729980469 SigReg: 4.52578068
std: 0.952148438 ,  0.845214844 SigReg: 4.52578068
std: 1.29785156 ,  0.774902344 SigReg: 5.04428959
std: 1.16894531 ,  0.942382812 SigReg: 5.04428959
std: 1.11425781 ,  0.866699219 SigReg: 5.36431503
std: 1.12597656 ,  0.844238281 SigReg: 5.36431503
std: 1.00976562 ,  0.787597656 SigReg: 5.24121523
std: 1.15625 ,  0.885742188 SigReg: 5.24121523
std: 1.16992188 ,  0.801757812 SigReg: 6.28062248
std: 0.88671875 ,  0.862304688 SigReg: 6.28062248
std: 1.20703125 ,  0.739746094 SigReg: 5.5039134
std: 1.09375 ,  0.874023438 SigReg: 5.5039134
  Step 50: Backbone Loss = 1.3605, SIGReg Loss = 5.5039 Probe Loss = 390.2296, Acc = 0.5075
std: 1.03027344 ,  0.772460938 SigReg: 5.10238
std: 1.01074219 ,  0.891601562 SigReg: 5.10238
std: 1.03417969 ,  0.780273438 SigReg: 6.9889307
std: 1.08984375 ,  0.717285156 SigReg: 6.9889307
std: 1.13769531 ,  0.84375 SigReg: 5.17144394
std: 1.0703125 ,  0.852050781 SigReg: 5.17144394
std: 1.15332031 ,  0.829589844 SigReg: 5.59744072
std: 1.09863281 ,  0.829101562 SigReg: 5.59744072
std: 1.12695312 ,  1.00292969 SigReg: 5.52937508
std: 1.08691406 ,  0.872558594 SigReg: 5.52937508
std: 1.16699219 ,  0.852050781 SigReg: 5.99786329
std: 1.23632812 ,  0.965820312 SigReg: 5.99786329
std: 1.14941406 ,  0.748535156 SigReg: 5.49402571
std: 0.866210938 ,  0.867675781 SigReg: 5.49402571
std: 1.09472656 ,  0.764648438 SigReg: 6.25435829
std: 1.35351562 ,  0.860839844 SigReg: 6.25435829
std: 1.12304688 ,  0.856445312 SigReg: 6.02922297
std: 1.23828125 ,  0.670898438 SigReg: 6.02922297
std: 1.04492188 ,  0.762695312 SigReg: 6.87115479
std: 1.17675781 ,  0.8125 SigReg: 6.87115479
std: 1.13476562 ,  0.805175781 SigReg: 6.99614716
std: 1.125 ,  0.77734375 SigReg: 6.99614716
std: 0.989257812 ,  0.780761719 SigReg: 5.280406
std: 1.05957031 ,  0.740722656 SigReg: 5.280406
std: 1.13964844 ,  0.922363281 SigReg: 7.06853628
std: 1.20214844 ,  0.705566406 SigReg: 7.06853628
std: 0.905273438 ,  0.885253906 SigReg: 6.28166533
std: 1.09375 ,  0.869140625 SigReg: 6.28166533
std: 1.10253906 ,  0.83203125 SigReg: 6.11591721
std: 1.16992188 ,  0.832519531 SigReg: 6.11591721
std: 1.04785156 ,  0.788574219 SigReg: 5.21060896
std: 1.16503906 ,  0.591796875 SigReg: 5.21060896
std: 1.11328125 ,  0.729980469 SigReg: 5.81656933
std: 1.12597656 ,  1.00097656 SigReg: 5.81656933
std: 1.13867188 ,  0.805175781 SigReg: 4.90874434
std: 1.15136719 ,  0.860839844 SigReg: 4.90874434
std: 0.992675781 ,  0.909179688 SigReg: 5.96396208
std: 1.02050781 ,  0.869140625 SigReg: 5.96396208
std: 1.23144531 ,  0.801757812 SigReg: 5.09419966
std: 1.16699219 ,  0.856445312 SigReg: 5.09419966
std: 1.10644531 ,  0.678710938 SigReg: 5.9437027
std: 1.15820312 ,  0.848144531 SigReg: 5.9437027
std: 1.19824219 ,  0.728515625 SigReg: 5.37440586
std: 1.04492188 ,  0.788574219 SigReg: 5.37440586
std: 1.1953125 ,  0.948730469 SigReg: 5.10961199
std: 0.958007812 ,  0.742675781 SigReg: 5.10961199
std: 1.13085938 ,  0.983886719 SigReg: 5.01926661
std: 1.26855469 ,  0.866699219 SigReg: 5.01926661
std: 1.30371094 ,  0.776855469 SigReg: 5.44762325
std: 1.17382812 ,  0.85546875 SigReg: 5.44762325
std: 1.19140625 ,  0.736328125 SigReg: 6.17634296
std: 1.13671875 ,  0.85546875 SigReg: 6.17634296
std: 1.18652344 ,  0.827636719 SigReg: 5.14374447
std: 1.07324219 ,  0.801757812 SigReg: 5.14374447
std: 1.15429688 ,  0.771972656 SigReg: 5.2343092
std: 1.13183594 ,  0.6640625 SigReg: 5.2343092
std: 1.06542969 ,  0.770996094 SigReg: 5.35974884
std: 1.15039062 ,  0.863769531 SigReg: 5.35974884
std: 1.01757812 ,  0.862792969 SigReg: 5.04714918
std: 1.22460938 ,  0.89453125 SigReg: 5.04714918
std: 1.22460938 ,  0.918457031 SigReg: 5.47716856
std: 1.16601562 ,  0.768554688 SigReg: 5.47716856
std: 1.17089844 ,  0.851074219 SigReg: 5.82281
std: 1.08789062 ,  0.850585938 SigReg: 5.82281
std: 1.18945312 ,  0.833007812 SigReg: 5.3012085
std: 1.09082031 ,  0.830078125 SigReg: 5.3012085
std: 1.17285156 ,  0.79296875 SigReg: 5.61144733
std: 1.18066406 ,  0.803710938 SigReg: 5.61144733
std: 1.08789062 ,  0.780273438 SigReg: 5.43737173
std: 1.15722656 ,  0.959960938 SigReg: 5.43737173
std: 1.29296875 ,  0.812011719 SigReg: 5.1881814
std: 1.18457031 ,  0.862792969 SigReg: 5.1881814
std: 1.12988281 ,  0.791015625 SigReg: 5.61765432
std: 1.07910156 ,  0.781738281 SigReg: 5.61765432
std: 1.10351562 ,  0.796875 SigReg: 5.50674772
std: 1.02441406 ,  0.776367188 SigReg: 5.50674772
std: 1.15527344 ,  0.744140625 SigReg: 4.52848673
std: 1.19824219 ,  0.883789062 SigReg: 4.52848673
std: 1.22363281 ,  0.654785156 SigReg: 4.97934055
std: 1.14648438 ,  0.845703125 SigReg: 4.97934055
std: 1.26757812 ,  0.728027344 SigReg: 5.1368947
std: 1.125 ,  0.854980469 SigReg: 5.1368947
std: 1.0234375 ,  0.831542969 SigReg: 4.67795038
std: 1.2734375 ,  0.807617188 SigReg: 4.67795038
std: 1.16503906 ,  0.858398438 SigReg: 4.90288
std: 1.18554688 ,  0.836914062 SigReg: 4.90288
std: 1.05371094 ,  0.62890625 SigReg: 5.20310497
std: 1.04785156 ,  0.858886719 SigReg: 5.20310497
std: 1.2578125 ,  0.776367188 SigReg: 5.3949275
std: 1.26855469 ,  0.842285156 SigReg: 5.3949275
std: 1.1171875 ,  0.897949219 SigReg: 5.38849926
std: 1.18164062 ,  0.701171875 SigReg: 5.38849926
std: 1.22949219 ,  0.826660156 SigReg: 5.68821669
std: 0.969726562 ,  0.676269531 SigReg: 5.68821669
std: 1.18554688 ,  0.862304688 SigReg: 5.7407732
std: 1.15625 ,  0.762207031 SigReg: 5.7407732
std: 0.938476562 ,  0.742675781 SigReg: 5.46584463
std: 1.24414062 ,  0.811035156 SigReg: 5.46584463
std: 1.19921875 ,  0.756835938 SigReg: 5.109797
std: 1.140625 ,  0.884277344 SigReg: 5.109797
  Step 100: Backbone Loss = 1.3014, SIGReg Loss = 5.1098 Probe Loss = 389.7026, Acc = 0.4962
std: 1.20019531 ,  0.844726562 SigReg: 4.97454405
std: 1.21972656 ,  0.796875 SigReg: 4.97454405
std: 1.14941406 ,  0.9375 SigReg: 5.44760895
std: 1.00976562 ,  0.913085938 SigReg: 5.44760895
std: 1.13085938 ,  0.784179688 SigReg: 5.10913
std: 1.05761719 ,  0.841796875 SigReg: 5.10913
std: 1.12109375 ,  0.866699219 SigReg: 4.46237135
std: 1.10839844 ,  0.87890625 SigReg: 4.46237135
std: 1.01757812 ,  0.705078125 SigReg: 4.64851332
std: 1.12304688 ,  0.7890625 SigReg: 4.64851332
std: 1.14160156 ,  0.86328125 SigReg: 4.7298193
std: 1.21875 ,  0.739257812 SigReg: 4.7298193
std: 1.12890625 ,  0.860351562 SigReg: 5.35645
std: 1.36230469 ,  0.816894531 SigReg: 5.35645
std: 1.00488281 ,  0.76171875 SigReg: 4.95970058
std: 0.990722656 ,  0.659667969 SigReg: 4.95970058
std: 1.20507812 ,  0.833984375 SigReg: 4.67323923
std: 1.14941406 ,  0.864746094 SigReg: 4.67323923
std: 1.21191406 ,  0.772949219 SigReg: 6.10838413
std: 1.296875 ,  0.941894531 SigReg: 6.10838413
std: 1.04785156 ,  0.760253906 SigReg: 5.38389254
std: 1.04199219 ,  0.792480469 SigReg: 5.38389254
std: 1.20019531 ,  0.786132812 SigReg: 4.90129614
std: 1.12695312 ,  0.85546875 SigReg: 4.90129614
std: 1.04394531 ,  1.03320312 SigReg: 5.01645756
std: 1.27832031 ,  0.880371094 SigReg: 5.01645756
std: 1.1796875 ,  0.956542969 SigReg: 4.83348179
std: 1.13867188 ,  0.662597656 SigReg: 4.83348179
std: 1.38476562 ,  0.681640625 SigReg: 5.12726784
std: 1.20019531 ,  0.785644531 SigReg: 5.12726784
std: 1.02539062 ,  0.834960938 SigReg: 4.83321953
std: 1.1328125 ,  0.825683594 SigReg: 4.83321953
std: 1.01074219 ,  0.832519531 SigReg: 5.5437355
std: 1.31152344 ,  0.845214844 SigReg: 5.5437355
std: 1.06445312 ,  0.890625 SigReg: 4.60950756
std: 1.02734375 ,  0.62890625 SigReg: 4.60950756
std: 1.11230469 ,  0.912597656 SigReg: 5.75560284
std: 1.30371094 ,  0.747558594 SigReg: 5.75560284
std: 1.33007812 ,  0.955078125 SigReg: 5.15655708
std: 1.19238281 ,  0.723144531 SigReg: 5.15655708
std: 1.29296875 ,  0.803222656 SigReg: 5.41107
std: 1.35058594 ,  0.804199219 SigReg: 5.41107
std: 1.28613281 ,  0.799316406 SigReg: 5.21249199
std: 1.25292969 ,  0.927734375 SigReg: 5.21249199
std: 1.20117188 ,  0.746582031 SigReg: 5.15862751
std: 1.16308594 ,  0.836425781 SigReg: 5.15862751
std: 1.07128906 ,  0.83203125 SigReg: 4.80756617
std: 1.20703125 ,  0.785644531 SigReg: 4.80756617
std: 1.23925781 ,  0.73828125 SigReg: 5.2441206
std: 1.07421875 ,  0.989746094 SigReg: 5.2441206
std: 1.16210938 ,  0.800292969 SigReg: 5.84352
std: 1.10253906 ,  0.914550781 SigReg: 5.84352
std: 1.18554688 ,  0.895507812 SigReg: 5.72033644
std: 1.15234375 ,  0.9296875 SigReg: 5.72033644
std: 1.14648438 ,  0.696289062 SigReg: 5.47051716
std: 1.07226562 ,  0.814453125 SigReg: 5.47051716
std: 1.15917969 ,  0.916503906 SigReg: 5.05740738
std: 1.21679688 ,  0.93359375 SigReg: 5.05740738
std: 1.16796875 ,  0.823242188 SigReg: 5.66255808
std: 1.36425781 ,  0.810058594 SigReg: 5.66255808
std: 1.23828125 ,  0.828125 SigReg: 5.50300837
std: 1.22753906 ,  0.818847656 SigReg: 5.50300837
std: 1.35058594 ,  0.794433594 SigReg: 5.48412514
std: 1.30761719 ,  0.907714844 SigReg: 5.48412514
std: 1.25 ,  0.905761719 SigReg: 5.09854698
std: 1.22460938 ,  0.880371094 SigReg: 5.09854698
std: 1.44433594 ,  0.884277344 SigReg: 4.85190392
std: 1.1953125 ,  0.918945312 SigReg: 4.85190392
std: 1.26367188 ,  0.983886719 SigReg: 5.71177673
std: 1.1328125 ,  0.793945312 SigReg: 5.71177673
std: 1.26660156 ,  0.803222656 SigReg: 6.61162472
std: 1.10058594 ,  0.924804688 SigReg: 6.61162472
std: 1.1796875 ,  0.820800781 SigReg: 6.77665329
std: 1.31835938 ,  0.727050781 SigReg: 6.77665329
std: 0.9765625 ,  0.803222656 SigReg: 6.1894
std: 1.23828125 ,  0.841308594 SigReg: 6.1894
std: 1.21777344 ,  0.749511719 SigReg: 6.05146742
std: 1.11035156 ,  0.986328125 SigReg: 6.05146742
std: 1.30371094 ,  0.69140625 SigReg: 5.94751883
std: 1.23925781 ,  0.737792969 SigReg: 5.94751883
std: 1.38378906 ,  0.818359375 SigReg: 5.36139679
std: 1.3203125 ,  0.895996094 SigReg: 5.36139679
std: 1.15625 ,  0.836914062 SigReg: 4.49870777
std: 1.14453125 ,  0.842285156 SigReg: 4.49870777
std: 1.39550781 ,  0.7578125 SigReg: 5.73042345
std: 1.28320312 ,  0.857421875 SigReg: 5.73042345
std: 1.31835938 ,  0.899414062 SigReg: 5.59732437
std: 1.27734375 ,  0.993164062 SigReg: 5.59732437
std: 1.16015625 ,  0.779296875 SigReg: 6.25100088
std: 1.01855469 ,  0.722167969 SigReg: 6.25100088
std: 1.42578125 ,  0.80859375 SigReg: 5.9486351
std: 1.15429688 ,  0.966308594 SigReg: 5.9486351
std: 1.24609375 ,  0.898925781 SigReg: 5.57768965
std: 1.20117188 ,  0.794433594 SigReg: 5.57768965
std: 1.14941406 ,  0.846191406 SigReg: 5.48104668
std: 1.29199219 ,  0.781738281 SigReg: 5.48104668
std: 1.16796875 ,  0.809082031 SigReg: 5.57420111
std: 1.22363281 ,  0.793457031 SigReg: 5.57420111
std: 1.23925781 ,  0.803710938 SigReg: 5.23961544
std: 1.24609375 ,  0.841796875 SigReg: 5.23961544
  Step 150: Backbone Loss = 1.3581, SIGReg Loss = 5.2396 Probe Loss = 388.5580, Acc = 0.5213
std: 1.14941406 ,  0.731933594 SigReg: 5.46519
std: 1.14355469 ,  0.809570312 SigReg: 5.46519
std: 1.30664062 ,  0.879882812 SigReg: 6.12109852
std: 1.00097656 ,  0.776367188 SigReg: 6.12109852
std: 1.13769531 ,  0.814453125 SigReg: 5.22799492
std: 1.16210938 ,  0.924804688 SigReg: 5.22799492
std: 1.24609375 ,  0.794433594 SigReg: 5.10513544
std: 1.12597656 ,  0.884277344 SigReg: 5.10513544
std: 1.07714844 ,  0.826660156 SigReg: 5.69797087
std: 0.973144531 ,  0.835449219 SigReg: 5.69797087
std: 1.32226562 ,  0.873535156 SigReg: 4.95058775
std: 1.25878906 ,  0.762695312 SigReg: 4.95058775
std: 1.30175781 ,  0.782714844 SigReg: 4.68955374
std: 1.05761719 ,  0.836914062 SigReg: 4.68955374
std: 1.1640625 ,  0.852050781 SigReg: 4.94271469
std: 1.12109375 ,  0.641113281 SigReg: 4.94271469
std: 1.11132812 ,  0.685058594 SigReg: 5.24738312
std: 1.19238281 ,  0.728515625 SigReg: 5.24738312
std: 1.25195312 ,  0.697753906 SigReg: 5.52399445
std: 1.24609375 ,  0.724609375 SigReg: 5.52399445
std: 1.30273438 ,  0.859375 SigReg: 4.6629343
std: 1.22070312 ,  0.785644531 SigReg: 4.6629343
std: 1.10839844 ,  0.795898438 SigReg: 6.56479454
std: 1.1953125 ,  0.680664062 SigReg: 6.56479454
std: 1.30957031 ,  0.734375 SigReg: 5.45176125
std: 1.15429688 ,  0.821777344 SigReg: 5.45176125
std: 1.30957031 ,  0.942871094 SigReg: 6.05311394
std: 1.13476562 ,  0.737792969 SigReg: 6.05311394
std: 1.38867188 ,  0.8828125 SigReg: 6.6570797
std: 1.20996094 ,  0.82421875 SigReg: 6.6570797
std: 1.2265625 ,  0.810546875 SigReg: 5.7089
std: 1.23730469 ,  1.02636719 SigReg: 5.7089
std: 1.20117188 ,  0.864746094 SigReg: 5.96973848
std: 1.2265625 ,  0.790527344 SigReg: 5.96973848
std: 1.11425781 ,  0.841796875 SigReg: 5.76420498
std: 1.27441406 ,  0.845703125 SigReg: 5.76420498
std: 1.39648438 ,  0.935058594 SigReg: 6.18355227
std: 1.40625 ,  1.00292969 SigReg: 6.18355227
std: 1.34960938 ,  0.760742188 SigReg: 5.52824688
std: 1.42285156 ,  0.759765625 SigReg: 5.52824688
std: 1.20214844 ,  0.912109375 SigReg: 6.4361043
std: 1.20214844 ,  0.845703125 SigReg: 6.4361043
std: 1.19726562 ,  0.904296875 SigReg: 5.68958044
std: 1.171875 ,  0.859863281 SigReg: 5.68958044
std: 1.19921875 ,  0.84765625 SigReg: 4.63514137
std: 1.32910156 ,  0.811523438 SigReg: 4.63514137
std: 1.32226562 ,  0.895996094 SigReg: 5.14881849
std: 1.22460938 ,  0.918457031 SigReg: 5.14881849
std: 1.38378906 ,  0.844238281 SigReg: 4.48409033
std: 1.47949219 ,  0.800292969 SigReg: 4.48409033
std: 1.45703125 ,  0.929199219 SigReg: 4.97478914
std: 1.24902344 ,  0.771972656 SigReg: 4.97478914
std: 1.44335938 ,  0.857421875 SigReg: 5.65788174
std: 1.30761719 ,  0.844238281 SigReg: 5.65788174
std: 1.32226562 ,  0.861328125 SigReg: 4.58461857
std: 1.21875 ,  0.866699219 SigReg: 4.58461857
std: 1.31738281 ,  0.658203125 SigReg: 5.11085224
std: 1.41796875 ,  0.863769531 SigReg: 5.11085224
std: 1.07128906 ,  0.858398438 SigReg: 5.00688
std: 1.45214844 ,  0.782226562 SigReg: 5.00688
std: 1.14550781 ,  0.788574219 SigReg: 6.60329247
std: 1.17285156 ,  0.825195312 SigReg: 6.60329247
std: 1.12402344 ,  0.884277344 SigReg: 4.84573
std: 1.265625 ,  0.897949219 SigReg: 4.84573
std: 1.20019531 ,  0.65625 SigReg: 5.02496624
std: 1.4375 ,  0.893554688 SigReg: 5.02496624
std: 1.23242188 ,  0.770996094 SigReg: 4.66713953
std: 1.13476562 ,  0.900878906 SigReg: 4.66713953
std: 1.16992188 ,  0.748535156 SigReg: 5.46871138
std: 1.3125 ,  0.745605469 SigReg: 5.46871138
std: 1.5234375 ,  0.957519531 SigReg: 5.56959534
std: 1.06835938 ,  0.706542969 SigReg: 5.56959534
std: 1.22167969 ,  0.841308594 SigReg: 4.96023369
std: 1.52148438 ,  0.842773438 SigReg: 4.96023369
std: 1.19921875 ,  0.880859375 SigReg: 5.86028862
std: 1.27832031 ,  0.798339844 SigReg: 5.86028862
std: 1.33691406 ,  0.964355469 SigReg: 5.12697172
std: 1.4375 ,  0.803222656 SigReg: 5.12697172
std: 1.390625 ,  0.787597656 SigReg: 5.41442633
std: 1.2578125 ,  0.829101562 SigReg: 5.41442633
std: 1.40234375 ,  0.822753906 SigReg: 5.36528444
std: 1.20996094 ,  0.783691406 SigReg: 5.36528444
std: 1.33789062 ,  0.844238281 SigReg: 4.9346447
std: 1.3203125 ,  0.943359375 SigReg: 4.9346447
std: 1.14648438 ,  0.897949219 SigReg: 4.85156918
std: 1.15820312 ,  0.911132812 SigReg: 4.85156918
std: 1.36230469 ,  0.886230469 SigReg: 5.55188799
std: 1.24511719 ,  0.793457031 SigReg: 5.55188799
std: 1.33496094 ,  0.844726562 SigReg: 5.76814175
std: 1.1015625 ,  0.766601562 SigReg: 5.76814175
std: 1.296875 ,  0.916503906 SigReg: 5.38716745
std: 1.23242188 ,  0.776367188 SigReg: 5.38716745
std: 1.23535156 ,  0.915527344 SigReg: 5.41164207
std: 1.33886719 ,  0.697753906 SigReg: 5.41164207
std: 1.34082031 ,  0.876464844 SigReg: 4.79209518
std: 1.24121094 ,  0.916503906 SigReg: 4.79209518
std: 1.26269531 ,  0.930175781 SigReg: 5.39590311
std: 1.29980469 ,  0.733886719 SigReg: 5.39590311
std: 1.37695312 ,  0.949707031 SigReg: 5.32143736
std: 1.4296875 ,  0.987304688 SigReg: 5.32143736
  Step 200: Backbone Loss = 1.3711, SIGReg Loss = 5.3214 Probe Loss = 386.8741, Acc = 0.5080
std: 1.31835938 ,  0.9765625 SigReg: 4.76121902
std: 1.31738281 ,  0.69140625 SigReg: 4.76121902
std: 1.41308594 ,  0.876464844 SigReg: 5.60973835
std: 1.38574219 ,  0.885742188 SigReg: 5.60973835
std: 1.26855469 ,  0.812988281 SigReg: 4.98271465
std: 1.35449219 ,  0.858886719 SigReg: 4.98271465
std: 0.998535156 ,  0.866699219 SigReg: 4.97227621
std: 1.25 ,  0.788574219 SigReg: 4.97227621
std: 1.24902344 ,  0.8828125 SigReg: 6.11201477
std: 1.20507812 ,  0.979492188 SigReg: 6.11201477
std: 1.27050781 ,  0.760742188 SigReg: 4.69010258
std: 1.23535156 ,  0.914550781 SigReg: 4.69010258
std: 1.05859375 ,  0.757324219 SigReg: 6.002707
std: 1.23535156 ,  0.891113281 SigReg: 6.002707
std: 1.359375 ,  0.915527344 SigReg: 5.6157074
std: 1.31933594 ,  0.901855469 SigReg: 5.6157074
std: 1.15917969 ,  0.846679688 SigReg: 4.9757328
std: 1.18359375 ,  0.899902344 SigReg: 4.9757328
std: 1.15136719 ,  0.872558594 SigReg: 5.73461
std: 1.24804688 ,  0.935546875 SigReg: 5.73461
std: 1.23339844 ,  0.792480469 SigReg: 4.49512863
std: 1.15625 ,  0.88671875 SigReg: 4.49512863
std: 1.31738281 ,  0.735351562 SigReg: 5.19525528
std: 1.38867188 ,  0.939453125 SigReg: 5.19525528
std: 1.04882812 ,  0.876464844 SigReg: 4.92992163
std: 1.45605469 ,  0.926269531 SigReg: 4.92992163
std: 1.08398438 ,  0.830566406 SigReg: 4.75507975
std: 1.22851562 ,  0.808105469 SigReg: 4.75507975
std: 1.296875 ,  0.88671875 SigReg: 5.24267
std: 1.39453125 ,  0.911132812 SigReg: 5.24267
std: 1.52246094 ,  0.860839844 SigReg: 5.19814491
std: 1.36132812 ,  0.90625 SigReg: 5.19814491
std: 1.28320312 ,  0.875 SigReg: 5.34274578
std: 1.30175781 ,  0.766113281 SigReg: 5.34274578
std: 1.37792969 ,  0.946289062 SigReg: 5.2043972
std: 1.27246094 ,  0.927734375 SigReg: 5.2043972
std: 1.19042969 ,  0.907226562 SigReg: 4.68088484
std: 1.16113281 ,  0.925292969 SigReg: 4.68088484
std: 1.31835938 ,  0.873046875 SigReg: 5.6237669
std: 1.45605469 ,  0.701171875 SigReg: 5.6237669
std: 1.20507812 ,  0.947753906 SigReg: 5.42707443
std: 1.04785156 ,  0.867675781 SigReg: 5.42707443
std: 1.24316406 ,  0.892578125 SigReg: 4.49655247
std: 1.23632812 ,  0.923339844 SigReg: 4.49655247
std: 1.14648438 ,  0.883300781 SigReg: 5.40388107
std: 1.38769531 ,  0.735351562 SigReg: 5.40388107
std: 1.2890625 ,  0.920898438 SigReg: 5.24635601
std: 1.34960938 ,  0.903808594 SigReg: 5.24635601
std: 1.22265625 ,  0.810546875 SigReg: 5.33914471
std: 1.20507812 ,  1.015625 SigReg: 5.33914471
std: 1.33203125 ,  0.823730469 SigReg: 5.37965202
std: 1.32910156 ,  1.0390625 SigReg: 5.37965202
std: 1.42773438 ,  0.850585938 SigReg: 5.32471371
std: 1.21875 ,  0.803222656 SigReg: 5.32471371
std: 1.08203125 ,  0.892578125 SigReg: 4.82027721
std: 1.26074219 ,  0.820800781 SigReg: 4.82027721
std: 1.33984375 ,  0.686523438 SigReg: 5.04271173
std: 1.26074219 ,  0.872070312 SigReg: 5.04271173
std: 1.16992188 ,  0.857421875 SigReg: 4.8169117
std: 1.18164062 ,  0.777832031 SigReg: 4.8169117
std: 1.44824219 ,  0.966308594 SigReg: 5.16574192
std: 1.296875 ,  0.775390625 SigReg: 5.16574192
std: 1.16601562 ,  0.936523438 SigReg: 4.89448547
std: 1.50976562 ,  0.758300781 SigReg: 4.89448547
std: 1.20019531 ,  0.844726562 SigReg: 5.38220119
std: 1.31933594 ,  0.915527344 SigReg: 5.38220119
std: 1.31542969 ,  0.820800781 SigReg: 5.40141058
std: 1.31347656 ,  0.784179688 SigReg: 5.40141058
std: 1.1875 ,  0.912597656 SigReg: 5.38133097
std: 1.11035156 ,  0.946289062 SigReg: 5.38133097
std: 1.25488281 ,  0.708984375 SigReg: 5.19009972
std: 1.359375 ,  0.774902344 SigReg: 5.19009972
std: 1.17382812 ,  0.716308594 SigReg: 6.34779215
std: 1.44726562 ,  0.877929688 SigReg: 6.34779215
std: 1.29101562 ,  0.796386719 SigReg: 4.99198675
std: 1.18164062 ,  0.900390625 SigReg: 4.99198675
std: 1.21972656 ,  0.717773438 SigReg: 6.45586872
std: 1.32519531 ,  0.862792969 SigReg: 6.45586872
std: 1.13964844 ,  0.997070312 SigReg: 5.6837492
std: 1.34472656 ,  0.905273438 SigReg: 5.6837492
std: 1.20214844 ,  0.831542969 SigReg: 5.51880407
std: 1.40039062 ,  0.875976562 SigReg: 5.51880407
std: 1.1796875 ,  0.680664062 SigReg: 5.40481806
std: 1.36035156 ,  0.810546875 SigReg: 5.40481806
std: 1.40039062 ,  0.928710938 SigReg: 6.01124382
std: 0.985351562 ,  0.797851562 SigReg: 6.01124382
std: 1.53808594 ,  1.00292969 SigReg: 6.01472092
std: 1.21875 ,  1.04003906 SigReg: 6.01472092
std: 1.33007812 ,  0.79296875 SigReg: 4.44261169
std: 1.26660156 ,  0.876953125 SigReg: 4.44261169
std: 1.24511719 ,  0.810546875 SigReg: 6.71392393
std: 1.27832031 ,  0.844238281 SigReg: 6.71392393
std: 1.15429688 ,  0.831054688 SigReg: 5.7369647
std: 1.30175781 ,  0.884277344 SigReg: 5.7369647
std: 1.53027344 ,  1.00683594 SigReg: 5.48328876
std: 1.21191406 ,  0.953125 SigReg: 5.48328876
std: 1.2421875 ,  0.823242188 SigReg: 5.80954742
std: 1.45214844 ,  0.801757812 SigReg: 5.80954742
std: 1.26953125 ,  1.03710938 SigReg: 5.43005657
std: 1.125 ,  0.682617188 SigReg: 5.43005657
  Step 250: Backbone Loss = 1.3454, SIGReg Loss = 5.4301 Probe Loss = 384.8555, Acc = 0.4812
std: 1.15234375 ,  0.990234375 SigReg: 6.87534046
std: 1.125 ,  1.00195312 SigReg: 6.87534046
std: 1.39257812 ,  0.841796875 SigReg: 5.41449928
std: 1.29785156 ,  0.748535156 SigReg: 5.41449928
std: 1.2578125 ,  0.707519531 SigReg: 5.4808526
std: 1.24316406 ,  0.831054688 SigReg: 5.4808526
std: 1.1953125 ,  0.895507812 SigReg: 5.38337135
std: 1.09863281 ,  0.838378906 SigReg: 5.38337135
std: 1.15039062 ,  0.77734375 SigReg: 4.70390844
std: 1.16015625 ,  0.866699219 SigReg: 4.70390844
std: 1.32128906 ,  0.877441406 SigReg: 4.89757252
std: 1.1328125 ,  0.905761719 SigReg: 4.89757252
std: 1.25488281 ,  0.812011719 SigReg: 5.83952856
std: 1.25976562 ,  0.833984375 SigReg: 5.83952856
std: 1.48339844 ,  1.00878906 SigReg: 6.08546162
std: 1.375 ,  0.826171875 SigReg: 6.08546162
std: 1.3125 ,  0.805175781 SigReg: 5.2177639
std: 1.26855469 ,  0.765625 SigReg: 5.2177639
std: 1.25585938 ,  0.78125 SigReg: 5.49261808
std: 1.24707031 ,  0.971679688 SigReg: 5.49261808
std: 1.26171875 ,  0.879882812 SigReg: 5.44413376
std: 1.23535156 ,  0.920898438 SigReg: 5.44413376
std: 1.41015625 ,  0.851074219 SigReg: 7.06832314
std: 1.37402344 ,  0.891113281 SigReg: 7.06832314
std: 1.33789062 ,  0.779296875 SigReg: 5.76107883
std: 1.2578125 ,  0.805175781 SigReg: 5.76107883
std: 1.19921875 ,  0.887207031 SigReg: 5.4452672
std: 1.13183594 ,  0.753417969 SigReg: 5.4452672
std: 1.07324219 ,  0.807617188 SigReg: 5.58677244
std: 1.36035156 ,  0.758789062 SigReg: 5.58677244
std: 1.46289062 ,  0.793457031 SigReg: 6.19288254
std: 1.24023438 ,  0.843261719 SigReg: 6.19288254
std: 1.25585938 ,  0.85546875 SigReg: 6.56520939
std: 1.31054688 ,  0.902832031 SigReg: 6.56520939
std: 1.33105469 ,  0.890136719 SigReg: 5.92097473
std: 1.32714844 ,  0.853027344 SigReg: 5.92097473
std: 1.37597656 ,  0.781738281 SigReg: 5.42164
std: 1.08496094 ,  0.853515625 SigReg: 5.42164
std: 1.16894531 ,  1.00683594 SigReg: 5.67985201
std: 1.39746094 ,  0.902832031 SigReg: 5.67985201
std: 1.47070312 ,  0.745605469 SigReg: 6.14092684
std: 1.42578125 ,  0.905273438 SigReg: 6.14092684
std: 1.11328125 ,  0.829589844 SigReg: 4.93930149
std: 1.13964844 ,  0.828125 SigReg: 4.93930149
std: 1.42480469 ,  0.854003906 SigReg: 5.55867386
std: 1.3046875 ,  0.90625 SigReg: 5.55867386
std: 1.40527344 ,  0.821289062 SigReg: 6.2848444
std: 1.08105469 ,  0.881835938 SigReg: 6.2848444
std: 1.32910156 ,  0.818847656 SigReg: 6.39175224
std: 1.43847656 ,  0.80078125 SigReg: 6.39175224
std: 1.22265625 ,  0.763671875 SigReg: 5.80638218
std: 1.24414062 ,  0.904296875 SigReg: 5.80638218
std: 1.24902344 ,  0.8828125 SigReg: 5.35148239
std: 1.31347656 ,  0.924316406 SigReg: 5.35148239
std: 1.19335938 ,  0.961425781 SigReg: 5.1043725
std: 1.2578125 ,  0.825195312 SigReg: 5.1043725
std: 1.28417969 ,  0.803222656 SigReg: 5.24344063
std: 1.36328125 ,  0.916015625 SigReg: 5.24344063
std: 1.29589844 ,  0.936523438 SigReg: 5.84858131
std: 1.24804688 ,  0.771484375 SigReg: 5.84858131
std: 1.25195312 ,  0.793457031 SigReg: 5.84895802
std: 1.2578125 ,  0.857910156 SigReg: 5.84895802
std: 1.13378906 ,  0.802734375 SigReg: 5.64337
std: 1.34277344 ,  0.724609375 SigReg: 5.64337
std: 1.28808594 ,  0.970703125 SigReg: 5.34210157
std: 1.14160156 ,  0.934570312 SigReg: 5.34210157
std: 1.1953125 ,  0.881835938 SigReg: 5.23660231
std: 1.12402344 ,  0.966308594 SigReg: 5.23660231
std: 1.375 ,  0.835449219 SigReg: 6.1197834
std: 1.29492188 ,  0.958496094 SigReg: 6.1197834
std: 1.16992188 ,  0.978515625 SigReg: 5.33226538
std: 1.2890625 ,  0.946777344 SigReg: 5.33226538
std: 1.24609375 ,  0.892578125 SigReg: 5.05195761
std: 1.35546875 ,  0.7734375 SigReg: 5.05195761
std: 1.2578125 ,  0.886230469 SigReg: 5.11677217
std: 1.27539062 ,  0.901367188 SigReg: 5.11677217
std: 1.19335938 ,  0.76171875 SigReg: 5.76635504
std: 1.31640625 ,  0.942382812 SigReg: 5.76635504
std: 1.39746094 ,  0.709960938 SigReg: 5.23170424
std: 1.30371094 ,  0.819824219 SigReg: 5.23170424
std: 1.36132812 ,  0.845703125 SigReg: 4.88700485
std: 1.33886719 ,  0.928222656 SigReg: 4.88700485
std: 1.22070312 ,  0.808105469 SigReg: 5.41217136
std: 1.45214844 ,  0.787597656 SigReg: 5.41217136
std: 1.20703125 ,  0.924316406 SigReg: 5.73496628
std: 1.15136719 ,  0.768554688 SigReg: 5.73496628
std: 1.28222656 ,  0.807617188 SigReg: 6.02213764
std: 1.15039062 ,  0.808105469 SigReg: 6.02213764
std: 1.31738281 ,  0.777832031 SigReg: 5.39255667
std: 1.28417969 ,  0.899902344 SigReg: 5.39255667
std: 1.09667969 ,  0.670898438 SigReg: 5.75447655
std: 1.21582031 ,  0.805175781 SigReg: 5.75447655
std: 1.1875 ,  0.866699219 SigReg: 5.33572483
std: 1.17675781 ,  0.826660156 SigReg: 5.33572483
std: 1.27636719 ,  0.680664062 SigReg: 5.92244339
std: 1.05761719 ,  0.805175781 SigReg: 5.92244339
std: 1.26953125 ,  0.89453125 SigReg: 5.13907623
std: 1.11035156 ,  0.866210938 SigReg: 5.13907623
std: 1.17871094 ,  0.76953125 SigReg: 5.15686369
std: 1.04882812 ,  0.79296875 SigReg: 5.15686369
  Step 300: Backbone Loss = 1.3439, SIGReg Loss = 5.1569 Probe Loss = 384.3696, Acc = 0.4897
std: 1.24902344 ,  1.01269531 SigReg: 4.47255564
std: 1.23046875 ,  0.835449219 SigReg: 4.47255564
std: 1.3203125 ,  0.854492188 SigReg: 5.53075123
std: 1.40234375 ,  0.829101562 SigReg: 5.53075123
std: 1.29296875 ,  0.856445312 SigReg: 6.58830309
std: 1.10449219 ,  0.90234375 SigReg: 6.58830309
std: 1.15136719 ,  0.786132812 SigReg: 5.15921545
std: 1.05371094 ,  0.768554688 SigReg: 5.15921545
std: 1.23535156 ,  0.907226562 SigReg: 5.05411148
std: 1.33300781 ,  0.838867188 SigReg: 5.05411148
std: 1.07128906 ,  0.993652344 SigReg: 5.44426346
std: 1.2109375 ,  0.773925781 SigReg: 5.44426346
Epoch 2 finished in 246.93s.
  Avg Backbone Loss: 1.3470
  Avg Probe Loss:    388.3480
  Avg Probe Accuracy: 0.5000

Epoch 3/100
std: 1.06542969 ,  0.870605469 SigReg: 5.53614283
std: 1.41699219 ,  1.01074219 SigReg: 5.53614283
  Step 0: Backbone Loss = 1.3274, SIGReg Loss = 5.5361 Probe Loss = 386.1302, Acc = 0.5043
std: 1.25878906 ,  0.887695312 SigReg: 4.80296183
std: 1.28710938 ,  0.959472656 SigReg: 4.80296183
std: 1.28320312 ,  0.724609375 SigReg: 5.04116917
std: 1.2890625 ,  0.957519531 SigReg: 5.04116917
std: 1.05175781 ,  0.897460938 SigReg: 5.71340466
std: 1.359375 ,  0.983886719 SigReg: 5.71340466
std: 1.19824219 ,  0.844238281 SigReg: 5.6170435
std: 1.36914062 ,  0.896972656 SigReg: 5.6170435
std: 1.30957031 ,  0.996582031 SigReg: 6.337852
std: 1.35351562 ,  0.968261719 SigReg: 6.337852
std: 1.1875 ,  0.854980469 SigReg: 5.53359
std: 1.21679688 ,  0.812988281 SigReg: 5.53359
std: 1.1171875 ,  0.749511719 SigReg: 5.42685413
std: 1.1328125 ,  0.762207031 SigReg: 5.42685413
std: 1.20214844 ,  0.763183594 SigReg: 6.42070484
std: 1.27246094 ,  0.816894531 SigReg: 6.42070484
std: 1.38867188 ,  0.863769531 SigReg: 6.27908373
std: 1.15332031 ,  0.726074219 SigReg: 6.27908373
std: 1.17285156 ,  0.977050781 SigReg: 5.40881443
std: 1.3828125 ,  0.741210938 SigReg: 5.40881443
std: 1.07226562 ,  0.845703125 SigReg: 6.04773903
std: 1.265625 ,  0.717773438 SigReg: 6.04773903
std: 1.18554688 ,  0.79296875 SigReg: 6.07634211
std: 1.18066406 ,  0.832519531 SigReg: 6.07634211
std: 1.14941406 ,  0.760253906 SigReg: 6.61901474
std: 1.19433594 ,  0.842773438 SigReg: 6.61901474
std: 1.19433594 ,  0.831542969 SigReg: 5.70403099
std: 1.14648438 ,  0.907714844 SigReg: 5.70403099
std: 0.880859375 ,  0.793457031 SigReg: 5.98505545
std: 1.32128906 ,  1.06054688 SigReg: 5.98505545
std: 1.25292969 ,  0.890136719 SigReg: 6.68826532
std: 1.06738281 ,  0.822753906 SigReg: 6.68826532
std: 1.10644531 ,  0.832519531 SigReg: 5.26754427
std: 1.15820312 ,  0.692382812 SigReg: 5.26754427
std: 1.33398438 ,  0.861328125 SigReg: 5.36563349
std: 1.07324219 ,  0.903320312 SigReg: 5.36563349
std: 1.15039062 ,  0.920410156 SigReg: 5.75840616
std: 1.22753906 ,  0.791992188 SigReg: 5.75840616
std: 1.17089844 ,  0.9296875 SigReg: 5.58981323
std: 1.0546875 ,  0.804199219 SigReg: 5.58981323
std: 1.15332031 ,  0.967773438 SigReg: 6.16678715
std: 1.0078125 ,  0.825683594 SigReg: 6.16678715
std: 1.23730469 ,  0.854492188 SigReg: 6.47826481
std: 1.18261719 ,  0.856933594 SigReg: 6.47826481
std: 1.23632812 ,  0.925292969 SigReg: 5.66200113
std: 1.02929688 ,  0.905273438 SigReg: 5.66200113
std: 1.14355469 ,  0.96875 SigReg: 5.23564
std: 1.06152344 ,  0.699707031 SigReg: 5.23564
std: 1.13574219 ,  0.91796875 SigReg: 5.52812862
std: 1.28222656 ,  0.745605469 SigReg: 5.52812862
std: 1.25390625 ,  0.862792969 SigReg: 5.98099756
std: 1.19921875 ,  0.727050781 SigReg: 5.98099756
std: 1.32714844 ,  0.781738281 SigReg: 4.69315863
std: 1.12597656 ,  0.678222656 SigReg: 4.69315863
std: 1.13964844 ,  0.836425781 SigReg: 6.35312605
std: 1.16113281 ,  0.870605469 SigReg: 6.35312605
std: 1.0703125 ,  0.860839844 SigReg: 7.3748436
std: 1.03320312 ,  0.724121094 SigReg: 7.3748436
std: 1.25097656 ,  0.832519531 SigReg: 5.95834303
std: 1.25195312 ,  0.810058594 SigReg: 5.95834303
std: 1.26855469 ,  0.722167969 SigReg: 5.65440607
std: 1.32226562 ,  0.755371094 SigReg: 5.65440607
std: 1.11035156 ,  0.790039062 SigReg: 5.5459156
std: 1.25878906 ,  0.819335938 SigReg: 5.5459156
std: 1.19824219 ,  0.727050781 SigReg: 5.24973345
std: 1.03515625 ,  0.909179688 SigReg: 5.24973345
std: 1.21386719 ,  1.00097656 SigReg: 4.94096
std: 1.05175781 ,  0.871582031 SigReg: 4.94096
std: 1.26269531 ,  0.80859375 SigReg: 5.02055168
std: 1.203125 ,  0.860351562 SigReg: 5.02055168
std: 1.19238281 ,  0.8515625 SigReg: 6.36701345
std: 1.26171875 ,  0.959472656 SigReg: 6.36701345
std: 1.20214844 ,  0.933105469 SigReg: 6.09284878
std: 1.19042969 ,  0.946777344 SigReg: 6.09284878
std: 0.86328125 ,  0.919433594 SigReg: 6.44950914
std: 1.22265625 ,  0.962402344 SigReg: 6.44950914
std: 1.18164062 ,  0.994140625 SigReg: 6.07819843
std: 1.05371094 ,  0.994140625 SigReg: 6.07819843
std: 1.15429688 ,  0.988769531 SigReg: 6.61141348
std: 1.22558594 ,  0.755371094 SigReg: 6.61141348
std: 1.09667969 ,  0.791503906 SigReg: 5.30106544
std: 1.20019531 ,  1.01953125 SigReg: 5.30106544
std: 1.01855469 ,  0.684082031 SigReg: 6.63421822
std: 1.08886719 ,  0.810546875 SigReg: 6.63421822
std: 1.11230469 ,  0.753417969 SigReg: 6.2063942
std: 1.28320312 ,  1.015625 SigReg: 6.2063942
std: 1.1953125 ,  0.835449219 SigReg: 7.22507715
std: 1.12207031 ,  0.684082031 SigReg: 7.22507715
std: 1.02441406 ,  0.923828125 SigReg: 5.80695963
std: 1.32324219 ,  0.927246094 SigReg: 5.80695963
std: 1.23632812 ,  0.701660156 SigReg: 6.05353451
std: 1.20410156 ,  0.708984375 SigReg: 6.05353451
std: 1.26464844 ,  0.910644531 SigReg: 5.45705605
std: 1.25683594 ,  0.96484375 SigReg: 5.45705605
std: 1.30371094 ,  0.88671875 SigReg: 6.70482922
std: 1.39746094 ,  0.906738281 SigReg: 6.70482922
std: 1.24804688 ,  0.704589844 SigReg: 6.37477398
std: 1.11523438 ,  0.882324219 SigReg: 6.37477398
std: 1.05664062 ,  0.849121094 SigReg: 6.28086472
std: 1.13378906 ,  1.00683594 SigReg: 6.28086472
  Step 50: Backbone Loss = 1.3780, SIGReg Loss = 6.2809 Probe Loss = 384.3235, Acc = 0.5115
std: 1.11035156 ,  0.80078125 SigReg: 8.07455444
std: 1.30664062 ,  0.872558594 SigReg: 8.07455444
std: 1.11914062 ,  1.05566406 SigReg: 5.23800421
std: 1.30761719 ,  0.937011719 SigReg: 5.23800421
std: 1.25195312 ,  0.857910156 SigReg: 5.26177549
std: 1.203125 ,  0.827148438 SigReg: 5.26177549
std: 1.13378906 ,  0.960449219 SigReg: 5.89319181
std: 1.1875 ,  0.832519531 SigReg: 5.89319181
std: 1.24511719 ,  0.919921875 SigReg: 5.19076443
std: 1.29101562 ,  0.75390625 SigReg: 5.19076443
std: 1.20507812 ,  0.885742188 SigReg: 5.78845263
std: 1.171875 ,  0.872070312 SigReg: 5.78845263
std: 0.9140625 ,  0.783203125 SigReg: 6.07455921
std: 1.24609375 ,  0.9765625 SigReg: 6.07455921
std: 1.14648438 ,  0.794433594 SigReg: 5.57723618
std: 1.23828125 ,  0.879394531 SigReg: 5.57723618
std: 1.23828125 ,  0.933105469 SigReg: 4.99352407
std: 1.26464844 ,  0.862792969 SigReg: 4.99352407
std: 1.22460938 ,  0.678710938 SigReg: 5.46539116
std: 1.39746094 ,  0.912597656 SigReg: 5.46539116
std: 1.24121094 ,  0.795410156 SigReg: 5.97071171
std: 1.11035156 ,  1.04394531 SigReg: 5.97071171
std: 1.21484375 ,  1.07519531 SigReg: 5.73053646
std: 1.15332031 ,  0.815917969 SigReg: 5.73053646
std: 1.14355469 ,  0.682617188 SigReg: 6.15849972
std: 1.28320312 ,  0.749511719 SigReg: 6.15849972
std: 1.11328125 ,  0.822265625 SigReg: 5.71503925
std: 1.26074219 ,  0.927246094 SigReg: 5.71503925
std: 1.16894531 ,  0.825195312 SigReg: 6.32601738
std: 1.19433594 ,  1.05664062 SigReg: 6.32601738
std: 1.26269531 ,  0.830078125 SigReg: 6.91812038
std: 1.1796875 ,  0.727050781 SigReg: 6.91812038
std: 1.45800781 ,  0.864746094 SigReg: 5.22254181
std: 1.16015625 ,  0.775390625 SigReg: 5.22254181
std: 1.39355469 ,  0.862792969 SigReg: 6.19164753
std: 1.34472656 ,  0.929199219 SigReg: 6.19164753
std: 1.26953125 ,  0.840332031 SigReg: 5.94669771
std: 1.05566406 ,  0.848144531 SigReg: 5.94669771
std: 1.03710938 ,  0.770019531 SigReg: 6.08732748
std: 1.41601562 ,  0.83203125 SigReg: 6.08732748
std: 1.19824219 ,  0.973144531 SigReg: 5.69525146
std: 1.36035156 ,  0.727050781 SigReg: 5.69525146
std: 1.31445312 ,  0.918945312 SigReg: 5.51523495
std: 1.09472656 ,  0.841308594 SigReg: 5.51523495
std: 1.20214844 ,  0.796875 SigReg: 4.88922
std: 1.1875 ,  0.829589844 SigReg: 4.88922
std: 1.12304688 ,  0.758300781 SigReg: 4.98650789
std: 1.24804688 ,  0.888183594 SigReg: 4.98650789
std: 1.41796875 ,  0.760742188 SigReg: 4.87512827
std: 1.22265625 ,  0.895996094 SigReg: 4.87512827
std: 1.046875 ,  0.870605469 SigReg: 6.18076754
std: 1.28222656 ,  0.868164062 SigReg: 6.18076754
std: 1.37890625 ,  0.823242188 SigReg: 5.59839249
std: 1.23046875 ,  0.811035156 SigReg: 5.59839249
std: 1.10058594 ,  0.844238281 SigReg: 5.12458324
std: 1.09667969 ,  1.02734375 SigReg: 5.12458324
std: 1.11816406 ,  0.870117188 SigReg: 5.87464905
std: 1.20019531 ,  0.870117188 SigReg: 5.87464905
std: 1.33398438 ,  0.922851562 SigReg: 5.58300495
std: 1.36230469 ,  1.04101562 SigReg: 5.58300495
std: 1.09179688 ,  0.820800781 SigReg: 5.62304592
std: 1.21972656 ,  0.970214844 SigReg: 5.62304592
std: 1.25390625 ,  0.872070312 SigReg: 4.71166706
std: 0.921875 ,  0.766601562 SigReg: 4.71166706
std: 1.14453125 ,  0.670410156 SigReg: 5.51025391
std: 1.30664062 ,  0.796875 SigReg: 5.51025391
std: 1.35644531 ,  0.778320312 SigReg: 5.37475109
std: 1.27050781 ,  0.890136719 SigReg: 5.37475109
std: 1.09277344 ,  1.01269531 SigReg: 5.16961479
std: 1.12988281 ,  0.921875 SigReg: 5.16961479
std: 1.44335938 ,  0.953125 SigReg: 5.32522058
std: 1.23339844 ,  0.916992188 SigReg: 5.32522058
std: 1.23242188 ,  0.831054688 SigReg: 5.15391827
std: 1.30566406 ,  1.03320312 SigReg: 5.15391827
std: 1.20214844 ,  0.993164062 SigReg: 6.44840336
std: 1.19921875 ,  0.942382812 SigReg: 6.44840336
std: 1.01953125 ,  0.8203125 SigReg: 5.4617734
std: 1.20410156 ,  0.815917969 SigReg: 5.4617734
std: 1.15332031 ,  0.774902344 SigReg: 6.84215355
std: 1.60058594 ,  0.817871094 SigReg: 6.84215355
std: 1.00976562 ,  0.942871094 SigReg: 5.87671947
std: 1.34082031 ,  0.825683594 SigReg: 5.87671947
std: 1.18554688 ,  0.780761719 SigReg: 4.9012146
std: 1.32226562 ,  0.583007812 SigReg: 4.9012146
std: 1.22753906 ,  0.931152344 SigReg: 6.45152426
std: 1.0234375 ,  0.98046875 SigReg: 6.45152426
std: 1.39453125 ,  0.521484375 SigReg: 5.39992237
std: 1.21679688 ,  0.710449219 SigReg: 5.39992237
std: 1.0390625 ,  0.786621094 SigReg: 5.13620424
std: 1.1875 ,  0.923339844 SigReg: 5.13620424
std: 1.19921875 ,  0.836914062 SigReg: 5.10740376
std: 1.12207031 ,  0.790039062 SigReg: 5.10740376
std: 1.01953125 ,  0.892578125 SigReg: 5.98493147
std: 1.06054688 ,  0.893554688 SigReg: 5.98493147
std: 1.08496094 ,  0.826171875 SigReg: 5.55453205
std: 1.17382812 ,  0.886230469 SigReg: 5.55453205
std: 1.26855469 ,  0.900878906 SigReg: 5.15117741
std: 1.22753906 ,  0.91015625 SigReg: 5.15117741
std: 1.10351562 ,  0.815917969 SigReg: 6.11526632
std: 1.07617188 ,  0.893066406 SigReg: 6.11526632
  Step 100: Backbone Loss = 1.4090, SIGReg Loss = 6.1153 Probe Loss = 385.2680, Acc = 0.4813
std: 1.03320312 ,  0.795410156 SigReg: 5.34254837
std: 1.14550781 ,  0.818847656 SigReg: 5.34254837
std: 1.27832031 ,  0.91796875 SigReg: 7.54585361
std: 1.12109375 ,  0.83984375 SigReg: 7.54585361
std: 1.43164062 ,  0.737304688 SigReg: 5.15521669
std: 1.26660156 ,  0.926269531 SigReg: 5.15521669
std: 1.1640625 ,  1.00976562 SigReg: 5.02595043
std: 0.86328125 ,  0.954101562 SigReg: 5.02595043
std: 1.11425781 ,  0.806640625 SigReg: 5.42813063
std: 1.14257812 ,  0.892089844 SigReg: 5.42813063
std: 1.10449219 ,  0.771972656 SigReg: 5.43396568
std: 1.14648438 ,  0.832519531 SigReg: 5.43396568
std: 1.29101562 ,  0.804199219 SigReg: 4.83868313
std: 1.22851562 ,  0.965820312 SigReg: 4.83868313
std: 1.2265625 ,  0.727050781 SigReg: 5.82617188
std: 1.08886719 ,  0.794433594 SigReg: 5.82617188
std: 1.2109375 ,  0.887695312 SigReg: 5.65432024
std: 1.05078125 ,  0.815917969 SigReg: 5.65432024
std: 1.25976562 ,  0.735351562 SigReg: 5.17193699
std: 1.15917969 ,  0.791992188 SigReg: 5.17193699
std: 1.12792969 ,  0.92578125 SigReg: 5.10349321
std: 1.01953125 ,  0.885742188 SigReg: 5.10349321
std: 1.02832031 ,  0.716308594 SigReg: 6.07736301
std: 1.01953125 ,  0.812988281 SigReg: 6.07736301
std: 1.17480469 ,  0.737792969 SigReg: 5.27451658
std: 0.987304688 ,  0.795898438 SigReg: 5.27451658
std: 0.966308594 ,  0.856933594 SigReg: 5.12835789
std: 1.13085938 ,  0.885742188 SigReg: 5.12835789
std: 0.873535156 ,  0.787109375 SigReg: 4.50549889
std: 1.30957031 ,  0.813476562 SigReg: 4.50549889
std: 1.15039062 ,  0.859863281 SigReg: 4.90256166
std: 1.31835938 ,  0.811523438 SigReg: 4.90256166
std: 1.00292969 ,  0.953125 SigReg: 5.05571556
std: 0.887695312 ,  0.7109375 SigReg: 5.05571556
std: 1.14746094 ,  0.833007812 SigReg: 5.10653687
std: 1.06152344 ,  0.913085938 SigReg: 5.10653687
std: 1.35351562 ,  0.943847656 SigReg: 5.33199453
std: 0.991699219 ,  0.757324219 SigReg: 5.33199453
std: 1.03125 ,  0.794921875 SigReg: 5.85999918
std: 1.29101562 ,  0.819335938 SigReg: 5.85999918
std: 1.12207031 ,  0.868164062 SigReg: 5.20980358
std: 1.17089844 ,  0.906738281 SigReg: 5.20980358
std: 0.908203125 ,  0.773925781 SigReg: 5.17142725
std: 1.25683594 ,  0.96875 SigReg: 5.17142725
std: 1.09179688 ,  0.91796875 SigReg: 4.97209549
std: 1.29980469 ,  0.68359375 SigReg: 4.97209549
std: 1.24804688 ,  0.9140625 SigReg: 5.65254879
std: 1.27441406 ,  0.905273438 SigReg: 5.65254879
std: 1.125 ,  0.653320312 SigReg: 5.48210526
std: 1.18945312 ,  0.779785156 SigReg: 5.48210526
std: 1.16992188 ,  0.72265625 SigReg: 4.36097765
std: 1.29199219 ,  0.774902344 SigReg: 4.36097765
std: 1.29199219 ,  0.846679688 SigReg: 4.60419178
std: 1.25878906 ,  0.878417969 SigReg: 4.60419178
std: 1.02148438 ,  0.971679688 SigReg: 4.56153917
std: 1.1640625 ,  0.758300781 SigReg: 4.56153917
std: 1.16992188 ,  0.925292969 SigReg: 5.38829422
std: 0.982421875 ,  0.951660156 SigReg: 5.38829422
std: 1.03613281 ,  0.807617188 SigReg: 5.13952303
std: 1.03320312 ,  0.875976562 SigReg: 5.13952303
std: 1.06347656 ,  0.877441406 SigReg: 5.17889643
std: 0.918457031 ,  0.91796875 SigReg: 5.17889643
std: 1.17871094 ,  0.868652344 SigReg: 5.13307
std: 1.10644531 ,  0.893066406 SigReg: 5.13307
std: 1.11425781 ,  0.747558594 SigReg: 5.11197
std: 1.16015625 ,  0.733398438 SigReg: 5.11197
std: 1.25488281 ,  0.877441406 SigReg: 5.68070126
std: 1.03710938 ,  0.836425781 SigReg: 5.68070126
std: 1.23632812 ,  0.950195312 SigReg: 5.17378664
std: 0.92578125 ,  0.805175781 SigReg: 5.17378664
std: 1.12109375 ,  0.85546875 SigReg: 5.05186701
std: 1.21386719 ,  0.93359375 SigReg: 5.05186701
std: 1.04199219 ,  0.927734375 SigReg: 4.54701376
std: 1.26660156 ,  0.989257812 SigReg: 4.54701376
std: 1.31738281 ,  0.739746094 SigReg: 4.87200212
std: 1.07714844 ,  0.703125 SigReg: 4.87200212
std: 1.17675781 ,  0.952148438 SigReg: 5.49647
std: 1.14941406 ,  0.830078125 SigReg: 5.49647
std: 1.09472656 ,  0.930175781 SigReg: 4.97206593
std: 1.34765625 ,  0.851074219 SigReg: 4.97206593
std: 1.24609375 ,  0.899414062 SigReg: 5.23224068
std: 1.25878906 ,  0.907226562 SigReg: 5.23224068
std: 1.22851562 ,  0.86328125 SigReg: 5.36808395
std: 1.14746094 ,  0.997070312 SigReg: 5.36808395
std: 1.26269531 ,  1.01269531 SigReg: 5.83133602
std: 1.22460938 ,  1.08496094 SigReg: 5.83133602
std: 1.07421875 ,  0.937011719 SigReg: 4.43057442
std: 1.125 ,  1.04980469 SigReg: 4.43057442
std: 1.29492188 ,  0.99609375 SigReg: 5.82368517
std: 1.06542969 ,  0.831054688 SigReg: 5.82368517
std: 1.19238281 ,  0.906738281 SigReg: 5.64899111
std: 1.04101562 ,  0.879394531 SigReg: 5.64899111
std: 1.21777344 ,  0.919433594 SigReg: 5.93919706
std: 1.20898438 ,  0.845214844 SigReg: 5.93919706
std: 0.994140625 ,  0.848144531 SigReg: 6.05845737
std: 1.390625 ,  0.811035156 SigReg: 6.05845737
std: 1.13183594 ,  1.02734375 SigReg: 5.32869339
std: 1.20507812 ,  0.913085938 SigReg: 5.32869339
std: 1.09472656 ,  0.844238281 SigReg: 6.27174616
std: 1.14550781 ,  0.784179688 SigReg: 6.27174616
  Step 150: Backbone Loss = 1.3919, SIGReg Loss = 6.2717 Probe Loss = 381.6896, Acc = 0.4886
std: 1.25195312 ,  0.815429688 SigReg: 5.40166616
std: 1.17675781 ,  0.855957031 SigReg: 5.40166616
std: 1.18164062 ,  0.700683594 SigReg: 5.28769445
std: 1.33105469 ,  0.896972656 SigReg: 5.28769445
std: 1.14257812 ,  0.774414062 SigReg: 5.54888487
std: 1.46191406 ,  0.938476562 SigReg: 5.54888487
std: 1.22265625 ,  0.840332031 SigReg: 6.12280178
std: 1.09277344 ,  0.9140625 SigReg: 6.12280178
std: 1.15625 ,  1.01757812 SigReg: 6.46107292
std: 1.16210938 ,  0.82421875 SigReg: 6.46107292
std: 1.24511719 ,  0.943359375 SigReg: 5.49560499
std: 1.15722656 ,  0.80859375 SigReg: 5.49560499
std: 1.20898438 ,  0.840332031 SigReg: 4.70189285
std: 1.15820312 ,  0.804199219 SigReg: 4.70189285
std: 1.26074219 ,  0.814453125 SigReg: 5.36553526
std: 1.12011719 ,  0.796875 SigReg: 5.36553526
std: 1.12890625 ,  1.00292969 SigReg: 6.39952183
std: 1.01074219 ,  0.880859375 SigReg: 6.39952183
std: 1.21191406 ,  0.888183594 SigReg: 5.01479626
std: 1.16796875 ,  0.797363281 SigReg: 5.01479626
std: 1.25 ,  0.866699219 SigReg: 5.3836503
std: 1.26074219 ,  0.86328125 SigReg: 5.3836503
std: 1.29101562 ,  0.741699219 SigReg: 5.24110317
std: 1.22460938 ,  0.905273438 SigReg: 5.24110317
std: 1.34179688 ,  0.759277344 SigReg: 4.47491741
std: 1.28320312 ,  0.932617188 SigReg: 4.47491741
std: 1.43457031 ,  0.738769531 SigReg: 5.51588154
std: 1.18066406 ,  0.737304688 SigReg: 5.51588154
std: 1.38671875 ,  0.994140625 SigReg: 4.70418644
std: 1.17578125 ,  0.801757812 SigReg: 4.70418644
std: 1.12890625 ,  0.6640625 SigReg: 6.0248
std: 1.09179688 ,  0.885742188 SigReg: 6.0248
std: 1.09375 ,  0.881835938 SigReg: 4.57954788
std: 1.22949219 ,  0.764160156 SigReg: 4.57954788
std: 1.26855469 ,  0.802734375 SigReg: 4.96528769
std: 1.29980469 ,  0.922851562 SigReg: 4.96528769
std: 1.22851562 ,  0.825195312 SigReg: 4.24234962
std: 1.37402344 ,  0.784179688 SigReg: 4.24234962
std: 1.41210938 ,  0.805664062 SigReg: 4.68075418
std: 1.28125 ,  0.812988281 SigReg: 4.68075418
std: 1.16894531 ,  0.760253906 SigReg: 4.87989187
std: 1.19726562 ,  0.733398438 SigReg: 4.87989187
std: 1.25585938 ,  0.885742188 SigReg: 5.45275
std: 1.11816406 ,  0.833984375 SigReg: 5.45275
std: 1.45507812 ,  0.765625 SigReg: 5.24289274
std: 1.11035156 ,  0.780273438 SigReg: 5.24289274
std: 1.2109375 ,  0.791015625 SigReg: 5.4828186
std: 1.11230469 ,  0.959960938 SigReg: 5.4828186
std: 1.14941406 ,  0.761230469 SigReg: 4.6816721
std: 1.22363281 ,  0.983886719 SigReg: 4.6816721
std: 1.31933594 ,  0.866210938 SigReg: 5.43435669
std: 1.17480469 ,  0.78515625 SigReg: 5.43435669
std: 1.07910156 ,  0.868164062 SigReg: 5.39890146
std: 1.06933594 ,  0.867675781 SigReg: 5.39890146
std: 1.18261719 ,  0.924316406 SigReg: 6.95846891
std: 0.987304688 ,  0.810058594 SigReg: 6.95846891
std: 1.14550781 ,  1.03125 SigReg: 7.26466274
std: 1.26171875 ,  0.806640625 SigReg: 7.26466274
std: 1.00390625 ,  0.857421875 SigReg: 6.87919235
std: 1.05175781 ,  0.868652344 SigReg: 6.87919235
std: 1.14160156 ,  0.95703125 SigReg: 7.42147541
std: 1.02636719 ,  0.986328125 SigReg: 7.42147541
std: 1.21386719 ,  0.875488281 SigReg: 6.87520361
std: 1.37792969 ,  1.04394531 SigReg: 6.87520361
std: 1.08300781 ,  0.882324219 SigReg: 6.89496136
std: 1.11425781 ,  0.932617188 SigReg: 6.89496136
std: 1.27148438 ,  1.10351562 SigReg: 6.37700033
std: 1.14160156 ,  0.94921875 SigReg: 6.37700033
std: 0.922851562 ,  0.874511719 SigReg: 5.76658249
std: 0.948242188 ,  0.769042969 SigReg: 5.76658249
std: 1.29003906 ,  0.814453125 SigReg: 6.08496284
std: 1.06933594 ,  1.09570312 SigReg: 6.08496284
std: 0.895996094 ,  0.833496094 SigReg: 5.67802238
std: 1.12109375 ,  0.900878906 SigReg: 5.67802238
std: 1.22070312 ,  0.960449219 SigReg: 5.41993332
std: 1.16992188 ,  1.0390625 SigReg: 5.41993332
std: 1.09765625 ,  1.09667969 SigReg: 7.29085922
std: 1.06152344 ,  0.956054688 SigReg: 7.29085922
std: 1.08691406 ,  0.873535156 SigReg: 6.75741673
std: 1.12109375 ,  0.904785156 SigReg: 6.75741673
std: 1.08984375 ,  0.866699219 SigReg: 5.22153854
std: 1.10742188 ,  0.970214844 SigReg: 5.22153854
std: 1.13769531 ,  0.91796875 SigReg: 5.94487286
std: 1.21386719 ,  0.7265625 SigReg: 5.94487286
std: 1.18261719 ,  1.06445312 SigReg: 5.81609964
std: 1.14941406 ,  1.15136719 SigReg: 5.81609964
std: 1.30371094 ,  0.820800781 SigReg: 6.20104027
std: 1.11914062 ,  0.990234375 SigReg: 6.20104027
std: 0.913085938 ,  1.06152344 SigReg: 5.3506875
std: 1.28808594 ,  0.942871094 SigReg: 5.3506875
std: 0.927734375 ,  0.781738281 SigReg: 5.32062101
std: 1.078125 ,  1.02441406 SigReg: 5.32062101
std: 1.04003906 ,  0.928710938 SigReg: 5.55727
std: 1.13671875 ,  0.929199219 SigReg: 5.55727
std: 1.19726562 ,  1.01464844 SigReg: 5.70655489
std: 1.05175781 ,  0.971679688 SigReg: 5.70655489
std: 1.12011719 ,  0.976074219 SigReg: 5.53965378
std: 1.06054688 ,  1.08300781 SigReg: 5.53965378
std: 1.02539062 ,  0.919433594 SigReg: 5.61615276
std: 1.13574219 ,  0.791503906 SigReg: 5.61615276
  Step 200: Backbone Loss = 1.5107, SIGReg Loss = 5.6162 Probe Loss = 380.8953, Acc = 0.5053
std: 1.13378906 ,  1.06152344 SigReg: 5.58883238
std: 1.10351562 ,  0.857910156 SigReg: 5.58883238
std: 1.17382812 ,  0.866210938 SigReg: 5.65399408
std: 1.0078125 ,  1.01660156 SigReg: 5.65399408
std: 1.21972656 ,  0.940429688 SigReg: 5.64183044
std: 1.05957031 ,  0.764648438 SigReg: 5.64183044
std: 1.078125 ,  0.888671875 SigReg: 5.14564085
std: 1.20019531 ,  1.12597656 SigReg: 5.14564085
std: 1.2265625 ,  0.949707031 SigReg: 5.87182856
std: 1.02929688 ,  0.820800781 SigReg: 5.87182856
std: 1.0625 ,  1.00488281 SigReg: 5.2265687
std: 1.01367188 ,  0.845703125 SigReg: 5.2265687
std: 1.0546875 ,  1.04785156 SigReg: 5.40579367
std: 1.03027344 ,  0.927246094 SigReg: 5.40579367
std: 1.15136719 ,  0.844238281 SigReg: 5.29104328
std: 0.852050781 ,  1.07617188 SigReg: 5.29104328
std: 1.07617188 ,  0.982421875 SigReg: 5.27858639
std: 1.25195312 ,  0.932617188 SigReg: 5.27858639
std: 1.04492188 ,  1.1015625 SigReg: 5.76322079
std: 1.15820312 ,  1.01464844 SigReg: 5.76322079
std: 1.12792969 ,  0.975097656 SigReg: 5.39323425
std: 1.16796875 ,  0.879394531 SigReg: 5.39323425
std: 0.990722656 ,  0.976074219 SigReg: 5.23871183
std: 1.046875 ,  0.984375 SigReg: 5.23871183
std: 0.945800781 ,  1.06933594 SigReg: 4.84062719
std: 0.912597656 ,  0.891113281 SigReg: 4.84062719
std: 0.94921875 ,  0.801757812 SigReg: 5.10311317
std: 1.12597656 ,  1.04589844 SigReg: 5.10311317
std: 0.938964844 ,  0.7734375 SigReg: 5.14815617
std: 1.0546875 ,  1.03125 SigReg: 5.14815617
std: 1.015625 ,  0.986328125 SigReg: 5.47866488
std: 0.862304688 ,  1.04980469 SigReg: 5.47866488
std: 0.944335938 ,  0.981933594 SigReg: 4.91764498
std: 1.18164062 ,  1.078125 SigReg: 4.91764498
std: 0.9296875 ,  1.03710938 SigReg: 4.69681406
std: 1.00292969 ,  0.977050781 SigReg: 4.69681406
std: 1.0625 ,  1.12207031 SigReg: 4.8524847
std: 1.33398438 ,  0.947753906 SigReg: 4.8524847
std: 0.866210938 ,  0.723144531 SigReg: 5.01821899
std: 0.920898438 ,  1.08300781 SigReg: 5.01821899
std: 1.08300781 ,  0.984863281 SigReg: 4.80957508
std: 1.18554688 ,  1.01269531 SigReg: 4.80957508
std: 1.20117188 ,  0.714355469 SigReg: 5.09537125
std: 1.1796875 ,  0.966796875 SigReg: 5.09537125
std: 1.11816406 ,  0.875488281 SigReg: 6.65583706
std: 0.8984375 ,  1.14941406 SigReg: 6.65583706
std: 0.942382812 ,  1.01074219 SigReg: 5.57280922
std: 1.15234375 ,  0.868652344 SigReg: 5.57280922
std: 1.15234375 ,  0.928710938 SigReg: 5.57039309
std: 0.992675781 ,  1.00878906 SigReg: 5.57039309
std: 1.05761719 ,  0.98046875 SigReg: 5.25708389
std: 0.895019531 ,  1.03515625 SigReg: 5.25708389
std: 1.17675781 ,  0.998535156 SigReg: 5.86737585
std: 0.911132812 ,  0.82421875 SigReg: 5.86737585
std: 1.07421875 ,  0.918945312 SigReg: 5.20851469
std: 0.973144531 ,  0.961425781 SigReg: 5.20851469
std: 0.96875 ,  0.89453125 SigReg: 4.76728725
std: 1.00195312 ,  1.05078125 SigReg: 4.76728725
std: 1.11328125 ,  0.95703125 SigReg: 5.06011581
std: 0.997558594 ,  0.890136719 SigReg: 5.06011581
std: 1 ,  0.819824219 SigReg: 5.39022112
std: 1.07714844 ,  0.940917969 SigReg: 5.39022112
std: 0.969238281 ,  0.794921875 SigReg: 5.23426962
std: 1.22070312 ,  0.99609375 SigReg: 5.23426962
std: 1.24902344 ,  0.976074219 SigReg: 5.18414497
std: 0.91015625 ,  0.872558594 SigReg: 5.18414497
std: 1.24121094 ,  1.06347656 SigReg: 5.08057213
std: 1.17480469 ,  0.931640625 SigReg: 5.08057213
std: 1.19140625 ,  0.826660156 SigReg: 6.47384405
std: 1.12792969 ,  1.04296875 SigReg: 6.47384405
std: 1.19726562 ,  0.860839844 SigReg: 5.13944387
std: 1.23144531 ,  0.829589844 SigReg: 5.13944387
std: 1.109375 ,  0.842773438 SigReg: 5.66720676
std: 1.00390625 ,  0.944335938 SigReg: 5.66720676
std: 1.01757812 ,  0.798828125 SigReg: 4.47996902
std: 1.14355469 ,  1.03613281 SigReg: 4.47996902
std: 1.21972656 ,  0.944824219 SigReg: 5.69983912
std: 1.02148438 ,  0.963867188 SigReg: 5.69983912
std: 1.0390625 ,  1.13574219 SigReg: 5.58515739
std: 1.26953125 ,  0.900390625 SigReg: 5.58515739
std: 0.991210938 ,  0.965332031 SigReg: 6.45994091
std: 1.16503906 ,  0.969238281 SigReg: 6.45994091
std: 1.09765625 ,  0.997558594 SigReg: 5.84065962
std: 1.06347656 ,  1.09375 SigReg: 5.84065962
std: 1.08691406 ,  0.783203125 SigReg: 6.7738781
std: 1.08007812 ,  0.794921875 SigReg: 6.7738781
std: 1.05664062 ,  0.963867188 SigReg: 5.79069281
std: 1.02246094 ,  1.03613281 SigReg: 5.79069281
std: 1.09667969 ,  1.05273438 SigReg: 5.36723804
std: 1.08007812 ,  1.00585938 SigReg: 5.36723804
std: 1.05371094 ,  0.894042969 SigReg: 5.00108862
std: 1.14941406 ,  0.969726562 SigReg: 5.00108862
std: 1.1796875 ,  0.868164062 SigReg: 4.95439672
std: 1.06640625 ,  0.996582031 SigReg: 4.95439672
std: 1.11328125 ,  1.08007812 SigReg: 4.68270111
std: 1.05664062 ,  0.881347656 SigReg: 4.68270111
std: 0.991699219 ,  0.923828125 SigReg: 6.48902
std: 1.08691406 ,  0.9921875 SigReg: 6.48902
std: 1.12988281 ,  1.1171875 SigReg: 5.24373627
std: 1.10742188 ,  0.919433594 SigReg: 5.24373627
  Step 250: Backbone Loss = 1.3978, SIGReg Loss = 5.2437 Probe Loss = 383.7787, Acc = 0.4783
std: 1.08007812 ,  0.784179688 SigReg: 5.54881334
std: 0.995605469 ,  0.938964844 SigReg: 5.54881334
std: 1.40429688 ,  0.826660156 SigReg: 5.66571617
std: 1.15332031 ,  0.811035156 SigReg: 5.66571617
std: 1.03417969 ,  1.05078125 SigReg: 5.22961903
std: 1.1015625 ,  1.03027344 SigReg: 5.22961903
std: 1.34960938 ,  0.890625 SigReg: 4.78863049
std: 1.14550781 ,  1.04101562 SigReg: 4.78863049
std: 1.12207031 ,  0.954101562 SigReg: 4.56142473
std: 0.90234375 ,  0.920898438 SigReg: 4.56142473
std: 1.0703125 ,  0.741699219 SigReg: 5.62269115
std: 1.08886719 ,  0.9453125 SigReg: 5.62269115
std: 1.20019531 ,  0.915039062 SigReg: 4.47761297
std: 1.31152344 ,  0.752441406 SigReg: 4.47761297
std: 1.359375 ,  0.815917969 SigReg: 5.26379681
std: 1.20214844 ,  0.970214844 SigReg: 5.26379681
std: 0.96484375 ,  0.796875 SigReg: 5.70445919
std: 1.23925781 ,  0.854980469 SigReg: 5.70445919
std: 1.08789062 ,  0.829589844 SigReg: 5.10027218
std: 1.06640625 ,  0.859863281 SigReg: 5.10027218
std: 1.38867188 ,  0.811035156 SigReg: 5.38529
std: 1.04296875 ,  0.841796875 SigReg: 5.38529
std: 0.989257812 ,  0.793457031 SigReg: 5.46610785
std: 1.20898438 ,  0.951660156 SigReg: 5.46610785
std: 1.12011719 ,  0.862792969 SigReg: 5.41189146
std: 1.10644531 ,  1.00097656 SigReg: 5.41189146
std: 0.99609375 ,  0.959472656 SigReg: 4.79864311
std: 1.20019531 ,  1.0078125 SigReg: 4.79864311
std: 1.11132812 ,  0.9765625 SigReg: 4.87024498
std: 1.06445312 ,  0.954101562 SigReg: 4.87024498
std: 0.944335938 ,  0.79296875 SigReg: 5.19970274
std: 1.20605469 ,  0.905761719 SigReg: 5.19970274
std: 1.03125 ,  1.09765625 SigReg: 5.01270056
std: 1.22558594 ,  0.855957031 SigReg: 5.01270056
std: 1.21386719 ,  0.954589844 SigReg: 5.76140785
std: 1.15234375 ,  0.936035156 SigReg: 5.76140785
std: 1.04003906 ,  0.829101562 SigReg: 5.08109188
std: 1.17089844 ,  0.9453125 SigReg: 5.08109188
std: 0.954101562 ,  0.862304688 SigReg: 5.41014957
std: 1.1875 ,  1.19628906 SigReg: 5.41014957
std: 1.13378906 ,  0.787597656 SigReg: 5.79826546
std: 1.15625 ,  0.942382812 SigReg: 5.79826546
std: 1.21289062 ,  0.908691406 SigReg: 5.73602915
std: 1.13769531 ,  0.946777344 SigReg: 5.73602915
std: 1.14355469 ,  0.854492188 SigReg: 5.58961391
std: 1.1328125 ,  0.873046875 SigReg: 5.58961391
std: 1.18847656 ,  0.868164062 SigReg: 5.35847092
std: 1.25683594 ,  1.03027344 SigReg: 5.35847092
std: 1.26074219 ,  1.0625 SigReg: 5.898808
std: 1.24804688 ,  0.947265625 SigReg: 5.898808
std: 1.38574219 ,  0.850585938 SigReg: 5.90215635
std: 0.997558594 ,  0.893554688 SigReg: 5.90215635
std: 1.20019531 ,  0.794433594 SigReg: 5.90860844
std: 0.98046875 ,  0.991210938 SigReg: 5.90860844
std: 1.26367188 ,  0.803710938 SigReg: 6.09281778
std: 0.943359375 ,  1.00390625 SigReg: 6.09281778
std: 1.24707031 ,  1.03222656 SigReg: 7.65876627
std: 1.04199219 ,  0.731933594 SigReg: 7.65876627
std: 1.16894531 ,  0.755859375 SigReg: 5.87398672
std: 0.958984375 ,  1.1328125 SigReg: 5.87398672
std: 1.03515625 ,  0.987792969 SigReg: 7.44714689
std: 1.3359375 ,  0.931152344 SigReg: 7.44714689
std: 1.23339844 ,  0.813476562 SigReg: 6.42498779
std: 1.17089844 ,  0.779785156 SigReg: 6.42498779
std: 1.17285156 ,  0.968261719 SigReg: 6.00934505
std: 1.3046875 ,  0.95703125 SigReg: 6.00934505
std: 1.21679688 ,  1.05761719 SigReg: 5.78894901
std: 1.32714844 ,  0.971191406 SigReg: 5.78894901
std: 1.21386719 ,  1.03710938 SigReg: 7.35808754
std: 1.07714844 ,  1.13964844 SigReg: 7.35808754
std: 1.08300781 ,  1.015625 SigReg: 5.5455761
std: 1.15527344 ,  1.04003906 SigReg: 5.5455761
std: 1.13964844 ,  0.914550781 SigReg: 5.1619482
std: 1.36914062 ,  0.904785156 SigReg: 5.1619482
std: 1.21875 ,  1.11035156 SigReg: 5.78464127
std: 1.11816406 ,  0.936035156 SigReg: 5.78464127
std: 1.13378906 ,  0.908203125 SigReg: 5.18514252
std: 0.996582031 ,  1.13378906 SigReg: 5.18514252
std: 1.03417969 ,  0.968261719 SigReg: 6.84195709
std: 1.05371094 ,  1.11914062 SigReg: 6.84195709
std: 1.12402344 ,  0.891113281 SigReg: 5.63655424
std: 1.25195312 ,  1.0625 SigReg: 5.63655424
std: 1.26855469 ,  1.09179688 SigReg: 5.5213542
std: 1.14355469 ,  0.824707031 SigReg: 5.5213542
std: 1.19824219 ,  0.951660156 SigReg: 5.10171127
std: 1.16113281 ,  1.22070312 SigReg: 5.10171127
std: 1.10546875 ,  0.931152344 SigReg: 4.87564373
std: 1.22265625 ,  1.04589844 SigReg: 4.87564373
std: 1.19042969 ,  1.0625 SigReg: 5.16580629
std: 1.14648438 ,  0.942382812 SigReg: 5.16580629
std: 1.28808594 ,  1.02929688 SigReg: 5.36222267
std: 1.20703125 ,  1.25390625 SigReg: 5.36222267
std: 1.22070312 ,  1.03417969 SigReg: 4.58466959
std: 1.28710938 ,  0.833007812 SigReg: 4.58466959
std: 1.1015625 ,  1.06640625 SigReg: 5.60146189
std: 1.328125 ,  1.00195312 SigReg: 5.60146189
std: 1.17773438 ,  1.18164062 SigReg: 5.2083497
std: 1.33105469 ,  1.00488281 SigReg: 5.2083497
std: 1.47851562 ,  0.869628906 SigReg: 5.92826223
std: 1.20507812 ,  0.913085938 SigReg: 5.92826223
  Step 300: Backbone Loss = 1.4207, SIGReg Loss = 5.9283 Probe Loss = 381.4230, Acc = 0.5233
std: 1.36230469 ,  0.980957031 SigReg: 5.13023901
std: 1.24804688 ,  0.916015625 SigReg: 5.13023901
std: 1.15722656 ,  1.11035156 SigReg: 7.0474453
std: 1.07519531 ,  1.05957031 SigReg: 7.0474453
std: 1.25878906 ,  1.01171875 SigReg: 5.62250614
std: 1.08300781 ,  1.140625 SigReg: 5.62250614
std: 1.17578125 ,  1.01757812 SigReg: 5.63266373
std: 1.09472656 ,  1.08007812 SigReg: 5.63266373
std: 1.29003906 ,  1.08203125 SigReg: 6.10196877
std: 1.11523438 ,  1.07617188 SigReg: 6.10196877
std: 1.04296875 ,  1.12792969 SigReg: 5.35009
std: 1.234375 ,  0.836914062 SigReg: 5.35009
Epoch 3 finished in 247.34s.
  Avg Backbone Loss: 1.3823
  Avg Probe Loss:    383.3247
  Avg Probe Accuracy: 0.5021

Epoch 4/100
std: 1.1796875 ,  0.91796875 SigReg: 5.92069292
std: 1.06640625 ,  1.13378906 SigReg: 5.92069292
  Step 0: Backbone Loss = 1.4014, SIGReg Loss = 5.9207 Probe Loss = 383.0505, Acc = 0.4321
std: 1.25585938 ,  1.03222656 SigReg: 6.12489557
std: 1.11523438 ,  0.951171875 SigReg: 6.12489557
std: 1.26367188 ,  1.11816406 SigReg: 5.20167923
std: 1.29980469 ,  1.06835938 SigReg: 5.20167923
std: 1.02929688 ,  0.755859375 SigReg: 6.45224142
std: 1.01953125 ,  0.919433594 SigReg: 6.45224142
std: 1.11621094 ,  1.30957031 SigReg: 6.02993584
std: 1.33789062 ,  1.0390625 SigReg: 6.02993584
std: 1.27246094 ,  1.31933594 SigReg: 5.24944115
std: 1.15429688 ,  0.879882812 SigReg: 5.24944115
std: 1.1015625 ,  1.09179688 SigReg: 5.32388687
std: 1.13964844 ,  1.0625 SigReg: 5.32388687
std: 1.14648438 ,  0.978515625 SigReg: 5.68256664
std: 1.140625 ,  0.942382812 SigReg: 5.68256664
std: 1.33105469 ,  0.935058594 SigReg: 7.23423576
std: 1.31835938 ,  1.04589844 SigReg: 7.23423576
std: 1.29394531 ,  1.02832031 SigReg: 6.10067701
std: 1.12207031 ,  1.17578125 SigReg: 6.10067701
std: 1.02050781 ,  0.956054688 SigReg: 5.42515087
std: 1.25488281 ,  1.06152344 SigReg: 5.42515087
std: 0.973144531 ,  1.10644531 SigReg: 5.82244682
std: 0.9921875 ,  0.998046875 SigReg: 5.82244682
std: 1.25683594 ,  1.14941406 SigReg: 5.9397068
std: 0.936523438 ,  1.12695312 SigReg: 5.9397068
std: 1.09375 ,  0.9765625 SigReg: 5.38143635
std: 1.19726562 ,  1.05957031 SigReg: 5.38143635
std: 1.23632812 ,  0.953125 SigReg: 5.66379642
std: 1.34570312 ,  1.04785156 SigReg: 5.66379642
std: 1.07714844 ,  0.985839844 SigReg: 5.61841869
std: 1.09179688 ,  1.21484375 SigReg: 5.61841869
std: 1.359375 ,  1.12695312 SigReg: 5.50452042
std: 1.04003906 ,  1.078125 SigReg: 5.50452042
std: 1.1328125 ,  1.11523438 SigReg: 5.85983086
std: 1.31152344 ,  1.22558594 SigReg: 5.85983086
std: 1.20214844 ,  1.07617188 SigReg: 5.17528105
std: 1.09375 ,  0.98046875 SigReg: 5.17528105
std: 1.05273438 ,  1.01660156 SigReg: 5.10805416
std: 1.19628906 ,  1.10351562 SigReg: 5.10805416
std: 1.12890625 ,  1.23828125 SigReg: 5.84456921
std: 1.33398438 ,  1.15820312 SigReg: 5.84456921
std: 1.22460938 ,  1.06542969 SigReg: 5.83941746
std: 1.08300781 ,  1.08886719 SigReg: 5.83941746
std: 1.13964844 ,  0.958007812 SigReg: 5.70944118
std: 1.09960938 ,  0.982910156 SigReg: 5.70944118
std: 1.20019531 ,  0.920410156 SigReg: 5.77635717
std: 1.06054688 ,  1.14257812 SigReg: 5.77635717
std: 1.21972656 ,  1.02441406 SigReg: 5.33188295
std: 0.916015625 ,  1.00097656 SigReg: 5.33188295
std: 1.09375 ,  1.24707031 SigReg: 5.98284
std: 0.908203125 ,  1.08691406 SigReg: 5.98284
std: 1.10546875 ,  1.1640625 SigReg: 6.840909
std: 1.08105469 ,  1.14257812 SigReg: 6.840909
std: 1.21972656 ,  0.869628906 SigReg: 5.47026968
std: 1.06835938 ,  0.986328125 SigReg: 5.47026968
std: 1.09082031 ,  1.1875 SigReg: 4.77281332
std: 1.1328125 ,  1.05761719 SigReg: 4.77281332
std: 1.09960938 ,  1.01855469 SigReg: 5.23278856
std: 1.21582031 ,  1.18066406 SigReg: 5.23278856
std: 1.1171875 ,  0.842773438 SigReg: 4.74086189
std: 1.04199219 ,  0.987792969 SigReg: 4.74086189
std: 1.27441406 ,  1.09472656 SigReg: 5.04206419
std: 1.29003906 ,  0.921875 SigReg: 5.04206419
std: 0.989257812 ,  1.11132812 SigReg: 4.99333048
std: 1.16601562 ,  1.0234375 SigReg: 4.99333048
std: 1.29101562 ,  0.923828125 SigReg: 5.4124074
std: 1.16699219 ,  1.34765625 SigReg: 5.4124074
std: 1.24511719 ,  0.969726562 SigReg: 5.1588006
std: 1.26269531 ,  0.971191406 SigReg: 5.1588006
std: 1.17773438 ,  1.08789062 SigReg: 6.59366512
std: 1.16210938 ,  0.952148438 SigReg: 6.59366512
std: 1.06738281 ,  1.33007812 SigReg: 5.7226305
std: 1.29785156 ,  0.947753906 SigReg: 5.7226305
std: 1.05859375 ,  0.803710938 SigReg: 5.49908781
std: 1.06054688 ,  1.09082031 SigReg: 5.49908781
std: 1.01367188 ,  0.95703125 SigReg: 5.30846453
std: 1.17578125 ,  1.01171875 SigReg: 5.30846453
std: 1.0390625 ,  1.12402344 SigReg: 5.21924591
std: 1.1328125 ,  0.951660156 SigReg: 5.21924591
std: 1.44628906 ,  0.932128906 SigReg: 6.37192345
std: 1.21484375 ,  0.994140625 SigReg: 6.37192345
std: 1.41894531 ,  0.928222656 SigReg: 7.23540545
std: 1.27050781 ,  1.04980469 SigReg: 7.23540545
std: 1.06640625 ,  1.04003906 SigReg: 6.67622423
std: 1.1875 ,  0.874511719 SigReg: 6.67622423
std: 1.10351562 ,  0.812011719 SigReg: 8.11902332
std: 1.09375 ,  0.959960938 SigReg: 8.11902332
std: 1.08007812 ,  0.8984375 SigReg: 5.85233307
std: 1.16503906 ,  0.904785156 SigReg: 5.85233307
std: 1.13964844 ,  0.916503906 SigReg: 6.14779568
std: 1.29785156 ,  0.994628906 SigReg: 6.14779568
std: 1.30078125 ,  0.975097656 SigReg: 6.82145834
std: 1.20410156 ,  0.8828125 SigReg: 6.82145834
std: 1.29296875 ,  0.819335938 SigReg: 7.043
std: 1.19433594 ,  1.00878906 SigReg: 7.043
std: 1.27734375 ,  0.908203125 SigReg: 6.58888102
std: 1.12695312 ,  0.899902344 SigReg: 6.58888102
std: 1.26074219 ,  0.988769531 SigReg: 5.540061
std: 1.27832031 ,  0.852539062 SigReg: 5.540061
std: 1.15039062 ,  0.719238281 SigReg: 6.15837431
std: 1.25878906 ,  0.880859375 SigReg: 6.15837431
  Step 50: Backbone Loss = 1.4643, SIGReg Loss = 6.1584 Probe Loss = 387.2270, Acc = 0.4736
std: 1.2578125 ,  0.816894531 SigReg: 6.49308491
std: 1.33789062 ,  0.852539062 SigReg: 6.49308491
std: 1.40332031 ,  0.818359375 SigReg: 5.96978807
std: 1.28417969 ,  0.778320312 SigReg: 5.96978807
std: 1.22949219 ,  0.845703125 SigReg: 6.50576687
std: 1.19335938 ,  0.9140625 SigReg: 6.50576687
std: 1.27636719 ,  0.845703125 SigReg: 5.65532732
std: 1.31347656 ,  0.698242188 SigReg: 5.65532732
std: 1.15820312 ,  0.829101562 SigReg: 8.11601162
std: 1.17773438 ,  0.877441406 SigReg: 8.11601162
std: 1.1796875 ,  0.94140625 SigReg: 7.75132322
std: 1.00878906 ,  0.798339844 SigReg: 7.75132322
std: 1.29785156 ,  0.895019531 SigReg: 7.15995073
std: 1.25 ,  0.959960938 SigReg: 7.15995073
std: 1.19726562 ,  0.887695312 SigReg: 7.75853634
std: 1.19433594 ,  0.958984375 SigReg: 7.75853634
std: 1.28320312 ,  0.871582031 SigReg: 7.38092852
std: 1.32714844 ,  0.915527344 SigReg: 7.38092852
std: 1.19921875 ,  0.816894531 SigReg: 7.15303183
std: 1.23535156 ,  0.779785156 SigReg: 7.15303183
std: 1.29980469 ,  0.795898438 SigReg: 5.82480145
std: 1.20214844 ,  0.838378906 SigReg: 5.82480145
std: 1.15429688 ,  0.846191406 SigReg: 8.92451859
std: 0.956542969 ,  0.939453125 SigReg: 8.92451859
std: 1.11621094 ,  0.796386719 SigReg: 8.89642
std: 1.04296875 ,  0.910644531 SigReg: 8.89642
std: 1.25976562 ,  0.928222656 SigReg: 15.1915512
std: 1.06152344 ,  0.860839844 SigReg: 15.1915512
std: 0.988769531 ,  0.74609375 SigReg: 9.03576
std: 0.701171875 ,  0.965332031 SigReg: 9.03576
std: 1.08398438 ,  0.92578125 SigReg: 8.21631622
std: 1.05664062 ,  0.853027344 SigReg: 8.21631622
std: 0.966308594 ,  0.779296875 SigReg: 7.02360964
std: 1.07324219 ,  0.881835938 SigReg: 7.02360964
std: 1.06054688 ,  0.899414062 SigReg: 8.46687698
std: 1.1875 ,  0.905273438 SigReg: 8.46687698
std: 1.24023438 ,  0.953125 SigReg: 8.56011677
std: 1.18457031 ,  0.834472656 SigReg: 8.56011677
std: 1.26660156 ,  0.948730469 SigReg: 7.82350445
std: 1.08007812 ,  0.857421875 SigReg: 7.82350445
std: 1.10058594 ,  0.967285156 SigReg: 7.90747
std: 1.12207031 ,  1.00878906 SigReg: 7.90747
std: 1.06835938 ,  0.860839844 SigReg: 8.44438648
std: 1.25683594 ,  0.91015625 SigReg: 8.44438648
std: 1.00878906 ,  0.954589844 SigReg: 7.45244217
std: 1.16113281 ,  0.886230469 SigReg: 7.45244217
std: 1.14160156 ,  0.818847656 SigReg: 6.77118587
std: 1.08984375 ,  0.890625 SigReg: 6.77118587
std: 1.28417969 ,  0.801757812 SigReg: 7.31212378
std: 1.03613281 ,  0.932617188 SigReg: 7.31212378
std: 1.18261719 ,  0.871582031 SigReg: 6.27502537
std: 1.13085938 ,  0.9140625 SigReg: 6.27502537
std: 1.22070312 ,  0.934570312 SigReg: 7.09613228
std: 1.25683594 ,  0.915039062 SigReg: 7.09613228
std: 1.42382812 ,  0.946289062 SigReg: 7.03518391
std: 1.14355469 ,  0.932128906 SigReg: 7.03518391
std: 1.22265625 ,  0.905761719 SigReg: 6.96448
std: 1.35742188 ,  0.9765625 SigReg: 6.96448
std: 1.31347656 ,  0.939941406 SigReg: 6.79042101
std: 1.02050781 ,  0.845703125 SigReg: 6.79042101
std: 1.03027344 ,  0.875976562 SigReg: 6.75014734
std: 1.02734375 ,  0.946777344 SigReg: 6.75014734
std: 1.390625 ,  0.823730469 SigReg: 7.24334335
std: 1.05859375 ,  0.994628906 SigReg: 7.24334335
std: 1.25292969 ,  0.840332031 SigReg: 6.49090195
std: 1.25292969 ,  0.901855469 SigReg: 6.49090195
std: 1.2890625 ,  0.911621094 SigReg: 8.53462315
std: 1.31835938 ,  0.966308594 SigReg: 8.53462315
std: 1.1875 ,  0.782714844 SigReg: 9.736763
std: 1.0546875 ,  0.946289062 SigReg: 9.736763
std: 0.935546875 ,  0.928222656 SigReg: 8.2178669
std: 1.23144531 ,  0.960449219 SigReg: 8.2178669
std: 1.31640625 ,  0.729003906 SigReg: 7.47030973
std: 1.35742188 ,  1.03222656 SigReg: 7.47030973
std: 1.28710938 ,  0.928222656 SigReg: 7.36502743
std: 1.42773438 ,  0.948242188 SigReg: 7.36502743
std: 1.26953125 ,  0.903320312 SigReg: 7.13538647
std: 1.1171875 ,  0.872070312 SigReg: 7.13538647
std: 1.13964844 ,  1.11230469 SigReg: 6.68819761
std: 1.15234375 ,  0.943847656 SigReg: 6.68819761
std: 1 ,  0.833984375 SigReg: 8.45763683
std: 1.23828125 ,  1.03125 SigReg: 8.45763683
std: 1.41601562 ,  0.905273438 SigReg: 6.89979458
std: 1.25 ,  0.912109375 SigReg: 6.89979458
std: 1.47558594 ,  0.909179688 SigReg: 6.99575853
std: 1.15039062 ,  1.015625 SigReg: 6.99575853
std: 1.25585938 ,  0.935058594 SigReg: 7.61291742
std: 1.26171875 ,  0.901855469 SigReg: 7.61291742
std: 1.37792969 ,  1.01269531 SigReg: 10.7720394
std: 1.26074219 ,  0.950195312 SigReg: 10.7720394
std: 1.32519531 ,  0.983886719 SigReg: 7.39190817
std: 1.18164062 ,  0.860839844 SigReg: 7.39190817
std: 1.1328125 ,  0.897460938 SigReg: 7.47843
std: 1.2578125 ,  0.913574219 SigReg: 7.47843
std: 1.09082031 ,  0.940917969 SigReg: 6.97064209
std: 1.16796875 ,  0.984375 SigReg: 6.97064209
std: 1.28320312 ,  0.831054688 SigReg: 7.26295
std: 1.36425781 ,  0.829589844 SigReg: 7.26295
std: 1.35351562 ,  0.935058594 SigReg: 7.64816284
std: 1.23339844 ,  0.812011719 SigReg: 7.64816284
  Step 100: Backbone Loss = 1.4293, SIGReg Loss = 7.6482 Probe Loss = 379.2281, Acc = 0.5214
std: 1.17578125 ,  0.882324219 SigReg: 7.1663065
std: 1.16796875 ,  0.997070312 SigReg: 7.1663065
std: 0.965820312 ,  0.734375 SigReg: 6.94749784
std: 1.18359375 ,  0.825195312 SigReg: 6.94749784
std: 1.06738281 ,  0.90234375 SigReg: 8.13239479
std: 1.15234375 ,  0.840332031 SigReg: 8.13239479
std: 1.26464844 ,  0.951660156 SigReg: 6.78485346
std: 1.22851562 ,  0.969726562 SigReg: 6.78485346
std: 1.00878906 ,  0.990722656 SigReg: 7.05639458
std: 1.171875 ,  0.895507812 SigReg: 7.05639458
std: 1.12890625 ,  0.890625 SigReg: 7.01075172
std: 0.981933594 ,  0.822753906 SigReg: 7.01075172
std: 1.07910156 ,  1.02832031 SigReg: 6.60678625
std: 1.05859375 ,  0.898925781 SigReg: 6.60678625
std: 1.16210938 ,  1.0078125 SigReg: 7.31916189
std: 0.954101562 ,  0.973144531 SigReg: 7.31916189
std: 1.29394531 ,  1.07617188 SigReg: 6.94060278
std: 1.046875 ,  0.905761719 SigReg: 6.94060278
std: 1.03710938 ,  1.12109375 SigReg: 5.92750454
std: 1.38476562 ,  1.08691406 SigReg: 5.92750454
std: 1.02734375 ,  1.0625 SigReg: 6.22674561
std: 1.2265625 ,  1.10644531 SigReg: 6.22674561
std: 1.17285156 ,  1.10839844 SigReg: 6.98603249
std: 1.01757812 ,  1.01953125 SigReg: 6.98603249
std: 0.984863281 ,  0.931640625 SigReg: 7.10033894
std: 1.16503906 ,  0.950683594 SigReg: 7.10033894
std: 1.21777344 ,  1.07128906 SigReg: 6.09883
std: 1.12597656 ,  0.928222656 SigReg: 6.09883
std: 1.21777344 ,  1.11132812 SigReg: 6.24687815
std: 1.03417969 ,  1.0234375 SigReg: 6.24687815
std: 1.0625 ,  0.859863281 SigReg: 5.90201092
std: 1.10449219 ,  0.924316406 SigReg: 5.90201092
std: 1.21386719 ,  0.944335938 SigReg: 7.0932622
std: 1.02441406 ,  0.9453125 SigReg: 7.0932622
std: 1.19335938 ,  0.955566406 SigReg: 6.9090519
std: 1.26757812 ,  0.905761719 SigReg: 6.9090519
std: 1.19042969 ,  0.973144531 SigReg: 7.05923605
std: 1.08691406 ,  1.03222656 SigReg: 7.05923605
std: 1.05273438 ,  0.878417969 SigReg: 5.97388
std: 1.12988281 ,  1.19042969 SigReg: 5.97388
std: 1.09472656 ,  1.10839844 SigReg: 6.16566086
std: 1.08984375 ,  0.955078125 SigReg: 6.16566086
std: 1.03515625 ,  0.916503906 SigReg: 6.05963039
std: 1.10351562 ,  0.920898438 SigReg: 6.05963039
std: 1.17871094 ,  1.12890625 SigReg: 6.79765081
std: 1.28320312 ,  0.979980469 SigReg: 6.79765081
std: 0.935058594 ,  1.12988281 SigReg: 6.40286303
std: 1.11425781 ,  1.00585938 SigReg: 6.40286303
std: 1.10546875 ,  1.09277344 SigReg: 7.0900836
std: 1.10644531 ,  1.015625 SigReg: 7.0900836
std: 0.969726562 ,  1.02148438 SigReg: 7.76544094
std: 0.937011719 ,  1.0625 SigReg: 7.76544094
std: 1.22949219 ,  1.02148438 SigReg: 6.30872917
std: 1.03417969 ,  1.01660156 SigReg: 6.30872917
std: 1.19726562 ,  0.904785156 SigReg: 6.27695751
std: 1.1171875 ,  1.00488281 SigReg: 6.27695751
std: 1.08105469 ,  1.01269531 SigReg: 6.51413584
std: 1.0078125 ,  0.842773438 SigReg: 6.51413584
std: 1.07617188 ,  0.899902344 SigReg: 6.82726049
std: 0.937988281 ,  0.877441406 SigReg: 6.82726049
std: 1.06445312 ,  0.975097656 SigReg: 5.93457651
std: 1.07910156 ,  0.8984375 SigReg: 5.93457651
std: 1.10644531 ,  1.10449219 SigReg: 5.84042692
std: 1.20996094 ,  1.06738281 SigReg: 5.84042692
std: 1.04882812 ,  0.978027344 SigReg: 5.76966333
std: 1.20019531 ,  1.02148438 SigReg: 5.76966333
std: 1.06640625 ,  0.975585938 SigReg: 7.03089333
std: 0.965820312 ,  1.03417969 SigReg: 7.03089333
std: 1.18261719 ,  0.993652344 SigReg: 6.38559675
std: 1.1640625 ,  1.07421875 SigReg: 6.38559675
std: 1.02246094 ,  1.02148438 SigReg: 6.52424192
std: 1.10058594 ,  1.06152344 SigReg: 6.52424192
std: 1.20703125 ,  1.00683594 SigReg: 5.91724443
std: 1.11914062 ,  0.784179688 SigReg: 5.91724443
std: 1.01074219 ,  1.11816406 SigReg: 6.90320969
std: 1.28320312 ,  1.02929688 SigReg: 6.90320969
std: 1.0234375 ,  0.989746094 SigReg: 7.21552658
std: 1.14746094 ,  0.895507812 SigReg: 7.21552658
std: 1.11816406 ,  0.867675781 SigReg: 5.43842268
std: 1.32128906 ,  0.943359375 SigReg: 5.43842268
std: 1.08203125 ,  1.11621094 SigReg: 7.20759153
std: 1.15234375 ,  1.15136719 SigReg: 7.20759153
std: 1.08398438 ,  1.02246094 SigReg: 6.25992966
std: 1.16894531 ,  1.03125 SigReg: 6.25992966
std: 1.14160156 ,  1.08984375 SigReg: 8.29896832
std: 1.15722656 ,  1.08300781 SigReg: 8.29896832
std: 1.21191406 ,  1.26855469 SigReg: 6.45276165
std: 1.16015625 ,  0.952148438 SigReg: 6.45276165
std: 1.00488281 ,  0.924316406 SigReg: 6.40526676
std: 1.25390625 ,  0.971191406 SigReg: 6.40526676
std: 1.328125 ,  0.918945312 SigReg: 6.48352671
std: 1.17089844 ,  0.935058594 SigReg: 6.48352671
std: 1.11132812 ,  0.927246094 SigReg: 5.72750473
std: 1.00390625 ,  0.880371094 SigReg: 5.72750473
std: 1.07910156 ,  0.893066406 SigReg: 7.05659294
std: 1.37890625 ,  1.09570312 SigReg: 7.05659294
std: 1.28613281 ,  0.954101562 SigReg: 8.21102333
std: 1.15625 ,  1.03710938 SigReg: 8.21102333
std: 1.12988281 ,  0.943847656 SigReg: 6.13323307
std: 1.13183594 ,  0.904785156 SigReg: 6.13323307
  Step 150: Backbone Loss = 1.3638, SIGReg Loss = 6.1332 Probe Loss = 376.3947, Acc = 0.5201
std: 1.17773438 ,  1.07128906 SigReg: 6.1194191
std: 1.12109375 ,  0.91015625 SigReg: 6.1194191
std: 1.12695312 ,  0.978515625 SigReg: 6.48710155
std: 1.09960938 ,  0.963378906 SigReg: 6.48710155
std: 1.17285156 ,  1.04394531 SigReg: 5.99507189
std: 1.22460938 ,  1.015625 SigReg: 5.99507189
std: 1.32519531 ,  1.04394531 SigReg: 5.60887146
std: 1.23828125 ,  1.04394531 SigReg: 5.60887146
std: 1.16113281 ,  0.907714844 SigReg: 6.12956524
std: 1.40625 ,  0.932128906 SigReg: 6.12956524
std: 1.20800781 ,  1.01660156 SigReg: 7.43684769
std: 1.37207031 ,  1.05273438 SigReg: 7.43684769
std: 1.24707031 ,  0.942871094 SigReg: 7.02371883
std: 1.140625 ,  1.04101562 SigReg: 7.02371883
std: 1.32910156 ,  1.04492188 SigReg: 7.23518562
std: 1.26367188 ,  0.949707031 SigReg: 7.23518562
std: 1.30664062 ,  0.833496094 SigReg: 6.75671768
std: 1.23632812 ,  1.03515625 SigReg: 6.75671768
std: 1.2734375 ,  1.01464844 SigReg: 7.8400116
std: 1.25292969 ,  0.866699219 SigReg: 7.8400116
std: 1.27050781 ,  0.73828125 SigReg: 8.21652508
std: 1.03710938 ,  0.940429688 SigReg: 8.21652508
std: 1.08886719 ,  0.876953125 SigReg: 7.40442371
std: 1.15625 ,  0.895507812 SigReg: 7.40442371
std: 1.00683594 ,  0.895019531 SigReg: 6.86832333
std: 0.999023438 ,  1.04492188 SigReg: 6.86832333
std: 1.19335938 ,  1.02246094 SigReg: 6.49889278
std: 1.42382812 ,  0.933105469 SigReg: 6.49889278
std: 1.18945312 ,  0.956542969 SigReg: 7.48767138
std: 1.13476562 ,  0.865234375 SigReg: 7.48767138
std: 1.19335938 ,  1.03125 SigReg: 6.90880394
std: 1.19238281 ,  0.958984375 SigReg: 6.90880394
std: 1.22167969 ,  0.948730469 SigReg: 7.49194479
std: 1.28613281 ,  1.01757812 SigReg: 7.49194479
std: 1.359375 ,  1.03222656 SigReg: 9.71294403
std: 1.14941406 ,  1.0625 SigReg: 9.71294403
std: 1.22460938 ,  0.98828125 SigReg: 7.27236032
std: 1.37695312 ,  0.998046875 SigReg: 7.27236032
std: 1.36132812 ,  1.08789062 SigReg: 7.49931288
std: 1.37695312 ,  1.078125 SigReg: 7.49931288
std: 1.29296875 ,  0.883789062 SigReg: 7.44049931
std: 1.31738281 ,  0.846679688 SigReg: 7.44049931
std: 1.24804688 ,  1.09375 SigReg: 7.5919714
std: 1.26757812 ,  0.957519531 SigReg: 7.5919714
std: 1.296875 ,  1.04394531 SigReg: 6.64320278
std: 1.28417969 ,  1.09863281 SigReg: 6.64320278
std: 1.33007812 ,  1.0234375 SigReg: 5.77044821
std: 1.23632812 ,  1.11425781 SigReg: 5.77044821
std: 0.966796875 ,  1.02050781 SigReg: 7.88949871
std: 1.26074219 ,  1.02148438 SigReg: 7.88949871
std: 1.10742188 ,  0.96484375 SigReg: 5.80215883
std: 1.30664062 ,  0.877929688 SigReg: 5.80215883
std: 1.20605469 ,  0.985839844 SigReg: 6.43884134
std: 1.3125 ,  0.772460938 SigReg: 6.43884134
std: 1.22460938 ,  0.940429688 SigReg: 5.75500202
std: 1.12695312 ,  0.9453125 SigReg: 5.75500202
std: 1.24023438 ,  0.965332031 SigReg: 5.74340343
std: 1.19433594 ,  0.973632812 SigReg: 5.74340343
std: 1.12695312 ,  0.857910156 SigReg: 8.46282
std: 1.13867188 ,  0.919433594 SigReg: 8.46282
std: 1.20800781 ,  0.881347656 SigReg: 6.63734
std: 1.17480469 ,  0.875976562 SigReg: 6.63734
std: 1.10644531 ,  1.13378906 SigReg: 7.20507
std: 1.453125 ,  0.969238281 SigReg: 7.20507
std: 1.29589844 ,  0.859375 SigReg: 8.09593296
std: 1.31738281 ,  1.07226562 SigReg: 8.09593296
std: 1.21191406 ,  0.951171875 SigReg: 6.81571865
std: 1.34082031 ,  0.969238281 SigReg: 6.81571865
std: 1.20507812 ,  0.920898438 SigReg: 6.49337149
std: 1.22558594 ,  0.883789062 SigReg: 6.49337149
std: 1.0546875 ,  0.822753906 SigReg: 7.30138588
std: 1.4765625 ,  0.991699219 SigReg: 7.30138588
std: 1.0625 ,  0.990234375 SigReg: 7.89136314
std: 1.41015625 ,  0.755859375 SigReg: 7.89136314
std: 1.30273438 ,  0.99609375 SigReg: 6.23449
std: 1.39355469 ,  0.959472656 SigReg: 6.23449
std: 1.43164062 ,  0.927246094 SigReg: 8.25257683
std: 1.421875 ,  0.750976562 SigReg: 8.25257683
std: 1.30957031 ,  0.767578125 SigReg: 5.93637228
std: 1.30664062 ,  0.825195312 SigReg: 5.93637228
std: 1.36328125 ,  0.839355469 SigReg: 6.84870529
std: 1.23925781 ,  0.971191406 SigReg: 6.84870529
std: 1.28808594 ,  0.867675781 SigReg: 7.14005947
std: 1.31152344 ,  0.931152344 SigReg: 7.14005947
std: 1.19140625 ,  0.973144531 SigReg: 7.09392643
std: 1.23535156 ,  0.904785156 SigReg: 7.09392643
std: 1.37792969 ,  1.0390625 SigReg: 5.97657537
std: 1.1640625 ,  0.866699219 SigReg: 5.97657537
std: 1.44042969 ,  0.840332031 SigReg: 6.54895496
std: 1.22070312 ,  0.891113281 SigReg: 6.54895496
std: 1.12890625 ,  0.859375 SigReg: 6.33812571
std: 1.31835938 ,  0.96484375 SigReg: 6.33812571
std: 1.23925781 ,  0.960449219 SigReg: 6.75404263
std: 1.13574219 ,  0.91015625 SigReg: 6.75404263
std: 1.15527344 ,  0.83984375 SigReg: 6.86208487
std: 1.2265625 ,  1.02734375 SigReg: 6.86208487
std: 1.23339844 ,  1.00195312 SigReg: 5.63350582
std: 1.11914062 ,  0.781738281 SigReg: 5.63350582
std: 1.22851562 ,  1.06640625 SigReg: 5.75102806
std: 1.1171875 ,  0.910644531 SigReg: 5.75102806
  Step 200: Backbone Loss = 1.3273, SIGReg Loss = 5.7510 Probe Loss = 376.5579, Acc = 0.4983
std: 1.24902344 ,  0.879394531 SigReg: 7.40655851
std: 1.18066406 ,  0.900390625 SigReg: 7.40655851
std: 1.1640625 ,  0.965820312 SigReg: 6.19196606
std: 1.13574219 ,  0.848632812 SigReg: 6.19196606
std: 1.18164062 ,  0.979980469 SigReg: 7.39242268
std: 1.19042969 ,  0.937011719 SigReg: 7.39242268
std: 1.35742188 ,  1.02539062 SigReg: 6.63370562
std: 1.33300781 ,  0.963378906 SigReg: 6.63370562
std: 1.36816406 ,  0.747070312 SigReg: 6.50302076
std: 1.29492188 ,  0.990722656 SigReg: 6.50302076
std: 1.25292969 ,  0.84765625 SigReg: 7.53782511
std: 1.08007812 ,  0.933105469 SigReg: 7.53782511
std: 1.421875 ,  0.799804688 SigReg: 7.47023582
std: 1.27734375 ,  0.928222656 SigReg: 7.47023582
std: 1.45019531 ,  1.01757812 SigReg: 7.03226471
std: 1.24707031 ,  0.924316406 SigReg: 7.03226471
std: 1.20605469 ,  0.833007812 SigReg: 6.77612734
std: 1.33105469 ,  0.906738281 SigReg: 6.77612734
std: 1.23730469 ,  0.908203125 SigReg: 5.51585722
std: 1.21289062 ,  0.847167969 SigReg: 5.51585722
std: 1.30957031 ,  0.886230469 SigReg: 6.95020103
std: 1.14257812 ,  0.977539062 SigReg: 6.95020103
std: 1.22460938 ,  0.957519531 SigReg: 6.51695299
std: 1.22070312 ,  0.966308594 SigReg: 6.51695299
std: 1.30566406 ,  0.796386719 SigReg: 6.34515953
std: 1.40136719 ,  0.934082031 SigReg: 6.34515953
std: 1.27636719 ,  1.015625 SigReg: 6.89161444
std: 1.2109375 ,  0.838867188 SigReg: 6.89161444
std: 1.36035156 ,  0.80078125 SigReg: 7.90426302
std: 1.33398438 ,  0.851074219 SigReg: 7.90426302
std: 1.46679688 ,  0.888671875 SigReg: 6.01539135
std: 1.19238281 ,  0.911132812 SigReg: 6.01539135
std: 1.27929688 ,  0.944335938 SigReg: 6.6572814
std: 1.41796875 ,  0.760742188 SigReg: 6.6572814
std: 1.37597656 ,  0.975585938 SigReg: 5.30616
std: 1.1640625 ,  0.818847656 SigReg: 5.30616
std: 1.15234375 ,  0.929199219 SigReg: 6.67437077
std: 1.42578125 ,  0.788574219 SigReg: 6.67437077
std: 1.31542969 ,  0.876953125 SigReg: 5.70784
std: 1.421875 ,  0.959960938 SigReg: 5.70784
std: 1.1796875 ,  0.991210938 SigReg: 7.59527493
std: 1.05859375 ,  0.874511719 SigReg: 7.59527493
std: 1.18066406 ,  0.929199219 SigReg: 6.28288412
std: 1.44140625 ,  0.963867188 SigReg: 6.28288412
std: 1.36035156 ,  0.90234375 SigReg: 7.11719131
std: 1.30371094 ,  0.744140625 SigReg: 7.11719131
std: 1.10449219 ,  0.993164062 SigReg: 7.06402397
std: 1.34179688 ,  0.812988281 SigReg: 7.06402397
std: 1.10351562 ,  0.813476562 SigReg: 7.3852
std: 1.46679688 ,  0.921386719 SigReg: 7.3852
std: 1.22265625 ,  0.993164062 SigReg: 5.98367691
std: 1.2421875 ,  1.02734375 SigReg: 5.98367691
std: 1.28125 ,  0.909667969 SigReg: 7.21023464
std: 1.56835938 ,  0.797363281 SigReg: 7.21023464
std: 1.32910156 ,  0.792480469 SigReg: 7.47467899
std: 1.32128906 ,  0.954589844 SigReg: 7.47467899
std: 1.23339844 ,  0.735351562 SigReg: 8.11936283
std: 1.29980469 ,  0.83984375 SigReg: 8.11936283
std: 1.41503906 ,  0.977539062 SigReg: 7.99258375
std: 1.38964844 ,  1.03027344 SigReg: 7.99258375
std: 1.234375 ,  0.871582031 SigReg: 8.38336182
std: 1.43945312 ,  1.07519531 SigReg: 8.38336182
std: 1.43847656 ,  0.815429688 SigReg: 6.73423624
std: 1.22851562 ,  0.929199219 SigReg: 6.73423624
std: 1.42285156 ,  0.921386719 SigReg: 7.2367239
std: 1.33984375 ,  0.931152344 SigReg: 7.2367239
std: 1.36816406 ,  0.89453125 SigReg: 7.83665657
std: 1.25292969 ,  0.823242188 SigReg: 7.83665657
std: 1.35742188 ,  0.868164062 SigReg: 8.73602
std: 1.47070312 ,  0.9453125 SigReg: 8.73602
std: 1.37988281 ,  0.946777344 SigReg: 7.01337814
std: 1.2890625 ,  1.07519531 SigReg: 7.01337814
std: 1.37011719 ,  0.91796875 SigReg: 7.11324549
std: 1.33691406 ,  1.18847656 SigReg: 7.11324549
std: 1.3125 ,  1.01855469 SigReg: 7.77512646
std: 1.46582031 ,  0.938476562 SigReg: 7.77512646
std: 1.68066406 ,  0.912597656 SigReg: 7.64821339
std: 1.31933594 ,  1.10839844 SigReg: 7.64821339
std: 1.56933594 ,  0.921875 SigReg: 7.29162502
std: 1.20019531 ,  1.10839844 SigReg: 7.29162502
std: 1.36523438 ,  0.977050781 SigReg: 6.9442873
std: 1.26269531 ,  0.909667969 SigReg: 6.9442873
std: 1.41015625 ,  1.03808594 SigReg: 6.83099842
std: 1.26171875 ,  0.969726562 SigReg: 6.83099842
std: 1.37597656 ,  0.833496094 SigReg: 6.64377117
std: 1.10351562 ,  1.00878906 SigReg: 6.64377117
std: 1.24023438 ,  0.861816406 SigReg: 6.37737322
std: 1.45410156 ,  0.854492188 SigReg: 6.37737322
std: 1.36230469 ,  1.04394531 SigReg: 6.71363592
std: 1.50878906 ,  1.07617188 SigReg: 6.71363592
std: 1.39160156 ,  1.08398438 SigReg: 6.5680933
std: 1.50488281 ,  0.929199219 SigReg: 6.5680933
std: 1.49023438 ,  0.949707031 SigReg: 6.88784122
std: 1.30761719 ,  1.04296875 SigReg: 6.88784122
std: 1.65429688 ,  0.821289062 SigReg: 7.10482693
std: 1.39550781 ,  1.04882812 SigReg: 7.10482693
std: 1.36816406 ,  0.841308594 SigReg: 6.1859026
std: 1.25976562 ,  0.875976562 SigReg: 6.1859026
std: 1.41308594 ,  0.842285156 SigReg: 7.98047543
std: 1.29589844 ,  0.916503906 SigReg: 7.98047543
  Step 250: Backbone Loss = 1.4170, SIGReg Loss = 7.9805 Probe Loss = 383.5220, Acc = 0.4960
std: 1.51855469 ,  1.06445312 SigReg: 7.13357973
std: 1.54199219 ,  1.00390625 SigReg: 7.13357973
std: 1.51367188 ,  1.03417969 SigReg: 8.75337
std: 1.3359375 ,  0.852539062 SigReg: 8.75337
std: 1.46679688 ,  0.8984375 SigReg: 7.80436707
std: 1.11914062 ,  0.953125 SigReg: 7.80436707
std: 1.34375 ,  0.983886719 SigReg: 7.55802679
std: 1.13964844 ,  1.12011719 SigReg: 7.55802679
std: 1.29492188 ,  0.982910156 SigReg: 6.33630466
std: 1.20703125 ,  0.979003906 SigReg: 6.33630466
std: 1.35644531 ,  0.99609375 SigReg: 6.87285519
std: 1.3046875 ,  0.999511719 SigReg: 6.87285519
std: 1.21875 ,  0.949707031 SigReg: 7.91528702
std: 1.28320312 ,  0.981445312 SigReg: 7.91528702
std: 1.203125 ,  0.859375 SigReg: 7.20338631
std: 1.15917969 ,  1.08105469 SigReg: 7.20338631
std: 1.11328125 ,  0.990234375 SigReg: 8.74176407
std: 0.959472656 ,  0.843261719 SigReg: 8.74176407
std: 0.984863281 ,  0.896972656 SigReg: 9.51419
std: 1.140625 ,  0.864746094 SigReg: 9.51419
std: 1.12792969 ,  0.806152344 SigReg: 8.89605522
std: 1.16210938 ,  1.01171875 SigReg: 8.89605522
std: 1.16308594 ,  0.814453125 SigReg: 8.79945087
std: 1.04003906 ,  0.875 SigReg: 8.79945087
std: 1.0390625 ,  0.901367188 SigReg: 7.91338921
std: 1.21777344 ,  0.865234375 SigReg: 7.91338921
std: 1.15234375 ,  0.760253906 SigReg: 7.61593819
std: 1.11328125 ,  0.896484375 SigReg: 7.61593819
std: 1.11523438 ,  0.797363281 SigReg: 8.38891506
std: 1.03710938 ,  0.751464844 SigReg: 8.38891506
std: 1.16503906 ,  0.740722656 SigReg: 9.11814308
std: 1.13183594 ,  0.888183594 SigReg: 9.11814308
std: 1.07617188 ,  0.930664062 SigReg: 6.55003119
std: 1.11035156 ,  0.801757812 SigReg: 6.55003119
std: 1.28515625 ,  0.820800781 SigReg: 6.67414284
std: 1.37402344 ,  0.999511719 SigReg: 6.67414284
std: 1.03222656 ,  0.873535156 SigReg: 6.14936304
std: 1.38183594 ,  0.766601562 SigReg: 6.14936304
std: 1.08789062 ,  0.786132812 SigReg: 6.09122896
std: 1.19433594 ,  0.809570312 SigReg: 6.09122896
std: 1.4140625 ,  1.0234375 SigReg: 5.47089243
std: 1.44824219 ,  0.85546875 SigReg: 5.47089243
std: 1.10839844 ,  0.885742188 SigReg: 5.8763504
std: 1.39257812 ,  0.959960938 SigReg: 5.8763504
std: 1.34667969 ,  0.861328125 SigReg: 6.3585968
std: 1.3203125 ,  0.834472656 SigReg: 6.3585968
std: 1.46289062 ,  0.925292969 SigReg: 6.31789875
std: 1.1171875 ,  1.05371094 SigReg: 6.31789875
std: 1.24511719 ,  0.982421875 SigReg: 7.57305622
std: 1.35058594 ,  0.985351562 SigReg: 7.57305622
std: 1.32617188 ,  0.928222656 SigReg: 5.99925327
std: 1.20996094 ,  0.85546875 SigReg: 5.99925327
std: 1.20996094 ,  0.906738281 SigReg: 5.8905921
std: 1.27734375 ,  0.930175781 SigReg: 5.8905921
std: 1.23535156 ,  0.912109375 SigReg: 6.38771296
std: 1.28613281 ,  0.759277344 SigReg: 6.38771296
std: 1.3359375 ,  0.769042969 SigReg: 5.511693
std: 1.33105469 ,  0.930175781 SigReg: 5.511693
std: 1.40136719 ,  0.922363281 SigReg: 7.41303539
std: 1.25976562 ,  0.875976562 SigReg: 7.41303539
std: 1.20410156 ,  1.01757812 SigReg: 5.88290596
std: 1.10546875 ,  0.888183594 SigReg: 5.88290596
std: 1.20800781 ,  0.866699219 SigReg: 5.21927
std: 1.3125 ,  0.73046875 SigReg: 5.21927
std: 1.32128906 ,  0.833007812 SigReg: 5.2480588
std: 1.29101562 ,  0.8203125 SigReg: 5.2480588
std: 1.22851562 ,  0.8515625 SigReg: 6.1171937
std: 1.07128906 ,  0.774414062 SigReg: 6.1171937
std: 1.23925781 ,  0.842773438 SigReg: 5.65056801
std: 1.42480469 ,  0.749023438 SigReg: 5.65056801
std: 1.07617188 ,  0.819335938 SigReg: 6.18558693
std: 1.46191406 ,  0.895019531 SigReg: 6.18558693
std: 1.42675781 ,  0.90234375 SigReg: 5.80547762
std: 1.34179688 ,  0.909667969 SigReg: 5.80547762
std: 1.28613281 ,  0.932617188 SigReg: 6.01154137
std: 1.39941406 ,  0.788574219 SigReg: 6.01154137
std: 1.43847656 ,  0.897949219 SigReg: 6.39465761
std: 1.24316406 ,  0.925292969 SigReg: 6.39465761
std: 1.3671875 ,  0.953613281 SigReg: 5.55556583
std: 1.04980469 ,  1.01269531 SigReg: 5.55556583
std: 1.09765625 ,  0.89453125 SigReg: 6.43642
std: 1.1640625 ,  0.847167969 SigReg: 6.43642
std: 1.30859375 ,  0.813476562 SigReg: 5.45633936
std: 1.1640625 ,  0.803222656 SigReg: 5.45633936
std: 1.25390625 ,  0.909179688 SigReg: 6.87409306
std: 1.21289062 ,  0.905761719 SigReg: 6.87409306
std: 1.06640625 ,  0.961914062 SigReg: 5.89956284
std: 1.42285156 ,  0.919921875 SigReg: 5.89956284
std: 1.23242188 ,  1.05078125 SigReg: 6.28725719
std: 1.33203125 ,  0.856445312 SigReg: 6.28725719
std: 1.21875 ,  0.798828125 SigReg: 9.52279854
std: 1.44921875 ,  0.850585938 SigReg: 9.52279854
std: 1.48925781 ,  0.742675781 SigReg: 7.14665604
std: 1.08007812 ,  0.942871094 SigReg: 7.14665604
std: 1.12207031 ,  0.923828125 SigReg: 5.9345479
std: 1.19042969 ,  0.9140625 SigReg: 5.9345479
std: 1.10351562 ,  0.978515625 SigReg: 6.30341768
std: 1.3046875 ,  0.875 SigReg: 6.30341768
std: 1.28710938 ,  1.04101562 SigReg: 6.95259905
std: 1.10839844 ,  0.897949219 SigReg: 6.95259905
  Step 300: Backbone Loss = 1.5623, SIGReg Loss = 6.9526 Probe Loss = 370.7917, Acc = 0.4932
std: 1.27050781 ,  0.932128906 SigReg: 6.48744917
std: 1.20019531 ,  0.92578125 SigReg: 6.48744917
std: 1.15625 ,  0.902832031 SigReg: 5.59429836
std: 1.34472656 ,  0.913085938 SigReg: 5.59429836
std: 1.13964844 ,  0.858398438 SigReg: 5.93348265
std: 1.34667969 ,  0.876464844 SigReg: 5.93348265
std: 1.24707031 ,  0.921875 SigReg: 5.69569492
std: 1.125 ,  1.01953125 SigReg: 5.69569492
std: 1.015625 ,  0.920410156 SigReg: 6.51967764
std: 1.25292969 ,  0.8671875 SigReg: 6.51967764
std: 1.19238281 ,  0.926269531 SigReg: 7.67651129
std: 1.12792969 ,  0.9375 SigReg: 7.67651129
Epoch 4 finished in 248.80s.
  Avg Backbone Loss: 1.4230
  Avg Probe Loss:    379.5447
  Avg Probe Accuracy: 0.4987

Epoch 5/100
std: 1.14453125 ,  0.942871094 SigReg: 6.66974354
std: 1.23828125 ,  0.811523438 SigReg: 6.66974354
  Step 0: Backbone Loss = 1.5568, SIGReg Loss = 6.6697 Probe Loss = 376.4764, Acc = 0.4924
std: 1.296875 ,  0.877441406 SigReg: 6.17420053
std: 1.22558594 ,  0.922851562 SigReg: 6.17420053
std: 0.997070312 ,  0.901367188 SigReg: 5.59029913
std: 1.22070312 ,  1.04394531 SigReg: 5.59029913
std: 1.15820312 ,  0.916503906 SigReg: 5.33332109
std: 1.13769531 ,  0.936035156 SigReg: 5.33332109
std: 1.16992188 ,  0.7421875 SigReg: 5.00705
std: 1.00585938 ,  0.849609375 SigReg: 5.00705
std: 1.16699219 ,  0.849609375 SigReg: 6.60516119
std: 1.2578125 ,  0.888671875 SigReg: 6.60516119
std: 0.987304688 ,  0.828613281 SigReg: 5.61594343
std: 1.17285156 ,  0.866699219 SigReg: 5.61594343
std: 1.29980469 ,  0.963378906 SigReg: 6.18827868
std: 1.20898438 ,  0.804199219 SigReg: 6.18827868
std: 1.25195312 ,  0.817382812 SigReg: 7.03780699
std: 0.973632812 ,  0.876464844 SigReg: 7.03780699
std: 1.12011719 ,  0.840332031 SigReg: 6.08790779
std: 1.27148438 ,  0.717285156 SigReg: 6.08790779
std: 1.30175781 ,  0.958984375 SigReg: 7.39141226
std: 1.29492188 ,  0.72265625 SigReg: 7.39141226
std: 1.01171875 ,  0.711914062 SigReg: 6.23771095
std: 1.28417969 ,  0.780761719 SigReg: 6.23771095
std: 1.28027344 ,  0.797851562 SigReg: 6.13685799
std: 1.265625 ,  0.690917969 SigReg: 6.13685799
std: 1.16503906 ,  0.854492188 SigReg: 8.09855366
std: 1.22167969 ,  0.670898438 SigReg: 8.09855366
std: 1.14257812 ,  0.907714844 SigReg: 6.80773306
std: 1.03417969 ,  0.784179688 SigReg: 6.80773306
std: 1.17871094 ,  0.828613281 SigReg: 5.91428757
std: 1.18164062 ,  0.89453125 SigReg: 5.91428757
std: 1.13964844 ,  0.75390625 SigReg: 5.7481389
std: 1.32714844 ,  0.700195312 SigReg: 5.7481389
std: 1.00195312 ,  0.765625 SigReg: 6.91184902
std: 1.28515625 ,  0.872070312 SigReg: 6.91184902
std: 1.3203125 ,  0.711914062 SigReg: 6.67924309
std: 1.04101562 ,  0.858398438 SigReg: 6.67924309
std: 1.21386719 ,  0.785644531 SigReg: 6.68338823
std: 1.18554688 ,  0.844238281 SigReg: 6.68338823
std: 1.25976562 ,  0.880371094 SigReg: 6.31912947
std: 1.00390625 ,  0.766601562 SigReg: 6.31912947
std: 0.965332031 ,  0.896484375 SigReg: 6.32582664
std: 1.11132812 ,  0.905761719 SigReg: 6.32582664
std: 1.19238281 ,  0.81640625 SigReg: 6.50660849
std: 1.16796875 ,  0.94921875 SigReg: 6.50660849
std: 1.10351562 ,  0.812011719 SigReg: 5.86032295
std: 1.15917969 ,  0.798828125 SigReg: 5.86032295
std: 1.05761719 ,  0.852050781 SigReg: 5.31487036
std: 1.08398438 ,  0.884277344 SigReg: 5.31487036
std: 1.18652344 ,  0.849609375 SigReg: 5.11511707
std: 0.989746094 ,  0.846679688 SigReg: 5.11511707
std: 1.26757812 ,  0.828125 SigReg: 5.2697
std: 1.27441406 ,  0.779785156 SigReg: 5.2697
std: 1.14160156 ,  0.782714844 SigReg: 5.51865625
std: 1.296875 ,  0.886230469 SigReg: 5.51865625
std: 1.08398438 ,  0.937988281 SigReg: 6.39058
std: 1.09179688 ,  0.724609375 SigReg: 6.39058
std: 1.08886719 ,  0.796875 SigReg: 5.19671392
std: 1.13183594 ,  0.843261719 SigReg: 5.19671392
std: 1.28027344 ,  0.743652344 SigReg: 5.75974083
std: 1.25878906 ,  0.933105469 SigReg: 5.75974083
std: 1.15527344 ,  0.847167969 SigReg: 6.16579056
std: 1.1640625 ,  0.838378906 SigReg: 6.16579056
std: 1.23144531 ,  0.895996094 SigReg: 5.57082558
std: 1.10742188 ,  0.6328125 SigReg: 5.57082558
std: 1.21875 ,  0.817382812 SigReg: 6.08294582
std: 1.25976562 ,  0.747070312 SigReg: 6.08294582
std: 1.10839844 ,  0.715820312 SigReg: 5.76240349
std: 1.27734375 ,  0.875976562 SigReg: 5.76240349
std: 1.10449219 ,  0.846191406 SigReg: 5.6220479
std: 1.14550781 ,  0.850097656 SigReg: 5.6220479
std: 1.05664062 ,  0.768066406 SigReg: 6.0382576
std: 1.10351562 ,  0.742675781 SigReg: 6.0382576
std: 1.1953125 ,  0.829101562 SigReg: 6.24661255
std: 1.07421875 ,  0.778320312 SigReg: 6.24661255
std: 1.06933594 ,  0.674804688 SigReg: 6.21138382
std: 1.07324219 ,  0.773925781 SigReg: 6.21138382
std: 1.11523438 ,  0.770996094 SigReg: 6.35394573
std: 1.1796875 ,  0.730957031 SigReg: 6.35394573
std: 1.14746094 ,  0.750488281 SigReg: 6.25058556
std: 1.29296875 ,  0.831542969 SigReg: 6.25058556
std: 1.18457031 ,  0.836425781 SigReg: 6.39731646
std: 1.06054688 ,  0.727050781 SigReg: 6.39731646
std: 1.28515625 ,  0.805664062 SigReg: 5.92036963
std: 1.1796875 ,  0.893554688 SigReg: 5.92036963
std: 1.22070312 ,  0.708007812 SigReg: 7.17123413
std: 1.22070312 ,  0.772460938 SigReg: 7.17123413
std: 1.43945312 ,  0.789550781 SigReg: 7.26427603
std: 1.44335938 ,  0.751464844 SigReg: 7.26427603
std: 1.31054688 ,  0.847167969 SigReg: 6.35079145
std: 1.22070312 ,  0.854003906 SigReg: 6.35079145
std: 1.28613281 ,  0.737304688 SigReg: 5.77512741
std: 1.28222656 ,  0.799316406 SigReg: 5.77512741
std: 1.33789062 ,  0.879394531 SigReg: 5.35194969
std: 1.0859375 ,  0.841796875 SigReg: 5.35194969
std: 1.23144531 ,  0.937988281 SigReg: 6.07642174
std: 1.05761719 ,  0.812011719 SigReg: 6.07642174
std: 1.1796875 ,  0.856933594 SigReg: 6.00699043
std: 1.3125 ,  0.800292969 SigReg: 6.00699043
std: 1.29980469 ,  0.767578125 SigReg: 5.79573631
std: 1.07421875 ,  0.823730469 SigReg: 5.79573631
  Step 50: Backbone Loss = 1.3949, SIGReg Loss = 5.7957 Probe Loss = 367.5255, Acc = 0.5095
std: 1.37597656 ,  0.900878906 SigReg: 7.11776733
std: 1.17871094 ,  0.850585938 SigReg: 7.11776733
std: 1.109375 ,  0.795410156 SigReg: 5.17100382
std: 1.16113281 ,  0.810546875 SigReg: 5.17100382
std: 1.015625 ,  0.905761719 SigReg: 6.02522373
std: 1.23242188 ,  0.940917969 SigReg: 6.02522373
std: 1.20703125 ,  0.843261719 SigReg: 6.35171556
std: 1.00976562 ,  1.15820312 SigReg: 6.35171556
std: 1.17089844 ,  0.903320312 SigReg: 5.12321043
std: 1.04882812 ,  1.05078125 SigReg: 5.12321043
std: 1.16992188 ,  0.959472656 SigReg: 5.97500372
std: 1.11328125 ,  0.838378906 SigReg: 5.97500372
std: 1.06835938 ,  0.725585938 SigReg: 6.09660196
std: 1.09179688 ,  0.948730469 SigReg: 6.09660196
std: 1.14355469 ,  0.8515625 SigReg: 6.12824821
std: 1.1953125 ,  1.01074219 SigReg: 6.12824821
std: 1.34277344 ,  1.04785156 SigReg: 5.36442804
std: 1.0078125 ,  0.79296875 SigReg: 5.36442804
std: 0.961425781 ,  0.947753906 SigReg: 6.50951147
std: 1.14355469 ,  0.8984375 SigReg: 6.50951147
std: 1.04296875 ,  0.938964844 SigReg: 5.14845419
std: 1.12988281 ,  0.8515625 SigReg: 5.14845419
std: 0.973144531 ,  0.987304688 SigReg: 5.58707714
std: 1.01367188 ,  0.953613281 SigReg: 5.58707714
std: 1.03417969 ,  0.972167969 SigReg: 5.18437195
std: 1.00976562 ,  0.895507812 SigReg: 5.18437195
std: 0.997070312 ,  0.983886719 SigReg: 5.20255041
std: 1.06835938 ,  0.913574219 SigReg: 5.20255041
std: 1.1953125 ,  0.955078125 SigReg: 7.43262863
std: 1.19042969 ,  0.95703125 SigReg: 7.43262863
std: 1.02734375 ,  0.908203125 SigReg: 5.82174778
std: 1.06835938 ,  0.899902344 SigReg: 5.82174778
std: 0.979980469 ,  1.02246094 SigReg: 5.15877628
std: 1.109375 ,  1.00097656 SigReg: 5.15877628
std: 1.10839844 ,  0.916992188 SigReg: 5.10066795
std: 0.954101562 ,  1.07714844 SigReg: 5.10066795
std: 0.936035156 ,  0.997070312 SigReg: 4.92968893
std: 1.08398438 ,  0.932617188 SigReg: 4.92968893
std: 0.895019531 ,  1.02050781 SigReg: 4.92495871
std: 0.988769531 ,  0.870117188 SigReg: 4.92495871
std: 0.871582031 ,  0.854492188 SigReg: 5.79043436
std: 1.07617188 ,  0.851074219 SigReg: 5.79043436
std: 1.15625 ,  0.921386719 SigReg: 4.88143158
std: 1.01757812 ,  0.952636719 SigReg: 4.88143158
std: 1.0234375 ,  0.883300781 SigReg: 6.61013603
std: 1.03320312 ,  0.892578125 SigReg: 6.61013603
std: 1.04003906 ,  0.825195312 SigReg: 5.62352514
std: 1.10839844 ,  0.9453125 SigReg: 5.62352514
std: 0.958007812 ,  0.909667969 SigReg: 6.32679272
std: 1.31542969 ,  0.893554688 SigReg: 6.32679272
std: 0.997558594 ,  0.903320312 SigReg: 5.91872692
std: 0.922851562 ,  0.990234375 SigReg: 5.91872692
std: 0.947753906 ,  0.857910156 SigReg: 7.47647381
std: 1.10253906 ,  0.911621094 SigReg: 7.47647381
std: 1.05078125 ,  0.9921875 SigReg: 4.86111593
std: 1.31640625 ,  0.911132812 SigReg: 4.86111593
std: 1.16894531 ,  0.844726562 SigReg: 6.38544703
std: 0.956542969 ,  0.921875 SigReg: 6.38544703
std: 1.2265625 ,  0.897460938 SigReg: 6.91653
std: 1.14746094 ,  0.948730469 SigReg: 6.91653
std: 1.07519531 ,  1.03710938 SigReg: 7.29253817
std: 0.88671875 ,  0.813476562 SigReg: 7.29253817
std: 1.09277344 ,  0.875 SigReg: 5.99813938
std: 1.08496094 ,  0.978515625 SigReg: 5.99813938
std: 1.18945312 ,  0.861816406 SigReg: 5.88822746
std: 1.13085938 ,  1.01660156 SigReg: 5.88822746
std: 1.07519531 ,  0.831054688 SigReg: 6.69513941
std: 0.922363281 ,  0.9140625 SigReg: 6.69513941
std: 0.97265625 ,  1 SigReg: 8.21732426
std: 1.13671875 ,  0.936523438 SigReg: 8.21732426
std: 1.06347656 ,  1.09375 SigReg: 6.18367672
std: 1.13769531 ,  0.901855469 SigReg: 6.18367672
std: 1.08203125 ,  0.8125 SigReg: 6.20151138
std: 1.05078125 ,  0.795898438 SigReg: 6.20151138
std: 1.08007812 ,  0.932617188 SigReg: 6.15137815
std: 1.07714844 ,  0.791503906 SigReg: 6.15137815
std: 0.871582031 ,  0.924804688 SigReg: 6.24240065
std: 1.12695312 ,  0.944335938 SigReg: 6.24240065
std: 0.964355469 ,  0.89453125 SigReg: 7.08047628
std: 1.01171875 ,  0.885253906 SigReg: 7.08047628
std: 1.17871094 ,  0.931152344 SigReg: 6.47737026
std: 1.01660156 ,  0.915527344 SigReg: 6.47737026
std: 0.896972656 ,  0.771972656 SigReg: 6.46384573
std: 1.11816406 ,  0.959472656 SigReg: 6.46384573
std: 0.968261719 ,  1.03515625 SigReg: 7.21053219
std: 0.845703125 ,  0.879882812 SigReg: 7.21053219
std: 1.12597656 ,  0.916503906 SigReg: 6.53285885
std: 1.16796875 ,  0.895507812 SigReg: 6.53285885
std: 0.954101562 ,  0.823242188 SigReg: 8.18629265
std: 1.1171875 ,  0.918457031 SigReg: 8.18629265
std: 1.08300781 ,  0.841308594 SigReg: 10.985733
std: 0.938476562 ,  0.939453125 SigReg: 10.985733
std: 0.9375 ,  0.978515625 SigReg: 8.32517338
std: 1.16308594 ,  0.907226562 SigReg: 8.32517338
std: 1.05761719 ,  0.915039062 SigReg: 6.60759926
std: 1.17382812 ,  0.96875 SigReg: 6.60759926
std: 1.25878906 ,  0.794433594 SigReg: 9.52104568
std: 1.03027344 ,  1.04785156 SigReg: 9.52104568
std: 1.046875 ,  0.905273438 SigReg: 7.50111
std: 0.943359375 ,  0.847167969 SigReg: 7.50111
  Step 100: Backbone Loss = 1.5148, SIGReg Loss = 7.5011 Probe Loss = 364.9621, Acc = 0.5048
std: 1.07421875 ,  1.00488281 SigReg: 7.56504774
std: 1.11132812 ,  0.783203125 SigReg: 7.56504774
std: 1.11035156 ,  1.04199219 SigReg: 6.69618511
std: 0.8984375 ,  0.9140625 SigReg: 6.69618511
std: 1.24707031 ,  0.789550781 SigReg: 6.8114419
std: 1.10253906 ,  0.964355469 SigReg: 6.8114419
std: 1.0078125 ,  0.854003906 SigReg: 8.351017
std: 1.00292969 ,  0.90625 SigReg: 8.351017
std: 0.890625 ,  0.869628906 SigReg: 8.20072937
std: 1.05273438 ,  0.78515625 SigReg: 8.20072937
std: 0.98046875 ,  0.697265625 SigReg: 7.95361853
std: 0.967773438 ,  0.954589844 SigReg: 7.95361853
std: 0.987792969 ,  0.846191406 SigReg: 7.8244524
std: 1.11328125 ,  1.04492188 SigReg: 7.8244524
std: 0.945800781 ,  0.792480469 SigReg: 8.68954849
std: 0.809082031 ,  0.922363281 SigReg: 8.68954849
std: 0.930664062 ,  0.859375 SigReg: 7.64909267
std: 1.04785156 ,  0.830078125 SigReg: 7.64909267
std: 0.961425781 ,  0.821289062 SigReg: 8.22230625
std: 0.960449219 ,  0.888671875 SigReg: 8.22230625
std: 1.00683594 ,  0.899902344 SigReg: 8.73601055
std: 1.01953125 ,  0.891601562 SigReg: 8.73601055
std: 0.959472656 ,  0.989746094 SigReg: 7.85252142
std: 1.11621094 ,  0.843261719 SigReg: 7.85252142
std: 0.962402344 ,  0.89453125 SigReg: 8.72577667
std: 1.01855469 ,  0.865722656 SigReg: 8.72577667
std: 0.876464844 ,  0.829589844 SigReg: 9.45837402
std: 1.03710938 ,  0.912109375 SigReg: 9.45837402
std: 0.939941406 ,  0.708007812 SigReg: 8.54781
std: 0.940429688 ,  0.877929688 SigReg: 8.54781
std: 0.986816406 ,  0.810058594 SigReg: 6.72643232
std: 1.04296875 ,  0.880371094 SigReg: 6.72643232
std: 1.10351562 ,  1.0078125 SigReg: 8.80562401
std: 1.11914062 ,  0.858398438 SigReg: 8.80562401
std: 0.954589844 ,  0.908203125 SigReg: 7.40719128
std: 1.06152344 ,  0.862304688 SigReg: 7.40719128
std: 0.900390625 ,  0.80859375 SigReg: 7.59859228
std: 1.04394531 ,  0.965332031 SigReg: 7.59859228
std: 0.992675781 ,  0.883789062 SigReg: 8.04071522
std: 1.00683594 ,  0.791503906 SigReg: 8.04071522
std: 0.834960938 ,  0.785644531 SigReg: 6.5173893
std: 1.14550781 ,  0.922851562 SigReg: 6.5173893
std: 1.02441406 ,  1.02734375 SigReg: 6.54991388
std: 0.901855469 ,  0.933105469 SigReg: 6.54991388
std: 1.10644531 ,  0.689941406 SigReg: 7.03953409
std: 1.12402344 ,  0.875488281 SigReg: 7.03953409
std: 0.979492188 ,  0.922851562 SigReg: 9.90768147
std: 0.977050781 ,  0.801269531 SigReg: 9.90768147
std: 1.2265625 ,  1.01660156 SigReg: 10.6558895
std: 0.953613281 ,  0.944824219 SigReg: 10.6558895
std: 0.945800781 ,  0.915527344 SigReg: 6.7439394
std: 1.01464844 ,  0.942382812 SigReg: 6.7439394
std: 1.00097656 ,  0.803222656 SigReg: 8.1954813
std: 1.01757812 ,  0.788574219 SigReg: 8.1954813
std: 1.03027344 ,  0.958984375 SigReg: 6.66192722
std: 1.14746094 ,  0.973144531 SigReg: 6.66192722
std: 1.03027344 ,  0.814941406 SigReg: 6.7474947
std: 1.07910156 ,  0.939453125 SigReg: 6.7474947
std: 1.26269531 ,  0.849121094 SigReg: 5.90750074
std: 0.920898438 ,  1.00585938 SigReg: 5.90750074
std: 1.09570312 ,  0.905273438 SigReg: 7.06848669
std: 1.01855469 ,  0.879394531 SigReg: 7.06848669
std: 0.9921875 ,  0.851074219 SigReg: 6.55026817
std: 1.01855469 ,  0.839355469 SigReg: 6.55026817
std: 1.03222656 ,  0.814941406 SigReg: 6.41487932
std: 0.936035156 ,  0.8828125 SigReg: 6.41487932
std: 1.09765625 ,  0.745117188 SigReg: 7.12627077
std: 1.09960938 ,  0.973632812 SigReg: 7.12627077
std: 1.10742188 ,  1.07324219 SigReg: 6.42208481
std: 1.02148438 ,  0.823730469 SigReg: 6.42208481
std: 0.971679688 ,  0.859863281 SigReg: 5.6133728
std: 0.957519531 ,  0.920898438 SigReg: 5.6133728
std: 1.09375 ,  0.852050781 SigReg: 5.93217802
std: 0.975097656 ,  0.854980469 SigReg: 5.93217802
std: 1.07519531 ,  0.881347656 SigReg: 6.19599295
std: 0.95703125 ,  0.857910156 SigReg: 6.19599295
std: 1.06542969 ,  0.895019531 SigReg: 5.54028797
std: 1.04785156 ,  0.833984375 SigReg: 5.54028797
std: 1.00976562 ,  0.995605469 SigReg: 5.34776258
std: 1.05371094 ,  0.844238281 SigReg: 5.34776258
std: 1.12597656 ,  0.849121094 SigReg: 5.66939831
std: 0.983886719 ,  0.942871094 SigReg: 5.66939831
std: 1.21582031 ,  0.950683594 SigReg: 5.96255636
std: 1.08007812 ,  0.780761719 SigReg: 5.96255636
std: 1.01464844 ,  0.77734375 SigReg: 5.70640564
std: 1.17675781 ,  1.05859375 SigReg: 5.70640564
std: 1.16113281 ,  0.927734375 SigReg: 5.15896559
std: 1.05761719 ,  0.781738281 SigReg: 5.15896559
std: 1.09179688 ,  1.01074219 SigReg: 5.66590118
std: 1.05078125 ,  0.909179688 SigReg: 5.66590118
std: 1.00292969 ,  0.91796875 SigReg: 6.07900667
std: 1.0859375 ,  0.752929688 SigReg: 6.07900667
std: 1.10546875 ,  0.825683594 SigReg: 6.72884893
std: 0.948242188 ,  0.872070312 SigReg: 6.72884893
std: 1.01953125 ,  0.932617188 SigReg: 5.25787449
std: 0.842773438 ,  0.825683594 SigReg: 5.25787449
std: 0.899902344 ,  0.9921875 SigReg: 7.20688534
std: 0.84765625 ,  0.727539062 SigReg: 7.20688534
std: 0.958007812 ,  0.924316406 SigReg: 6.67309093
std: 1.12597656 ,  0.978515625 SigReg: 6.67309093
  Step 150: Backbone Loss = 1.4560, SIGReg Loss = 6.6731 Probe Loss = 363.1794, Acc = 0.5049
std: 1.04980469 ,  0.846679688 SigReg: 6.20654964
std: 1.01074219 ,  0.941894531 SigReg: 6.20654964
std: 1.08300781 ,  0.989746094 SigReg: 6.55515718
std: 1.0390625 ,  0.796875 SigReg: 6.55515718
std: 0.9921875 ,  0.837402344 SigReg: 5.91576624
std: 1.00097656 ,  0.810546875 SigReg: 5.91576624
std: 1.00195312 ,  0.725585938 SigReg: 6.60684824
std: 1.03125 ,  0.837890625 SigReg: 6.60684824
std: 1.18359375 ,  0.837890625 SigReg: 5.94339895
std: 1.06640625 ,  0.795898438 SigReg: 5.94339895
std: 0.915039062 ,  0.819335938 SigReg: 5.18863249
std: 0.878417969 ,  0.927246094 SigReg: 5.18863249
std: 0.8828125 ,  0.8515625 SigReg: 6.17576551
std: 1.01367188 ,  0.651855469 SigReg: 6.17576551
std: 1.05566406 ,  0.896972656 SigReg: 5.88926888
std: 0.890625 ,  0.818847656 SigReg: 5.88926888
std: 1.15820312 ,  0.854492188 SigReg: 5.13941574
std: 0.998535156 ,  0.861328125 SigReg: 5.13941574
std: 1.01464844 ,  0.778320312 SigReg: 5.74073792
std: 1.14648438 ,  0.915039062 SigReg: 5.74073792
std: 1.10644531 ,  0.849121094 SigReg: 5.18572617
std: 1.08886719 ,  0.857910156 SigReg: 5.18572617
std: 0.954589844 ,  0.954101562 SigReg: 5.76291513
std: 1.0390625 ,  0.930175781 SigReg: 5.76291513
std: 1.19726562 ,  0.962890625 SigReg: 5.59312725
std: 0.867675781 ,  0.823730469 SigReg: 5.59312725
std: 1.07128906 ,  0.764648438 SigReg: 4.92278528
std: 1.17089844 ,  0.893066406 SigReg: 4.92278528
std: 1.05078125 ,  0.7578125 SigReg: 5.80345345
std: 0.916015625 ,  0.812011719 SigReg: 5.80345345
std: 1.15429688 ,  0.883789062 SigReg: 4.9291091
std: 1.04980469 ,  0.875 SigReg: 4.9291091
std: 0.970703125 ,  0.693359375 SigReg: 5.97303057
std: 1.26074219 ,  0.789550781 SigReg: 5.97303057
std: 1.22070312 ,  0.763671875 SigReg: 5.65133095
std: 1.00585938 ,  0.850585938 SigReg: 5.65133095
std: 1.09765625 ,  0.826660156 SigReg: 6.7050395
std: 1.02539062 ,  0.962402344 SigReg: 6.7050395
std: 0.892089844 ,  0.897460938 SigReg: 6.52167845
std: 0.916015625 ,  0.928222656 SigReg: 6.52167845
std: 0.912597656 ,  0.8671875 SigReg: 5.68250942
std: 0.952148438 ,  0.790527344 SigReg: 5.68250942
std: 1.06445312 ,  0.885742188 SigReg: 6.05874348
std: 1.25 ,  0.928222656 SigReg: 6.05874348
std: 0.983398438 ,  1.00292969 SigReg: 5.42911482
std: 1.22753906 ,  0.988769531 SigReg: 5.42911482
std: 1.19042969 ,  0.873535156 SigReg: 5.73738241
std: 1.12890625 ,  0.986328125 SigReg: 5.73738241
std: 1.02441406 ,  0.829589844 SigReg: 5.81016636
std: 1.26074219 ,  0.968261719 SigReg: 5.81016636
std: 1.0390625 ,  1.01464844 SigReg: 4.89740801
std: 1.04003906 ,  0.876953125 SigReg: 4.89740801
std: 1.09277344 ,  0.861816406 SigReg: 6.06570053
std: 1.10839844 ,  0.958496094 SigReg: 6.06570053
std: 0.889648438 ,  0.869628906 SigReg: 5.96846294
std: 1.06445312 ,  0.854003906 SigReg: 5.96846294
std: 1.05078125 ,  0.974609375 SigReg: 5.63429451
std: 1.1875 ,  0.981933594 SigReg: 5.63429451
std: 0.867675781 ,  0.877441406 SigReg: 5.51444769
std: 1.05761719 ,  0.848144531 SigReg: 5.51444769
std: 1.04003906 ,  0.795410156 SigReg: 5.26483345
std: 1.02734375 ,  0.842285156 SigReg: 5.26483345
std: 1.04882812 ,  0.935058594 SigReg: 6.69292688
std: 0.950683594 ,  0.83203125 SigReg: 6.69292688
std: 1.2109375 ,  0.745605469 SigReg: 5.54763651
std: 1.0390625 ,  0.823730469 SigReg: 5.54763651
std: 0.965820312 ,  0.939941406 SigReg: 5.18125391
std: 0.997558594 ,  0.761230469 SigReg: 5.18125391
std: 1.13476562 ,  0.791503906 SigReg: 6.63406515
std: 1.171875 ,  0.946777344 SigReg: 6.63406515
std: 1.18652344 ,  0.909667969 SigReg: 6.30577517
std: 1.19824219 ,  0.692871094 SigReg: 6.30577517
std: 1.10058594 ,  0.782226562 SigReg: 5.78648567
std: 1.16894531 ,  0.763671875 SigReg: 5.78648567
std: 0.967773438 ,  0.790039062 SigReg: 7.22213936
std: 1.04101562 ,  0.83984375 SigReg: 7.22213936
std: 1.03027344 ,  0.728515625 SigReg: 6.49496365
std: 1.046875 ,  0.796875 SigReg: 6.49496365
std: 1.08203125 ,  0.700683594 SigReg: 5.53094673
std: 0.997070312 ,  0.928222656 SigReg: 5.53094673
std: 0.975585938 ,  0.8203125 SigReg: 6.76748228
std: 0.918945312 ,  0.836914062 SigReg: 6.76748228
std: 0.983398438 ,  0.865234375 SigReg: 6.23076963
std: 1.02246094 ,  0.869140625 SigReg: 6.23076963
std: 0.950195312 ,  0.818847656 SigReg: 7.20020866
std: 1.01464844 ,  0.879394531 SigReg: 7.20020866
std: 1.04589844 ,  0.844726562 SigReg: 7.28600836
std: 1.25 ,  0.867675781 SigReg: 7.28600836
std: 0.949707031 ,  0.860839844 SigReg: 8.44864464
std: 1.12988281 ,  0.785644531 SigReg: 8.44864464
std: 0.850585938 ,  0.871582031 SigReg: 8.02512932
std: 1.18261719 ,  0.76953125 SigReg: 8.02512932
std: 0.990722656 ,  0.841796875 SigReg: 8.19612
std: 0.941894531 ,  0.759277344 SigReg: 8.19612
std: 1.14355469 ,  0.840332031 SigReg: 6.35538292
std: 1.22558594 ,  0.836425781 SigReg: 6.35538292
std: 1.04882812 ,  0.740722656 SigReg: 6.77304077
std: 1.12890625 ,  0.690429688 SigReg: 6.77304077
std: 1.01269531 ,  0.756347656 SigReg: 6.59126377
std: 1.0546875 ,  0.641601562 SigReg: 6.59126377
  Step 200: Backbone Loss = 1.5296, SIGReg Loss = 6.5913 Probe Loss = 375.0913, Acc = 0.5086
std: 1.05371094 ,  0.874511719 SigReg: 6.39813185
std: 1.0546875 ,  0.811035156 SigReg: 6.39813185
std: 1.13574219 ,  0.924804688 SigReg: 6.04488659
std: 1.19726562 ,  0.859375 SigReg: 6.04488659
std: 1.15917969 ,  0.920898438 SigReg: 6.68802166
std: 1.14453125 ,  0.733886719 SigReg: 6.68802166
std: 1.11328125 ,  0.796875 SigReg: 5.58865452
std: 1.12402344 ,  0.839355469 SigReg: 5.58865452
std: 1.23828125 ,  0.962890625 SigReg: 5.75042391
std: 1.0625 ,  0.825195312 SigReg: 5.75042391
std: 1.10351562 ,  0.91015625 SigReg: 6.47459698
std: 1.13378906 ,  0.791992188 SigReg: 6.47459698
std: 1.15722656 ,  0.940917969 SigReg: 5.92087698
std: 1.40039062 ,  0.909667969 SigReg: 5.92087698
std: 1.17578125 ,  0.889160156 SigReg: 6.24441671
std: 1.2109375 ,  0.791503906 SigReg: 6.24441671
std: 1.08398438 ,  0.857421875 SigReg: 6.37391663
std: 1.140625 ,  0.954589844 SigReg: 6.37391663
std: 1.18359375 ,  1.03320312 SigReg: 6.35662842
std: 1.125 ,  0.864257812 SigReg: 6.35662842
std: 1.0703125 ,  0.798828125 SigReg: 6.9182024
std: 1.02636719 ,  0.793457031 SigReg: 6.9182024
std: 0.998535156 ,  0.734375 SigReg: 6.87667418
std: 0.979003906 ,  0.774902344 SigReg: 6.87667418
std: 1.25195312 ,  0.932128906 SigReg: 6.88604498
std: 0.994628906 ,  0.693359375 SigReg: 6.88604498
std: 1.02441406 ,  0.926269531 SigReg: 8.33185196
std: 1.10644531 ,  0.838867188 SigReg: 8.33185196
std: 1.10449219 ,  0.757324219 SigReg: 8.01366615
std: 1.04785156 ,  0.7109375 SigReg: 8.01366615
std: 1.04394531 ,  1.02050781 SigReg: 9.02579784
std: 1.13769531 ,  0.821289062 SigReg: 9.02579784
std: 1.10546875 ,  0.788574219 SigReg: 8.63419342
std: 0.999511719 ,  0.7890625 SigReg: 8.63419342
std: 1.22167969 ,  0.975585938 SigReg: 7.40235424
std: 1.19824219 ,  0.813476562 SigReg: 7.40235424
std: 1.21972656 ,  0.807617188 SigReg: 8.30304432
std: 1.12011719 ,  0.770996094 SigReg: 8.30304432
std: 1.01074219 ,  0.79296875 SigReg: 9.11829472
std: 0.922363281 ,  0.739746094 SigReg: 9.11829472
std: 1.07617188 ,  0.803222656 SigReg: 9.83271599
std: 0.924316406 ,  0.708984375 SigReg: 9.83271599
std: 1.05566406 ,  0.961914062 SigReg: 8.13138199
std: 1.10351562 ,  0.759765625 SigReg: 8.13138199
std: 1.12890625 ,  0.755371094 SigReg: 6.3804
std: 1.11621094 ,  0.964355469 SigReg: 6.3804
std: 1.03515625 ,  0.932617188 SigReg: 7.92587
std: 1.02832031 ,  0.696777344 SigReg: 7.92587
std: 0.915527344 ,  1.01269531 SigReg: 6.30257082
std: 1.27929688 ,  1.0234375 SigReg: 6.30257082
std: 1.21191406 ,  0.763183594 SigReg: 6.8811655
std: 1.08886719 ,  0.941894531 SigReg: 6.8811655
std: 1.16210938 ,  0.996582031 SigReg: 6.72407341
std: 1.05957031 ,  0.992675781 SigReg: 6.72407341
std: 1.12890625 ,  0.926269531 SigReg: 6.141891
std: 1.20410156 ,  1.00878906 SigReg: 6.141891
std: 1.12011719 ,  0.864257812 SigReg: 5.52510262
std: 1.1875 ,  0.956542969 SigReg: 5.52510262
std: 1.37011719 ,  1.0390625 SigReg: 5.6362586
std: 1.20117188 ,  0.966308594 SigReg: 5.6362586
std: 1.05566406 ,  0.886230469 SigReg: 5.62455177
std: 1.29296875 ,  0.946289062 SigReg: 5.62455177
std: 1.17089844 ,  0.900390625 SigReg: 5.16867352
std: 1.13671875 ,  0.902832031 SigReg: 5.16867352
std: 1.1328125 ,  1.08984375 SigReg: 5.7224021
std: 1.27734375 ,  0.877441406 SigReg: 5.7224021
std: 1.08496094 ,  0.754394531 SigReg: 5.5983696
std: 1.27929688 ,  0.862792969 SigReg: 5.5983696
std: 1.17089844 ,  1.05664062 SigReg: 6.06950808
std: 1.03320312 ,  0.876953125 SigReg: 6.06950808
std: 1.22851562 ,  0.995117188 SigReg: 5.46536207
std: 1.22753906 ,  0.7734375 SigReg: 5.46536207
std: 1.28808594 ,  0.811523438 SigReg: 4.7951622
std: 1.13574219 ,  0.819824219 SigReg: 4.7951622
std: 1.30371094 ,  1.11523438 SigReg: 4.6214838
std: 1.27050781 ,  0.817871094 SigReg: 4.6214838
std: 1.21679688 ,  0.963867188 SigReg: 5.18281364
std: 1.26660156 ,  1.06347656 SigReg: 5.18281364
std: 1.25 ,  0.726074219 SigReg: 5.32735348
std: 1.22363281 ,  0.928710938 SigReg: 5.32735348
std: 1.35058594 ,  1.02636719 SigReg: 5.24088287
std: 1.15917969 ,  1.00585938 SigReg: 5.24088287
std: 1.23535156 ,  0.9296875 SigReg: 5.40659761
std: 1.12207031 ,  0.831542969 SigReg: 5.40659761
std: 1.34082031 ,  0.884765625 SigReg: 5.41949606
std: 1.27148438 ,  0.848144531 SigReg: 5.41949606
std: 1.14941406 ,  0.931640625 SigReg: 5.90723228
std: 1.18261719 ,  1.00683594 SigReg: 5.90723228
std: 1.24902344 ,  0.881835938 SigReg: 5.168859
std: 1.19824219 ,  0.958007812 SigReg: 5.168859
std: 1.1640625 ,  0.752441406 SigReg: 5.52467155
std: 1.30566406 ,  0.94921875 SigReg: 5.52467155
std: 1.17675781 ,  0.986328125 SigReg: 4.86962
std: 1.17675781 ,  0.923828125 SigReg: 4.86962
std: 1.48144531 ,  0.841308594 SigReg: 5.30765867
std: 1.28515625 ,  1.07226562 SigReg: 5.30765867
std: 1.20214844 ,  0.840820312 SigReg: 5.46186924
std: 1.37597656 ,  0.862304688 SigReg: 5.46186924
std: 1.28320312 ,  0.830566406 SigReg: 5.31312132
std: 1.13085938 ,  0.944824219 SigReg: 5.31312132
  Step 250: Backbone Loss = 1.5140, SIGReg Loss = 5.3131 Probe Loss = 370.1278, Acc = 0.5239
std: 1.14648438 ,  1.00683594 SigReg: 4.97995138
std: 1.15429688 ,  0.970703125 SigReg: 4.97995138
std: 1.26269531 ,  0.954101562 SigReg: 5.21817112
std: 1.06054688 ,  0.90234375 SigReg: 5.21817112
std: 1.1171875 ,  0.921386719 SigReg: 5.01211309
std: 1.19628906 ,  0.838378906 SigReg: 5.01211309
std: 1.09472656 ,  0.985839844 SigReg: 5.22775841
std: 1.25976562 ,  0.834960938 SigReg: 5.22775841
std: 1.17871094 ,  0.772949219 SigReg: 4.80098772
std: 1.30371094 ,  1.08984375 SigReg: 4.80098772
std: 1.28417969 ,  0.969238281 SigReg: 4.96622324
std: 1.15917969 ,  0.957519531 SigReg: 4.96622324
std: 1.34472656 ,  0.880859375 SigReg: 5.36057377
std: 1.57226562 ,  0.817382812 SigReg: 5.36057377
std: 1.21777344 ,  0.808105469 SigReg: 5.17092514
std: 1.39257812 ,  1.09179688 SigReg: 5.17092514
std: 1.2109375 ,  0.903320312 SigReg: 5.07194233
std: 1.41210938 ,  0.953125 SigReg: 5.07194233
std: 1.31445312 ,  1.12304688 SigReg: 5.02305412
std: 1.35644531 ,  0.892578125 SigReg: 5.02305412
std: 1.421875 ,  0.917480469 SigReg: 4.5490737
std: 1.32617188 ,  0.916503906 SigReg: 4.5490737
std: 1.2421875 ,  0.895996094 SigReg: 5.2617259
std: 1.125 ,  0.907226562 SigReg: 5.2617259
std: 1.21679688 ,  1.04199219 SigReg: 5.2222867
std: 1.34863281 ,  1.13867188 SigReg: 5.2222867
std: 1.35839844 ,  1.02734375 SigReg: 4.94857359
std: 1.2578125 ,  0.865234375 SigReg: 4.94857359
std: 1.22167969 ,  0.859375 SigReg: 5.09779119
std: 1.20996094 ,  0.942382812 SigReg: 5.09779119
std: 1.13671875 ,  1.05664062 SigReg: 5.04775715
std: 1.08398438 ,  0.956054688 SigReg: 5.04775715
std: 1.11230469 ,  0.837402344 SigReg: 4.29116821
std: 1.44921875 ,  1.02246094 SigReg: 4.29116821
std: 1.25488281 ,  0.789550781 SigReg: 5.16889811
std: 1.44628906 ,  0.779785156 SigReg: 5.16889811
std: 1.3828125 ,  1.05957031 SigReg: 4.94818592
std: 1.28417969 ,  1.05175781 SigReg: 4.94818592
std: 1.421875 ,  0.819824219 SigReg: 4.57782
std: 1.39160156 ,  0.902832031 SigReg: 4.57782
std: 1.16210938 ,  0.971191406 SigReg: 5.20191288
std: 1.38476562 ,  1.02441406 SigReg: 5.20191288
std: 1.21875 ,  0.981445312 SigReg: 5.25884962
std: 1.15917969 ,  0.890625 SigReg: 5.25884962
std: 1.26171875 ,  0.989746094 SigReg: 5.66301823
std: 1.328125 ,  0.825683594 SigReg: 5.66301823
std: 1.09570312 ,  1.09082031 SigReg: 4.20989799
std: 1.52832031 ,  1.04101562 SigReg: 4.20989799
std: 1.53808594 ,  1.07226562 SigReg: 4.3747344
std: 1.36328125 ,  1.17089844 SigReg: 4.3747344
std: 0.9765625 ,  1.03808594 SigReg: 5.30734205
std: 1.09863281 ,  0.897460938 SigReg: 5.30734205
std: 1.375 ,  0.959960938 SigReg: 3.99550772
std: 1.31347656 ,  1.00976562 SigReg: 3.99550772
std: 1.15625 ,  1.10839844 SigReg: 4.72212601
std: 1.56738281 ,  0.9765625 SigReg: 4.72212601
std: 1.38574219 ,  1.02246094 SigReg: 4.92243099
std: 1.28808594 ,  1.06152344 SigReg: 4.92243099
std: 1.34082031 ,  0.83203125 SigReg: 4.80651617
std: 1.27050781 ,  1.0625 SigReg: 4.80651617
std: 1.44042969 ,  0.895507812 SigReg: 4.66399956
std: 1.31054688 ,  0.876953125 SigReg: 4.66399956
std: 1.10449219 ,  0.90234375 SigReg: 5.43475628
std: 1.23730469 ,  0.957519531 SigReg: 5.43475628
std: 1.55664062 ,  0.793945312 SigReg: 4.50614548
std: 1.22949219 ,  0.921386719 SigReg: 4.50614548
std: 1.25878906 ,  0.966796875 SigReg: 5.50064898
std: 1.09765625 ,  0.919921875 SigReg: 5.50064898
std: 1.06152344 ,  0.96875 SigReg: 6.09127569
std: 1.35644531 ,  0.907714844 SigReg: 6.09127569
std: 1.16796875 ,  0.896972656 SigReg: 5.36048365
std: 1.48046875 ,  1.01660156 SigReg: 5.36048365
std: 1.43164062 ,  0.962890625 SigReg: 5.10765
std: 1.33300781 ,  0.923828125 SigReg: 5.10765
std: 1.30273438 ,  0.888183594 SigReg: 5.48990631
std: 1.55566406 ,  0.880859375 SigReg: 5.48990631
std: 1.27832031 ,  0.903320312 SigReg: 5.09517908
std: 1.53320312 ,  0.922363281 SigReg: 5.09517908
std: 1.44921875 ,  0.84765625 SigReg: 6.3220048
std: 1.0703125 ,  0.921386719 SigReg: 6.3220048
std: 1.34667969 ,  0.732910156 SigReg: 5.14561701
std: 1.19824219 ,  0.947265625 SigReg: 5.14561701
std: 1.41894531 ,  0.986816406 SigReg: 5.11994505
std: 1.41601562 ,  0.896972656 SigReg: 5.11994505
std: 1.07128906 ,  0.895996094 SigReg: 6.82761765
std: 1.27148438 ,  0.877929688 SigReg: 6.82761765
std: 1.29003906 ,  0.927246094 SigReg: 7.12184477
std: 1.39648438 ,  0.834960938 SigReg: 7.12184477
std: 1.43164062 ,  0.884765625 SigReg: 6.91112757
std: 1.20703125 ,  0.913574219 SigReg: 6.91112757
std: 1.46875 ,  0.952148438 SigReg: 9.49664688
std: 1 ,  0.937011719 SigReg: 9.49664688
std: 1.62207031 ,  0.905761719 SigReg: 8.04619122
std: 1.21289062 ,  1.05273438 SigReg: 8.04619122
std: 1.3125 ,  0.778320312 SigReg: 11.3490295
std: 1.51660156 ,  0.91015625 SigReg: 11.3490295
std: 1.39648438 ,  0.823730469 SigReg: 9.10496235
std: 1.54589844 ,  0.880371094 SigReg: 9.10496235
std: 1.25292969 ,  0.849121094 SigReg: 8.4231205
std: 1.36035156 ,  0.889648438 SigReg: 8.4231205
  Step 300: Backbone Loss = 1.6928, SIGReg Loss = 8.4231 Probe Loss = 358.3558, Acc = 0.4960
std: 1.23144531 ,  1.05761719 SigReg: 7.91053
std: 1.50488281 ,  0.882324219 SigReg: 7.91053
std: 1.171875 ,  1.1484375 SigReg: 9.09941101
std: 1.4765625 ,  0.926269531 SigReg: 9.09941101
std: 1.60546875 ,  0.844726562 SigReg: 6.56150818
std: 1.42871094 ,  0.962402344 SigReg: 6.56150818
std: 1.39453125 ,  0.912597656 SigReg: 7.0292573
std: 1.59179688 ,  0.970214844 SigReg: 7.0292573
std: 1.42773438 ,  0.935546875 SigReg: 7.52075863
std: 1.43457031 ,  1.01367188 SigReg: 7.52075863
std: 1.35058594 ,  0.871582031 SigReg: 7.72970057
std: 1.54199219 ,  0.941894531 SigReg: 7.72970057
Epoch 5 finished in 248.20s.
  Avg Backbone Loss: 1.4731
  Avg Probe Loss:    369.0351
  Avg Probe Accuracy: 0.4999

Epoch 6/100
std: 1.5390625 ,  0.872558594 SigReg: 6.85078859
std: 1.69140625 ,  0.925292969 SigReg: 6.85078859
  Step 0: Backbone Loss = 1.5759, SIGReg Loss = 6.8508 Probe Loss = 370.0105, Acc = 0.4678
std: 1.53515625 ,  0.868652344 SigReg: 6.83390713
std: 1.11230469 ,  0.840820312 SigReg: 6.83390713
std: 1.48730469 ,  1.02832031 SigReg: 6.47844791
std: 1.52734375 ,  0.791015625 SigReg: 6.47844791
std: 1.390625 ,  0.869140625 SigReg: 6.54754448
std: 1.30078125 ,  0.908203125 SigReg: 6.54754448
std: 1.45410156 ,  0.953613281 SigReg: 6.54695559
std: 1.3125 ,  0.934082031 SigReg: 6.54695559
std: 1.20898438 ,  0.985839844 SigReg: 6.31686306
std: 1.30761719 ,  0.887695312 SigReg: 6.31686306
std: 1.32324219 ,  0.817382812 SigReg: 5.97205162
std: 1.40429688 ,  0.912109375 SigReg: 5.97205162
std: 1.2578125 ,  0.904296875 SigReg: 5.58033657
std: 1.1171875 ,  0.947265625 SigReg: 5.58033657
std: 1.09179688 ,  1.05664062 SigReg: 6.08823919
std: 1.39746094 ,  0.814941406 SigReg: 6.08823919
std: 1.69824219 ,  0.841308594 SigReg: 5.7977128
std: 1.26269531 ,  0.823730469 SigReg: 5.7977128
std: 1.39941406 ,  0.829589844 SigReg: 6.27669334
std: 1.375 ,  0.862792969 SigReg: 6.27669334
std: 1.49902344 ,  0.950683594 SigReg: 5.81324148
std: 1.39257812 ,  0.773925781 SigReg: 5.81324148
std: 1.47753906 ,  0.859863281 SigReg: 5.37281466
std: 1.37597656 ,  0.858886719 SigReg: 5.37281466
std: 1.3046875 ,  0.994628906 SigReg: 5.19281149
std: 1.25683594 ,  0.838378906 SigReg: 5.19281149
std: 1.34082031 ,  0.880371094 SigReg: 5.41254616
std: 1.21875 ,  0.953125 SigReg: 5.41254616
std: 1.12011719 ,  0.873046875 SigReg: 5.00661135
std: 1.43359375 ,  0.874023438 SigReg: 5.00661135
std: 1.31054688 ,  0.962402344 SigReg: 5.01102924
std: 1.10742188 ,  0.926757812 SigReg: 5.01102924
std: 1.10839844 ,  0.926269531 SigReg: 6.82870913
std: 1.15039062 ,  0.838867188 SigReg: 6.82870913
std: 1.125 ,  0.837890625 SigReg: 5.8925395
std: 1.06347656 ,  0.946289062 SigReg: 5.8925395
std: 1.35253906 ,  0.787109375 SigReg: 6.60526085
std: 1.33789062 ,  0.950195312 SigReg: 6.60526085
std: 1.09082031 ,  0.759277344 SigReg: 5.96898222
std: 1.2265625 ,  1.0078125 SigReg: 5.96898222
std: 1.25488281 ,  0.769042969 SigReg: 5.92321539
std: 1.22460938 ,  0.80859375 SigReg: 5.92321539
std: 1.02050781 ,  0.845703125 SigReg: 5.95392895
std: 1.15917969 ,  1.06445312 SigReg: 5.95392895
std: 1.28027344 ,  0.773925781 SigReg: 5.34518576
std: 1.20410156 ,  0.808105469 SigReg: 5.34518576
std: 1.17089844 ,  0.896972656 SigReg: 5.92007542
std: 1.046875 ,  0.879882812 SigReg: 5.92007542
std: 1.20996094 ,  0.882324219 SigReg: 5.81711578
std: 1.13964844 ,  0.977539062 SigReg: 5.81711578
std: 1.28808594 ,  0.812988281 SigReg: 6.97674799
std: 1.36523438 ,  0.9296875 SigReg: 6.97674799
std: 1.53515625 ,  0.880859375 SigReg: 5.51735926
std: 1.12402344 ,  0.797851562 SigReg: 5.51735926
std: 1.49414062 ,  0.731933594 SigReg: 5.94510078
std: 1.28613281 ,  0.841796875 SigReg: 5.94510078
std: 1.3203125 ,  0.765136719 SigReg: 5.79509068
std: 1.23828125 ,  0.948242188 SigReg: 5.79509068
std: 1.31933594 ,  0.752441406 SigReg: 5.80724955
std: 1.33105469 ,  0.875976562 SigReg: 5.80724955
std: 1.1875 ,  0.879394531 SigReg: 5.54462814
std: 1.38085938 ,  0.688476562 SigReg: 5.54462814
std: 1.21875 ,  0.805664062 SigReg: 5.54210854
std: 1.39257812 ,  0.875976562 SigReg: 5.54210854
std: 1.28613281 ,  0.795898438 SigReg: 6.48364067
std: 1.38085938 ,  0.850585938 SigReg: 6.48364067
std: 1.453125 ,  0.910644531 SigReg: 6.02750349
std: 1.11914062 ,  0.888671875 SigReg: 6.02750349
std: 1.43652344 ,  0.897949219 SigReg: 7.38629436
std: 1.21289062 ,  0.891113281 SigReg: 7.38629436
std: 1.42773438 ,  0.954589844 SigReg: 6.35348225
std: 1.40625 ,  0.836425781 SigReg: 6.35348225
std: 1.265625 ,  0.833496094 SigReg: 7.70824623
std: 1.36621094 ,  0.845703125 SigReg: 7.70824623
std: 1.41308594 ,  0.948242188 SigReg: 5.57408237
std: 1.21191406 ,  0.939941406 SigReg: 5.57408237
std: 1.05957031 ,  0.711425781 SigReg: 6.2002883
std: 1.42480469 ,  0.905761719 SigReg: 6.2002883
std: 1.27929688 ,  0.991699219 SigReg: 4.87306929
std: 1.24414062 ,  0.978515625 SigReg: 4.87306929
std: 1.20507812 ,  1.19335938 SigReg: 5.84433031
std: 1.27246094 ,  0.977050781 SigReg: 5.84433031
std: 1.31152344 ,  1.14160156 SigReg: 4.92489433
std: 1.10351562 ,  0.979492188 SigReg: 4.92489433
std: 1.17089844 ,  0.991699219 SigReg: 5.64016533
std: 1.27441406 ,  0.804199219 SigReg: 5.64016533
std: 1.30957031 ,  1.04296875 SigReg: 5.53286171
std: 1.390625 ,  0.880371094 SigReg: 5.53286171
std: 1.02539062 ,  1.10546875 SigReg: 4.57759523
std: 1.265625 ,  0.9921875 SigReg: 4.57759523
std: 1.22167969 ,  1.16308594 SigReg: 5.25952387
std: 0.872558594 ,  0.934082031 SigReg: 5.25952387
std: 1.22265625 ,  0.993164062 SigReg: 5.56200409
std: 1.234375 ,  1.05371094 SigReg: 5.56200409
std: 1.42578125 ,  1.00292969 SigReg: 5.79933929
std: 1.05664062 ,  0.860351562 SigReg: 5.79933929
std: 1.04101562 ,  0.932617188 SigReg: 5.76827955
std: 1.19042969 ,  0.904785156 SigReg: 5.76827955
std: 1.23828125 ,  0.919921875 SigReg: 5.3427062
std: 1.08007812 ,  0.836914062 SigReg: 5.3427062
  Step 50: Backbone Loss = 1.5062, SIGReg Loss = 5.3427 Probe Loss = 369.9244, Acc = 0.4963
std: 1.03808594 ,  0.830566406 SigReg: 4.9349556
std: 1.03320312 ,  0.904785156 SigReg: 4.9349556
std: 1.31152344 ,  0.859863281 SigReg: 4.7602911
std: 1.265625 ,  1.03320312 SigReg: 4.7602911
std: 1.17675781 ,  0.784179688 SigReg: 5.29140472
std: 1.06640625 ,  1.05273438 SigReg: 5.29140472
std: 0.999511719 ,  1.06835938 SigReg: 5.25922489
std: 1.14453125 ,  0.958007812 SigReg: 5.25922489
std: 1.08300781 ,  0.942871094 SigReg: 4.11054468
std: 1.11523438 ,  1.07226562 SigReg: 4.11054468
std: 1.3046875 ,  0.796875 SigReg: 5.99006414
std: 1.28515625 ,  0.860351562 SigReg: 5.99006414
std: 1.25585938 ,  0.876464844 SigReg: 5.71701241
std: 1.02539062 ,  1.07324219 SigReg: 5.71701241
std: 1.1953125 ,  0.828125 SigReg: 6.34885263
std: 1.30371094 ,  0.856445312 SigReg: 6.34885263
std: 1.06640625 ,  1.04394531 SigReg: 6.19442654
std: 0.979980469 ,  1.02148438 SigReg: 6.19442654
std: 1.14648438 ,  0.942382812 SigReg: 5.8013258
std: 1.1015625 ,  0.803222656 SigReg: 5.8013258
std: 1.31933594 ,  0.988769531 SigReg: 5.34604883
std: 1.18359375 ,  0.881835938 SigReg: 5.34604883
std: 1.125 ,  0.758300781 SigReg: 5.62680864
std: 1.1953125 ,  0.833496094 SigReg: 5.62680864
std: 0.989746094 ,  1.08398438 SigReg: 5.03212
std: 1.25390625 ,  1.01269531 SigReg: 5.03212
std: 1.41015625 ,  0.938476562 SigReg: 4.54655218
std: 1.08496094 ,  1.02539062 SigReg: 4.54655218
std: 0.998535156 ,  0.995117188 SigReg: 4.675385
std: 1.21777344 ,  0.943359375 SigReg: 4.675385
std: 1.31054688 ,  1.00292969 SigReg: 4.4926734
std: 1.17382812 ,  1.00878906 SigReg: 4.4926734
std: 1.09863281 ,  0.990722656 SigReg: 4.79739
std: 1.00292969 ,  0.836425781 SigReg: 4.79739
std: 0.939453125 ,  0.9453125 SigReg: 4.8998847
std: 1.2421875 ,  1.03125 SigReg: 4.8998847
std: 0.960449219 ,  0.919433594 SigReg: 5.66918135
std: 1.00488281 ,  0.9375 SigReg: 5.66918135
std: 1.08007812 ,  0.830566406 SigReg: 5.26917887
std: 0.944824219 ,  0.974121094 SigReg: 5.26917887
std: 1.02441406 ,  0.893554688 SigReg: 6.04407597
std: 1.02441406 ,  0.939453125 SigReg: 6.04407597
std: 1.04394531 ,  1.01464844 SigReg: 5.31545305
std: 1.08496094 ,  1.06933594 SigReg: 5.31545305
std: 1.09179688 ,  0.981445312 SigReg: 6.48654079
std: 1 ,  0.8515625 SigReg: 6.48654079
std: 1.07714844 ,  0.935058594 SigReg: 8.32359791
std: 1.08789062 ,  1.05078125 SigReg: 8.32359791
std: 1.14648438 ,  0.937011719 SigReg: 5.62381268
std: 1.18945312 ,  1.02050781 SigReg: 5.62381268
std: 1.171875 ,  1.15234375 SigReg: 4.97459
std: 0.856445312 ,  1.0625 SigReg: 4.97459
std: 0.931640625 ,  0.933105469 SigReg: 5.64401865
std: 1.09765625 ,  0.881835938 SigReg: 5.64401865
std: 1.02441406 ,  0.988769531 SigReg: 5.53101158
std: 1.06152344 ,  0.879394531 SigReg: 5.53101158
std: 1.10351562 ,  0.971191406 SigReg: 5.69719601
std: 0.948730469 ,  0.998535156 SigReg: 5.69719601
std: 0.985351562 ,  1.02246094 SigReg: 5.7809
std: 1.23828125 ,  1.20703125 SigReg: 5.7809
std: 1.03808594 ,  1.09570312 SigReg: 5.03889513
std: 1.08300781 ,  0.930664062 SigReg: 5.03889513
std: 1.05371094 ,  1.00097656 SigReg: 5.85761547
std: 1.02734375 ,  0.853027344 SigReg: 5.85761547
std: 1.3203125 ,  1.03320312 SigReg: 6.14025354
std: 0.981445312 ,  0.901855469 SigReg: 6.14025354
std: 1.04003906 ,  0.944824219 SigReg: 5.52459955
std: 1.04492188 ,  1.02734375 SigReg: 5.52459955
std: 0.981933594 ,  0.999023438 SigReg: 6.02631092
std: 1.03320312 ,  1.01757812 SigReg: 6.02631092
std: 1.10644531 ,  0.999023438 SigReg: 5.3024087
std: 0.956542969 ,  0.920410156 SigReg: 5.3024087
std: 1.00976562 ,  0.958984375 SigReg: 5.55832863
std: 0.998046875 ,  1.00097656 SigReg: 5.55832863
std: 1.18945312 ,  1.22363281 SigReg: 7.63261795
std: 1.03515625 ,  0.98828125 SigReg: 7.63261795
std: 1.14648438 ,  0.9921875 SigReg: 6.64769077
std: 1.16699219 ,  1.02441406 SigReg: 6.64769077
std: 1.08105469 ,  1.09472656 SigReg: 5.8942585
std: 1.18066406 ,  0.981445312 SigReg: 5.8942585
std: 1.27539062 ,  0.9375 SigReg: 4.75423
std: 1.13183594 ,  1.15332031 SigReg: 4.75423
std: 1.31445312 ,  0.858886719 SigReg: 5.37654781
std: 0.899414062 ,  1.00683594 SigReg: 5.37654781
std: 1.18652344 ,  1.20996094 SigReg: 5.21820211
std: 0.906738281 ,  0.909667969 SigReg: 5.21820211
std: 1.13964844 ,  0.874511719 SigReg: 4.92934704
std: 1.21679688 ,  1.07324219 SigReg: 4.92934704
std: 1.26464844 ,  0.978515625 SigReg: 6.01030111
std: 0.91015625 ,  0.98828125 SigReg: 6.01030111
std: 1.14355469 ,  0.999511719 SigReg: 5.06455898
std: 1.15625 ,  0.930175781 SigReg: 5.06455898
std: 1.04492188 ,  0.913085938 SigReg: 5.7979
std: 0.932617188 ,  0.997558594 SigReg: 5.7979
std: 1.04296875 ,  1.00097656 SigReg: 5.85249615
std: 1.07519531 ,  0.952636719 SigReg: 5.85249615
std: 1.24511719 ,  1.00488281 SigReg: 5.00442648
std: 1.29101562 ,  0.946777344 SigReg: 5.00442648
std: 0.999023438 ,  0.91796875 SigReg: 4.98519516
std: 1.03808594 ,  1.06542969 SigReg: 4.98519516
  Step 100: Backbone Loss = 1.4643, SIGReg Loss = 4.9852 Probe Loss = 356.5559, Acc = 0.4928
std: 0.941894531 ,  0.873046875 SigReg: 4.69294643
std: 0.982421875 ,  0.926757812 SigReg: 4.69294643
std: 1.20214844 ,  0.875488281 SigReg: 4.85131025
std: 1.04101562 ,  0.957519531 SigReg: 4.85131025
std: 1.18457031 ,  0.967285156 SigReg: 4.78983307
std: 1.05566406 ,  0.928710938 SigReg: 4.78983307
std: 1.17675781 ,  1.00390625 SigReg: 5.63381433
std: 1.11230469 ,  0.833496094 SigReg: 5.63381433
std: 1.12890625 ,  0.957519531 SigReg: 4.62607241
std: 1.29785156 ,  0.757324219 SigReg: 4.62607241
std: 1.08105469 ,  0.733398438 SigReg: 4.98147535
std: 1.00292969 ,  0.833984375 SigReg: 4.98147535
std: 1.11035156 ,  0.933105469 SigReg: 5.17622185
std: 1.19238281 ,  0.810058594 SigReg: 5.17622185
std: 1.34765625 ,  0.967773438 SigReg: 4.93850136
std: 1.25390625 ,  0.962890625 SigReg: 4.93850136
std: 1.16503906 ,  0.9609375 SigReg: 4.31292915
std: 1.03125 ,  0.895507812 SigReg: 4.31292915
std: 1.29492188 ,  0.921386719 SigReg: 4.42743158
std: 1.38769531 ,  0.953613281 SigReg: 4.42743158
std: 1.23828125 ,  0.951660156 SigReg: 5.22817
std: 1.38183594 ,  1.06445312 SigReg: 5.22817
std: 1.22851562 ,  0.925292969 SigReg: 4.46752834
std: 1.44433594 ,  0.807128906 SigReg: 4.46752834
std: 1.51269531 ,  0.895019531 SigReg: 4.21058941
std: 1.30566406 ,  1.05957031 SigReg: 4.21058941
std: 1.0859375 ,  0.877929688 SigReg: 4.87199688
std: 1.13378906 ,  1.08691406 SigReg: 4.87199688
std: 1.07617188 ,  0.926269531 SigReg: 4.748281
std: 1.55761719 ,  0.826660156 SigReg: 4.748281
std: 1.24023438 ,  1.02246094 SigReg: 6.40438271
std: 1.30566406 ,  1.01757812 SigReg: 6.40438271
std: 1.21777344 ,  1.06542969 SigReg: 4.26540947
std: 1.48925781 ,  1.078125 SigReg: 4.26540947
std: 1.20507812 ,  0.88671875 SigReg: 4.66910648
std: 1.28125 ,  0.820800781 SigReg: 4.66910648
std: 1.12109375 ,  0.849121094 SigReg: 5.23873329
std: 1.26367188 ,  0.943359375 SigReg: 5.23873329
std: 1.23242188 ,  0.915527344 SigReg: 5.29740095
std: 1.125 ,  0.861328125 SigReg: 5.29740095
std: 1.34179688 ,  0.804199219 SigReg: 5.39093304
std: 1.3125 ,  0.883789062 SigReg: 5.39093304
std: 1.625 ,  0.80859375 SigReg: 5.6876626
std: 1.37207031 ,  0.931640625 SigReg: 5.6876626
std: 1.17871094 ,  0.664550781 SigReg: 4.98398113
std: 1.26074219 ,  0.856445312 SigReg: 4.98398113
std: 1.52050781 ,  0.856445312 SigReg: 6.47898912
std: 1.27832031 ,  0.764648438 SigReg: 6.47898912
std: 1.34375 ,  0.97265625 SigReg: 6.90983677
std: 1.56347656 ,  0.965332031 SigReg: 6.90983677
std: 1.58007812 ,  0.711914062 SigReg: 7.22093296
std: 1.30859375 ,  0.916015625 SigReg: 7.22093296
std: 1.296875 ,  0.879394531 SigReg: 7.45163918
std: 1.65332031 ,  0.901855469 SigReg: 7.45163918
std: 1.578125 ,  0.851074219 SigReg: 7.91227531
std: 1.4609375 ,  0.860351562 SigReg: 7.91227531
std: 1.5234375 ,  0.862792969 SigReg: 8.78522205
std: 1.41210938 ,  1.06152344 SigReg: 8.78522205
std: 1.3125 ,  1.02246094 SigReg: 7.92175913
std: 1.31152344 ,  0.85546875 SigReg: 7.92175913
std: 1.28027344 ,  0.808105469 SigReg: 8.44268227
std: 1.49511719 ,  0.986816406 SigReg: 8.44268227
std: 1.44238281 ,  0.747558594 SigReg: 6.41255188
std: 1.54980469 ,  0.834960938 SigReg: 6.41255188
std: 1.32910156 ,  0.856933594 SigReg: 5.88800287
std: 1.41015625 ,  0.76953125 SigReg: 5.88800287
std: 1.25390625 ,  0.904296875 SigReg: 6.71393394
std: 1.27441406 ,  0.855957031 SigReg: 6.71393394
std: 1.1328125 ,  0.934570312 SigReg: 6.17907095
std: 1.15332031 ,  0.84375 SigReg: 6.17907095
std: 1.5546875 ,  1.07519531 SigReg: 6.15729094
std: 1.4296875 ,  0.969726562 SigReg: 6.15729094
std: 1.03125 ,  1.08203125 SigReg: 5.77556515
std: 1.05859375 ,  0.877929688 SigReg: 5.77556515
std: 1.36914062 ,  0.953125 SigReg: 6.31311
std: 1.55078125 ,  1.0390625 SigReg: 6.31311
std: 1.47558594 ,  0.73046875 SigReg: 5.66440678
std: 1.31933594 ,  0.791015625 SigReg: 5.66440678
std: 1.32421875 ,  0.9296875 SigReg: 6.94873047
std: 1.44628906 ,  0.73828125 SigReg: 6.94873047
std: 1.31054688 ,  0.872070312 SigReg: 5.5851059
std: 1.37890625 ,  0.917480469 SigReg: 5.5851059
std: 1.38574219 ,  0.843261719 SigReg: 8.70123482
std: 1.30957031 ,  0.854003906 SigReg: 8.70123482
std: 1.41796875 ,  0.841796875 SigReg: 6.19293785
std: 1.37207031 ,  0.905761719 SigReg: 6.19293785
std: 1.46679688 ,  0.908691406 SigReg: 5.27396059
std: 1.57617188 ,  0.866210938 SigReg: 5.27396059
std: 1.39648438 ,  0.934570312 SigReg: 6.24888563
std: 1.43847656 ,  0.993652344 SigReg: 6.24888563
std: 1.31054688 ,  0.888183594 SigReg: 4.79665089
std: 1.47460938 ,  0.88671875 SigReg: 4.79665089
std: 1.31933594 ,  0.779296875 SigReg: 4.82480907
std: 1.49121094 ,  0.811523438 SigReg: 4.82480907
std: 1.43652344 ,  0.937988281 SigReg: 5.14514923
std: 1.59277344 ,  0.804199219 SigReg: 5.14514923
std: 1.38769531 ,  0.895019531 SigReg: 5.37986946
std: 1.35839844 ,  0.877929688 SigReg: 5.37986946
std: 1.55859375 ,  0.865234375 SigReg: 4.96735096
std: 1.45996094 ,  0.866699219 SigReg: 4.96735096
  Step 150: Backbone Loss = 1.4460, SIGReg Loss = 4.9674 Probe Loss = 353.6794, Acc = 0.5091
std: 1.61328125 ,  0.961914062 SigReg: 5.39068794
std: 1.48339844 ,  0.858886719 SigReg: 5.39068794
std: 1.33984375 ,  0.79296875 SigReg: 5.5459466
std: 1.39941406 ,  0.739746094 SigReg: 5.5459466
std: 1.20800781 ,  0.945800781 SigReg: 5.73716688
std: 1.36621094 ,  0.781738281 SigReg: 5.73716688
std: 1.39941406 ,  0.965332031 SigReg: 5.88902807
std: 1.30859375 ,  0.810058594 SigReg: 5.88902807
std: 1.42285156 ,  0.973144531 SigReg: 6.86949635
std: 1.07519531 ,  0.895019531 SigReg: 6.86949635
std: 1.21191406 ,  0.870117188 SigReg: 6.5759449
std: 1.33984375 ,  0.907714844 SigReg: 6.5759449
std: 1.41113281 ,  1.109375 SigReg: 5.76939
std: 1.39257812 ,  0.876464844 SigReg: 5.76939
std: 1.20019531 ,  0.829589844 SigReg: 6.85344601
std: 1.36328125 ,  0.895019531 SigReg: 6.85344601
std: 1.40429688 ,  1.04589844 SigReg: 5.32563162
std: 1.46289062 ,  0.845703125 SigReg: 5.32563162
std: 1.30664062 ,  0.939941406 SigReg: 5.91324806
std: 1.43457031 ,  0.918945312 SigReg: 5.91324806
std: 1.12402344 ,  0.798828125 SigReg: 5.13883543
std: 1.41796875 ,  0.904785156 SigReg: 5.13883543
std: 1.31445312 ,  0.859375 SigReg: 5.53150272
std: 1.28222656 ,  0.872070312 SigReg: 5.53150272
std: 1.29199219 ,  0.916992188 SigReg: 5.07720613
std: 1.43066406 ,  0.973632812 SigReg: 5.07720613
std: 1.421875 ,  0.932617188 SigReg: 4.70002651
std: 1.44042969 ,  0.935546875 SigReg: 4.70002651
std: 1.45507812 ,  0.782714844 SigReg: 5.02847433
std: 1.28222656 ,  0.897460938 SigReg: 5.02847433
std: 1.234375 ,  0.821289062 SigReg: 5.12150192
std: 1.41796875 ,  0.920898438 SigReg: 5.12150192
std: 1.18164062 ,  0.916015625 SigReg: 5.97121668
std: 1.35351562 ,  0.857421875 SigReg: 5.97121668
std: 1.39941406 ,  0.734375 SigReg: 5.33637333
std: 1.15136719 ,  0.853515625 SigReg: 5.33637333
std: 1.23925781 ,  0.818847656 SigReg: 6.97203112
std: 1.2265625 ,  0.880371094 SigReg: 6.97203112
std: 1.41601562 ,  0.939453125 SigReg: 5.66236115
std: 1.33691406 ,  0.981933594 SigReg: 5.66236115
std: 1.32617188 ,  1.01757812 SigReg: 5.75290394
std: 1.390625 ,  0.727050781 SigReg: 5.75290394
std: 1.25683594 ,  0.776367188 SigReg: 5.15759563
std: 1.45800781 ,  0.768066406 SigReg: 5.15759563
std: 1.4375 ,  0.952636719 SigReg: 5.3813138
std: 1.15429688 ,  0.993164062 SigReg: 5.3813138
std: 1.30566406 ,  0.903808594 SigReg: 5.79836798
std: 1.36816406 ,  0.976074219 SigReg: 5.79836798
std: 1.27734375 ,  0.954101562 SigReg: 4.54389477
std: 1.20410156 ,  0.824707031 SigReg: 4.54389477
std: 1.16503906 ,  0.956054688 SigReg: 5.75099897
std: 1.23730469 ,  0.79296875 SigReg: 5.75099897
std: 1.07324219 ,  0.801269531 SigReg: 4.58857632
std: 1.43554688 ,  0.837402344 SigReg: 4.58857632
std: 1.25585938 ,  0.904296875 SigReg: 4.6947937
std: 1.39160156 ,  0.699707031 SigReg: 4.6947937
std: 1.24414062 ,  0.796386719 SigReg: 5.38743973
std: 1.40429688 ,  0.919433594 SigReg: 5.38743973
std: 1.16601562 ,  0.766601562 SigReg: 6.27066708
std: 1.35449219 ,  0.936035156 SigReg: 6.27066708
std: 1.31542969 ,  0.854003906 SigReg: 5.336061
std: 1.52929688 ,  0.89453125 SigReg: 5.336061
std: 1.27539062 ,  0.72265625 SigReg: 5.63407516
std: 1.25488281 ,  0.982421875 SigReg: 5.63407516
std: 1.17578125 ,  1.01757812 SigReg: 5.20999336
std: 1.40234375 ,  0.815429688 SigReg: 5.20999336
std: 1.43457031 ,  1.03515625 SigReg: 5.83995628
std: 1.34863281 ,  0.9921875 SigReg: 5.83995628
std: 1.42285156 ,  0.962890625 SigReg: 5.99579334
std: 1.37109375 ,  0.973632812 SigReg: 5.99579334
std: 1.421875 ,  1.02636719 SigReg: 5.80299711
std: 1.26953125 ,  0.986816406 SigReg: 5.80299711
std: 1.18945312 ,  0.987304688 SigReg: 5.72662401
std: 1.24902344 ,  1.05761719 SigReg: 5.72662401
std: 1.17675781 ,  0.958984375 SigReg: 6.23793316
std: 1.30859375 ,  0.916015625 SigReg: 6.23793316
std: 1.47460938 ,  0.972167969 SigReg: 5.13301086
std: 1.43164062 ,  1.01171875 SigReg: 5.13301086
std: 1.30859375 ,  0.844238281 SigReg: 5.21558285
std: 1.34375 ,  0.810546875 SigReg: 5.21558285
std: 1.14648438 ,  1.00976562 SigReg: 5.73729134
std: 1.30371094 ,  0.998046875 SigReg: 5.73729134
std: 1.37890625 ,  0.884765625 SigReg: 5.14986706
std: 1.24023438 ,  0.889648438 SigReg: 5.14986706
std: 1.27734375 ,  0.970214844 SigReg: 5.04036427
std: 1.28222656 ,  0.874023438 SigReg: 5.04036427
std: 1.05664062 ,  0.965820312 SigReg: 4.81723928
std: 1.04003906 ,  0.877929688 SigReg: 4.81723928
std: 1.21679688 ,  0.899902344 SigReg: 4.71105337
std: 1.09375 ,  0.9140625 SigReg: 4.71105337
std: 1.04199219 ,  0.969238281 SigReg: 5.193048
std: 1.38183594 ,  0.81640625 SigReg: 5.193048
std: 1.22070312 ,  0.95703125 SigReg: 6.00913334
std: 1.08984375 ,  0.913085938 SigReg: 6.00913334
std: 1.06640625 ,  0.950683594 SigReg: 5.91595507
std: 1.328125 ,  0.869628906 SigReg: 5.91595507
std: 1.20214844 ,  0.959472656 SigReg: 4.70954323
std: 1.13964844 ,  0.963378906 SigReg: 4.70954323
std: 1.20898438 ,  0.974121094 SigReg: 5.06424761
std: 1.26660156 ,  0.986328125 SigReg: 5.06424761
  Step 200: Backbone Loss = 1.4678, SIGReg Loss = 5.0642 Probe Loss = 359.7328, Acc = 0.5153
std: 0.968261719 ,  0.930175781 SigReg: 4.88346434
std: 1.15332031 ,  0.947265625 SigReg: 4.88346434
std: 1.09277344 ,  0.866699219 SigReg: 4.58264303
std: 0.963867188 ,  0.983398438 SigReg: 4.58264303
std: 1.37890625 ,  0.958007812 SigReg: 4.98810196
std: 0.957519531 ,  1.0078125 SigReg: 4.98810196
std: 1.23046875 ,  0.956054688 SigReg: 4.9293623
std: 1.0234375 ,  1.02050781 SigReg: 4.9293623
std: 1.10839844 ,  0.864746094 SigReg: 6.06169224
std: 0.948242188 ,  0.903320312 SigReg: 6.06169224
std: 1.00683594 ,  1.01757812 SigReg: 5.57960892
std: 1.25 ,  0.89453125 SigReg: 5.57960892
std: 1.03808594 ,  0.975097656 SigReg: 5.74555492
std: 1.22265625 ,  0.784667969 SigReg: 5.74555492
std: 1.25 ,  0.916503906 SigReg: 4.7835331
std: 1.078125 ,  0.934570312 SigReg: 4.7835331
std: 1.30664062 ,  0.832519531 SigReg: 5.68790817
std: 1.30273438 ,  0.957519531 SigReg: 5.68790817
std: 1.17773438 ,  0.850585938 SigReg: 5.43786955
std: 1.03710938 ,  0.943359375 SigReg: 5.43786955
std: 1.17675781 ,  0.88671875 SigReg: 4.90377045
std: 1.25292969 ,  0.864746094 SigReg: 4.90377045
std: 1.31347656 ,  0.909667969 SigReg: 5.20651245
std: 1.08203125 ,  1.02734375 SigReg: 5.20651245
